// Validating benchmarks:
// ***** BenchmarkRunner: Start   *****
// ***** Found 89 benchmark(s) in total *****
// ***** Building 1 exe(s) in Parallel: Start   *****
// start dotnet  restore -r linux-x64 --nodeReuse:false /p:UseSharedCompilation=false /p:Deterministic=true /p:Optimize=true /p:ArtifactsPath="/bench/chrysalis/benchmarks/PlutusBench/bin/Release/net10.0/PlutusBench-NativeAOT 10.0-1/" /p:OutDir="/bench/chrysalis/benchmarks/PlutusBench/bin/Release/net10.0/PlutusBench-NativeAOT 10.0-1/bin/Release/net10.0/linux-x64/publish/" /p:OutputPath="/bench/chrysalis/benchmarks/PlutusBench/bin/Release/net10.0/PlutusBench-NativeAOT 10.0-1/bin/Release/net10.0/linux-x64/publish/" /p:PublishDir="/bench/chrysalis/benchmarks/PlutusBench/bin/Release/net10.0/PlutusBench-NativeAOT 10.0-1/publish/" in /bench/chrysalis/benchmarks/PlutusBench/bin/Release/net10.0/PlutusBench-NativeAOT 10.0-1
// command took 3.54 sec and exited with 0
// start dotnet  publish -c Release -r linux-x64 --no-restore --nodeReuse:false /p:UseSharedCompilation=false /p:Deterministic=true /p:Optimize=true /p:ArtifactsPath="/bench/chrysalis/benchmarks/PlutusBench/bin/Release/net10.0/PlutusBench-NativeAOT 10.0-1/" /p:OutDir="/bench/chrysalis/benchmarks/PlutusBench/bin/Release/net10.0/PlutusBench-NativeAOT 10.0-1/bin/Release/net10.0/linux-x64/publish/" /p:OutputPath="/bench/chrysalis/benchmarks/PlutusBench/bin/Release/net10.0/PlutusBench-NativeAOT 10.0-1/bin/Release/net10.0/linux-x64/publish/" /p:PublishDir="/bench/chrysalis/benchmarks/PlutusBench/bin/Release/net10.0/PlutusBench-NativeAOT 10.0-1/publish/" --output "/bench/chrysalis/benchmarks/PlutusBench/bin/Release/net10.0/PlutusBench-NativeAOT 10.0-1/bin/Release/net10.0/linux-x64/publish/" in /bench/chrysalis/benchmarks/PlutusBench/bin/Release/net10.0/PlutusBench-NativeAOT 10.0-1
// command took 60.53 sec and exited with 0
// ***** Done, took 00:01:04 (64.16 sec)   *****
// Found 89 benchmarks:
//   PlutusUseCasesBenchmarks.DecodeAndEval: NativeAOT 10.0(Runtime=NativeAOT 10.0, Toolchain=Latest ILCompiler, IterationCount=3, LaunchCount=1, MinIterationCount=50, WarmupCount=3) [Script=auction_1-1]
//   PlutusUseCasesBenchmarks.DecodeAndEval: NativeAOT 10.0(Runtime=NativeAOT 10.0, Toolchain=Latest ILCompiler, IterationCount=3, LaunchCount=1, MinIterationCount=50, WarmupCount=3) [Script=auction_1-2]
//   PlutusUseCasesBenchmarks.DecodeAndEval: NativeAOT 10.0(Runtime=NativeAOT 10.0, Toolchain=Latest ILCompiler, IterationCount=3, LaunchCount=1, MinIterationCount=50, WarmupCount=3) [Script=auction_1-3]
//   PlutusUseCasesBenchmarks.DecodeAndEval: NativeAOT 10.0(Runtime=NativeAOT 10.0, Toolchain=Latest ILCompiler, IterationCount=3, LaunchCount=1, MinIterationCount=50, WarmupCount=3) [Script=auction_1-4]
//   PlutusUseCasesBenchmarks.DecodeAndEval: NativeAOT 10.0(Runtime=NativeAOT 10.0, Toolchain=Latest ILCompiler, IterationCount=3, LaunchCount=1, MinIterationCount=50, WarmupCount=3) [Script=auction_2-1]
//   PlutusUseCasesBenchmarks.DecodeAndEval: NativeAOT 10.0(Runtime=NativeAOT 10.0, Toolchain=Latest ILCompiler, IterationCount=3, LaunchCount=1, MinIterationCount=50, WarmupCount=3) [Script=auction_2-2]
//   PlutusUseCasesBenchmarks.DecodeAndEval: NativeAOT 10.0(Runtime=NativeAOT 10.0, Toolchain=Latest ILCompiler, IterationCount=3, LaunchCount=1, MinIterationCount=50, WarmupCount=3) [Script=auction_2-3]
//   PlutusUseCasesBenchmarks.DecodeAndEval: NativeAOT 10.0(Runtime=NativeAOT 10.0, Toolchain=Latest ILCompiler, IterationCount=3, LaunchCount=1, MinIterationCount=50, WarmupCount=3) [Script=auction_2-4]
//   PlutusUseCasesBenchmarks.DecodeAndEval: NativeAOT 10.0(Runtime=NativeAOT 10.0, Toolchain=Latest ILCompiler, IterationCount=3, LaunchCount=1, MinIterationCount=50, WarmupCount=3) [Script=auction_2-5]
//   PlutusUseCasesBenchmarks.DecodeAndEval: NativeAOT 10.0(Runtime=NativeAOT 10.0, Toolchain=Latest ILCompiler, IterationCount=3, LaunchCount=1, MinIterationCount=50, WarmupCount=3) [Script=coop-1]
//   PlutusUseCasesBenchmarks.DecodeAndEval: NativeAOT 10.0(Runtime=NativeAOT 10.0, Toolchain=Latest ILCompiler, IterationCount=3, LaunchCount=1, MinIterationCount=50, WarmupCount=3) [Script=coop-2]
//   PlutusUseCasesBenchmarks.DecodeAndEval: NativeAOT 10.0(Runtime=NativeAOT 10.0, Toolchain=Latest ILCompiler, IterationCount=3, LaunchCount=1, MinIterationCount=50, WarmupCount=3) [Script=coop-3]
//   PlutusUseCasesBenchmarks.DecodeAndEval: NativeAOT 10.0(Runtime=NativeAOT 10.0, Toolchain=Latest ILCompiler, IterationCount=3, LaunchCount=1, MinIterationCount=50, WarmupCount=3) [Script=coop-4]
//   PlutusUseCasesBenchmarks.DecodeAndEval: NativeAOT 10.0(Runtime=NativeAOT 10.0, Toolchain=Latest ILCompiler, IterationCount=3, LaunchCount=1, MinIterationCount=50, WarmupCount=3) [Script=coop-5]
//   PlutusUseCasesBenchmarks.DecodeAndEval: NativeAOT 10.0(Runtime=NativeAOT 10.0, Toolchain=Latest ILCompiler, IterationCount=3, LaunchCount=1, MinIterationCount=50, WarmupCount=3) [Script=coop-6]
//   PlutusUseCasesBenchmarks.DecodeAndEval: NativeAOT 10.0(Runtime=NativeAOT 10.0, Toolchain=Latest ILCompiler, IterationCount=3, LaunchCount=1, MinIterationCount=50, WarmupCount=3) [Script=coop-7]
//   PlutusUseCasesBenchmarks.DecodeAndEval: NativeAOT 10.0(Runtime=NativeAOT 10.0, Toolchain=Latest ILCompiler, IterationCount=3, LaunchCount=1, MinIterationCount=50, WarmupCount=3) [Script=crowdfunding-success-1]
//   PlutusUseCasesBenchmarks.DecodeAndEval: NativeAOT 10.0(Runtime=NativeAOT 10.0, Toolchain=Latest ILCompiler, IterationCount=3, LaunchCount=1, MinIterationCount=50, WarmupCount=3) [Script=crowdfunding-success-2]
//   PlutusUseCasesBenchmarks.DecodeAndEval: NativeAOT 10.0(Runtime=NativeAOT 10.0, Toolchain=Latest ILCompiler, IterationCount=3, LaunchCount=1, MinIterationCount=50, WarmupCount=3) [Script=crowdfunding-success-3]
//   PlutusUseCasesBenchmarks.DecodeAndEval: NativeAOT 10.0(Runtime=NativeAOT 10.0, Toolchain=Latest ILCompiler, IterationCount=3, LaunchCount=1, MinIterationCount=50, WarmupCount=3) [Script=currency-1]
//   PlutusUseCasesBenchmarks.DecodeAndEval: NativeAOT 10.0(Runtime=NativeAOT 10.0, Toolchain=Latest ILCompiler, IterationCount=3, LaunchCount=1, MinIterationCount=50, WarmupCount=3) [Script=escrow-redeem_1-1]
//   PlutusUseCasesBenchmarks.DecodeAndEval: NativeAOT 10.0(Runtime=NativeAOT 10.0, Toolchain=Latest ILCompiler, IterationCount=3, LaunchCount=1, MinIterationCount=50, WarmupCount=3) [Script=escrow-redeem_1-2]
//   PlutusUseCasesBenchmarks.DecodeAndEval: NativeAOT 10.0(Runtime=NativeAOT 10.0, Toolchain=Latest ILCompiler, IterationCount=3, LaunchCount=1, MinIterationCount=50, WarmupCount=3) [Script=escrow-redeem_2-1]
//   PlutusUseCasesBenchmarks.DecodeAndEval: NativeAOT 10.0(Runtime=NativeAOT 10.0, Toolchain=Latest ILCompiler, IterationCount=3, LaunchCount=1, MinIterationCount=50, WarmupCount=3) [Script=escrow-redeem_2-2]
//   PlutusUseCasesBenchmarks.DecodeAndEval: NativeAOT 10.0(Runtime=NativeAOT 10.0, Toolchain=Latest ILCompiler, IterationCount=3, LaunchCount=1, MinIterationCount=50, WarmupCount=3) [Script=escrow-redeem_2-3]
//   PlutusUseCasesBenchmarks.DecodeAndEval: NativeAOT 10.0(Runtime=NativeAOT 10.0, Toolchain=Latest ILCompiler, IterationCount=3, LaunchCount=1, MinIterationCount=50, WarmupCount=3) [Script=escrow-refund-1]
//   PlutusUseCasesBenchmarks.DecodeAndEval: NativeAOT 10.0(Runtime=NativeAOT 10.0, Toolchain=Latest ILCompiler, IterationCount=3, LaunchCount=1, MinIterationCount=50, WarmupCount=3) [Script=future-increase-margin-1]
//   PlutusUseCasesBenchmarks.DecodeAndEval: NativeAOT 10.0(Runtime=NativeAOT 10.0, Toolchain=Latest ILCompiler, IterationCount=3, LaunchCount=1, MinIterationCount=50, WarmupCount=3) [Script=future-increase-margin-2]
//   PlutusUseCasesBenchmarks.DecodeAndEval: NativeAOT 10.0(Runtime=NativeAOT 10.0, Toolchain=Latest ILCompiler, IterationCount=3, LaunchCount=1, MinIterationCount=50, WarmupCount=3) [Script=future-increase-margin-3]
//   PlutusUseCasesBenchmarks.DecodeAndEval: NativeAOT 10.0(Runtime=NativeAOT 10.0, Toolchain=Latest ILCompiler, IterationCount=3, LaunchCount=1, MinIterationCount=50, WarmupCount=3) [Script=future-increase-margin-4]
//   PlutusUseCasesBenchmarks.DecodeAndEval: NativeAOT 10.0(Runtime=NativeAOT 10.0, Toolchain=Latest ILCompiler, IterationCount=3, LaunchCount=1, MinIterationCount=50, WarmupCount=3) [Script=future-increase-margin-5]
//   PlutusUseCasesBenchmarks.DecodeAndEval: NativeAOT 10.0(Runtime=NativeAOT 10.0, Toolchain=Latest ILCompiler, IterationCount=3, LaunchCount=1, MinIterationCount=50, WarmupCount=3) [Script=future-pay-out-1]
//   PlutusUseCasesBenchmarks.DecodeAndEval: NativeAOT 10.0(Runtime=NativeAOT 10.0, Toolchain=Latest ILCompiler, IterationCount=3, LaunchCount=1, MinIterationCount=50, WarmupCount=3) [Script=future-pay-out-2]
//   PlutusUseCasesBenchmarks.DecodeAndEval: NativeAOT 10.0(Runtime=NativeAOT 10.0, Toolchain=Latest ILCompiler, IterationCount=3, LaunchCount=1, MinIterationCount=50, WarmupCount=3) [Script=future-pay-out-3]
//   PlutusUseCasesBenchmarks.DecodeAndEval: NativeAOT 10.0(Runtime=NativeAOT 10.0, Toolchain=Latest ILCompiler, IterationCount=3, LaunchCount=1, MinIterationCount=50, WarmupCount=3) [Script=future-pay-out-4]
//   PlutusUseCasesBenchmarks.DecodeAndEval: NativeAOT 10.0(Runtime=NativeAOT 10.0, Toolchain=Latest ILCompiler, IterationCount=3, LaunchCount=1, MinIterationCount=50, WarmupCount=3) [Script=future-settle-early-1]
//   PlutusUseCasesBenchmarks.DecodeAndEval: NativeAOT 10.0(Runtime=NativeAOT 10.0, Toolchain=Latest ILCompiler, IterationCount=3, LaunchCount=1, MinIterationCount=50, WarmupCount=3) [Script=future-settle-early-2]
//   PlutusUseCasesBenchmarks.DecodeAndEval: NativeAOT 10.0(Runtime=NativeAOT 10.0, Toolchain=Latest ILCompiler, IterationCount=3, LaunchCount=1, MinIterationCount=50, WarmupCount=3) [Script=future-settle-early-3]
//   PlutusUseCasesBenchmarks.DecodeAndEval: NativeAOT 10.0(Runtime=NativeAOT 10.0, Toolchain=Latest ILCompiler, IterationCount=3, LaunchCount=1, MinIterationCount=50, WarmupCount=3) [Script=future-settle-early-4]
//   PlutusUseCasesBenchmarks.DecodeAndEval: NativeAOT 10.0(Runtime=NativeAOT 10.0, Toolchain=Latest ILCompiler, IterationCount=3, LaunchCount=1, MinIterationCount=50, WarmupCount=3) [Script=game-sm-success_1-1]
//   PlutusUseCasesBenchmarks.DecodeAndEval: NativeAOT 10.0(Runtime=NativeAOT 10.0, Toolchain=Latest ILCompiler, IterationCount=3, LaunchCount=1, MinIterationCount=50, WarmupCount=3) [Script=game-sm-success_1-2]
//   PlutusUseCasesBenchmarks.DecodeAndEval: NativeAOT 10.0(Runtime=NativeAOT 10.0, Toolchain=Latest ILCompiler, IterationCount=3, LaunchCount=1, MinIterationCount=50, WarmupCount=3) [Script=game-sm-success_1-3]
//   PlutusUseCasesBenchmarks.DecodeAndEval: NativeAOT 10.0(Runtime=NativeAOT 10.0, Toolchain=Latest ILCompiler, IterationCount=3, LaunchCount=1, MinIterationCount=50, WarmupCount=3) [Script=game-sm-success_1-4]
//   PlutusUseCasesBenchmarks.DecodeAndEval: NativeAOT 10.0(Runtime=NativeAOT 10.0, Toolchain=Latest ILCompiler, IterationCount=3, LaunchCount=1, MinIterationCount=50, WarmupCount=3) [Script=game-sm-success_2-1]
//   PlutusUseCasesBenchmarks.DecodeAndEval: NativeAOT 10.0(Runtime=NativeAOT 10.0, Toolchain=Latest ILCompiler, IterationCount=3, LaunchCount=1, MinIterationCount=50, WarmupCount=3) [Script=game-sm-success_2-2]
//   PlutusUseCasesBenchmarks.DecodeAndEval: NativeAOT 10.0(Runtime=NativeAOT 10.0, Toolchain=Latest ILCompiler, IterationCount=3, LaunchCount=1, MinIterationCount=50, WarmupCount=3) [Script=game-sm-success_2-3]
//   PlutusUseCasesBenchmarks.DecodeAndEval: NativeAOT 10.0(Runtime=NativeAOT 10.0, Toolchain=Latest ILCompiler, IterationCount=3, LaunchCount=1, MinIterationCount=50, WarmupCount=3) [Script=game-sm-success_2-4]
//   PlutusUseCasesBenchmarks.DecodeAndEval: NativeAOT 10.0(Runtime=NativeAOT 10.0, Toolchain=Latest ILCompiler, IterationCount=3, LaunchCount=1, MinIterationCount=50, WarmupCount=3) [Script=game-sm-success_2-5]
//   PlutusUseCasesBenchmarks.DecodeAndEval: NativeAOT 10.0(Runtime=NativeAOT 10.0, Toolchain=Latest ILCompiler, IterationCount=3, LaunchCount=1, MinIterationCount=50, WarmupCount=3) [Script=game-sm-success_2-6]
//   PlutusUseCasesBenchmarks.DecodeAndEval: NativeAOT 10.0(Runtime=NativeAOT 10.0, Toolchain=Latest ILCompiler, IterationCount=3, LaunchCount=1, MinIterationCount=50, WarmupCount=3) [Script=guardrail-sorted-large]
//   PlutusUseCasesBenchmarks.DecodeAndEval: NativeAOT 10.0(Runtime=NativeAOT 10.0, Toolchain=Latest ILCompiler, IterationCount=3, LaunchCount=1, MinIterationCount=50, WarmupCount=3) [Script=guardrail-sorted-small]
//   PlutusUseCasesBenchmarks.DecodeAndEval: NativeAOT 10.0(Runtime=NativeAOT 10.0, Toolchain=Latest ILCompiler, IterationCount=3, LaunchCount=1, MinIterationCount=50, WarmupCount=3) [Script=guardrail-unsorted-large]
//   PlutusUseCasesBenchmarks.DecodeAndEval: NativeAOT 10.0(Runtime=NativeAOT 10.0, Toolchain=Latest ILCompiler, IterationCount=3, LaunchCount=1, MinIterationCount=50, WarmupCount=3) [Script=guardrail-unsorted-small]
//   PlutusUseCasesBenchmarks.DecodeAndEval: NativeAOT 10.0(Runtime=NativeAOT 10.0, Toolchain=Latest ILCompiler, IterationCount=3, LaunchCount=1, MinIterationCount=50, WarmupCount=3) [Script=multisig-sm-01]
//   PlutusUseCasesBenchmarks.DecodeAndEval: NativeAOT 10.0(Runtime=NativeAOT 10.0, Toolchain=Latest ILCompiler, IterationCount=3, LaunchCount=1, MinIterationCount=50, WarmupCount=3) [Script=multisig-sm-02]
//   PlutusUseCasesBenchmarks.DecodeAndEval: NativeAOT 10.0(Runtime=NativeAOT 10.0, Toolchain=Latest ILCompiler, IterationCount=3, LaunchCount=1, MinIterationCount=50, WarmupCount=3) [Script=multisig-sm-03]
//   PlutusUseCasesBenchmarks.DecodeAndEval: NativeAOT 10.0(Runtime=NativeAOT 10.0, Toolchain=Latest ILCompiler, IterationCount=3, LaunchCount=1, MinIterationCount=50, WarmupCount=3) [Script=multisig-sm-04]
//   PlutusUseCasesBenchmarks.DecodeAndEval: NativeAOT 10.0(Runtime=NativeAOT 10.0, Toolchain=Latest ILCompiler, IterationCount=3, LaunchCount=1, MinIterationCount=50, WarmupCount=3) [Script=multisig-sm-05]
//   PlutusUseCasesBenchmarks.DecodeAndEval: NativeAOT 10.0(Runtime=NativeAOT 10.0, Toolchain=Latest ILCompiler, IterationCount=3, LaunchCount=1, MinIterationCount=50, WarmupCount=3) [Script=multisig-sm-06]
//   PlutusUseCasesBenchmarks.DecodeAndEval: NativeAOT 10.0(Runtime=NativeAOT 10.0, Toolchain=Latest ILCompiler, IterationCount=3, LaunchCount=1, MinIterationCount=50, WarmupCount=3) [Script=multisig-sm-07]
//   PlutusUseCasesBenchmarks.DecodeAndEval: NativeAOT 10.0(Runtime=NativeAOT 10.0, Toolchain=Latest ILCompiler, IterationCount=3, LaunchCount=1, MinIterationCount=50, WarmupCount=3) [Script=multisig-sm-08]
//   PlutusUseCasesBenchmarks.DecodeAndEval: NativeAOT 10.0(Runtime=NativeAOT 10.0, Toolchain=Latest ILCompiler, IterationCount=3, LaunchCount=1, MinIterationCount=50, WarmupCount=3) [Script=multisig-sm-09]
//   PlutusUseCasesBenchmarks.DecodeAndEval: NativeAOT 10.0(Runtime=NativeAOT 10.0, Toolchain=Latest ILCompiler, IterationCount=3, LaunchCount=1, MinIterationCount=50, WarmupCount=3) [Script=multisig-sm-10]
//   PlutusUseCasesBenchmarks.DecodeAndEval: NativeAOT 10.0(Runtime=NativeAOT 10.0, Toolchain=Latest ILCompiler, IterationCount=3, LaunchCount=1, MinIterationCount=50, WarmupCount=3) [Script=ping-pong_2-1]
//   PlutusUseCasesBenchmarks.DecodeAndEval: NativeAOT 10.0(Runtime=NativeAOT 10.0, Toolchain=Latest ILCompiler, IterationCount=3, LaunchCount=1, MinIterationCount=50, WarmupCount=3) [Script=ping-pong-1]
//   PlutusUseCasesBenchmarks.DecodeAndEval: NativeAOT 10.0(Runtime=NativeAOT 10.0, Toolchain=Latest ILCompiler, IterationCount=3, LaunchCount=1, MinIterationCount=50, WarmupCount=3) [Script=ping-pong-2]
//   PlutusUseCasesBenchmarks.DecodeAndEval: NativeAOT 10.0(Runtime=NativeAOT 10.0, Toolchain=Latest ILCompiler, IterationCount=3, LaunchCount=1, MinIterationCount=50, WarmupCount=3) [Script=prism-1]
//   PlutusUseCasesBenchmarks.DecodeAndEval: NativeAOT 10.0(Runtime=NativeAOT 10.0, Toolchain=Latest ILCompiler, IterationCount=3, LaunchCount=1, MinIterationCount=50, WarmupCount=3) [Script=prism-2]
//   PlutusUseCasesBenchmarks.DecodeAndEval: NativeAOT 10.0(Runtime=NativeAOT 10.0, Toolchain=Latest ILCompiler, IterationCount=3, LaunchCount=1, MinIterationCount=50, WarmupCount=3) [Script=prism-3]
//   PlutusUseCasesBenchmarks.DecodeAndEval: NativeAOT 10.0(Runtime=NativeAOT 10.0, Toolchain=Latest ILCompiler, IterationCount=3, LaunchCount=1, MinIterationCount=50, WarmupCount=3) [Script=pubkey-1]
//   PlutusUseCasesBenchmarks.DecodeAndEval: NativeAOT 10.0(Runtime=NativeAOT 10.0, Toolchain=Latest ILCompiler, IterationCount=3, LaunchCount=1, MinIterationCount=50, WarmupCount=3) [Script=stablecoin_1-1]
//   PlutusUseCasesBenchmarks.DecodeAndEval: NativeAOT 10.0(Runtime=NativeAOT 10.0, Toolchain=Latest ILCompiler, IterationCount=3, LaunchCount=1, MinIterationCount=50, WarmupCount=3) [Script=stablecoin_1-2]
//   PlutusUseCasesBenchmarks.DecodeAndEval: NativeAOT 10.0(Runtime=NativeAOT 10.0, Toolchain=Latest ILCompiler, IterationCount=3, LaunchCount=1, MinIterationCount=50, WarmupCount=3) [Script=stablecoin_1-3]
//   PlutusUseCasesBenchmarks.DecodeAndEval: NativeAOT 10.0(Runtime=NativeAOT 10.0, Toolchain=Latest ILCompiler, IterationCount=3, LaunchCount=1, MinIterationCount=50, WarmupCount=3) [Script=stablecoin_1-4]
//   PlutusUseCasesBenchmarks.DecodeAndEval: NativeAOT 10.0(Runtime=NativeAOT 10.0, Toolchain=Latest ILCompiler, IterationCount=3, LaunchCount=1, MinIterationCount=50, WarmupCount=3) [Script=stablecoin_1-5]
//   PlutusUseCasesBenchmarks.DecodeAndEval: NativeAOT 10.0(Runtime=NativeAOT 10.0, Toolchain=Latest ILCompiler, IterationCount=3, LaunchCount=1, MinIterationCount=50, WarmupCount=3) [Script=stablecoin_1-6]
//   PlutusUseCasesBenchmarks.DecodeAndEval: NativeAOT 10.0(Runtime=NativeAOT 10.0, Toolchain=Latest ILCompiler, IterationCount=3, LaunchCount=1, MinIterationCount=50, WarmupCount=3) [Script=stablecoin_2-1]
//   PlutusUseCasesBenchmarks.DecodeAndEval: NativeAOT 10.0(Runtime=NativeAOT 10.0, Toolchain=Latest ILCompiler, IterationCount=3, LaunchCount=1, MinIterationCount=50, WarmupCount=3) [Script=stablecoin_2-2]
//   PlutusUseCasesBenchmarks.DecodeAndEval: NativeAOT 10.0(Runtime=NativeAOT 10.0, Toolchain=Latest ILCompiler, IterationCount=3, LaunchCount=1, MinIterationCount=50, WarmupCount=3) [Script=stablecoin_2-3]
//   PlutusUseCasesBenchmarks.DecodeAndEval: NativeAOT 10.0(Runtime=NativeAOT 10.0, Toolchain=Latest ILCompiler, IterationCount=3, LaunchCount=1, MinIterationCount=50, WarmupCount=3) [Script=stablecoin_2-4]
//   PlutusUseCasesBenchmarks.DecodeAndEval: NativeAOT 10.0(Runtime=NativeAOT 10.0, Toolchain=Latest ILCompiler, IterationCount=3, LaunchCount=1, MinIterationCount=50, WarmupCount=3) [Script=token-account-1]
//   PlutusUseCasesBenchmarks.DecodeAndEval: NativeAOT 10.0(Runtime=NativeAOT 10.0, Toolchain=Latest ILCompiler, IterationCount=3, LaunchCount=1, MinIterationCount=50, WarmupCount=3) [Script=token-account-2]
//   PlutusUseCasesBenchmarks.DecodeAndEval: NativeAOT 10.0(Runtime=NativeAOT 10.0, Toolchain=Latest ILCompiler, IterationCount=3, LaunchCount=1, MinIterationCount=50, WarmupCount=3) [Script=uniswap-1]
//   PlutusUseCasesBenchmarks.DecodeAndEval: NativeAOT 10.0(Runtime=NativeAOT 10.0, Toolchain=Latest ILCompiler, IterationCount=3, LaunchCount=1, MinIterationCount=50, WarmupCount=3) [Script=uniswap-2]
//   PlutusUseCasesBenchmarks.DecodeAndEval: NativeAOT 10.0(Runtime=NativeAOT 10.0, Toolchain=Latest ILCompiler, IterationCount=3, LaunchCount=1, MinIterationCount=50, WarmupCount=3) [Script=uniswap-3]
//   PlutusUseCasesBenchmarks.DecodeAndEval: NativeAOT 10.0(Runtime=NativeAOT 10.0, Toolchain=Latest ILCompiler, IterationCount=3, LaunchCount=1, MinIterationCount=50, WarmupCount=3) [Script=uniswap-4]
//   PlutusUseCasesBenchmarks.DecodeAndEval: NativeAOT 10.0(Runtime=NativeAOT 10.0, Toolchain=Latest ILCompiler, IterationCount=3, LaunchCount=1, MinIterationCount=50, WarmupCount=3) [Script=uniswap-5]
//   PlutusUseCasesBenchmarks.DecodeAndEval: NativeAOT 10.0(Runtime=NativeAOT 10.0, Toolchain=Latest ILCompiler, IterationCount=3, LaunchCount=1, MinIterationCount=50, WarmupCount=3) [Script=uniswap-6]
//   PlutusUseCasesBenchmarks.DecodeAndEval: NativeAOT 10.0(Runtime=NativeAOT 10.0, Toolchain=Latest ILCompiler, IterationCount=3, LaunchCount=1, MinIterationCount=50, WarmupCount=3) [Script=vesting-1]

// **************************
// Benchmark: PlutusUseCasesBenchmarks.DecodeAndEval: NativeAOT 10.0(Runtime=NativeAOT 10.0, Toolchain=Latest ILCompiler, IterationCount=3, LaunchCount=1, MinIterationCount=50, WarmupCount=3) [Script=auction_1-1]
// *** Execute ***
// Launch: 1 / 1
// Execute: /bench/chrysalis/benchmarks/PlutusBench/bin/Release/net10.0/PlutusBench-NativeAOT 10.0-1/bin/Release/net10.0/linux-x64/publish/PlutusBench-NativeAOT 10.0-1 --anonymousPipes 113 114 --benchmarkName "PlutusUseCasesBenchmarks.DecodeAndEval(Script: \"auction_1-1\")" --job "NativeAOT 10.0" --benchmarkId 0 in 
// BeforeAnythingElse

// Benchmark Process Environment Information:
// BenchmarkDotNet v0.15.8
// Runtime=.NET 10.0.12, X64 NativeAOT x86-64-v4
// GC=Concurrent Workstation
// HardwareIntrinsics=AVX512 IFMA+VBMI,AVX512 F+BW+CD+DQ+VL,AVX2+BMI1+BMI2+F16C+FMA+LZCNT+MOVBE,AVX,SSE3+SSSE3+SSE4.1+SSE4.2+POPCNT,X86Base+SSE+SSE2,AES+PCLMUL VectorSize=256
// Job: NativeAOT 10.0(IterationCount=3, LaunchCount=1, MinIterationCount=50, WarmupCount=3)

OverheadJitting  1: 1 op, 200.00 ns, 200.0000 ns/op
WorkloadJitting  1: 1 op, 424068.00 ns, 424.0680 us/op

OverheadJitting  2: 16 op, 284.00 ns, 17.7500 ns/op
WorkloadJitting  2: 16 op, 5754780.00 ns, 359.6738 us/op

WorkloadPilot    1: 16 op, 5021545.00 ns, 313.8466 us/op
WorkloadPilot    2: 32 op, 8207169.00 ns, 256.4740 us/op
WorkloadPilot    3: 64 op, 17610911.00 ns, 275.1705 us/op
WorkloadPilot    4: 128 op, 31377964.00 ns, 245.1403 us/op
WorkloadPilot    5: 256 op, 61520507.00 ns, 240.3145 us/op
WorkloadPilot    6: 512 op, 121753228.00 ns, 237.7993 us/op
WorkloadPilot    7: 1024 op, 240054177.00 ns, 234.4279 us/op
WorkloadPilot    8: 2048 op, 476701955.00 ns, 232.7646 us/op
WorkloadPilot    9: 4096 op, 953838976.00 ns, 232.8708 us/op

OverheadWarmup   1: 4096 op, 9589.00 ns, 2.3411 ns/op
OverheadWarmup   2: 4096 op, 9644.00 ns, 2.3545 ns/op
OverheadWarmup   3: 4096 op, 9469.00 ns, 2.3118 ns/op
OverheadWarmup   4: 4096 op, 9439.00 ns, 2.3044 ns/op
OverheadWarmup   5: 4096 op, 9393.00 ns, 2.2932 ns/op
OverheadWarmup   6: 4096 op, 9594.00 ns, 2.3423 ns/op
OverheadWarmup   7: 4096 op, 9613.00 ns, 2.3469 ns/op
OverheadWarmup   8: 4096 op, 9604.00 ns, 2.3447 ns/op

OverheadActual   1: 4096 op, 9651.00 ns, 2.3562 ns/op
OverheadActual   2: 4096 op, 9613.00 ns, 2.3469 ns/op
OverheadActual   3: 4096 op, 9603.00 ns, 2.3445 ns/op
OverheadActual   4: 4096 op, 10046.00 ns, 2.4526 ns/op
OverheadActual   5: 4096 op, 9628.00 ns, 2.3506 ns/op
OverheadActual   6: 4096 op, 9621.00 ns, 2.3489 ns/op
OverheadActual   7: 4096 op, 9624.00 ns, 2.3496 ns/op
OverheadActual   8: 4096 op, 10001.00 ns, 2.4417 ns/op
OverheadActual   9: 4096 op, 10015.00 ns, 2.4451 ns/op
OverheadActual  10: 4096 op, 9629.00 ns, 2.3508 ns/op
OverheadActual  11: 4096 op, 10020.00 ns, 2.4463 ns/op
OverheadActual  12: 4096 op, 9601.00 ns, 2.3440 ns/op
OverheadActual  13: 4096 op, 10056.00 ns, 2.4551 ns/op
OverheadActual  14: 4096 op, 10035.00 ns, 2.4500 ns/op
OverheadActual  15: 4096 op, 10023.00 ns, 2.4470 ns/op
OverheadActual  16: 4096 op, 10047.00 ns, 2.4529 ns/op
OverheadActual  17: 4096 op, 10039.00 ns, 2.4509 ns/op
OverheadActual  18: 4096 op, 10059.00 ns, 2.4558 ns/op
OverheadActual  19: 4096 op, 10032.00 ns, 2.4492 ns/op
OverheadActual  20: 4096 op, 10224.00 ns, 2.4961 ns/op

WorkloadWarmup   1: 4096 op, 960363900.00 ns, 234.4638 us/op
WorkloadWarmup   2: 4096 op, 957080855.00 ns, 233.6623 us/op
WorkloadWarmup   3: 4096 op, 963516678.00 ns, 235.2336 us/op

// BeforeActualRun
WorkloadActual   1: 4096 op, 953338097.00 ns, 232.7486 us/op
WorkloadActual   2: 4096 op, 954893989.00 ns, 233.1284 us/op
WorkloadActual   3: 4096 op, 953244931.00 ns, 232.7258 us/op

// AfterActualRun
WorkloadResult   1: 4096 op, 953328079.50 ns, 232.7461 us/op
WorkloadResult   2: 4096 op, 954883971.50 ns, 233.1260 us/op
WorkloadResult   3: 4096 op, 953234913.50 ns, 232.7234 us/op
// GC:  212 56 0 1778385904 4096
// Threading:  0 0 4096

// AfterAll
// Benchmark Process 2034 has exited with code 0.

Mean = 232.865 us, StdErr = 0.131 us (0.06%), N = 3, StdDev = 0.226 us
Min = 232.723 us, Q1 = 232.735 us, Median = 232.746 us, Q3 = 232.936 us, Max = 233.126 us
IQR = 0.201 us, LowerFence = 232.433 us, UpperFence = 233.238 us
ConfidenceInterval = [228.739 us; 236.991 us] (CI 99.9%), Margin = 4.126 us (1.77% of Mean)
Skewness = 0.38, Kurtosis = 0.67, MValue = 2

// ** Remained 88 (98.9 %) benchmark(s) to run. Estimated finish 2026-10-08 2:24 (0h 12m from now) **
// **************************
// Benchmark: PlutusUseCasesBenchmarks.DecodeAndEval: NativeAOT 10.0(Runtime=NativeAOT 10.0, Toolchain=Latest ILCompiler, IterationCount=3, LaunchCount=1, MinIterationCount=50, WarmupCount=3) [Script=auction_1-2]
// *** Execute ***
// Launch: 1 / 1
// Execute: /bench/chrysalis/benchmarks/PlutusBench/bin/Release/net10.0/PlutusBench-NativeAOT 10.0-1/bin/Release/net10.0/linux-x64/publish/PlutusBench-NativeAOT 10.0-1 --anonymousPipes 113 114 --benchmarkName "PlutusUseCasesBenchmarks.DecodeAndEval(Script: \"auction_1-2\")" --job "NativeAOT 10.0" --benchmarkId 1 in 
// BeforeAnythingElse

// Benchmark Process Environment Information:
// BenchmarkDotNet v0.15.8
// Runtime=.NET 10.0.12, X64 NativeAOT x86-64-v4
// GC=Concurrent Workstation
// HardwareIntrinsics=AVX512 IFMA+VBMI,AVX512 F+BW+CD+DQ+VL,AVX2+BMI1+BMI2+F16C+FMA+LZCNT+MOVBE,AVX,SSE3+SSSE3+SSE4.1+SSE4.2+POPCNT,X86Base+SSE+SSE2,AES+PCLMUL VectorSize=256
// Job: NativeAOT 10.0(IterationCount=3, LaunchCount=1, MinIterationCount=50, WarmupCount=3)

OverheadJitting  1: 1 op, 294.00 ns, 294.0000 ns/op
WorkloadJitting  1: 1 op, 1467631.00 ns, 1.4676 ms/op

OverheadJitting  2: 16 op, 302.00 ns, 18.8750 ns/op
WorkloadJitting  2: 16 op, 20963768.00 ns, 1.3102 ms/op

WorkloadPilot    1: 16 op, 19773524.00 ns, 1.2358 ms/op
WorkloadPilot    2: 32 op, 35077983.00 ns, 1.0962 ms/op
WorkloadPilot    3: 64 op, 69213672.00 ns, 1.0815 ms/op
WorkloadPilot    4: 128 op, 137865783.00 ns, 1.0771 ms/op
WorkloadPilot    5: 256 op, 279499072.00 ns, 1.0918 ms/op
WorkloadPilot    6: 512 op, 546300987.00 ns, 1.0670 ms/op

OverheadWarmup   1: 512 op, 2249.00 ns, 4.3926 ns/op
OverheadWarmup   2: 512 op, 1682.00 ns, 3.2852 ns/op
OverheadWarmup   3: 512 op, 1657.00 ns, 3.2363 ns/op
OverheadWarmup   4: 512 op, 1645.00 ns, 3.2129 ns/op
OverheadWarmup   5: 512 op, 1721.00 ns, 3.3613 ns/op
OverheadWarmup   6: 512 op, 1663.00 ns, 3.2480 ns/op
OverheadWarmup   7: 512 op, 1595.00 ns, 3.1152 ns/op
OverheadWarmup   8: 512 op, 1692.00 ns, 3.3047 ns/op
OverheadWarmup   9: 512 op, 1599.00 ns, 3.1230 ns/op

OverheadActual   1: 512 op, 1630.00 ns, 3.1836 ns/op
OverheadActual   2: 512 op, 1626.00 ns, 3.1758 ns/op
OverheadActual   3: 512 op, 1612.00 ns, 3.1484 ns/op
OverheadActual   4: 512 op, 1591.00 ns, 3.1074 ns/op
OverheadActual   5: 512 op, 1600.00 ns, 3.1250 ns/op
OverheadActual   6: 512 op, 1589.00 ns, 3.1035 ns/op
OverheadActual   7: 512 op, 1596.00 ns, 3.1172 ns/op
OverheadActual   8: 512 op, 1636.00 ns, 3.1953 ns/op
OverheadActual   9: 512 op, 1625.00 ns, 3.1738 ns/op
OverheadActual  10: 512 op, 1651.00 ns, 3.2246 ns/op
OverheadActual  11: 512 op, 1577.00 ns, 3.0801 ns/op
OverheadActual  12: 512 op, 1565.00 ns, 3.0566 ns/op
OverheadActual  13: 512 op, 1646.00 ns, 3.2148 ns/op
OverheadActual  14: 512 op, 1621.00 ns, 3.1660 ns/op
OverheadActual  15: 512 op, 1609.00 ns, 3.1426 ns/op
OverheadActual  16: 512 op, 1611.00 ns, 3.1465 ns/op
OverheadActual  17: 512 op, 1587.00 ns, 3.0996 ns/op
OverheadActual  18: 512 op, 1651.00 ns, 3.2246 ns/op
OverheadActual  19: 512 op, 1721.00 ns, 3.3613 ns/op
OverheadActual  20: 512 op, 1629.00 ns, 3.1816 ns/op

WorkloadWarmup   1: 512 op, 525383696.00 ns, 1.0261 ms/op
WorkloadWarmup   2: 512 op, 450259229.00 ns, 879.4126 us/op
WorkloadWarmup   3: 512 op, 444832224.00 ns, 868.8129 us/op

// BeforeActualRun
WorkloadActual   1: 512 op, 441005959.00 ns, 861.3398 us/op
WorkloadActual   2: 512 op, 441730225.00 ns, 862.7543 us/op
WorkloadActual   3: 512 op, 441354225.00 ns, 862.0200 us/op

// AfterActualRun
WorkloadResult   1: 512 op, 441004342.50 ns, 861.3366 us/op
WorkloadResult   2: 512 op, 441728608.50 ns, 862.7512 us/op
WorkloadResult   3: 512 op, 441352608.50 ns, 862.0168 us/op
// GC:  73 36 0 612815856 512
// Threading:  0 0 512

// AfterAll
// Benchmark Process 2039 has exited with code 0.

Mean = 862.035 us, StdErr = 0.408 us (0.05%), N = 3, StdDev = 0.707 us
Min = 861.337 us, Q1 = 861.677 us, Median = 862.017 us, Q3 = 862.384 us, Max = 862.751 us
IQR = 0.707 us, LowerFence = 860.616 us, UpperFence = 863.445 us
ConfidenceInterval = [849.128 us; 874.942 us] (CI 99.9%), Margin = 12.907 us (1.50% of Mean)
Skewness = 0.03, Kurtosis = 0.67, MValue = 2

// ** Remained 87 (97.8 %) benchmark(s) to run. Estimated finish 2026-10-08 2:21 (0h 9m from now) **
// **************************
// Benchmark: PlutusUseCasesBenchmarks.DecodeAndEval: NativeAOT 10.0(Runtime=NativeAOT 10.0, Toolchain=Latest ILCompiler, IterationCount=3, LaunchCount=1, MinIterationCount=50, WarmupCount=3) [Script=auction_1-3]
// *** Execute ***
// Launch: 1 / 1
// Execute: /bench/chrysalis/benchmarks/PlutusBench/bin/Release/net10.0/PlutusBench-NativeAOT 10.0-1/bin/Release/net10.0/linux-x64/publish/PlutusBench-NativeAOT 10.0-1 --anonymousPipes 113 114 --benchmarkName "PlutusUseCasesBenchmarks.DecodeAndEval(Script: \"auction_1-3\")" --job "NativeAOT 10.0" --benchmarkId 2 in 
// BeforeAnythingElse

// Benchmark Process Environment Information:
// BenchmarkDotNet v0.15.8
// Runtime=.NET 10.0.12, X64 NativeAOT x86-64-v4
// GC=Concurrent Workstation
// HardwareIntrinsics=AVX512 IFMA+VBMI,AVX512 F+BW+CD+DQ+VL,AVX2+BMI1+BMI2+F16C+FMA+LZCNT+MOVBE,AVX,SSE3+SSSE3+SSE4.1+SSE4.2+POPCNT,X86Base+SSE+SSE2,AES+PCLMUL VectorSize=256
// Job: NativeAOT 10.0(IterationCount=3, LaunchCount=1, MinIterationCount=50, WarmupCount=3)

OverheadJitting  1: 1 op, 188.00 ns, 188.0000 ns/op
WorkloadJitting  1: 1 op, 1224725.00 ns, 1.2247 ms/op

OverheadJitting  2: 16 op, 281.00 ns, 17.5625 ns/op
WorkloadJitting  2: 16 op, 17336247.00 ns, 1.0835 ms/op

WorkloadPilot    1: 16 op, 15715114.00 ns, 982.1946 us/op
WorkloadPilot    2: 32 op, 28252473.00 ns, 882.8898 us/op
WorkloadPilot    3: 64 op, 56106638.00 ns, 876.6662 us/op
WorkloadPilot    4: 128 op, 114191492.00 ns, 892.1210 us/op
WorkloadPilot    5: 256 op, 223175665.00 ns, 871.7799 us/op
WorkloadPilot    6: 512 op, 449233048.00 ns, 877.4083 us/op
WorkloadPilot    7: 1024 op, 895944588.00 ns, 874.9459 us/op

OverheadWarmup   1: 1024 op, 2700.00 ns, 2.6367 ns/op
OverheadWarmup   2: 1024 op, 2529.00 ns, 2.4697 ns/op
OverheadWarmup   3: 1024 op, 2560.00 ns, 2.5000 ns/op
OverheadWarmup   4: 1024 op, 2556.00 ns, 2.4961 ns/op
OverheadWarmup   5: 1024 op, 2514.00 ns, 2.4551 ns/op
OverheadWarmup   6: 1024 op, 2519.00 ns, 2.4600 ns/op
OverheadWarmup   7: 1024 op, 2460.00 ns, 2.4023 ns/op

OverheadActual   1: 1024 op, 2515.00 ns, 2.4561 ns/op
OverheadActual   2: 1024 op, 2500.00 ns, 2.4414 ns/op
OverheadActual   3: 1024 op, 2524.00 ns, 2.4648 ns/op
OverheadActual   4: 1024 op, 2496.00 ns, 2.4375 ns/op
OverheadActual   5: 1024 op, 2514.00 ns, 2.4551 ns/op
OverheadActual   6: 1024 op, 2504.00 ns, 2.4453 ns/op
OverheadActual   7: 1024 op, 2505.00 ns, 2.4463 ns/op
OverheadActual   8: 1024 op, 2610.00 ns, 2.5488 ns/op
OverheadActual   9: 1024 op, 2614.00 ns, 2.5527 ns/op
OverheadActual  10: 1024 op, 2485.00 ns, 2.4268 ns/op
OverheadActual  11: 1024 op, 2524.00 ns, 2.4648 ns/op
OverheadActual  12: 1024 op, 2528.00 ns, 2.4688 ns/op
OverheadActual  13: 1024 op, 2515.00 ns, 2.4561 ns/op
OverheadActual  14: 1024 op, 2521.00 ns, 2.4619 ns/op
OverheadActual  15: 1024 op, 2629.00 ns, 2.5674 ns/op
OverheadActual  16: 1024 op, 2620.00 ns, 2.5586 ns/op
OverheadActual  17: 1024 op, 2619.00 ns, 2.5576 ns/op
OverheadActual  18: 1024 op, 2538.00 ns, 2.4785 ns/op
OverheadActual  19: 1024 op, 2503.00 ns, 2.4443 ns/op
OverheadActual  20: 1024 op, 2505.00 ns, 2.4463 ns/op

WorkloadWarmup   1: 1024 op, 898878040.00 ns, 877.8106 us/op
WorkloadWarmup   2: 1024 op, 896243442.00 ns, 875.2377 us/op
WorkloadWarmup   3: 1024 op, 894429473.00 ns, 873.4663 us/op

// BeforeActualRun
WorkloadActual   1: 1024 op, 896525002.00 ns, 875.5127 us/op
WorkloadActual   2: 1024 op, 896378283.00 ns, 875.3694 us/op
WorkloadActual   3: 1024 op, 894500624.00 ns, 873.5358 us/op

// AfterActualRun
WorkloadResult   1: 1024 op, 896522484.00 ns, 875.5102 us/op
WorkloadResult   2: 1024 op, 896375765.00 ns, 875.3670 us/op
WorkloadResult   3: 1024 op, 894498106.00 ns, 873.5333 us/op
// GC:  148 66 0 1241736176 1024
// Threading:  0 0 1024

// AfterAll
// Benchmark Process 2042 has exited with code 0.

Mean = 874.804 us, StdErr = 0.636 us (0.07%), N = 3, StdDev = 1.102 us
Min = 873.533 us, Q1 = 874.450 us, Median = 875.367 us, Q3 = 875.439 us, Max = 875.510 us
IQR = 0.988 us, LowerFence = 872.967 us, UpperFence = 876.921 us
ConfidenceInterval = [854.693 us; 894.914 us] (CI 99.9%), Margin = 20.111 us (2.30% of Mean)
Skewness = -0.38, Kurtosis = 0.67, MValue = 2

// ** Remained 86 (96.6 %) benchmark(s) to run. Estimated finish 2026-10-08 2:22 (0h 10m from now) **
// **************************
// Benchmark: PlutusUseCasesBenchmarks.DecodeAndEval: NativeAOT 10.0(Runtime=NativeAOT 10.0, Toolchain=Latest ILCompiler, IterationCount=3, LaunchCount=1, MinIterationCount=50, WarmupCount=3) [Script=auction_1-4]
// *** Execute ***
// Launch: 1 / 1
// Execute: /bench/chrysalis/benchmarks/PlutusBench/bin/Release/net10.0/PlutusBench-NativeAOT 10.0-1/bin/Release/net10.0/linux-x64/publish/PlutusBench-NativeAOT 10.0-1 --anonymousPipes 113 114 --benchmarkName "PlutusUseCasesBenchmarks.DecodeAndEval(Script: \"auction_1-4\")" --job "NativeAOT 10.0" --benchmarkId 3 in 
// BeforeAnythingElse

// Benchmark Process Environment Information:
// BenchmarkDotNet v0.15.8
// Runtime=.NET 10.0.12, X64 NativeAOT x86-64-v4
// GC=Concurrent Workstation
// HardwareIntrinsics=AVX512 IFMA+VBMI,AVX512 F+BW+CD+DQ+VL,AVX2+BMI1+BMI2+F16C+FMA+LZCNT+MOVBE,AVX,SSE3+SSSE3+SSE4.1+SSE4.2+POPCNT,X86Base+SSE+SSE2,AES+PCLMUL VectorSize=256
// Job: NativeAOT 10.0(IterationCount=3, LaunchCount=1, MinIterationCount=50, WarmupCount=3)

OverheadJitting  1: 1 op, 206.00 ns, 206.0000 ns/op
WorkloadJitting  1: 1 op, 441708.00 ns, 441.7080 us/op

OverheadJitting  2: 16 op, 288.00 ns, 18.0000 ns/op
WorkloadJitting  2: 16 op, 6720869.00 ns, 420.0543 us/op

WorkloadPilot    1: 16 op, 5563819.00 ns, 347.7387 us/op
WorkloadPilot    2: 32 op, 10050778.00 ns, 314.0868 us/op
WorkloadPilot    3: 64 op, 19549254.00 ns, 305.4571 us/op
WorkloadPilot    4: 128 op, 35465956.00 ns, 277.0778 us/op
WorkloadPilot    5: 256 op, 71603044.00 ns, 279.6994 us/op
WorkloadPilot    6: 512 op, 144573666.00 ns, 282.3704 us/op
WorkloadPilot    7: 1024 op, 284153544.00 ns, 277.4937 us/op
WorkloadPilot    8: 2048 op, 568882708.00 ns, 277.7748 us/op

OverheadWarmup   1: 2048 op, 5333.00 ns, 2.6040 ns/op
OverheadWarmup   2: 2048 op, 5119.00 ns, 2.4995 ns/op
OverheadWarmup   3: 2048 op, 5115.00 ns, 2.4976 ns/op
OverheadWarmup   4: 2048 op, 5089.00 ns, 2.4849 ns/op
OverheadWarmup   5: 2048 op, 5088.00 ns, 2.4844 ns/op
OverheadWarmup   6: 2048 op, 5069.00 ns, 2.4751 ns/op
OverheadWarmup   7: 2048 op, 5080.00 ns, 2.4805 ns/op
OverheadWarmup   8: 2048 op, 5124.00 ns, 2.5020 ns/op
OverheadWarmup   9: 2048 op, 5133.00 ns, 2.5063 ns/op
OverheadWarmup  10: 2048 op, 5059.00 ns, 2.4702 ns/op

OverheadActual   1: 2048 op, 5072.00 ns, 2.4766 ns/op
OverheadActual   2: 2048 op, 5028.00 ns, 2.4551 ns/op
OverheadActual   3: 2048 op, 5131.00 ns, 2.5054 ns/op
OverheadActual   4: 2048 op, 5128.00 ns, 2.5039 ns/op
OverheadActual   5: 2048 op, 5204.00 ns, 2.5410 ns/op
OverheadActual   6: 2048 op, 5370.00 ns, 2.6221 ns/op
OverheadActual   7: 2048 op, 5363.00 ns, 2.6187 ns/op
OverheadActual   8: 2048 op, 5229.00 ns, 2.5532 ns/op
OverheadActual   9: 2048 op, 5136.00 ns, 2.5078 ns/op
OverheadActual  10: 2048 op, 5143.00 ns, 2.5112 ns/op
OverheadActual  11: 2048 op, 5176.00 ns, 2.5273 ns/op
OverheadActual  12: 2048 op, 5386.00 ns, 2.6299 ns/op
OverheadActual  13: 2048 op, 5362.00 ns, 2.6182 ns/op
OverheadActual  14: 2048 op, 10263.00 ns, 5.0112 ns/op
OverheadActual  15: 2048 op, 5510.00 ns, 2.6904 ns/op
OverheadActual  16: 2048 op, 5362.00 ns, 2.6182 ns/op
OverheadActual  17: 2048 op, 5365.00 ns, 2.6196 ns/op
OverheadActual  18: 2048 op, 5413.00 ns, 2.6431 ns/op
OverheadActual  19: 2048 op, 5405.00 ns, 2.6392 ns/op
OverheadActual  20: 2048 op, 5429.00 ns, 2.6509 ns/op

WorkloadWarmup   1: 2048 op, 575171801.00 ns, 280.8456 us/op
WorkloadWarmup   2: 2048 op, 570833743.00 ns, 278.7274 us/op
WorkloadWarmup   3: 2048 op, 570779373.00 ns, 278.7009 us/op

// BeforeActualRun
WorkloadActual   1: 2048 op, 567466494.00 ns, 277.0832 us/op
WorkloadActual   2: 2048 op, 566652627.00 ns, 276.6859 us/op
WorkloadActual   3: 2048 op, 567595154.00 ns, 277.1461 us/op

// AfterActualRun
WorkloadResult   1: 2048 op, 567461132.00 ns, 277.0806 us/op
WorkloadResult   2: 2048 op, 566647265.00 ns, 276.6832 us/op
WorkloadResult   3: 2048 op, 567589792.00 ns, 277.1435 us/op
// GC:  126 37 0 1061815280 2048
// Threading:  0 0 2048

// AfterAll
// Benchmark Process 2047 has exited with code 0.

Mean = 276.969 us, StdErr = 0.144 us (0.05%), N = 3, StdDev = 0.250 us
Min = 276.683 us, Q1 = 276.882 us, Median = 277.081 us, Q3 = 277.112 us, Max = 277.143 us
IQR = 0.230 us, LowerFence = 276.537 us, UpperFence = 277.457 us
ConfidenceInterval = [272.416 us; 281.522 us] (CI 99.9%), Margin = 4.553 us (1.64% of Mean)
Skewness = -0.36, Kurtosis = 0.67, MValue = 2

// ** Remained 85 (95.5 %) benchmark(s) to run. Estimated finish 2026-10-08 2:21 (0h 9m from now) **
// **************************
// Benchmark: PlutusUseCasesBenchmarks.DecodeAndEval: NativeAOT 10.0(Runtime=NativeAOT 10.0, Toolchain=Latest ILCompiler, IterationCount=3, LaunchCount=1, MinIterationCount=50, WarmupCount=3) [Script=auction_2-1]
// *** Execute ***
// Launch: 1 / 1
// Execute: /bench/chrysalis/benchmarks/PlutusBench/bin/Release/net10.0/PlutusBench-NativeAOT 10.0-1/bin/Release/net10.0/linux-x64/publish/PlutusBench-NativeAOT 10.0-1 --anonymousPipes 113 114 --benchmarkName "PlutusUseCasesBenchmarks.DecodeAndEval(Script: \"auction_2-1\")" --job "NativeAOT 10.0" --benchmarkId 4 in 
// BeforeAnythingElse

// Benchmark Process Environment Information:
// BenchmarkDotNet v0.15.8
// Runtime=.NET 10.0.12, X64 NativeAOT x86-64-v4
// GC=Concurrent Workstation
// HardwareIntrinsics=AVX512 IFMA+VBMI,AVX512 F+BW+CD+DQ+VL,AVX2+BMI1+BMI2+F16C+FMA+LZCNT+MOVBE,AVX,SSE3+SSSE3+SSE4.1+SSE4.2+POPCNT,X86Base+SSE+SSE2,AES+PCLMUL VectorSize=256
// Job: NativeAOT 10.0(IterationCount=3, LaunchCount=1, MinIterationCount=50, WarmupCount=3)

OverheadJitting  1: 1 op, 216.00 ns, 216.0000 ns/op
WorkloadJitting  1: 1 op, 394782.00 ns, 394.7820 us/op

OverheadJitting  2: 16 op, 280.00 ns, 17.5000 ns/op
WorkloadJitting  2: 16 op, 5402094.00 ns, 337.6309 us/op

WorkloadPilot    1: 16 op, 4757751.00 ns, 297.3594 us/op
WorkloadPilot    2: 32 op, 7908325.00 ns, 247.1352 us/op
WorkloadPilot    3: 64 op, 16818373.00 ns, 262.7871 us/op
WorkloadPilot    4: 128 op, 29988642.00 ns, 234.2863 us/op
WorkloadPilot    5: 256 op, 60254539.00 ns, 235.3693 us/op
WorkloadPilot    6: 512 op, 118861720.00 ns, 232.1518 us/op
WorkloadPilot    7: 1024 op, 237247942.00 ns, 231.6874 us/op
WorkloadPilot    8: 2048 op, 475313881.00 ns, 232.0869 us/op
WorkloadPilot    9: 4096 op, 947818489.00 ns, 231.4010 us/op

OverheadWarmup   1: 4096 op, 9668.00 ns, 2.3604 ns/op
OverheadWarmup   2: 4096 op, 9567.00 ns, 2.3357 ns/op
OverheadWarmup   3: 4096 op, 9449.00 ns, 2.3069 ns/op
OverheadWarmup   4: 4096 op, 9429.00 ns, 2.3020 ns/op
OverheadWarmup   5: 4096 op, 9439.00 ns, 2.3044 ns/op
OverheadWarmup   6: 4096 op, 9419.00 ns, 2.2996 ns/op
OverheadWarmup   7: 4096 op, 9628.00 ns, 2.3506 ns/op
OverheadWarmup   8: 4096 op, 9616.00 ns, 2.3477 ns/op

OverheadActual   1: 4096 op, 9653.00 ns, 2.3567 ns/op
OverheadActual   2: 4096 op, 9439.00 ns, 2.3044 ns/op
OverheadActual   3: 4096 op, 9428.00 ns, 2.3018 ns/op
OverheadActual   4: 4096 op, 9428.00 ns, 2.3018 ns/op
OverheadActual   5: 4096 op, 9433.00 ns, 2.3030 ns/op
OverheadActual   6: 4096 op, 9609.00 ns, 2.3459 ns/op
OverheadActual   7: 4096 op, 9607.00 ns, 2.3455 ns/op
OverheadActual   8: 4096 op, 9602.00 ns, 2.3442 ns/op
OverheadActual   9: 4096 op, 9636.00 ns, 2.3525 ns/op
OverheadActual  10: 4096 op, 9625.00 ns, 2.3499 ns/op
OverheadActual  11: 4096 op, 9634.00 ns, 2.3521 ns/op
OverheadActual  12: 4096 op, 9624.00 ns, 2.3496 ns/op
OverheadActual  13: 4096 op, 9618.00 ns, 2.3481 ns/op
OverheadActual  14: 4096 op, 9608.00 ns, 2.3457 ns/op
OverheadActual  15: 4096 op, 9635.00 ns, 2.3523 ns/op
OverheadActual  16: 4096 op, 9626.00 ns, 2.3501 ns/op
OverheadActual  17: 4096 op, 10077.00 ns, 2.4602 ns/op
OverheadActual  18: 4096 op, 10014.00 ns, 2.4448 ns/op
OverheadActual  19: 4096 op, 9611.00 ns, 2.3464 ns/op
OverheadActual  20: 4096 op, 9648.00 ns, 2.3555 ns/op

WorkloadWarmup   1: 4096 op, 962114211.00 ns, 234.8912 us/op
WorkloadWarmup   2: 4096 op, 952587139.00 ns, 232.5652 us/op
WorkloadWarmup   3: 4096 op, 955354430.00 ns, 233.2408 us/op

// BeforeActualRun
WorkloadActual   1: 4096 op, 948331709.00 ns, 231.5263 us/op
WorkloadActual   2: 4096 op, 949113859.00 ns, 231.7173 us/op
WorkloadActual   3: 4096 op, 947985697.00 ns, 231.4418 us/op

// AfterActualRun
WorkloadResult   1: 4096 op, 948322088.00 ns, 231.5239 us/op
WorkloadResult   2: 4096 op, 949104238.00 ns, 231.7149 us/op
WorkloadResult   3: 4096 op, 947976076.00 ns, 231.4395 us/op
// GC:  212 56 0 1778385904 4096
// Threading:  0 0 4096

// AfterAll
// Benchmark Process 2051 has exited with code 0.

Mean = 231.559 us, StdErr = 0.081 us (0.04%), N = 3, StdDev = 0.141 us
Min = 231.439 us, Q1 = 231.482 us, Median = 231.524 us, Q3 = 231.619 us, Max = 231.715 us
IQR = 0.138 us, LowerFence = 231.275 us, UpperFence = 231.826 us
ConfidenceInterval = [228.985 us; 234.134 us] (CI 99.9%), Margin = 2.574 us (1.11% of Mean)
Skewness = 0.24, Kurtosis = 0.67, MValue = 2

// ** Remained 84 (94.4 %) benchmark(s) to run. Estimated finish 2026-10-08 2:22 (0h 9m from now) **
// **************************
// Benchmark: PlutusUseCasesBenchmarks.DecodeAndEval: NativeAOT 10.0(Runtime=NativeAOT 10.0, Toolchain=Latest ILCompiler, IterationCount=3, LaunchCount=1, MinIterationCount=50, WarmupCount=3) [Script=auction_2-2]
// *** Execute ***
// Launch: 1 / 1
// Execute: /bench/chrysalis/benchmarks/PlutusBench/bin/Release/net10.0/PlutusBench-NativeAOT 10.0-1/bin/Release/net10.0/linux-x64/publish/PlutusBench-NativeAOT 10.0-1 --anonymousPipes 113 114 --benchmarkName "PlutusUseCasesBenchmarks.DecodeAndEval(Script: \"auction_2-2\")" --job "NativeAOT 10.0" --benchmarkId 5 in 
// BeforeAnythingElse

// Benchmark Process Environment Information:
// BenchmarkDotNet v0.15.8
// Runtime=.NET 10.0.12, X64 NativeAOT x86-64-v4
// GC=Concurrent Workstation
// HardwareIntrinsics=AVX512 IFMA+VBMI,AVX512 F+BW+CD+DQ+VL,AVX2+BMI1+BMI2+F16C+FMA+LZCNT+MOVBE,AVX,SSE3+SSSE3+SSE4.1+SSE4.2+POPCNT,X86Base+SSE+SSE2,AES+PCLMUL VectorSize=256
// Job: NativeAOT 10.0(IterationCount=3, LaunchCount=1, MinIterationCount=50, WarmupCount=3)

OverheadJitting  1: 1 op, 210.00 ns, 210.0000 ns/op
WorkloadJitting  1: 1 op, 1228212.00 ns, 1.2282 ms/op

OverheadJitting  2: 16 op, 290.00 ns, 18.1250 ns/op
WorkloadJitting  2: 16 op, 17888098.00 ns, 1.1180 ms/op

WorkloadPilot    1: 16 op, 16031210.00 ns, 1.0020 ms/op
WorkloadPilot    2: 32 op, 28244052.00 ns, 882.6266 us/op
WorkloadPilot    3: 64 op, 55871717.00 ns, 872.9956 us/op
WorkloadPilot    4: 128 op, 110982175.00 ns, 867.0482 us/op
WorkloadPilot    5: 256 op, 221000249.00 ns, 863.2822 us/op
WorkloadPilot    6: 512 op, 441293046.00 ns, 861.9005 us/op
WorkloadPilot    7: 1024 op, 877204621.00 ns, 856.6451 us/op

OverheadWarmup   1: 1024 op, 2895.00 ns, 2.8271 ns/op
OverheadWarmup   2: 1024 op, 2712.00 ns, 2.6484 ns/op
OverheadWarmup   3: 1024 op, 2698.00 ns, 2.6348 ns/op
OverheadWarmup   4: 1024 op, 2685.00 ns, 2.6221 ns/op
OverheadWarmup   5: 1024 op, 2730.00 ns, 2.6660 ns/op
OverheadWarmup   6: 1024 op, 2703.00 ns, 2.6396 ns/op
OverheadWarmup   7: 1024 op, 2829.00 ns, 2.7627 ns/op
OverheadWarmup   8: 1024 op, 2831.00 ns, 2.7646 ns/op
OverheadWarmup   9: 1024 op, 2819.00 ns, 2.7529 ns/op

OverheadActual   1: 1024 op, 2752.00 ns, 2.6875 ns/op
OverheadActual   2: 1024 op, 2697.00 ns, 2.6338 ns/op
OverheadActual   3: 1024 op, 2694.00 ns, 2.6309 ns/op
OverheadActual   4: 1024 op, 2718.00 ns, 2.6543 ns/op
OverheadActual   5: 1024 op, 2840.00 ns, 2.7734 ns/op
OverheadActual   6: 1024 op, 2709.00 ns, 2.6455 ns/op
OverheadActual   7: 1024 op, 2830.00 ns, 2.7637 ns/op
OverheadActual   8: 1024 op, 2674.00 ns, 2.6113 ns/op
OverheadActual   9: 1024 op, 2703.00 ns, 2.6396 ns/op
OverheadActual  10: 1024 op, 2705.00 ns, 2.6416 ns/op
OverheadActual  11: 1024 op, 2702.00 ns, 2.6387 ns/op
OverheadActual  12: 1024 op, 2693.00 ns, 2.6299 ns/op
OverheadActual  13: 1024 op, 2706.00 ns, 2.6426 ns/op
OverheadActual  14: 1024 op, 2701.00 ns, 2.6377 ns/op
OverheadActual  15: 1024 op, 2788.00 ns, 2.7227 ns/op
OverheadActual  16: 1024 op, 2825.00 ns, 2.7588 ns/op
OverheadActual  17: 1024 op, 2712.00 ns, 2.6484 ns/op
OverheadActual  18: 1024 op, 2821.00 ns, 2.7549 ns/op
OverheadActual  19: 1024 op, 2711.00 ns, 2.6475 ns/op
OverheadActual  20: 1024 op, 2702.00 ns, 2.6387 ns/op

WorkloadWarmup   1: 1024 op, 880801877.00 ns, 860.1581 us/op
WorkloadWarmup   2: 1024 op, 879825783.00 ns, 859.2049 us/op
WorkloadWarmup   3: 1024 op, 880498068.00 ns, 859.8614 us/op

// BeforeActualRun
WorkloadActual   1: 1024 op, 874859017.00 ns, 854.3545 us/op
WorkloadActual   2: 1024 op, 877149849.00 ns, 856.5916 us/op
WorkloadActual   3: 1024 op, 874048346.00 ns, 853.5628 us/op

// AfterActualRun
WorkloadResult   1: 1024 op, 874856309.50 ns, 854.3519 us/op
WorkloadResult   2: 1024 op, 877147141.50 ns, 856.5890 us/op
WorkloadResult   3: 1024 op, 874045638.50 ns, 853.5602 us/op
// GC:  146 73 0 1225630704 1024
// Threading:  0 0 1024

// AfterAll
// Benchmark Process 2055 has exited with code 0.

Mean = 854.834 us, StdErr = 0.907 us (0.11%), N = 3, StdDev = 1.571 us
Min = 853.560 us, Q1 = 853.956 us, Median = 854.352 us, Q3 = 855.470 us, Max = 856.589 us
IQR = 1.514 us, LowerFence = 851.684 us, UpperFence = 857.742 us
ConfidenceInterval = [826.176 us; 883.492 us] (CI 99.9%), Margin = 28.658 us (3.35% of Mean)
Skewness = 0.28, Kurtosis = 0.67, MValue = 2

// ** Remained 83 (93.3 %) benchmark(s) to run. Estimated finish 2026-10-08 2:22 (0h 9m from now) **
// **************************
// Benchmark: PlutusUseCasesBenchmarks.DecodeAndEval: NativeAOT 10.0(Runtime=NativeAOT 10.0, Toolchain=Latest ILCompiler, IterationCount=3, LaunchCount=1, MinIterationCount=50, WarmupCount=3) [Script=auction_2-3]
// *** Execute ***
// Launch: 1 / 1
// Execute: /bench/chrysalis/benchmarks/PlutusBench/bin/Release/net10.0/PlutusBench-NativeAOT 10.0-1/bin/Release/net10.0/linux-x64/publish/PlutusBench-NativeAOT 10.0-1 --anonymousPipes 113 114 --benchmarkName "PlutusUseCasesBenchmarks.DecodeAndEval(Script: \"auction_2-3\")" --job "NativeAOT 10.0" --benchmarkId 6 in 
// BeforeAnythingElse

// Benchmark Process Environment Information:
// BenchmarkDotNet v0.15.8
// Runtime=.NET 10.0.12, X64 NativeAOT x86-64-v4
// GC=Concurrent Workstation
// HardwareIntrinsics=AVX512 IFMA+VBMI,AVX512 F+BW+CD+DQ+VL,AVX2+BMI1+BMI2+F16C+FMA+LZCNT+MOVBE,AVX,SSE3+SSSE3+SSE4.1+SSE4.2+POPCNT,X86Base+SSE+SSE2,AES+PCLMUL VectorSize=256
// Job: NativeAOT 10.0(IterationCount=3, LaunchCount=1, MinIterationCount=50, WarmupCount=3)

OverheadJitting  1: 1 op, 245.00 ns, 245.0000 ns/op
WorkloadJitting  1: 1 op, 1497570.00 ns, 1.4976 ms/op

OverheadJitting  2: 16 op, 273.00 ns, 17.0625 ns/op
WorkloadJitting  2: 16 op, 21307375.00 ns, 1.3317 ms/op

WorkloadPilot    1: 16 op, 19290042.00 ns, 1.2056 ms/op
WorkloadPilot    2: 32 op, 35163732.00 ns, 1.0989 ms/op
WorkloadPilot    3: 64 op, 70713602.00 ns, 1.1049 ms/op
WorkloadPilot    4: 128 op, 139818517.00 ns, 1.0923 ms/op
WorkloadPilot    5: 256 op, 316291514.00 ns, 1.2355 ms/op
WorkloadPilot    6: 512 op, 694834847.00 ns, 1.3571 ms/op

OverheadWarmup   1: 512 op, 1791.00 ns, 3.4980 ns/op
OverheadWarmup   2: 512 op, 1747.00 ns, 3.4121 ns/op
OverheadWarmup   3: 512 op, 1613.00 ns, 3.1504 ns/op
OverheadWarmup   4: 512 op, 1610.00 ns, 3.1445 ns/op
OverheadWarmup   5: 512 op, 1623.00 ns, 3.1699 ns/op
OverheadWarmup   6: 512 op, 1608.00 ns, 3.1406 ns/op
OverheadWarmup   7: 512 op, 1595.00 ns, 3.1152 ns/op
OverheadWarmup   8: 512 op, 1605.00 ns, 3.1348 ns/op
OverheadWarmup   9: 512 op, 1636.00 ns, 3.1953 ns/op
OverheadWarmup  10: 512 op, 1642.00 ns, 3.2070 ns/op

OverheadActual   1: 512 op, 1637.00 ns, 3.1973 ns/op
OverheadActual   2: 512 op, 1609.00 ns, 3.1426 ns/op
OverheadActual   3: 512 op, 1577.00 ns, 3.0801 ns/op
OverheadActual   4: 512 op, 1622.00 ns, 3.1680 ns/op
OverheadActual   5: 512 op, 1671.00 ns, 3.2637 ns/op
OverheadActual   6: 512 op, 1638.00 ns, 3.1992 ns/op
OverheadActual   7: 512 op, 1618.00 ns, 3.1602 ns/op
OverheadActual   8: 512 op, 1594.00 ns, 3.1133 ns/op
OverheadActual   9: 512 op, 1607.00 ns, 3.1387 ns/op
OverheadActual  10: 512 op, 1575.00 ns, 3.0762 ns/op
OverheadActual  11: 512 op, 1605.00 ns, 3.1348 ns/op
OverheadActual  12: 512 op, 1608.00 ns, 3.1406 ns/op
OverheadActual  13: 512 op, 1590.00 ns, 3.1055 ns/op
OverheadActual  14: 512 op, 1664.00 ns, 3.2500 ns/op
OverheadActual  15: 512 op, 1774.00 ns, 3.4648 ns/op
OverheadActual  16: 512 op, 1619.00 ns, 3.1621 ns/op
OverheadActual  17: 512 op, 1605.00 ns, 3.1348 ns/op
OverheadActual  18: 512 op, 1648.00 ns, 3.2188 ns/op
OverheadActual  19: 512 op, 1642.00 ns, 3.2070 ns/op
OverheadActual  20: 512 op, 1581.00 ns, 3.0879 ns/op

WorkloadWarmup   1: 512 op, 680637083.00 ns, 1.3294 ms/op
WorkloadWarmup   2: 512 op, 651574154.00 ns, 1.2726 ms/op
WorkloadWarmup   3: 512 op, 560678870.00 ns, 1.0951 ms/op

// BeforeActualRun
WorkloadActual   1: 512 op, 561491830.00 ns, 1.0967 ms/op
WorkloadActual   2: 512 op, 560899936.00 ns, 1.0955 ms/op
WorkloadActual   3: 512 op, 559848298.00 ns, 1.0935 ms/op

// AfterActualRun
WorkloadResult   1: 512 op, 561490216.50 ns, 1.0967 ms/op
WorkloadResult   2: 512 op, 560898322.50 ns, 1.0955 ms/op
WorkloadResult   3: 512 op, 559846684.50 ns, 1.0935 ms/op
// GC:  89 41 0 747299824 512
// Threading:  0 0 512

// AfterAll
// Benchmark Process 2058 has exited with code 0.

Mean = 1.095 ms, StdErr = 0.001 ms (0.09%), N = 3, StdDev = 0.002 ms
Min = 1.093 ms, Q1 = 1.094 ms, Median = 1.096 ms, Q3 = 1.096 ms, Max = 1.097 ms
IQR = 0.002 ms, LowerFence = 1.092 ms, UpperFence = 1.098 ms
ConfidenceInterval = [1.066 ms; 1.125 ms] (CI 99.9%), Margin = 0.030 ms (2.71% of Mean)
Skewness = -0.18, Kurtosis = 0.67, MValue = 2

// ** Remained 82 (92.1 %) benchmark(s) to run. Estimated finish 2026-10-08 2:21 (0h 9m from now) **
// **************************
// Benchmark: PlutusUseCasesBenchmarks.DecodeAndEval: NativeAOT 10.0(Runtime=NativeAOT 10.0, Toolchain=Latest ILCompiler, IterationCount=3, LaunchCount=1, MinIterationCount=50, WarmupCount=3) [Script=auction_2-4]
// *** Execute ***
// Launch: 1 / 1
// Execute: /bench/chrysalis/benchmarks/PlutusBench/bin/Release/net10.0/PlutusBench-NativeAOT 10.0-1/bin/Release/net10.0/linux-x64/publish/PlutusBench-NativeAOT 10.0-1 --anonymousPipes 113 114 --benchmarkName "PlutusUseCasesBenchmarks.DecodeAndEval(Script: \"auction_2-4\")" --job "NativeAOT 10.0" --benchmarkId 7 in 
// BeforeAnythingElse

// Benchmark Process Environment Information:
// BenchmarkDotNet v0.15.8
// Runtime=.NET 10.0.12, X64 NativeAOT x86-64-v4
// GC=Concurrent Workstation
// HardwareIntrinsics=AVX512 IFMA+VBMI,AVX512 F+BW+CD+DQ+VL,AVX2+BMI1+BMI2+F16C+FMA+LZCNT+MOVBE,AVX,SSE3+SSSE3+SSE4.1+SSE4.2+POPCNT,X86Base+SSE+SSE2,AES+PCLMUL VectorSize=256
// Job: NativeAOT 10.0(IterationCount=3, LaunchCount=1, MinIterationCount=50, WarmupCount=3)

OverheadJitting  1: 1 op, 205.00 ns, 205.0000 ns/op
WorkloadJitting  1: 1 op, 1196086.00 ns, 1.1961 ms/op

OverheadJitting  2: 16 op, 294.00 ns, 18.3750 ns/op
WorkloadJitting  2: 16 op, 17813743.00 ns, 1.1134 ms/op

WorkloadPilot    1: 16 op, 16145922.00 ns, 1.0091 ms/op
WorkloadPilot    2: 32 op, 27957157.00 ns, 873.6612 us/op
WorkloadPilot    3: 64 op, 55852278.00 ns, 872.6918 us/op
WorkloadPilot    4: 128 op, 111488172.00 ns, 871.0013 us/op
WorkloadPilot    5: 256 op, 224280986.00 ns, 876.0976 us/op
WorkloadPilot    6: 512 op, 446544058.00 ns, 872.1564 us/op
WorkloadPilot    7: 1024 op, 894767727.00 ns, 873.7966 us/op

OverheadWarmup   1: 1024 op, 2951.00 ns, 2.8818 ns/op
OverheadWarmup   2: 1024 op, 2756.00 ns, 2.6914 ns/op
OverheadWarmup   3: 1024 op, 2730.00 ns, 2.6660 ns/op
OverheadWarmup   4: 1024 op, 2719.00 ns, 2.6553 ns/op
OverheadWarmup   5: 1024 op, 2702.00 ns, 2.6387 ns/op
OverheadWarmup   6: 1024 op, 2693.00 ns, 2.6299 ns/op
OverheadWarmup   7: 1024 op, 2740.00 ns, 2.6758 ns/op
OverheadWarmup   8: 1024 op, 2756.00 ns, 2.6914 ns/op
OverheadWarmup   9: 1024 op, 2674.00 ns, 2.6113 ns/op
OverheadWarmup  10: 1024 op, 2644.00 ns, 2.5820 ns/op

OverheadActual   1: 1024 op, 2679.00 ns, 2.6162 ns/op
OverheadActual   2: 1024 op, 2667.00 ns, 2.6045 ns/op
OverheadActual   3: 1024 op, 2710.00 ns, 2.6465 ns/op
OverheadActual   4: 1024 op, 2656.00 ns, 2.5938 ns/op
OverheadActual   5: 1024 op, 2787.00 ns, 2.7217 ns/op
OverheadActual   6: 1024 op, 2679.00 ns, 2.6162 ns/op
OverheadActual   7: 1024 op, 2774.00 ns, 2.7090 ns/op
OverheadActual   8: 1024 op, 2686.00 ns, 2.6230 ns/op
OverheadActual   9: 1024 op, 2734.00 ns, 2.6699 ns/op
OverheadActual  10: 1024 op, 2681.00 ns, 2.6182 ns/op
OverheadActual  11: 1024 op, 2686.00 ns, 2.6230 ns/op
OverheadActual  12: 1024 op, 2705.00 ns, 2.6416 ns/op
OverheadActual  13: 1024 op, 2706.00 ns, 2.6426 ns/op
OverheadActual  14: 1024 op, 2713.00 ns, 2.6494 ns/op
OverheadActual  15: 1024 op, 2715.00 ns, 2.6514 ns/op
OverheadActual  16: 1024 op, 2726.00 ns, 2.6621 ns/op
OverheadActual  17: 1024 op, 2707.00 ns, 2.6436 ns/op
OverheadActual  18: 1024 op, 2748.00 ns, 2.6836 ns/op
OverheadActual  19: 1024 op, 2741.00 ns, 2.6768 ns/op
OverheadActual  20: 1024 op, 2712.00 ns, 2.6484 ns/op

WorkloadWarmup   1: 1024 op, 896927058.00 ns, 875.9053 us/op
WorkloadWarmup   2: 1024 op, 901795190.00 ns, 880.6594 us/op
WorkloadWarmup   3: 1024 op, 897494768.00 ns, 876.4597 us/op

// BeforeActualRun
WorkloadActual   1: 1024 op, 896379760.00 ns, 875.3709 us/op
WorkloadActual   2: 1024 op, 896387315.00 ns, 875.3782 us/op
WorkloadActual   3: 1024 op, 896093185.00 ns, 875.0910 us/op

// AfterActualRun
WorkloadResult   1: 1024 op, 896377051.50 ns, 875.3682 us/op
WorkloadResult   2: 1024 op, 896384606.50 ns, 875.3756 us/op
WorkloadResult   3: 1024 op, 896090476.50 ns, 875.0884 us/op
// GC:  148 66 0 1241736176 1024
// Threading:  0 0 1024

// AfterAll
// Benchmark Process 2062 has exited with code 0.

Mean = 875.277 us, StdErr = 0.095 us (0.01%), N = 3, StdDev = 0.164 us
Min = 875.088 us, Q1 = 875.228 us, Median = 875.368 us, Q3 = 875.372 us, Max = 875.376 us
IQR = 0.144 us, LowerFence = 875.013 us, UpperFence = 875.587 us
ConfidenceInterval = [872.290 us; 878.265 us] (CI 99.9%), Margin = 2.987 us (0.34% of Mean)
Skewness = -0.38, Kurtosis = 0.67, MValue = 2

// ** Remained 81 (91.0 %) benchmark(s) to run. Estimated finish 2026-10-08 2:22 (0h 9m from now) **
// **************************
// Benchmark: PlutusUseCasesBenchmarks.DecodeAndEval: NativeAOT 10.0(Runtime=NativeAOT 10.0, Toolchain=Latest ILCompiler, IterationCount=3, LaunchCount=1, MinIterationCount=50, WarmupCount=3) [Script=auction_2-5]
// *** Execute ***
// Launch: 1 / 1
// Execute: /bench/chrysalis/benchmarks/PlutusBench/bin/Release/net10.0/PlutusBench-NativeAOT 10.0-1/bin/Release/net10.0/linux-x64/publish/PlutusBench-NativeAOT 10.0-1 --anonymousPipes 113 114 --benchmarkName "PlutusUseCasesBenchmarks.DecodeAndEval(Script: \"auction_2-5\")" --job "NativeAOT 10.0" --benchmarkId 8 in 
// BeforeAnythingElse

// Benchmark Process Environment Information:
// BenchmarkDotNet v0.15.8
// Runtime=.NET 10.0.12, X64 NativeAOT x86-64-v4
// GC=Concurrent Workstation
// HardwareIntrinsics=AVX512 IFMA+VBMI,AVX512 F+BW+CD+DQ+VL,AVX2+BMI1+BMI2+F16C+FMA+LZCNT+MOVBE,AVX,SSE3+SSSE3+SSE4.1+SSE4.2+POPCNT,X86Base+SSE+SSE2,AES+PCLMUL VectorSize=256
// Job: NativeAOT 10.0(IterationCount=3, LaunchCount=1, MinIterationCount=50, WarmupCount=3)

OverheadJitting  1: 1 op, 204.00 ns, 204.0000 ns/op
WorkloadJitting  1: 1 op, 456707.00 ns, 456.7070 us/op

OverheadJitting  2: 16 op, 290.00 ns, 18.1250 ns/op
WorkloadJitting  2: 16 op, 6430842.00 ns, 401.9276 us/op

WorkloadPilot    1: 16 op, 5274656.00 ns, 329.6660 us/op
WorkloadPilot    2: 32 op, 10179064.00 ns, 318.0958 us/op
WorkloadPilot    3: 64 op, 19280240.00 ns, 301.2538 us/op
WorkloadPilot    4: 128 op, 36086200.00 ns, 281.9234 us/op
WorkloadPilot    5: 256 op, 73117915.00 ns, 285.6169 us/op
WorkloadPilot    6: 512 op, 143577090.00 ns, 280.4240 us/op
WorkloadPilot    7: 1024 op, 284986202.00 ns, 278.3068 us/op
WorkloadPilot    8: 2048 op, 570011887.00 ns, 278.3261 us/op

OverheadWarmup   1: 2048 op, 4962.00 ns, 2.4229 ns/op
OverheadWarmup   2: 2048 op, 4781.00 ns, 2.3345 ns/op
OverheadWarmup   3: 2048 op, 4802.00 ns, 2.3447 ns/op
OverheadWarmup   4: 2048 op, 4788.00 ns, 2.3379 ns/op
OverheadWarmup   5: 2048 op, 4805.00 ns, 2.3462 ns/op
OverheadWarmup   6: 2048 op, 4767.00 ns, 2.3276 ns/op

OverheadActual   1: 2048 op, 4912.00 ns, 2.3984 ns/op
OverheadActual   2: 2048 op, 4891.00 ns, 2.3882 ns/op
OverheadActual   3: 2048 op, 4765.00 ns, 2.3267 ns/op
OverheadActual   4: 2048 op, 4782.00 ns, 2.3350 ns/op
OverheadActual   5: 2048 op, 4768.00 ns, 2.3281 ns/op
OverheadActual   6: 2048 op, 4787.00 ns, 2.3374 ns/op
OverheadActual   7: 2048 op, 4797.00 ns, 2.3423 ns/op
OverheadActual   8: 2048 op, 4915.00 ns, 2.3999 ns/op
OverheadActual   9: 2048 op, 4795.00 ns, 2.3413 ns/op
OverheadActual  10: 2048 op, 4871.00 ns, 2.3784 ns/op
OverheadActual  11: 2048 op, 4881.00 ns, 2.3833 ns/op
OverheadActual  12: 2048 op, 5133.00 ns, 2.5063 ns/op
OverheadActual  13: 2048 op, 4917.00 ns, 2.4009 ns/op
OverheadActual  14: 2048 op, 4773.00 ns, 2.3306 ns/op
OverheadActual  15: 2048 op, 4769.00 ns, 2.3286 ns/op
OverheadActual  16: 2048 op, 4786.00 ns, 2.3369 ns/op
OverheadActual  17: 2048 op, 4791.00 ns, 2.3394 ns/op
OverheadActual  18: 2048 op, 4861.00 ns, 2.3735 ns/op
OverheadActual  19: 2048 op, 4773.00 ns, 2.3306 ns/op
OverheadActual  20: 2048 op, 4784.00 ns, 2.3359 ns/op

WorkloadWarmup   1: 2048 op, 577642427.00 ns, 282.0520 us/op
WorkloadWarmup   2: 2048 op, 574756548.00 ns, 280.6428 us/op
WorkloadWarmup   3: 2048 op, 570689398.00 ns, 278.6569 us/op

// BeforeActualRun
WorkloadActual   1: 2048 op, 568879102.00 ns, 277.7730 us/op
WorkloadActual   2: 2048 op, 570457127.00 ns, 278.5435 us/op
WorkloadActual   3: 2048 op, 568853054.00 ns, 277.7603 us/op

// AfterActualRun
WorkloadResult   1: 2048 op, 568874309.00 ns, 277.7707 us/op
WorkloadResult   2: 2048 op, 570452334.00 ns, 278.5412 us/op
WorkloadResult   3: 2048 op, 568848261.00 ns, 277.7579 us/op
// GC:  126 37 0 1061815280 2048
// Threading:  0 0 2048

// AfterAll
// Benchmark Process 2067 has exited with code 0.

Mean = 278.023 us, StdErr = 0.259 us (0.09%), N = 3, StdDev = 0.449 us
Min = 277.758 us, Q1 = 277.764 us, Median = 277.771 us, Q3 = 278.156 us, Max = 278.541 us
IQR = 0.392 us, LowerFence = 277.177 us, UpperFence = 278.743 us
ConfidenceInterval = [269.840 us; 286.207 us] (CI 99.9%), Margin = 8.184 us (2.94% of Mean)
Skewness = 0.38, Kurtosis = 0.67, MValue = 2

// ** Remained 80 (89.9 %) benchmark(s) to run. Estimated finish 2026-10-08 2:21 (0h 9m from now) **
// **************************
// Benchmark: PlutusUseCasesBenchmarks.DecodeAndEval: NativeAOT 10.0(Runtime=NativeAOT 10.0, Toolchain=Latest ILCompiler, IterationCount=3, LaunchCount=1, MinIterationCount=50, WarmupCount=3) [Script=coop-1]
// *** Execute ***
// Launch: 1 / 1
// Execute: /bench/chrysalis/benchmarks/PlutusBench/bin/Release/net10.0/PlutusBench-NativeAOT 10.0-1/bin/Release/net10.0/linux-x64/publish/PlutusBench-NativeAOT 10.0-1 --anonymousPipes 113 114 --benchmarkName "PlutusUseCasesBenchmarks.DecodeAndEval(Script: \"coop-1\")" --job "NativeAOT 10.0" --benchmarkId 9 in 
// BeforeAnythingElse

// Benchmark Process Environment Information:
// BenchmarkDotNet v0.15.8
// Runtime=.NET 10.0.12, X64 NativeAOT x86-64-v4
// GC=Concurrent Workstation
// HardwareIntrinsics=AVX512 IFMA+VBMI,AVX512 F+BW+CD+DQ+VL,AVX2+BMI1+BMI2+F16C+FMA+LZCNT+MOVBE,AVX,SSE3+SSSE3+SSE4.1+SSE4.2+POPCNT,X86Base+SSE+SSE2,AES+PCLMUL VectorSize=256
// Job: NativeAOT 10.0(IterationCount=3, LaunchCount=1, MinIterationCount=50, WarmupCount=3)

OverheadJitting  1: 1 op, 208.00 ns, 208.0000 ns/op
WorkloadJitting  1: 1 op, 427351.00 ns, 427.3510 us/op

OverheadJitting  2: 16 op, 274.00 ns, 17.1250 ns/op
WorkloadJitting  2: 16 op, 5763172.00 ns, 360.1983 us/op

WorkloadPilot    1: 16 op, 4625627.00 ns, 289.1017 us/op
WorkloadPilot    2: 32 op, 7578261.00 ns, 236.8207 us/op
WorkloadPilot    3: 64 op, 17380097.00 ns, 271.5640 us/op
WorkloadPilot    4: 128 op, 29842801.00 ns, 233.1469 us/op
WorkloadPilot    5: 256 op, 60728936.00 ns, 237.2224 us/op
WorkloadPilot    6: 512 op, 120123608.00 ns, 234.6164 us/op
WorkloadPilot    7: 1024 op, 238900014.00 ns, 233.3008 us/op
WorkloadPilot    8: 2048 op, 475561246.00 ns, 232.2076 us/op
WorkloadPilot    9: 4096 op, 953188679.00 ns, 232.7121 us/op

OverheadWarmup   1: 4096 op, 11564.00 ns, 2.8232 ns/op
OverheadWarmup   2: 4096 op, 11494.00 ns, 2.8062 ns/op
OverheadWarmup   3: 4096 op, 11172.00 ns, 2.7275 ns/op
OverheadWarmup   4: 4096 op, 11546.00 ns, 2.8188 ns/op
OverheadWarmup   5: 4096 op, 11383.00 ns, 2.7791 ns/op
OverheadWarmup   6: 4096 op, 12004.00 ns, 2.9307 ns/op
OverheadWarmup   7: 4096 op, 11163.00 ns, 2.7253 ns/op

OverheadActual   1: 4096 op, 11411.00 ns, 2.7859 ns/op
OverheadActual   2: 4096 op, 11286.00 ns, 2.7554 ns/op
OverheadActual   3: 4096 op, 11295.00 ns, 2.7576 ns/op
OverheadActual   4: 4096 op, 11633.00 ns, 2.8401 ns/op
OverheadActual   5: 4096 op, 12012.00 ns, 2.9326 ns/op
OverheadActual   6: 4096 op, 11601.00 ns, 2.8323 ns/op
OverheadActual   7: 4096 op, 11887.00 ns, 2.9021 ns/op
OverheadActual   8: 4096 op, 11855.00 ns, 2.8943 ns/op
OverheadActual   9: 4096 op, 12200.00 ns, 2.9785 ns/op
OverheadActual  10: 4096 op, 11739.00 ns, 2.8660 ns/op
OverheadActual  11: 4096 op, 11166.00 ns, 2.7261 ns/op
OverheadActual  12: 4096 op, 11554.00 ns, 2.8208 ns/op
OverheadActual  13: 4096 op, 11422.00 ns, 2.7886 ns/op
OverheadActual  14: 4096 op, 12283.00 ns, 2.9988 ns/op
OverheadActual  15: 4096 op, 11523.00 ns, 2.8132 ns/op
OverheadActual  16: 4096 op, 12268.00 ns, 2.9951 ns/op
OverheadActual  17: 4096 op, 12496.00 ns, 3.0508 ns/op
OverheadActual  18: 4096 op, 12332.00 ns, 3.0107 ns/op
OverheadActual  19: 4096 op, 11555.00 ns, 2.8210 ns/op
OverheadActual  20: 4096 op, 11748.00 ns, 2.8682 ns/op

WorkloadWarmup   1: 4096 op, 957048290.00 ns, 233.6544 us/op
WorkloadWarmup   2: 4096 op, 960194316.00 ns, 234.4224 us/op
WorkloadWarmup   3: 4096 op, 953913302.00 ns, 232.8890 us/op

// BeforeActualRun
WorkloadActual   1: 4096 op, 950755407.00 ns, 232.1180 us/op
WorkloadActual   2: 4096 op, 1160386218.00 ns, 283.2974 us/op
WorkloadActual   3: 4096 op, 1226397138.00 ns, 299.4134 us/op

// AfterActualRun
WorkloadResult   1: 4096 op, 950743721.00 ns, 232.1152 us/op
WorkloadResult   2: 4096 op, 1160374532.00 ns, 283.2946 us/op
WorkloadResult   3: 4096 op, 1226385452.00 ns, 299.4105 us/op
// GC:  244 65 0 2047280112 4096
// Threading:  0 0 4096

// AfterAll
// Benchmark Process 2071 has exited with code 0.

Mean = 271.607 us, StdErr = 20.286 us (7.47%), N = 3, StdDev = 35.137 us
Min = 232.115 us, Q1 = 257.705 us, Median = 283.295 us, Q3 = 291.353 us, Max = 299.411 us
IQR = 33.648 us, LowerFence = 207.233 us, UpperFence = 341.824 us
ConfidenceInterval = [-369.426 us; 912.639 us] (CI 99.9%), Margin = 641.033 us (236.01% of Mean)
Skewness = -0.3, Kurtosis = 0.67, MValue = 2

// ** Remained 79 (88.8 %) benchmark(s) to run. Estimated finish 2026-10-08 2:22 (0h 9m from now) **
// **************************
// Benchmark: PlutusUseCasesBenchmarks.DecodeAndEval: NativeAOT 10.0(Runtime=NativeAOT 10.0, Toolchain=Latest ILCompiler, IterationCount=3, LaunchCount=1, MinIterationCount=50, WarmupCount=3) [Script=coop-2]
// *** Execute ***
// Launch: 1 / 1
// Execute: /bench/chrysalis/benchmarks/PlutusBench/bin/Release/net10.0/PlutusBench-NativeAOT 10.0-1/bin/Release/net10.0/linux-x64/publish/PlutusBench-NativeAOT 10.0-1 --anonymousPipes 113 114 --benchmarkName "PlutusUseCasesBenchmarks.DecodeAndEval(Script: \"coop-2\")" --job "NativeAOT 10.0" --benchmarkId 10 in 
// BeforeAnythingElse

// Benchmark Process Environment Information:
// BenchmarkDotNet v0.15.8
// Runtime=.NET 10.0.12, X64 NativeAOT x86-64-v4
// GC=Concurrent Workstation
// HardwareIntrinsics=AVX512 IFMA+VBMI,AVX512 F+BW+CD+DQ+VL,AVX2+BMI1+BMI2+F16C+FMA+LZCNT+MOVBE,AVX,SSE3+SSSE3+SSE4.1+SSE4.2+POPCNT,X86Base+SSE+SSE2,AES+PCLMUL VectorSize=256
// Job: NativeAOT 10.0(IterationCount=3, LaunchCount=1, MinIterationCount=50, WarmupCount=3)

OverheadJitting  1: 1 op, 212.00 ns, 212.0000 ns/op
WorkloadJitting  1: 1 op, 1141918.00 ns, 1.1419 ms/op

OverheadJitting  2: 16 op, 305.00 ns, 19.0625 ns/op
WorkloadJitting  2: 16 op, 13851133.00 ns, 865.6958 us/op

WorkloadPilot    1: 16 op, 12302111.00 ns, 768.8819 us/op
WorkloadPilot    2: 32 op, 26117117.00 ns, 816.1599 us/op
WorkloadPilot    3: 64 op, 47801545.00 ns, 746.8991 us/op
WorkloadPilot    4: 128 op, 94302720.00 ns, 736.7400 us/op
WorkloadPilot    5: 256 op, 187191209.00 ns, 731.2157 us/op
WorkloadPilot    6: 512 op, 373486539.00 ns, 729.4659 us/op
WorkloadPilot    7: 1024 op, 751976119.00 ns, 734.3517 us/op

OverheadWarmup   1: 1024 op, 2627.00 ns, 2.5654 ns/op
OverheadWarmup   2: 1024 op, 2565.00 ns, 2.5049 ns/op
OverheadWarmup   3: 1024 op, 2519.00 ns, 2.4600 ns/op
OverheadWarmup   4: 1024 op, 2492.00 ns, 2.4336 ns/op
OverheadWarmup   5: 1024 op, 2519.00 ns, 2.4600 ns/op
OverheadWarmup   6: 1024 op, 2506.00 ns, 2.4473 ns/op
OverheadWarmup   7: 1024 op, 2599.00 ns, 2.5381 ns/op
OverheadWarmup   8: 1024 op, 2655.00 ns, 2.5928 ns/op
OverheadWarmup   9: 1024 op, 2519.00 ns, 2.4600 ns/op

OverheadActual   1: 1024 op, 2520.00 ns, 2.4609 ns/op
OverheadActual   2: 1024 op, 2535.00 ns, 2.4756 ns/op
OverheadActual   3: 1024 op, 2492.00 ns, 2.4336 ns/op
OverheadActual   4: 1024 op, 2526.00 ns, 2.4668 ns/op
OverheadActual   5: 1024 op, 2495.00 ns, 2.4365 ns/op
OverheadActual   6: 1024 op, 2637.00 ns, 2.5752 ns/op
OverheadActual   7: 1024 op, 2620.00 ns, 2.5586 ns/op
OverheadActual   8: 1024 op, 2619.00 ns, 2.5576 ns/op
OverheadActual   9: 1024 op, 2524.00 ns, 2.4648 ns/op
OverheadActual  10: 1024 op, 2537.00 ns, 2.4775 ns/op
OverheadActual  11: 1024 op, 2519.00 ns, 2.4600 ns/op
OverheadActual  12: 1024 op, 2527.00 ns, 2.4678 ns/op
OverheadActual  13: 1024 op, 2508.00 ns, 2.4492 ns/op
OverheadActual  14: 1024 op, 2629.00 ns, 2.5674 ns/op
OverheadActual  15: 1024 op, 2604.00 ns, 2.5430 ns/op
OverheadActual  16: 1024 op, 2633.00 ns, 2.5713 ns/op
OverheadActual  17: 1024 op, 2542.00 ns, 2.4824 ns/op
OverheadActual  18: 1024 op, 2630.00 ns, 2.5684 ns/op
OverheadActual  19: 1024 op, 2517.00 ns, 2.4580 ns/op
OverheadActual  20: 1024 op, 2519.00 ns, 2.4600 ns/op

WorkloadWarmup   1: 1024 op, 754302221.00 ns, 736.6233 us/op
WorkloadWarmup   2: 1024 op, 752579018.00 ns, 734.9404 us/op
WorkloadWarmup   3: 1024 op, 749992259.00 ns, 732.4143 us/op

// BeforeActualRun
WorkloadActual   1: 1024 op, 746491986.00 ns, 728.9961 us/op
WorkloadActual   2: 1024 op, 747680969.00 ns, 730.1572 us/op
WorkloadActual   3: 1024 op, 747372743.00 ns, 729.8562 us/op

// AfterActualRun
WorkloadResult   1: 1024 op, 746489455.00 ns, 728.9936 us/op
WorkloadResult   2: 1024 op, 747678438.00 ns, 730.1547 us/op
WorkloadResult   3: 1024 op, 747370212.00 ns, 729.8537 us/op
// GC:  168 65 0 1412170736 1024
// Threading:  0 0 1024

// AfterAll
// Benchmark Process 2075 has exited with code 0.

Mean = 729.667 us, StdErr = 0.348 us (0.05%), N = 3, StdDev = 0.603 us
Min = 728.994 us, Q1 = 729.424 us, Median = 729.854 us, Q3 = 730.004 us, Max = 730.155 us
IQR = 0.581 us, LowerFence = 728.553 us, UpperFence = 730.875 us
ConfidenceInterval = [718.674 us; 740.661 us] (CI 99.9%), Margin = 10.993 us (1.51% of Mean)
Skewness = -0.28, Kurtosis = 0.67, MValue = 2

// ** Remained 78 (87.6 %) benchmark(s) to run. Estimated finish 2026-10-08 2:22 (0h 9m from now) **
// **************************
// Benchmark: PlutusUseCasesBenchmarks.DecodeAndEval: NativeAOT 10.0(Runtime=NativeAOT 10.0, Toolchain=Latest ILCompiler, IterationCount=3, LaunchCount=1, MinIterationCount=50, WarmupCount=3) [Script=coop-3]
// *** Execute ***
// Launch: 1 / 1
// Execute: /bench/chrysalis/benchmarks/PlutusBench/bin/Release/net10.0/PlutusBench-NativeAOT 10.0-1/bin/Release/net10.0/linux-x64/publish/PlutusBench-NativeAOT 10.0-1 --anonymousPipes 113 114 --benchmarkName "PlutusUseCasesBenchmarks.DecodeAndEval(Script: \"coop-3\")" --job "NativeAOT 10.0" --benchmarkId 11 in 
// BeforeAnythingElse

// Benchmark Process Environment Information:
// BenchmarkDotNet v0.15.8
// Runtime=.NET 10.0.12, X64 NativeAOT x86-64-v4
// GC=Concurrent Workstation
// HardwareIntrinsics=AVX512 IFMA+VBMI,AVX512 F+BW+CD+DQ+VL,AVX2+BMI1+BMI2+F16C+FMA+LZCNT+MOVBE,AVX,SSE3+SSSE3+SSE4.1+SSE4.2+POPCNT,X86Base+SSE+SSE2,AES+PCLMUL VectorSize=256
// Job: NativeAOT 10.0(IterationCount=3, LaunchCount=1, MinIterationCount=50, WarmupCount=3)

OverheadJitting  1: 1 op, 195.00 ns, 195.0000 ns/op
WorkloadJitting  1: 1 op, 3288776.00 ns, 3.2888 ms/op

OverheadJitting  2: 16 op, 290.00 ns, 18.1250 ns/op
WorkloadJitting  2: 16 op, 40831717.00 ns, 2.5520 ms/op

WorkloadPilot    1: 16 op, 39107005.00 ns, 2.4442 ms/op
WorkloadPilot    2: 32 op, 75408369.00 ns, 2.3565 ms/op
WorkloadPilot    3: 64 op, 148343815.00 ns, 2.3179 ms/op
WorkloadPilot    4: 128 op, 296588074.00 ns, 2.3171 ms/op
WorkloadPilot    5: 256 op, 597320310.00 ns, 2.3333 ms/op

OverheadWarmup   1: 256 op, 1006.00 ns, 3.9297 ns/op
OverheadWarmup   2: 256 op, 830.00 ns, 3.2422 ns/op
OverheadWarmup   3: 256 op, 778.00 ns, 3.0391 ns/op
OverheadWarmup   4: 256 op, 780.00 ns, 3.0469 ns/op
OverheadWarmup   5: 256 op, 784.00 ns, 3.0625 ns/op
OverheadWarmup   6: 256 op, 774.00 ns, 3.0234 ns/op
OverheadWarmup   7: 256 op, 744.00 ns, 2.9063 ns/op
OverheadWarmup   8: 256 op, 765.00 ns, 2.9883 ns/op
OverheadWarmup   9: 256 op, 758.00 ns, 2.9609 ns/op

OverheadActual   1: 256 op, 792.00 ns, 3.0938 ns/op
OverheadActual   2: 256 op, 770.00 ns, 3.0078 ns/op
OverheadActual   3: 256 op, 779.00 ns, 3.0430 ns/op
OverheadActual   4: 256 op, 753.00 ns, 2.9414 ns/op
OverheadActual   5: 256 op, 760.00 ns, 2.9688 ns/op
OverheadActual   6: 256 op, 728.00 ns, 2.8438 ns/op
OverheadActual   7: 256 op, 766.00 ns, 2.9922 ns/op
OverheadActual   8: 256 op, 705.00 ns, 2.7539 ns/op
OverheadActual   9: 256 op, 758.00 ns, 2.9609 ns/op
OverheadActual  10: 256 op, 775.00 ns, 3.0273 ns/op
OverheadActual  11: 256 op, 765.00 ns, 2.9883 ns/op
OverheadActual  12: 256 op, 752.00 ns, 2.9375 ns/op
OverheadActual  13: 256 op, 761.00 ns, 2.9727 ns/op
OverheadActual  14: 256 op, 774.00 ns, 3.0234 ns/op
OverheadActual  15: 256 op, 753.00 ns, 2.9414 ns/op
OverheadActual  16: 256 op, 799.00 ns, 3.1211 ns/op
OverheadActual  17: 256 op, 798.00 ns, 3.1172 ns/op
OverheadActual  18: 256 op, 802.00 ns, 3.1328 ns/op
OverheadActual  19: 256 op, 812.00 ns, 3.1719 ns/op
OverheadActual  20: 256 op, 792.00 ns, 3.0938 ns/op

WorkloadWarmup   1: 256 op, 595648716.00 ns, 2.3268 ms/op
WorkloadWarmup   2: 256 op, 594357572.00 ns, 2.3217 ms/op
WorkloadWarmup   3: 256 op, 593166605.00 ns, 2.3171 ms/op

// BeforeActualRun
WorkloadActual   1: 256 op, 592428084.00 ns, 2.3142 ms/op
WorkloadActual   2: 256 op, 594396855.00 ns, 2.3219 ms/op
WorkloadActual   3: 256 op, 591634375.00 ns, 2.3111 ms/op

// AfterActualRun
WorkloadResult   1: 256 op, 592427316.00 ns, 2.3142 ms/op
WorkloadResult   2: 256 op, 594396087.00 ns, 2.3219 ms/op
WorkloadResult   3: 256 op, 591633607.00 ns, 2.3111 ms/op
// GC:  105 35 0 885556208 256
// Threading:  0 0 256

// AfterAll
// Benchmark Process 2079 has exited with code 0.

Mean = 2.316 ms, StdErr = 0.003 ms (0.14%), N = 3, StdDev = 0.006 ms
Min = 2.311 ms, Q1 = 2.313 ms, Median = 2.314 ms, Q3 = 2.318 ms, Max = 2.322 ms
IQR = 0.005 ms, LowerFence = 2.305 ms, UpperFence = 2.326 ms
ConfidenceInterval = [2.214 ms; 2.417 ms] (CI 99.9%), Margin = 0.101 ms (4.38% of Mean)
Skewness = 0.25, Kurtosis = 0.67, MValue = 2

// ** Remained 77 (86.5 %) benchmark(s) to run. Estimated finish 2026-10-08 2:21 (0h 8m from now) **
// **************************
// Benchmark: PlutusUseCasesBenchmarks.DecodeAndEval: NativeAOT 10.0(Runtime=NativeAOT 10.0, Toolchain=Latest ILCompiler, IterationCount=3, LaunchCount=1, MinIterationCount=50, WarmupCount=3) [Script=coop-4]
// *** Execute ***
// Launch: 1 / 1
// Execute: /bench/chrysalis/benchmarks/PlutusBench/bin/Release/net10.0/PlutusBench-NativeAOT 10.0-1/bin/Release/net10.0/linux-x64/publish/PlutusBench-NativeAOT 10.0-1 --anonymousPipes 113 114 --benchmarkName "PlutusUseCasesBenchmarks.DecodeAndEval(Script: \"coop-4\")" --job "NativeAOT 10.0" --benchmarkId 12 in 
// BeforeAnythingElse

// Benchmark Process Environment Information:
// BenchmarkDotNet v0.15.8
// Runtime=.NET 10.0.12, X64 NativeAOT x86-64-v4
// GC=Concurrent Workstation
// HardwareIntrinsics=AVX512 IFMA+VBMI,AVX512 F+BW+CD+DQ+VL,AVX2+BMI1+BMI2+F16C+FMA+LZCNT+MOVBE,AVX,SSE3+SSSE3+SSE4.1+SSE4.2+POPCNT,X86Base+SSE+SSE2,AES+PCLMUL VectorSize=256
// Job: NativeAOT 10.0(IterationCount=3, LaunchCount=1, MinIterationCount=50, WarmupCount=3)

OverheadJitting  1: 1 op, 218.00 ns, 218.0000 ns/op
WorkloadJitting  1: 1 op, 1382476.00 ns, 1.3825 ms/op

OverheadJitting  2: 16 op, 325.00 ns, 20.3125 ns/op
WorkloadJitting  2: 16 op, 17949103.00 ns, 1.1218 ms/op

WorkloadPilot    1: 16 op, 15964655.00 ns, 997.7909 us/op
WorkloadPilot    2: 32 op, 31959695.00 ns, 998.7405 us/op
WorkloadPilot    3: 64 op, 60293014.00 ns, 942.0783 us/op
WorkloadPilot    4: 128 op, 119894079.00 ns, 936.6725 us/op
WorkloadPilot    5: 256 op, 241096561.00 ns, 941.7834 us/op
WorkloadPilot    6: 512 op, 484012480.00 ns, 945.3369 us/op
WorkloadPilot    7: 1024 op, 967958243.00 ns, 945.2717 us/op

OverheadWarmup   1: 1024 op, 3675.00 ns, 3.5889 ns/op
OverheadWarmup   2: 1024 op, 2602.00 ns, 2.5410 ns/op
OverheadWarmup   3: 1024 op, 2514.00 ns, 2.4551 ns/op
OverheadWarmup   4: 1024 op, 2535.00 ns, 2.4756 ns/op
OverheadWarmup   5: 1024 op, 2554.00 ns, 2.4941 ns/op
OverheadWarmup   6: 1024 op, 2542.00 ns, 2.4824 ns/op
OverheadWarmup   7: 1024 op, 2594.00 ns, 2.5332 ns/op
OverheadWarmup   8: 1024 op, 2611.00 ns, 2.5498 ns/op
OverheadWarmup   9: 1024 op, 2625.00 ns, 2.5635 ns/op
OverheadWarmup  10: 1024 op, 2505.00 ns, 2.4463 ns/op

OverheadActual   1: 1024 op, 2632.00 ns, 2.5703 ns/op
OverheadActual   2: 1024 op, 2658.00 ns, 2.5957 ns/op
OverheadActual   3: 1024 op, 2561.00 ns, 2.5010 ns/op
OverheadActual   4: 1024 op, 2488.00 ns, 2.4297 ns/op
OverheadActual   5: 1024 op, 2638.00 ns, 2.5762 ns/op
OverheadActual   6: 1024 op, 2619.00 ns, 2.5576 ns/op
OverheadActual   7: 1024 op, 2772.00 ns, 2.7070 ns/op
OverheadActual   8: 1024 op, 2550.00 ns, 2.4902 ns/op
OverheadActual   9: 1024 op, 2650.00 ns, 2.5879 ns/op
OverheadActual  10: 1024 op, 2591.00 ns, 2.5303 ns/op
OverheadActual  11: 1024 op, 2444.00 ns, 2.3867 ns/op
OverheadActual  12: 1024 op, 2525.00 ns, 2.4658 ns/op
OverheadActual  13: 1024 op, 2668.00 ns, 2.6055 ns/op
OverheadActual  14: 1024 op, 2513.00 ns, 2.4541 ns/op
OverheadActual  15: 1024 op, 2612.00 ns, 2.5508 ns/op
OverheadActual  16: 1024 op, 2607.00 ns, 2.5459 ns/op
OverheadActual  17: 1024 op, 2487.00 ns, 2.4287 ns/op
OverheadActual  18: 1024 op, 2670.00 ns, 2.6074 ns/op
OverheadActual  19: 1024 op, 2518.00 ns, 2.4590 ns/op
OverheadActual  20: 1024 op, 2602.00 ns, 2.5410 ns/op

WorkloadWarmup   1: 1024 op, 965664052.00 ns, 943.0313 us/op
WorkloadWarmup   2: 1024 op, 968287289.00 ns, 945.5931 us/op
WorkloadWarmup   3: 1024 op, 967013999.00 ns, 944.3496 us/op

// BeforeActualRun
WorkloadActual   1: 1024 op, 963615498.00 ns, 941.0308 us/op
WorkloadActual   2: 1024 op, 966542299.00 ns, 943.8890 us/op
WorkloadActual   3: 1024 op, 964774780.00 ns, 942.1629 us/op

// AfterActualRun
WorkloadResult   1: 1024 op, 963612893.50 ns, 941.0282 us/op
WorkloadResult   2: 1024 op, 966539694.50 ns, 943.8864 us/op
WorkloadResult   3: 1024 op, 964772175.50 ns, 942.1603 us/op
// GC:  191 66 0 1602413552 1024
// Threading:  0 0 1024

// AfterAll
// Benchmark Process 2085 has exited with code 0.

Mean = 942.358 us, StdErr = 0.831 us (0.09%), N = 3, StdDev = 1.439 us
Min = 941.028 us, Q1 = 941.594 us, Median = 942.160 us, Q3 = 943.023 us, Max = 943.886 us
IQR = 1.429 us, LowerFence = 939.451 us, UpperFence = 945.167 us
ConfidenceInterval = [916.099 us; 968.617 us] (CI 99.9%), Margin = 26.259 us (2.79% of Mean)
Skewness = 0.13, Kurtosis = 0.67, MValue = 2

// ** Remained 76 (85.4 %) benchmark(s) to run. Estimated finish 2026-10-08 2:22 (0h 8m from now) **
// **************************
// Benchmark: PlutusUseCasesBenchmarks.DecodeAndEval: NativeAOT 10.0(Runtime=NativeAOT 10.0, Toolchain=Latest ILCompiler, IterationCount=3, LaunchCount=1, MinIterationCount=50, WarmupCount=3) [Script=coop-5]
// *** Execute ***
// Launch: 1 / 1
// Execute: /bench/chrysalis/benchmarks/PlutusBench/bin/Release/net10.0/PlutusBench-NativeAOT 10.0-1/bin/Release/net10.0/linux-x64/publish/PlutusBench-NativeAOT 10.0-1 --anonymousPipes 113 114 --benchmarkName "PlutusUseCasesBenchmarks.DecodeAndEval(Script: \"coop-5\")" --job "NativeAOT 10.0" --benchmarkId 13 in 
// BeforeAnythingElse

// Benchmark Process Environment Information:
// BenchmarkDotNet v0.15.8
// Runtime=.NET 10.0.12, X64 NativeAOT x86-64-v4
// GC=Concurrent Workstation
// HardwareIntrinsics=AVX512 IFMA+VBMI,AVX512 F+BW+CD+DQ+VL,AVX2+BMI1+BMI2+F16C+FMA+LZCNT+MOVBE,AVX,SSE3+SSSE3+SSE4.1+SSE4.2+POPCNT,X86Base+SSE+SSE2,AES+PCLMUL VectorSize=256
// Job: NativeAOT 10.0(IterationCount=3, LaunchCount=1, MinIterationCount=50, WarmupCount=3)

OverheadJitting  1: 1 op, 194.00 ns, 194.0000 ns/op
WorkloadJitting  1: 1 op, 697066.00 ns, 697.0660 us/op

OverheadJitting  2: 16 op, 269.00 ns, 16.8125 ns/op
WorkloadJitting  2: 16 op, 9901100.00 ns, 618.8188 us/op

WorkloadPilot    1: 16 op, 8807353.00 ns, 550.4596 us/op
WorkloadPilot    2: 32 op, 16806862.00 ns, 525.2144 us/op
WorkloadPilot    3: 64 op, 30127565.00 ns, 470.7432 us/op
WorkloadPilot    4: 128 op, 59185477.00 ns, 462.3865 us/op
WorkloadPilot    5: 256 op, 117516113.00 ns, 459.0473 us/op
WorkloadPilot    6: 512 op, 237418339.00 ns, 463.7077 us/op
WorkloadPilot    7: 1024 op, 471308397.00 ns, 460.2621 us/op
WorkloadPilot    8: 2048 op, 941783719.00 ns, 459.8553 us/op

OverheadWarmup   1: 2048 op, 5380.00 ns, 2.6270 ns/op
OverheadWarmup   2: 2048 op, 5154.00 ns, 2.5166 ns/op
OverheadWarmup   3: 2048 op, 5148.00 ns, 2.5137 ns/op
OverheadWarmup   4: 2048 op, 5263.00 ns, 2.5698 ns/op
OverheadWarmup   5: 2048 op, 5246.00 ns, 2.5615 ns/op
OverheadWarmup   6: 2048 op, 5260.00 ns, 2.5684 ns/op
OverheadWarmup   7: 2048 op, 5394.00 ns, 2.6338 ns/op
OverheadWarmup   8: 2048 op, 5271.00 ns, 2.5737 ns/op

OverheadActual   1: 2048 op, 5213.00 ns, 2.5454 ns/op
OverheadActual   2: 2048 op, 5110.00 ns, 2.4951 ns/op
OverheadActual   3: 2048 op, 5242.00 ns, 2.5596 ns/op
OverheadActual   4: 2048 op, 5122.00 ns, 2.5010 ns/op
OverheadActual   5: 2048 op, 5220.00 ns, 2.5488 ns/op
OverheadActual   6: 2048 op, 5398.00 ns, 2.6357 ns/op
OverheadActual   7: 2048 op, 5560.00 ns, 2.7148 ns/op
OverheadActual   8: 2048 op, 5421.00 ns, 2.6470 ns/op
OverheadActual   9: 2048 op, 5463.00 ns, 2.6675 ns/op
OverheadActual  10: 2048 op, 5411.00 ns, 2.6421 ns/op
OverheadActual  11: 2048 op, 5253.00 ns, 2.5649 ns/op
OverheadActual  12: 2048 op, 5221.00 ns, 2.5493 ns/op
OverheadActual  13: 2048 op, 5292.00 ns, 2.5840 ns/op
OverheadActual  14: 2048 op, 5497.00 ns, 2.6841 ns/op
OverheadActual  15: 2048 op, 5468.00 ns, 2.6699 ns/op
OverheadActual  16: 2048 op, 5526.00 ns, 2.6982 ns/op
OverheadActual  17: 2048 op, 5419.00 ns, 2.6460 ns/op
OverheadActual  18: 2048 op, 5504.00 ns, 2.6875 ns/op
OverheadActual  19: 2048 op, 5492.00 ns, 2.6816 ns/op
OverheadActual  20: 2048 op, 5598.00 ns, 2.7334 ns/op

WorkloadWarmup   1: 2048 op, 959549158.00 ns, 468.5299 us/op
WorkloadWarmup   2: 2048 op, 945144048.00 ns, 461.4961 us/op
WorkloadWarmup   3: 2048 op, 944821406.00 ns, 461.3386 us/op

// BeforeActualRun
WorkloadActual   1: 2048 op, 945701324.00 ns, 461.7682 us/op
WorkloadActual   2: 2048 op, 941424237.00 ns, 459.6798 us/op
WorkloadActual   3: 2048 op, 940556860.00 ns, 459.2563 us/op

// AfterActualRun
WorkloadResult   1: 2048 op, 945695909.00 ns, 461.7656 us/op
WorkloadResult   2: 2048 op, 941418822.00 ns, 459.6772 us/op
WorkloadResult   3: 2048 op, 940551445.00 ns, 459.2536 us/op
// GC:  209 68 0 1751057392 2048
// Threading:  0 0 2048

// AfterAll
// Benchmark Process 2089 has exited with code 0.

Mean = 460.232 us, StdErr = 0.776 us (0.17%), N = 3, StdDev = 1.345 us
Min = 459.254 us, Q1 = 459.465 us, Median = 459.677 us, Q3 = 460.721 us, Max = 461.766 us
IQR = 1.256 us, LowerFence = 457.581 us, UpperFence = 462.605 us
ConfidenceInterval = [435.698 us; 484.766 us] (CI 99.9%), Margin = 24.534 us (5.33% of Mean)
Skewness = 0.34, Kurtosis = 0.67, MValue = 2

// ** Remained 75 (84.3 %) benchmark(s) to run. Estimated finish 2026-10-08 2:22 (0h 9m from now) **
// **************************
// Benchmark: PlutusUseCasesBenchmarks.DecodeAndEval: NativeAOT 10.0(Runtime=NativeAOT 10.0, Toolchain=Latest ILCompiler, IterationCount=3, LaunchCount=1, MinIterationCount=50, WarmupCount=3) [Script=coop-6]
// *** Execute ***
// Launch: 1 / 1
// Execute: /bench/chrysalis/benchmarks/PlutusBench/bin/Release/net10.0/PlutusBench-NativeAOT 10.0-1/bin/Release/net10.0/linux-x64/publish/PlutusBench-NativeAOT 10.0-1 --anonymousPipes 113 114 --benchmarkName "PlutusUseCasesBenchmarks.DecodeAndEval(Script: \"coop-6\")" --job "NativeAOT 10.0" --benchmarkId 14 in 
// BeforeAnythingElse

// Benchmark Process Environment Information:
// BenchmarkDotNet v0.15.8
// Runtime=.NET 10.0.12, X64 NativeAOT x86-64-v4
// GC=Concurrent Workstation
// HardwareIntrinsics=AVX512 IFMA+VBMI,AVX512 F+BW+CD+DQ+VL,AVX2+BMI1+BMI2+F16C+FMA+LZCNT+MOVBE,AVX,SSE3+SSSE3+SSE4.1+SSE4.2+POPCNT,X86Base+SSE+SSE2,AES+PCLMUL VectorSize=256
// Job: NativeAOT 10.0(IterationCount=3, LaunchCount=1, MinIterationCount=50, WarmupCount=3)

OverheadJitting  1: 1 op, 212.00 ns, 212.0000 ns/op
WorkloadJitting  1: 1 op, 990275.00 ns, 990.2750 us/op

OverheadJitting  2: 16 op, 254.00 ns, 15.8750 ns/op
WorkloadJitting  2: 16 op, 12716875.00 ns, 794.8047 us/op

WorkloadPilot    1: 16 op, 12178851.00 ns, 761.1782 us/op
WorkloadPilot    2: 32 op, 21478106.00 ns, 671.1908 us/op
WorkloadPilot    3: 64 op, 40120254.00 ns, 626.8790 us/op
WorkloadPilot    4: 128 op, 78968844.00 ns, 616.9441 us/op
WorkloadPilot    5: 256 op, 158732932.00 ns, 620.0505 us/op
WorkloadPilot    6: 512 op, 315058388.00 ns, 615.3484 us/op
WorkloadPilot    7: 1024 op, 630349571.00 ns, 615.5758 us/op

OverheadWarmup   1: 1024 op, 2649.00 ns, 2.5869 ns/op
OverheadWarmup   2: 1024 op, 2483.00 ns, 2.4248 ns/op
OverheadWarmup   3: 1024 op, 2475.00 ns, 2.4170 ns/op
OverheadWarmup   4: 1024 op, 2483.00 ns, 2.4248 ns/op
OverheadWarmup   5: 1024 op, 2479.00 ns, 2.4209 ns/op
OverheadWarmup   6: 1024 op, 2477.00 ns, 2.4189 ns/op
OverheadWarmup   7: 1024 op, 2525.00 ns, 2.4658 ns/op
OverheadWarmup   8: 1024 op, 2629.00 ns, 2.5674 ns/op
OverheadWarmup   9: 1024 op, 2630.00 ns, 2.5684 ns/op
OverheadWarmup  10: 1024 op, 2512.00 ns, 2.4531 ns/op

OverheadActual   1: 1024 op, 2519.00 ns, 2.4600 ns/op
OverheadActual   2: 1024 op, 2514.00 ns, 2.4551 ns/op
OverheadActual   3: 1024 op, 2514.00 ns, 2.4551 ns/op
OverheadActual   4: 1024 op, 2508.00 ns, 2.4492 ns/op
OverheadActual   5: 1024 op, 2518.00 ns, 2.4590 ns/op
OverheadActual   6: 1024 op, 2516.00 ns, 2.4570 ns/op
OverheadActual   7: 1024 op, 2510.00 ns, 2.4512 ns/op
OverheadActual   8: 1024 op, 2628.00 ns, 2.5664 ns/op
OverheadActual   9: 1024 op, 2635.00 ns, 2.5732 ns/op
OverheadActual  10: 1024 op, 2520.00 ns, 2.4609 ns/op
OverheadActual  11: 1024 op, 2512.00 ns, 2.4531 ns/op
OverheadActual  12: 1024 op, 2516.00 ns, 2.4570 ns/op
OverheadActual  13: 1024 op, 2617.00 ns, 2.5557 ns/op
OverheadActual  14: 1024 op, 2517.00 ns, 2.4580 ns/op
OverheadActual  15: 1024 op, 2618.00 ns, 2.5566 ns/op
OverheadActual  16: 1024 op, 2641.00 ns, 2.5791 ns/op
OverheadActual  17: 1024 op, 2555.00 ns, 2.4951 ns/op
OverheadActual  18: 1024 op, 2619.00 ns, 2.5576 ns/op
OverheadActual  19: 1024 op, 2510.00 ns, 2.4512 ns/op
OverheadActual  20: 1024 op, 2626.00 ns, 2.5645 ns/op

WorkloadWarmup   1: 1024 op, 631844346.00 ns, 617.0355 us/op
WorkloadWarmup   2: 1024 op, 633991647.00 ns, 619.1325 us/op
WorkloadWarmup   3: 1024 op, 825537387.00 ns, 806.1889 us/op

// BeforeActualRun
WorkloadActual   1: 1024 op, 806787537.00 ns, 787.8785 us/op
WorkloadActual   2: 1024 op, 743528918.00 ns, 726.1025 us/op
WorkloadActual   3: 1024 op, 630809962.00 ns, 616.0254 us/op

// AfterActualRun
WorkloadResult   1: 1024 op, 806785018.50 ns, 787.8760 us/op
WorkloadResult   2: 1024 op, 743526399.50 ns, 726.1000 us/op
WorkloadResult   3: 1024 op, 630807443.50 ns, 616.0229 us/op
// GC:  150 48 0 1259013104 1024
// Threading:  0 0 1024

// AfterAll
// Benchmark Process 2093 has exited with code 0.

Mean = 710.000 us, StdErr = 50.259 us (7.08%), N = 3, StdDev = 87.050 us
Min = 616.023 us, Q1 = 671.061 us, Median = 726.100 us, Q3 = 756.988 us, Max = 787.876 us
IQR = 85.927 us, LowerFence = 542.172 us, UpperFence = 885.878 us
ConfidenceInterval = [-878.125 us; 2,298.125 us] (CI 99.9%), Margin = 1,588.125 us (223.68% of Mean)
Skewness = -0.18, Kurtosis = 0.67, MValue = 2

// ** Remained 74 (83.1 %) benchmark(s) to run. Estimated finish 2026-10-08 2:22 (0h 8m from now) **
// **************************
// Benchmark: PlutusUseCasesBenchmarks.DecodeAndEval: NativeAOT 10.0(Runtime=NativeAOT 10.0, Toolchain=Latest ILCompiler, IterationCount=3, LaunchCount=1, MinIterationCount=50, WarmupCount=3) [Script=coop-7]
// *** Execute ***
// Launch: 1 / 1
// Execute: /bench/chrysalis/benchmarks/PlutusBench/bin/Release/net10.0/PlutusBench-NativeAOT 10.0-1/bin/Release/net10.0/linux-x64/publish/PlutusBench-NativeAOT 10.0-1 --anonymousPipes 113 114 --benchmarkName "PlutusUseCasesBenchmarks.DecodeAndEval(Script: \"coop-7\")" --job "NativeAOT 10.0" --benchmarkId 15 in 
// BeforeAnythingElse

// Benchmark Process Environment Information:
// BenchmarkDotNet v0.15.8
// Runtime=.NET 10.0.12, X64 NativeAOT x86-64-v4
// GC=Concurrent Workstation
// HardwareIntrinsics=AVX512 IFMA+VBMI,AVX512 F+BW+CD+DQ+VL,AVX2+BMI1+BMI2+F16C+FMA+LZCNT+MOVBE,AVX,SSE3+SSSE3+SSE4.1+SSE4.2+POPCNT,X86Base+SSE+SSE2,AES+PCLMUL VectorSize=256
// Job: NativeAOT 10.0(IterationCount=3, LaunchCount=1, MinIterationCount=50, WarmupCount=3)

OverheadJitting  1: 1 op, 262.00 ns, 262.0000 ns/op
WorkloadJitting  1: 1 op, 531086.00 ns, 531.0860 us/op

OverheadJitting  2: 16 op, 281.00 ns, 17.5625 ns/op
WorkloadJitting  2: 16 op, 7794869.00 ns, 487.1793 us/op

WorkloadPilot    1: 16 op, 6472535.00 ns, 404.5334 us/op
WorkloadPilot    2: 32 op, 11521492.00 ns, 360.0466 us/op
WorkloadPilot    3: 64 op, 21867815.00 ns, 341.6846 us/op
WorkloadPilot    4: 128 op, 41638255.00 ns, 325.2989 us/op
WorkloadPilot    5: 256 op, 81819018.00 ns, 319.6055 us/op
WorkloadPilot    6: 512 op, 163468251.00 ns, 319.2739 us/op
WorkloadPilot    7: 1024 op, 326765377.00 ns, 319.1068 us/op
WorkloadPilot    8: 2048 op, 655022420.00 ns, 319.8352 us/op

OverheadWarmup   1: 2048 op, 5386.00 ns, 2.6299 ns/op
OverheadWarmup   2: 2048 op, 5154.00 ns, 2.5166 ns/op
OverheadWarmup   3: 2048 op, 5189.00 ns, 2.5337 ns/op
OverheadWarmup   4: 2048 op, 5088.00 ns, 2.4844 ns/op
OverheadWarmup   5: 2048 op, 5055.00 ns, 2.4683 ns/op
OverheadWarmup   6: 2048 op, 5038.00 ns, 2.4600 ns/op
OverheadWarmup   7: 2048 op, 5365.00 ns, 2.6196 ns/op
OverheadWarmup   8: 2048 op, 5417.00 ns, 2.6450 ns/op
OverheadWarmup   9: 2048 op, 5207.00 ns, 2.5425 ns/op

OverheadActual   1: 2048 op, 5087.00 ns, 2.4839 ns/op
OverheadActual   2: 2048 op, 5120.00 ns, 2.5000 ns/op
OverheadActual   3: 2048 op, 5064.00 ns, 2.4727 ns/op
OverheadActual   4: 2048 op, 5055.00 ns, 2.4683 ns/op
OverheadActual   5: 2048 op, 5183.00 ns, 2.5308 ns/op
OverheadActual   6: 2048 op, 5343.00 ns, 2.6089 ns/op
OverheadActual   7: 2048 op, 5345.00 ns, 2.6099 ns/op
OverheadActual   8: 2048 op, 5446.00 ns, 2.6592 ns/op
OverheadActual   9: 2048 op, 5326.00 ns, 2.6006 ns/op
OverheadActual  10: 2048 op, 5168.00 ns, 2.5234 ns/op
OverheadActual  11: 2048 op, 5181.00 ns, 2.5298 ns/op
OverheadActual  12: 2048 op, 5132.00 ns, 2.5059 ns/op
OverheadActual  13: 2048 op, 5127.00 ns, 2.5034 ns/op
OverheadActual  14: 2048 op, 5383.00 ns, 2.6284 ns/op
OverheadActual  15: 2048 op, 5160.00 ns, 2.5195 ns/op
OverheadActual  16: 2048 op, 5381.00 ns, 2.6274 ns/op
OverheadActual  17: 2048 op, 5257.00 ns, 2.5669 ns/op
OverheadActual  18: 2048 op, 5154.00 ns, 2.5166 ns/op
OverheadActual  19: 2048 op, 5140.00 ns, 2.5098 ns/op
OverheadActual  20: 2048 op, 5355.00 ns, 2.6147 ns/op

WorkloadWarmup   1: 2048 op, 656535123.00 ns, 320.5738 us/op
WorkloadWarmup   2: 2048 op, 658684922.00 ns, 321.6235 us/op
WorkloadWarmup   3: 2048 op, 653732940.00 ns, 319.2055 us/op

// BeforeActualRun
WorkloadActual   1: 2048 op, 654687970.00 ns, 319.6719 us/op
WorkloadActual   2: 2048 op, 652472414.00 ns, 318.5900 us/op
WorkloadActual   3: 2048 op, 652239294.00 ns, 318.4762 us/op

// AfterActualRun
WorkloadResult   1: 2048 op, 654682795.50 ns, 319.6693 us/op
WorkloadResult   2: 2048 op, 652467239.50 ns, 318.5875 us/op
WorkloadResult   3: 2048 op, 652234119.50 ns, 318.4737 us/op
// GC:  163 48 0 1364542448 2048
// Threading:  0 0 2048

// AfterAll
// Benchmark Process 2097 has exited with code 0.

Mean = 318.910 us, StdErr = 0.381 us (0.12%), N = 3, StdDev = 0.660 us
Min = 318.474 us, Q1 = 318.531 us, Median = 318.588 us, Q3 = 319.128 us, Max = 319.669 us
IQR = 0.598 us, LowerFence = 317.634 us, UpperFence = 320.025 us
ConfidenceInterval = [306.871 us; 330.949 us] (CI 99.9%), Margin = 12.039 us (3.78% of Mean)
Skewness = 0.37, Kurtosis = 0.67, MValue = 2

// ** Remained 73 (82.0 %) benchmark(s) to run. Estimated finish 2026-10-08 2:22 (0h 8m from now) **
// **************************
// Benchmark: PlutusUseCasesBenchmarks.DecodeAndEval: NativeAOT 10.0(Runtime=NativeAOT 10.0, Toolchain=Latest ILCompiler, IterationCount=3, LaunchCount=1, MinIterationCount=50, WarmupCount=3) [Script=crowdfunding-success-1]
// *** Execute ***
// Launch: 1 / 1
// Execute: /bench/chrysalis/benchmarks/PlutusBench/bin/Release/net10.0/PlutusBench-NativeAOT 10.0-1/bin/Release/net10.0/linux-x64/publish/PlutusBench-NativeAOT 10.0-1 --anonymousPipes 113 114 --benchmarkName "PlutusUseCasesBenchmarks.DecodeAndEval(Script: \"crowdfunding-success-1\")" --job "NativeAOT 10.0" --benchmarkId 16 in 
// BeforeAnythingElse

// Benchmark Process Environment Information:
// BenchmarkDotNet v0.15.8
// Runtime=.NET 10.0.12, X64 NativeAOT x86-64-v4
// GC=Concurrent Workstation
// HardwareIntrinsics=AVX512 IFMA+VBMI,AVX512 F+BW+CD+DQ+VL,AVX2+BMI1+BMI2+F16C+FMA+LZCNT+MOVBE,AVX,SSE3+SSSE3+SSE4.1+SSE4.2+POPCNT,X86Base+SSE+SSE2,AES+PCLMUL VectorSize=256
// Job: NativeAOT 10.0(IterationCount=3, LaunchCount=1, MinIterationCount=50, WarmupCount=3)

OverheadJitting  1: 1 op, 220.00 ns, 220.0000 ns/op
WorkloadJitting  1: 1 op, 436349.00 ns, 436.3490 us/op

OverheadJitting  2: 16 op, 289.00 ns, 18.0625 ns/op
WorkloadJitting  2: 16 op, 6464286.00 ns, 404.0179 us/op

WorkloadPilot    1: 16 op, 5210824.00 ns, 325.6765 us/op
WorkloadPilot    2: 32 op, 8780979.00 ns, 274.4056 us/op
WorkloadPilot    3: 64 op, 19424356.00 ns, 303.5056 us/op
WorkloadPilot    4: 128 op, 35012888.00 ns, 273.5382 us/op
WorkloadPilot    5: 256 op, 70621237.00 ns, 275.8642 us/op
WorkloadPilot    6: 512 op, 142071130.00 ns, 277.4827 us/op
WorkloadPilot    7: 1024 op, 280053484.00 ns, 273.4897 us/op
WorkloadPilot    8: 2048 op, 562707608.00 ns, 274.7596 us/op

OverheadWarmup   1: 2048 op, 5077.00 ns, 2.4790 ns/op
OverheadWarmup   2: 2048 op, 4880.00 ns, 2.3828 ns/op
OverheadWarmup   3: 2048 op, 4869.00 ns, 2.3774 ns/op
OverheadWarmup   4: 2048 op, 4873.00 ns, 2.3794 ns/op
OverheadWarmup   5: 2048 op, 4883.00 ns, 2.3843 ns/op
OverheadWarmup   6: 2048 op, 4868.00 ns, 2.3770 ns/op
OverheadWarmup   7: 2048 op, 4968.00 ns, 2.4258 ns/op
OverheadWarmup   8: 2048 op, 4860.00 ns, 2.3730 ns/op

OverheadActual   1: 2048 op, 4844.00 ns, 2.3652 ns/op
OverheadActual   2: 2048 op, 4863.00 ns, 2.3745 ns/op
OverheadActual   3: 2048 op, 4878.00 ns, 2.3818 ns/op
OverheadActual   4: 2048 op, 4956.00 ns, 2.4199 ns/op
OverheadActual   5: 2048 op, 4910.00 ns, 2.3975 ns/op
OverheadActual   6: 2048 op, 4935.00 ns, 2.4097 ns/op
OverheadActual   7: 2048 op, 4977.00 ns, 2.4302 ns/op
OverheadActual   8: 2048 op, 5132.00 ns, 2.5059 ns/op
OverheadActual   9: 2048 op, 4950.00 ns, 2.4170 ns/op
OverheadActual  10: 2048 op, 4948.00 ns, 2.4160 ns/op
OverheadActual  11: 2048 op, 4938.00 ns, 2.4111 ns/op
OverheadActual  12: 2048 op, 4989.00 ns, 2.4360 ns/op
OverheadActual  13: 2048 op, 5208.00 ns, 2.5430 ns/op
OverheadActual  14: 2048 op, 4983.00 ns, 2.4331 ns/op
OverheadActual  15: 2048 op, 4983.00 ns, 2.4331 ns/op
OverheadActual  16: 2048 op, 4940.00 ns, 2.4121 ns/op
OverheadActual  17: 2048 op, 4969.00 ns, 2.4263 ns/op
OverheadActual  18: 2048 op, 5173.00 ns, 2.5259 ns/op
OverheadActual  19: 2048 op, 5193.00 ns, 2.5356 ns/op
OverheadActual  20: 2048 op, 5189.00 ns, 2.5337 ns/op

WorkloadWarmup   1: 2048 op, 568030813.00 ns, 277.3588 us/op
WorkloadWarmup   2: 2048 op, 563903938.00 ns, 275.3437 us/op
WorkloadWarmup   3: 2048 op, 560177798.00 ns, 273.5243 us/op

// BeforeActualRun
WorkloadActual   1: 2048 op, 559542017.00 ns, 273.2139 us/op
WorkloadActual   2: 2048 op, 565069251.00 ns, 275.9127 us/op
WorkloadActual   3: 2048 op, 558773615.00 ns, 272.8387 us/op

// AfterActualRun
WorkloadResult   1: 2048 op, 559537054.50 ns, 273.2115 us/op
WorkloadResult   2: 2048 op, 565064288.50 ns, 275.9103 us/op
WorkloadResult   3: 2048 op, 558768652.50 ns, 272.8363 us/op
// GC:  125 37 0 1053557744 2048
// Threading:  0 0 2048

// AfterAll
// Benchmark Process 2101 has exited with code 0.

Mean = 273.986 us, StdErr = 0.968 us (0.35%), N = 3, StdDev = 1.677 us
Min = 272.836 us, Q1 = 273.024 us, Median = 273.211 us, Q3 = 274.561 us, Max = 275.910 us
IQR = 1.537 us, LowerFence = 270.718 us, UpperFence = 276.866 us
ConfidenceInterval = [243.391 us; 304.581 us] (CI 99.9%), Margin = 30.595 us (11.17% of Mean)
Skewness = 0.36, Kurtosis = 0.67, MValue = 2

// ** Remained 72 (80.9 %) benchmark(s) to run. Estimated finish 2026-10-08 2:21 (0h 8m from now) **
// **************************
// Benchmark: PlutusUseCasesBenchmarks.DecodeAndEval: NativeAOT 10.0(Runtime=NativeAOT 10.0, Toolchain=Latest ILCompiler, IterationCount=3, LaunchCount=1, MinIterationCount=50, WarmupCount=3) [Script=crowdfunding-success-2]
// *** Execute ***
// Launch: 1 / 1
// Execute: /bench/chrysalis/benchmarks/PlutusBench/bin/Release/net10.0/PlutusBench-NativeAOT 10.0-1/bin/Release/net10.0/linux-x64/publish/PlutusBench-NativeAOT 10.0-1 --anonymousPipes 113 114 --benchmarkName "PlutusUseCasesBenchmarks.DecodeAndEval(Script: \"crowdfunding-success-2\")" --job "NativeAOT 10.0" --benchmarkId 17 in 
// BeforeAnythingElse

// Benchmark Process Environment Information:
// BenchmarkDotNet v0.15.8
// Runtime=.NET 10.0.12, X64 NativeAOT x86-64-v4
// GC=Concurrent Workstation
// HardwareIntrinsics=AVX512 IFMA+VBMI,AVX512 F+BW+CD+DQ+VL,AVX2+BMI1+BMI2+F16C+FMA+LZCNT+MOVBE,AVX,SSE3+SSSE3+SSE4.1+SSE4.2+POPCNT,X86Base+SSE+SSE2,AES+PCLMUL VectorSize=256
// Job: NativeAOT 10.0(IterationCount=3, LaunchCount=1, MinIterationCount=50, WarmupCount=3)

OverheadJitting  1: 1 op, 214.00 ns, 214.0000 ns/op
WorkloadJitting  1: 1 op, 447193.00 ns, 447.1930 us/op

OverheadJitting  2: 16 op, 312.00 ns, 19.5000 ns/op
WorkloadJitting  2: 16 op, 6643100.00 ns, 415.1938 us/op

WorkloadPilot    1: 16 op, 5488032.00 ns, 343.0020 us/op
WorkloadPilot    2: 32 op, 8651415.00 ns, 270.3567 us/op
WorkloadPilot    3: 64 op, 18876699.00 ns, 294.9484 us/op
WorkloadPilot    4: 128 op, 34046332.00 ns, 265.9870 us/op
WorkloadPilot    5: 256 op, 68515970.00 ns, 267.6405 us/op
WorkloadPilot    6: 512 op, 137109828.00 ns, 267.7926 us/op
WorkloadPilot    7: 1024 op, 271526980.00 ns, 265.1631 us/op
WorkloadPilot    8: 2048 op, 543429325.00 ns, 265.3464 us/op

OverheadWarmup   1: 2048 op, 5510.00 ns, 2.6904 ns/op
OverheadWarmup   2: 2048 op, 5139.00 ns, 2.5093 ns/op
OverheadWarmup   3: 2048 op, 5110.00 ns, 2.4951 ns/op
OverheadWarmup   4: 2048 op, 5283.00 ns, 2.5796 ns/op
OverheadWarmup   5: 2048 op, 5104.00 ns, 2.4922 ns/op
OverheadWarmup   6: 2048 op, 5173.00 ns, 2.5259 ns/op
OverheadWarmup   7: 2048 op, 5126.00 ns, 2.5029 ns/op

OverheadActual   1: 2048 op, 5166.00 ns, 2.5225 ns/op
OverheadActual   2: 2048 op, 5198.00 ns, 2.5381 ns/op
OverheadActual   3: 2048 op, 5193.00 ns, 2.5356 ns/op
OverheadActual   4: 2048 op, 5062.00 ns, 2.4717 ns/op
OverheadActual   5: 2048 op, 5192.00 ns, 2.5352 ns/op
OverheadActual   6: 2048 op, 5167.00 ns, 2.5229 ns/op
OverheadActual   7: 2048 op, 5140.00 ns, 2.5098 ns/op
OverheadActual   8: 2048 op, 5176.00 ns, 2.5273 ns/op
OverheadActual   9: 2048 op, 5173.00 ns, 2.5259 ns/op
OverheadActual  10: 2048 op, 5162.00 ns, 2.5205 ns/op
OverheadActual  11: 2048 op, 10314.00 ns, 5.0361 ns/op
OverheadActual  12: 2048 op, 5182.00 ns, 2.5303 ns/op
OverheadActual  13: 2048 op, 5418.00 ns, 2.6455 ns/op
OverheadActual  14: 2048 op, 5377.00 ns, 2.6255 ns/op
OverheadActual  15: 2048 op, 5428.00 ns, 2.6504 ns/op
OverheadActual  16: 2048 op, 5376.00 ns, 2.6250 ns/op
OverheadActual  17: 2048 op, 5359.00 ns, 2.6167 ns/op
OverheadActual  18: 2048 op, 5166.00 ns, 2.5225 ns/op
OverheadActual  19: 2048 op, 5370.00 ns, 2.6221 ns/op
OverheadActual  20: 2048 op, 5346.00 ns, 2.6104 ns/op

WorkloadWarmup   1: 2048 op, 545461031.00 ns, 266.3384 us/op
WorkloadWarmup   2: 2048 op, 547151839.00 ns, 267.1640 us/op
WorkloadWarmup   3: 2048 op, 542381246.00 ns, 264.8346 us/op

// BeforeActualRun
WorkloadActual   1: 2048 op, 547249260.00 ns, 267.2116 us/op
WorkloadActual   2: 2048 op, 543956259.00 ns, 265.6036 us/op
WorkloadActual   3: 2048 op, 542869617.00 ns, 265.0731 us/op

// AfterActualRun
WorkloadResult   1: 2048 op, 547244067.50 ns, 267.2090 us/op
WorkloadResult   2: 2048 op, 543951066.50 ns, 265.6011 us/op
WorkloadResult   3: 2048 op, 542864424.50 ns, 265.0705 us/op
// GC:  125 37 0 1053557744 2048
// Threading:  0 0 2048

// AfterAll
// Benchmark Process 2105 has exited with code 0.

Mean = 265.960 us, StdErr = 0.643 us (0.24%), N = 3, StdDev = 1.114 us
Min = 265.071 us, Q1 = 265.336 us, Median = 265.601 us, Q3 = 266.405 us, Max = 267.209 us
IQR = 1.069 us, LowerFence = 263.732 us, UpperFence = 268.009 us
ConfidenceInterval = [245.645 us; 286.276 us] (CI 99.9%), Margin = 20.315 us (7.64% of Mean)
Skewness = 0.29, Kurtosis = 0.67, MValue = 2

// ** Remained 71 (79.8 %) benchmark(s) to run. Estimated finish 2026-10-08 2:21 (0h 8m from now) **
// **************************
// Benchmark: PlutusUseCasesBenchmarks.DecodeAndEval: NativeAOT 10.0(Runtime=NativeAOT 10.0, Toolchain=Latest ILCompiler, IterationCount=3, LaunchCount=1, MinIterationCount=50, WarmupCount=3) [Script=crowdfunding-success-3]
// *** Execute ***
// Launch: 1 / 1
// Execute: /bench/chrysalis/benchmarks/PlutusBench/bin/Release/net10.0/PlutusBench-NativeAOT 10.0-1/bin/Release/net10.0/linux-x64/publish/PlutusBench-NativeAOT 10.0-1 --anonymousPipes 113 114 --benchmarkName "PlutusUseCasesBenchmarks.DecodeAndEval(Script: \"crowdfunding-success-3\")" --job "NativeAOT 10.0" --benchmarkId 18 in 
// BeforeAnythingElse

// Benchmark Process Environment Information:
// BenchmarkDotNet v0.15.8
// Runtime=.NET 10.0.12, X64 NativeAOT x86-64-v4
// GC=Concurrent Workstation
// HardwareIntrinsics=AVX512 IFMA+VBMI,AVX512 F+BW+CD+DQ+VL,AVX2+BMI1+BMI2+F16C+FMA+LZCNT+MOVBE,AVX,SSE3+SSSE3+SSE4.1+SSE4.2+POPCNT,X86Base+SSE+SSE2,AES+PCLMUL VectorSize=256
// Job: NativeAOT 10.0(IterationCount=3, LaunchCount=1, MinIterationCount=50, WarmupCount=3)

OverheadJitting  1: 1 op, 211.00 ns, 211.0000 ns/op
WorkloadJitting  1: 1 op, 439585.00 ns, 439.5850 us/op

OverheadJitting  2: 16 op, 285.00 ns, 17.8125 ns/op
WorkloadJitting  2: 16 op, 6291386.00 ns, 393.2116 us/op

WorkloadPilot    1: 16 op, 5267106.00 ns, 329.1941 us/op
WorkloadPilot    2: 32 op, 8539003.00 ns, 266.8438 us/op
WorkloadPilot    3: 64 op, 18835470.00 ns, 294.3042 us/op
WorkloadPilot    4: 128 op, 34419279.00 ns, 268.9006 us/op
WorkloadPilot    5: 256 op, 69239537.00 ns, 270.4669 us/op
WorkloadPilot    6: 512 op, 136244709.00 ns, 266.1029 us/op
WorkloadPilot    7: 1024 op, 272054961.00 ns, 265.6787 us/op
WorkloadPilot    8: 2048 op, 545364823.00 ns, 266.2914 us/op

OverheadWarmup   1: 2048 op, 5008.00 ns, 2.4453 ns/op
OverheadWarmup   2: 2048 op, 4815.00 ns, 2.3511 ns/op
OverheadWarmup   3: 2048 op, 4905.00 ns, 2.3950 ns/op
OverheadWarmup   4: 2048 op, 4917.00 ns, 2.4009 ns/op
OverheadWarmup   5: 2048 op, 4881.00 ns, 2.3833 ns/op
OverheadWarmup   6: 2048 op, 4798.00 ns, 2.3428 ns/op
OverheadWarmup   7: 2048 op, 4886.00 ns, 2.3857 ns/op
OverheadWarmup   8: 2048 op, 5014.00 ns, 2.4482 ns/op
OverheadWarmup   9: 2048 op, 4886.00 ns, 2.3857 ns/op

OverheadActual   1: 2048 op, 4806.00 ns, 2.3467 ns/op
OverheadActual   2: 2048 op, 4904.00 ns, 2.3945 ns/op
OverheadActual   3: 2048 op, 4819.00 ns, 2.3530 ns/op
OverheadActual   4: 2048 op, 4895.00 ns, 2.3901 ns/op
OverheadActual   5: 2048 op, 5092.00 ns, 2.4863 ns/op
OverheadActual   6: 2048 op, 5084.00 ns, 2.4824 ns/op
OverheadActual   7: 2048 op, 5178.00 ns, 2.5283 ns/op
OverheadActual   8: 2048 op, 5073.00 ns, 2.4771 ns/op
OverheadActual   9: 2048 op, 4899.00 ns, 2.3921 ns/op
OverheadActual  10: 2048 op, 4780.00 ns, 2.3340 ns/op
OverheadActual  11: 2048 op, 4881.00 ns, 2.3833 ns/op
OverheadActual  12: 2048 op, 4796.00 ns, 2.3418 ns/op
OverheadActual  13: 2048 op, 4892.00 ns, 2.3887 ns/op
OverheadActual  14: 2048 op, 4896.00 ns, 2.3906 ns/op
OverheadActual  15: 2048 op, 5113.00 ns, 2.4966 ns/op
OverheadActual  16: 2048 op, 4968.00 ns, 2.4258 ns/op
OverheadActual  17: 2048 op, 5106.00 ns, 2.4932 ns/op
OverheadActual  18: 2048 op, 8397.00 ns, 4.1001 ns/op
OverheadActual  19: 2048 op, 5062.00 ns, 2.4717 ns/op
OverheadActual  20: 2048 op, 4891.00 ns, 2.3882 ns/op

WorkloadWarmup   1: 2048 op, 551300845.00 ns, 269.1899 us/op
WorkloadWarmup   2: 2048 op, 547260833.00 ns, 267.2172 us/op
WorkloadWarmup   3: 2048 op, 549682693.00 ns, 268.3998 us/op

// BeforeActualRun
WorkloadActual   1: 2048 op, 548344552.00 ns, 267.7464 us/op
WorkloadActual   2: 2048 op, 543883138.00 ns, 265.5679 us/op
WorkloadActual   3: 2048 op, 544595764.00 ns, 265.9159 us/op

// AfterActualRun
WorkloadResult   1: 2048 op, 548339650.50 ns, 267.7440 us/op
WorkloadResult   2: 2048 op, 543878236.50 ns, 265.5655 us/op
WorkloadResult   3: 2048 op, 544590862.50 ns, 265.9135 us/op
// GC:  125 37 0 1053557744 2048
// Threading:  0 0 2048

// AfterAll
// Benchmark Process 2108 has exited with code 0.

Mean = 266.408 us, StdErr = 0.676 us (0.25%), N = 3, StdDev = 1.170 us
Min = 265.566 us, Q1 = 265.740 us, Median = 265.914 us, Q3 = 266.829 us, Max = 267.744 us
IQR = 1.089 us, LowerFence = 264.106 us, UpperFence = 268.463 us
ConfidenceInterval = [245.058 us; 287.758 us] (CI 99.9%), Margin = 21.350 us (8.01% of Mean)
Skewness = 0.35, Kurtosis = 0.67, MValue = 2

// ** Remained 70 (78.7 %) benchmark(s) to run. Estimated finish 2026-10-08 2:21 (0h 7m from now) **
// **************************
// Benchmark: PlutusUseCasesBenchmarks.DecodeAndEval: NativeAOT 10.0(Runtime=NativeAOT 10.0, Toolchain=Latest ILCompiler, IterationCount=3, LaunchCount=1, MinIterationCount=50, WarmupCount=3) [Script=currency-1]
// *** Execute ***
// Launch: 1 / 1
// Execute: /bench/chrysalis/benchmarks/PlutusBench/bin/Release/net10.0/PlutusBench-NativeAOT 10.0-1/bin/Release/net10.0/linux-x64/publish/PlutusBench-NativeAOT 10.0-1 --anonymousPipes 113 114 --benchmarkName "PlutusUseCasesBenchmarks.DecodeAndEval(Script: \"currency-1\")" --job "NativeAOT 10.0" --benchmarkId 19 in 
// BeforeAnythingElse

// Benchmark Process Environment Information:
// BenchmarkDotNet v0.15.8
// Runtime=.NET 10.0.12, X64 NativeAOT x86-64-v4
// GC=Concurrent Workstation
// HardwareIntrinsics=AVX512 IFMA+VBMI,AVX512 F+BW+CD+DQ+VL,AVX2+BMI1+BMI2+F16C+FMA+LZCNT+MOVBE,AVX,SSE3+SSSE3+SSE4.1+SSE4.2+POPCNT,X86Base+SSE+SSE2,AES+PCLMUL VectorSize=256
// Job: NativeAOT 10.0(IterationCount=3, LaunchCount=1, MinIterationCount=50, WarmupCount=3)

OverheadJitting  1: 1 op, 193.00 ns, 193.0000 ns/op
WorkloadJitting  1: 1 op, 525121.00 ns, 525.1210 us/op

OverheadJitting  2: 16 op, 279.00 ns, 17.4375 ns/op
WorkloadJitting  2: 16 op, 8095495.00 ns, 505.9684 us/op

WorkloadPilot    1: 16 op, 6928919.00 ns, 433.0574 us/op
WorkloadPilot    2: 32 op, 12244213.00 ns, 382.6317 us/op
WorkloadPilot    3: 64 op, 23490812.00 ns, 367.0439 us/op
WorkloadPilot    4: 128 op, 44561919.00 ns, 348.1400 us/op
WorkloadPilot    5: 256 op, 87683673.00 ns, 342.5143 us/op
WorkloadPilot    6: 512 op, 174640494.00 ns, 341.0947 us/op
WorkloadPilot    7: 1024 op, 447088032.00 ns, 436.6094 us/op
WorkloadPilot    8: 2048 op, 873138001.00 ns, 426.3369 us/op

OverheadWarmup   1: 2048 op, 6078.00 ns, 2.9678 ns/op
OverheadWarmup   2: 2048 op, 5794.00 ns, 2.8291 ns/op
OverheadWarmup   3: 2048 op, 5840.00 ns, 2.8516 ns/op
OverheadWarmup   4: 2048 op, 5819.00 ns, 2.8413 ns/op
OverheadWarmup   5: 2048 op, 5822.00 ns, 2.8428 ns/op
OverheadWarmup   6: 2048 op, 5844.00 ns, 2.8535 ns/op
OverheadWarmup   7: 2048 op, 5819.00 ns, 2.8413 ns/op

OverheadActual   1: 2048 op, 5878.00 ns, 2.8701 ns/op
OverheadActual   2: 2048 op, 5792.00 ns, 2.8281 ns/op
OverheadActual   3: 2048 op, 5832.00 ns, 2.8477 ns/op
OverheadActual   4: 2048 op, 5940.00 ns, 2.9004 ns/op
OverheadActual   5: 2048 op, 5811.00 ns, 2.8374 ns/op
OverheadActual   6: 2048 op, 5804.00 ns, 2.8340 ns/op
OverheadActual   7: 2048 op, 5830.00 ns, 2.8467 ns/op
OverheadActual   8: 2048 op, 5810.00 ns, 2.8369 ns/op
OverheadActual   9: 2048 op, 5783.00 ns, 2.8237 ns/op
OverheadActual  10: 2048 op, 5850.00 ns, 2.8564 ns/op
OverheadActual  11: 2048 op, 5814.00 ns, 2.8389 ns/op
OverheadActual  12: 2048 op, 5824.00 ns, 2.8438 ns/op
OverheadActual  13: 2048 op, 5795.00 ns, 2.8296 ns/op
OverheadActual  14: 2048 op, 5798.00 ns, 2.8311 ns/op
OverheadActual  15: 2048 op, 5816.00 ns, 2.8398 ns/op
OverheadActual  16: 2048 op, 5826.00 ns, 2.8447 ns/op
OverheadActual  17: 2048 op, 5806.00 ns, 2.8350 ns/op
OverheadActual  18: 2048 op, 5824.00 ns, 2.8438 ns/op
OverheadActual  19: 2048 op, 5818.00 ns, 2.8408 ns/op
OverheadActual  20: 2048 op, 5844.00 ns, 2.8535 ns/op

WorkloadWarmup   1: 2048 op, 847002918.00 ns, 413.5756 us/op
WorkloadWarmup   2: 2048 op, 697511522.00 ns, 340.5818 us/op
WorkloadWarmup   3: 2048 op, 696459889.00 ns, 340.0683 us/op

// BeforeActualRun
WorkloadActual   1: 2048 op, 698476986.00 ns, 341.0532 us/op
WorkloadActual   2: 2048 op, 697408557.00 ns, 340.5315 us/op
WorkloadActual   3: 2048 op, 698716693.00 ns, 341.1703 us/op

// AfterActualRun
WorkloadResult   1: 2048 op, 698471169.00 ns, 341.0504 us/op
WorkloadResult   2: 2048 op, 697402740.00 ns, 340.5287 us/op
WorkloadResult   3: 2048 op, 698710876.00 ns, 341.1674 us/op
// GC:  132 41 0 1111868400 2048
// Threading:  0 0 2048

// AfterAll
// Benchmark Process 2112 has exited with code 0.

Mean = 340.915 us, StdErr = 0.196 us (0.06%), N = 3, StdDev = 0.340 us
Min = 340.529 us, Q1 = 340.790 us, Median = 341.050 us, Q3 = 341.109 us, Max = 341.167 us
IQR = 0.319 us, LowerFence = 340.310 us, UpperFence = 341.588 us
ConfidenceInterval = [334.712 us; 347.119 us] (CI 99.9%), Margin = 6.204 us (1.82% of Mean)
Skewness = -0.33, Kurtosis = 0.67, MValue = 2

// ** Remained 69 (77.5 %) benchmark(s) to run. Estimated finish 2026-10-08 2:21 (0h 7m from now) **
// **************************
// Benchmark: PlutusUseCasesBenchmarks.DecodeAndEval: NativeAOT 10.0(Runtime=NativeAOT 10.0, Toolchain=Latest ILCompiler, IterationCount=3, LaunchCount=1, MinIterationCount=50, WarmupCount=3) [Script=escrow-redeem_1-1]
// *** Execute ***
// Launch: 1 / 1
// Execute: /bench/chrysalis/benchmarks/PlutusBench/bin/Release/net10.0/PlutusBench-NativeAOT 10.0-1/bin/Release/net10.0/linux-x64/publish/PlutusBench-NativeAOT 10.0-1 --anonymousPipes 113 114 --benchmarkName "PlutusUseCasesBenchmarks.DecodeAndEval(Script: \"escrow-redeem_1-1\")" --job "NativeAOT 10.0" --benchmarkId 20 in 
// BeforeAnythingElse

// Benchmark Process Environment Information:
// BenchmarkDotNet v0.15.8
// Runtime=.NET 10.0.12, X64 NativeAOT x86-64-v4
// GC=Concurrent Workstation
// HardwareIntrinsics=AVX512 IFMA+VBMI,AVX512 F+BW+CD+DQ+VL,AVX2+BMI1+BMI2+F16C+FMA+LZCNT+MOVBE,AVX,SSE3+SSSE3+SSE4.1+SSE4.2+POPCNT,X86Base+SSE+SSE2,AES+PCLMUL VectorSize=256
// Job: NativeAOT 10.0(IterationCount=3, LaunchCount=1, MinIterationCount=50, WarmupCount=3)

OverheadJitting  1: 1 op, 224.00 ns, 224.0000 ns/op
WorkloadJitting  1: 1 op, 740359.00 ns, 740.3590 us/op

OverheadJitting  2: 16 op, 303.00 ns, 18.9375 ns/op
WorkloadJitting  2: 16 op, 9637193.00 ns, 602.3246 us/op

WorkloadPilot    1: 16 op, 8330275.00 ns, 520.6422 us/op
WorkloadPilot    2: 32 op, 15629199.00 ns, 488.4125 us/op
WorkloadPilot    3: 64 op, 30085821.00 ns, 470.0910 us/op
WorkloadPilot    4: 128 op, 58787292.00 ns, 459.2757 us/op
WorkloadPilot    5: 256 op, 118112846.00 ns, 461.3783 us/op
WorkloadPilot    6: 512 op, 232547006.00 ns, 454.1934 us/op
WorkloadPilot    7: 1024 op, 464611783.00 ns, 453.7224 us/op
WorkloadPilot    8: 2048 op, 928710048.00 ns, 453.4717 us/op

OverheadWarmup   1: 2048 op, 9623.00 ns, 4.6987 ns/op
OverheadWarmup   2: 2048 op, 5864.00 ns, 2.8633 ns/op
OverheadWarmup   3: 2048 op, 5816.00 ns, 2.8398 ns/op
OverheadWarmup   4: 2048 op, 5842.00 ns, 2.8525 ns/op
OverheadWarmup   5: 2048 op, 5774.00 ns, 2.8193 ns/op
OverheadWarmup   6: 2048 op, 5668.00 ns, 2.7676 ns/op
OverheadWarmup   7: 2048 op, 6051.00 ns, 2.9546 ns/op
OverheadWarmup   8: 2048 op, 5794.00 ns, 2.8291 ns/op

OverheadActual   1: 2048 op, 5980.00 ns, 2.9199 ns/op
OverheadActual   2: 2048 op, 5784.00 ns, 2.8242 ns/op
OverheadActual   3: 2048 op, 6052.00 ns, 2.9551 ns/op
OverheadActual   4: 2048 op, 5804.00 ns, 2.8340 ns/op
OverheadActual   5: 2048 op, 5174.00 ns, 2.5264 ns/op
OverheadActual   6: 2048 op, 5063.00 ns, 2.4722 ns/op
OverheadActual   7: 2048 op, 4993.00 ns, 2.4380 ns/op
OverheadActual   8: 2048 op, 4952.00 ns, 2.4180 ns/op
OverheadActual   9: 2048 op, 5043.00 ns, 2.4624 ns/op
OverheadActual  10: 2048 op, 5272.00 ns, 2.5742 ns/op
OverheadActual  11: 2048 op, 5028.00 ns, 2.4551 ns/op
OverheadActual  12: 2048 op, 5047.00 ns, 2.4644 ns/op
OverheadActual  13: 2048 op, 5025.00 ns, 2.4536 ns/op
OverheadActual  14: 2048 op, 5045.00 ns, 2.4634 ns/op
OverheadActual  15: 2048 op, 5071.00 ns, 2.4761 ns/op
OverheadActual  16: 2048 op, 5098.00 ns, 2.4893 ns/op
OverheadActual  17: 2048 op, 5266.00 ns, 2.5713 ns/op
OverheadActual  18: 2048 op, 5284.00 ns, 2.5801 ns/op
OverheadActual  19: 2048 op, 5035.00 ns, 2.4585 ns/op
OverheadActual  20: 2048 op, 5268.00 ns, 2.5723 ns/op

WorkloadWarmup   1: 2048 op, 930905135.00 ns, 454.5435 us/op
WorkloadWarmup   2: 2048 op, 933804067.00 ns, 455.9590 us/op
WorkloadWarmup   3: 2048 op, 930735346.00 ns, 454.4606 us/op

// BeforeActualRun
WorkloadActual   1: 2048 op, 929882708.00 ns, 454.0443 us/op
WorkloadActual   2: 2048 op, 930585506.00 ns, 454.3875 us/op
WorkloadActual   3: 2048 op, 928122850.00 ns, 453.1850 us/op

// AfterActualRun
WorkloadResult   1: 2048 op, 929877623.50 ns, 454.0418 us/op
WorkloadResult   2: 2048 op, 930580421.50 ns, 454.3850 us/op
WorkloadResult   3: 2048 op, 928117765.50 ns, 453.1825 us/op
// GC:  181 60 0 1515963376 2048
// Threading:  0 0 2048

// AfterAll
// Benchmark Process 2116 has exited with code 0.

Mean = 453.870 us, StdErr = 0.358 us (0.08%), N = 3, StdDev = 0.619 us
Min = 453.183 us, Q1 = 453.612 us, Median = 454.042 us, Q3 = 454.213 us, Max = 454.385 us
IQR = 0.601 us, LowerFence = 452.710 us, UpperFence = 455.115 us
ConfidenceInterval = [442.569 us; 465.170 us] (CI 99.9%), Margin = 11.301 us (2.49% of Mean)
Skewness = -0.26, Kurtosis = 0.67, MValue = 2

// ** Remained 68 (76.4 %) benchmark(s) to run. Estimated finish 2026-10-08 2:21 (0h 7m from now) **
// **************************
// Benchmark: PlutusUseCasesBenchmarks.DecodeAndEval: NativeAOT 10.0(Runtime=NativeAOT 10.0, Toolchain=Latest ILCompiler, IterationCount=3, LaunchCount=1, MinIterationCount=50, WarmupCount=3) [Script=escrow-redeem_1-2]
// *** Execute ***
// Launch: 1 / 1
// Execute: /bench/chrysalis/benchmarks/PlutusBench/bin/Release/net10.0/PlutusBench-NativeAOT 10.0-1/bin/Release/net10.0/linux-x64/publish/PlutusBench-NativeAOT 10.0-1 --anonymousPipes 113 114 --benchmarkName "PlutusUseCasesBenchmarks.DecodeAndEval(Script: \"escrow-redeem_1-2\")" --job "NativeAOT 10.0" --benchmarkId 21 in 
// BeforeAnythingElse

// Benchmark Process Environment Information:
// BenchmarkDotNet v0.15.8
// Runtime=.NET 10.0.12, X64 NativeAOT x86-64-v4
// GC=Concurrent Workstation
// HardwareIntrinsics=AVX512 IFMA+VBMI,AVX512 F+BW+CD+DQ+VL,AVX2+BMI1+BMI2+F16C+FMA+LZCNT+MOVBE,AVX,SSE3+SSSE3+SSE4.1+SSE4.2+POPCNT,X86Base+SSE+SSE2,AES+PCLMUL VectorSize=256
// Job: NativeAOT 10.0(IterationCount=3, LaunchCount=1, MinIterationCount=50, WarmupCount=3)

OverheadJitting  1: 1 op, 679.00 ns, 679.0000 ns/op
WorkloadJitting  1: 1 op, 696856.00 ns, 696.8560 us/op

OverheadJitting  2: 16 op, 295.00 ns, 18.4375 ns/op
WorkloadJitting  2: 16 op, 9855099.00 ns, 615.9437 us/op

WorkloadPilot    1: 16 op, 8333524.00 ns, 520.8453 us/op
WorkloadPilot    2: 32 op, 15589698.00 ns, 487.1781 us/op
WorkloadPilot    3: 64 op, 29942001.00 ns, 467.8438 us/op
WorkloadPilot    4: 128 op, 58879840.00 ns, 459.9988 us/op
WorkloadPilot    5: 256 op, 116154276.00 ns, 453.7276 us/op
WorkloadPilot    6: 512 op, 232823711.00 ns, 454.7338 us/op
WorkloadPilot    7: 1024 op, 469407683.00 ns, 458.4059 us/op
WorkloadPilot    8: 2048 op, 929406373.00 ns, 453.8117 us/op

OverheadWarmup   1: 2048 op, 5463.00 ns, 2.6675 ns/op
OverheadWarmup   2: 2048 op, 5163.00 ns, 2.5210 ns/op
OverheadWarmup   3: 2048 op, 5164.00 ns, 2.5215 ns/op
OverheadWarmup   4: 2048 op, 5131.00 ns, 2.5054 ns/op
OverheadWarmup   5: 2048 op, 5144.00 ns, 2.5117 ns/op
OverheadWarmup   6: 2048 op, 5079.00 ns, 2.4800 ns/op

OverheadActual   1: 2048 op, 5210.00 ns, 2.5439 ns/op
OverheadActual   2: 2048 op, 5247.00 ns, 2.5620 ns/op
OverheadActual   3: 2048 op, 5470.00 ns, 2.6709 ns/op
OverheadActual   4: 2048 op, 5153.00 ns, 2.5161 ns/op
OverheadActual   5: 2048 op, 5213.00 ns, 2.5454 ns/op
OverheadActual   6: 2048 op, 5171.00 ns, 2.5249 ns/op
OverheadActual   7: 2048 op, 5338.00 ns, 2.6064 ns/op
OverheadActual   8: 2048 op, 5357.00 ns, 2.6157 ns/op
OverheadActual   9: 2048 op, 5355.00 ns, 2.6147 ns/op
OverheadActual  10: 2048 op, 5315.00 ns, 2.5952 ns/op
OverheadActual  11: 2048 op, 5394.00 ns, 2.6338 ns/op
OverheadActual  12: 2048 op, 5399.00 ns, 2.6362 ns/op
OverheadActual  13: 2048 op, 5425.00 ns, 2.6489 ns/op
OverheadActual  14: 2048 op, 5480.00 ns, 2.6758 ns/op
OverheadActual  15: 2048 op, 5420.00 ns, 2.6465 ns/op
OverheadActual  16: 2048 op, 5437.00 ns, 2.6548 ns/op
OverheadActual  17: 2048 op, 5432.00 ns, 2.6523 ns/op
OverheadActual  18: 2048 op, 5425.00 ns, 2.6489 ns/op
OverheadActual  19: 2048 op, 5408.00 ns, 2.6406 ns/op
OverheadActual  20: 2048 op, 5440.00 ns, 2.6563 ns/op

WorkloadWarmup   1: 2048 op, 933724306.00 ns, 455.9201 us/op
WorkloadWarmup   2: 2048 op, 931885527.00 ns, 455.0222 us/op
WorkloadWarmup   3: 2048 op, 932852250.00 ns, 455.4943 us/op

// BeforeActualRun
WorkloadActual   1: 2048 op, 931945926.00 ns, 455.0517 us/op
WorkloadActual   2: 2048 op, 929802747.00 ns, 454.0052 us/op
WorkloadActual   3: 2048 op, 931246235.00 ns, 454.7101 us/op

// AfterActualRun
WorkloadResult   1: 2048 op, 931940529.50 ns, 455.0491 us/op
WorkloadResult   2: 2048 op, 929797350.50 ns, 454.0026 us/op
WorkloadResult   3: 2048 op, 931240838.50 ns, 454.7074 us/op
// GC:  181 60 0 1515963376 2048
// Threading:  0 0 2048

// AfterAll
// Benchmark Process 2119 has exited with code 0.

Mean = 454.586 us, StdErr = 0.308 us (0.07%), N = 3, StdDev = 0.534 us
Min = 454.003 us, Q1 = 454.355 us, Median = 454.707 us, Q3 = 454.878 us, Max = 455.049 us
IQR = 0.523 us, LowerFence = 453.570 us, UpperFence = 455.663 us
ConfidenceInterval = [444.851 us; 464.322 us] (CI 99.9%), Margin = 9.736 us (2.14% of Mean)
Skewness = -0.22, Kurtosis = 0.67, MValue = 2

// ** Remained 67 (75.3 %) benchmark(s) to run. Estimated finish 2026-10-08 2:21 (0h 7m from now) **
// **************************
// Benchmark: PlutusUseCasesBenchmarks.DecodeAndEval: NativeAOT 10.0(Runtime=NativeAOT 10.0, Toolchain=Latest ILCompiler, IterationCount=3, LaunchCount=1, MinIterationCount=50, WarmupCount=3) [Script=escrow-redeem_2-1]
// *** Execute ***
// Launch: 1 / 1
// Execute: /bench/chrysalis/benchmarks/PlutusBench/bin/Release/net10.0/PlutusBench-NativeAOT 10.0-1/bin/Release/net10.0/linux-x64/publish/PlutusBench-NativeAOT 10.0-1 --anonymousPipes 113 114 --benchmarkName "PlutusUseCasesBenchmarks.DecodeAndEval(Script: \"escrow-redeem_2-1\")" --job "NativeAOT 10.0" --benchmarkId 22 in 
// BeforeAnythingElse

// Benchmark Process Environment Information:
// BenchmarkDotNet v0.15.8
// Runtime=.NET 10.0.12, X64 NativeAOT x86-64-v4
// GC=Concurrent Workstation
// HardwareIntrinsics=AVX512 IFMA+VBMI,AVX512 F+BW+CD+DQ+VL,AVX2+BMI1+BMI2+F16C+FMA+LZCNT+MOVBE,AVX,SSE3+SSSE3+SSE4.1+SSE4.2+POPCNT,X86Base+SSE+SSE2,AES+PCLMUL VectorSize=256
// Job: NativeAOT 10.0(IterationCount=3, LaunchCount=1, MinIterationCount=50, WarmupCount=3)

OverheadJitting  1: 1 op, 190.00 ns, 190.0000 ns/op
WorkloadJitting  1: 1 op, 811134.00 ns, 811.1340 us/op

OverheadJitting  2: 16 op, 266.00 ns, 16.6250 ns/op
WorkloadJitting  2: 16 op, 10824031.00 ns, 676.5019 us/op

WorkloadPilot    1: 16 op, 9538251.00 ns, 596.1407 us/op
WorkloadPilot    2: 32 op, 17797358.00 ns, 556.1674 us/op
WorkloadPilot    3: 64 op, 34611713.00 ns, 540.8080 us/op
WorkloadPilot    4: 128 op, 66408154.00 ns, 518.8137 us/op
WorkloadPilot    5: 256 op, 131803443.00 ns, 514.8572 us/op
WorkloadPilot    6: 512 op, 263375738.00 ns, 514.4057 us/op
WorkloadPilot    7: 1024 op, 527521164.00 ns, 515.1574 us/op

OverheadWarmup   1: 1024 op, 2669.00 ns, 2.6064 ns/op
OverheadWarmup   2: 1024 op, 2518.00 ns, 2.4590 ns/op
OverheadWarmup   3: 1024 op, 2496.00 ns, 2.4375 ns/op
OverheadWarmup   4: 1024 op, 2457.00 ns, 2.3994 ns/op
OverheadWarmup   5: 1024 op, 2490.00 ns, 2.4316 ns/op
OverheadWarmup   6: 1024 op, 2464.00 ns, 2.4063 ns/op
OverheadWarmup   7: 1024 op, 2615.00 ns, 2.5537 ns/op
OverheadWarmup   8: 1024 op, 2620.00 ns, 2.5586 ns/op
OverheadWarmup   9: 1024 op, 2497.00 ns, 2.4385 ns/op

OverheadActual   1: 1024 op, 2496.00 ns, 2.4375 ns/op
OverheadActual   2: 1024 op, 2543.00 ns, 2.4834 ns/op
OverheadActual   3: 1024 op, 2467.00 ns, 2.4092 ns/op
OverheadActual   4: 1024 op, 2483.00 ns, 2.4248 ns/op
OverheadActual   5: 1024 op, 2607.00 ns, 2.5459 ns/op
OverheadActual   6: 1024 op, 2610.00 ns, 2.5488 ns/op
OverheadActual   7: 1024 op, 2630.00 ns, 2.5684 ns/op
OverheadActual   8: 1024 op, 2521.00 ns, 2.4619 ns/op
OverheadActual   9: 1024 op, 2499.00 ns, 2.4404 ns/op
OverheadActual  10: 1024 op, 2537.00 ns, 2.4775 ns/op
OverheadActual  11: 1024 op, 2516.00 ns, 2.4570 ns/op
OverheadActual  12: 1024 op, 2541.00 ns, 2.4814 ns/op
OverheadActual  13: 1024 op, 2638.00 ns, 2.5762 ns/op
OverheadActual  14: 1024 op, 2537.00 ns, 2.4775 ns/op
OverheadActual  15: 1024 op, 2627.00 ns, 2.5654 ns/op
OverheadActual  16: 1024 op, 2520.00 ns, 2.4609 ns/op
OverheadActual  17: 1024 op, 2520.00 ns, 2.4609 ns/op
OverheadActual  18: 1024 op, 2505.00 ns, 2.4463 ns/op
OverheadActual  19: 1024 op, 2603.00 ns, 2.5420 ns/op
OverheadActual  20: 1024 op, 2501.00 ns, 2.4424 ns/op

WorkloadWarmup   1: 1024 op, 533026109.00 ns, 520.5333 us/op
WorkloadWarmup   2: 1024 op, 531065452.00 ns, 518.6186 us/op
WorkloadWarmup   3: 1024 op, 528942354.00 ns, 516.5453 us/op

// BeforeActualRun
WorkloadActual   1: 1024 op, 529440097.00 ns, 517.0313 us/op
WorkloadActual   2: 1024 op, 526993249.00 ns, 514.6418 us/op
WorkloadActual   3: 1024 op, 527317210.00 ns, 514.9582 us/op

// AfterActualRun
WorkloadResult   1: 1024 op, 529437568.00 ns, 517.0289 us/op
WorkloadResult   2: 1024 op, 526990720.00 ns, 514.6394 us/op
WorkloadResult   3: 1024 op, 527314681.00 ns, 514.9557 us/op
// GC:  100 32 0 841933808 1024
// Threading:  0 0 1024

// AfterAll
// Benchmark Process 2123 has exited with code 0.

Mean = 515.541 us, StdErr = 0.749 us (0.15%), N = 3, StdDev = 1.298 us
Min = 514.639 us, Q1 = 514.798 us, Median = 514.956 us, Q3 = 515.992 us, Max = 517.029 us
IQR = 1.195 us, LowerFence = 513.005 us, UpperFence = 517.784 us
ConfidenceInterval = [491.862 us; 539.220 us] (CI 99.9%), Margin = 23.679 us (4.59% of Mean)
Skewness = 0.36, Kurtosis = 0.67, MValue = 2

// ** Remained 66 (74.2 %) benchmark(s) to run. Estimated finish 2026-10-08 2:21 (0h 7m from now) **
// **************************
// Benchmark: PlutusUseCasesBenchmarks.DecodeAndEval: NativeAOT 10.0(Runtime=NativeAOT 10.0, Toolchain=Latest ILCompiler, IterationCount=3, LaunchCount=1, MinIterationCount=50, WarmupCount=3) [Script=escrow-redeem_2-2]
// *** Execute ***
// Launch: 1 / 1
// Execute: /bench/chrysalis/benchmarks/PlutusBench/bin/Release/net10.0/PlutusBench-NativeAOT 10.0-1/bin/Release/net10.0/linux-x64/publish/PlutusBench-NativeAOT 10.0-1 --anonymousPipes 113 114 --benchmarkName "PlutusUseCasesBenchmarks.DecodeAndEval(Script: \"escrow-redeem_2-2\")" --job "NativeAOT 10.0" --benchmarkId 23 in 
// BeforeAnythingElse

// Benchmark Process Environment Information:
// BenchmarkDotNet v0.15.8
// Runtime=.NET 10.0.12, X64 NativeAOT x86-64-v4
// GC=Concurrent Workstation
// HardwareIntrinsics=AVX512 IFMA+VBMI,AVX512 F+BW+CD+DQ+VL,AVX2+BMI1+BMI2+F16C+FMA+LZCNT+MOVBE,AVX,SSE3+SSSE3+SSE4.1+SSE4.2+POPCNT,X86Base+SSE+SSE2,AES+PCLMUL VectorSize=256
// Job: NativeAOT 10.0(IterationCount=3, LaunchCount=1, MinIterationCount=50, WarmupCount=3)

OverheadJitting  1: 1 op, 234.00 ns, 234.0000 ns/op
WorkloadJitting  1: 1 op, 775555.00 ns, 775.5550 us/op

OverheadJitting  2: 16 op, 319.00 ns, 19.9375 ns/op
WorkloadJitting  2: 16 op, 10955125.00 ns, 684.6953 us/op

WorkloadPilot    1: 16 op, 9534951.00 ns, 595.9344 us/op
WorkloadPilot    2: 32 op, 17778976.00 ns, 555.5930 us/op
WorkloadPilot    3: 64 op, 33956367.00 ns, 530.5682 us/op
WorkloadPilot    4: 128 op, 65974558.00 ns, 515.4262 us/op
WorkloadPilot    5: 256 op, 131262305.00 ns, 512.7434 us/op
WorkloadPilot    6: 512 op, 262272080.00 ns, 512.2502 us/op
WorkloadPilot    7: 1024 op, 525139895.00 ns, 512.8319 us/op

OverheadWarmup   1: 1024 op, 2964.00 ns, 2.8945 ns/op
OverheadWarmup   2: 1024 op, 2713.00 ns, 2.6494 ns/op
OverheadWarmup   3: 1024 op, 2747.00 ns, 2.6826 ns/op
OverheadWarmup   4: 1024 op, 2762.00 ns, 2.6973 ns/op
OverheadWarmup   5: 1024 op, 2687.00 ns, 2.6240 ns/op
OverheadWarmup   6: 1024 op, 2710.00 ns, 2.6465 ns/op
OverheadWarmup   7: 1024 op, 2846.00 ns, 2.7793 ns/op
OverheadWarmup   8: 1024 op, 2880.00 ns, 2.8125 ns/op
OverheadWarmup   9: 1024 op, 2679.00 ns, 2.6162 ns/op

OverheadActual   1: 1024 op, 2605.00 ns, 2.5439 ns/op
OverheadActual   2: 1024 op, 2676.00 ns, 2.6133 ns/op
OverheadActual   3: 1024 op, 2671.00 ns, 2.6084 ns/op
OverheadActual   4: 1024 op, 2688.00 ns, 2.6250 ns/op
OverheadActual   5: 1024 op, 2641.00 ns, 2.5791 ns/op
OverheadActual   6: 1024 op, 2723.00 ns, 2.6592 ns/op
OverheadActual   7: 1024 op, 2683.00 ns, 2.6201 ns/op
OverheadActual   8: 1024 op, 2644.00 ns, 2.5820 ns/op
OverheadActual   9: 1024 op, 2673.00 ns, 2.6104 ns/op
OverheadActual  10: 1024 op, 2787.00 ns, 2.7217 ns/op
OverheadActual  11: 1024 op, 2625.00 ns, 2.5635 ns/op
OverheadActual  12: 1024 op, 2800.00 ns, 2.7344 ns/op
OverheadActual  13: 1024 op, 2719.00 ns, 2.6553 ns/op
OverheadActual  14: 1024 op, 2628.00 ns, 2.5664 ns/op
OverheadActual  15: 1024 op, 2807.00 ns, 2.7412 ns/op
OverheadActual  16: 1024 op, 2803.00 ns, 2.7373 ns/op
OverheadActual  17: 1024 op, 2701.00 ns, 2.6377 ns/op
OverheadActual  18: 1024 op, 2831.00 ns, 2.7646 ns/op
OverheadActual  19: 1024 op, 2706.00 ns, 2.6426 ns/op
OverheadActual  20: 1024 op, 2809.00 ns, 2.7432 ns/op

WorkloadWarmup   1: 1024 op, 530572988.00 ns, 518.1377 us/op
WorkloadWarmup   2: 1024 op, 528484586.00 ns, 516.0982 us/op
WorkloadWarmup   3: 1024 op, 526555670.00 ns, 514.2145 us/op

// BeforeActualRun
WorkloadActual   1: 1024 op, 526821185.00 ns, 514.4738 us/op
WorkloadActual   2: 1024 op, 525212497.00 ns, 512.9028 us/op
WorkloadActual   3: 1024 op, 524855472.00 ns, 512.5542 us/op

// AfterActualRun
WorkloadResult   1: 1024 op, 526818490.50 ns, 514.4712 us/op
WorkloadResult   2: 1024 op, 525209802.50 ns, 512.9002 us/op
WorkloadResult   3: 1024 op, 524852777.50 ns, 512.5515 us/op
// GC:  100 32 0 841933808 1024
// Threading:  0 0 1024

// AfterAll
// Benchmark Process 2126 has exited with code 0.

Mean = 513.308 us, StdErr = 0.590 us (0.12%), N = 3, StdDev = 1.023 us
Min = 512.552 us, Q1 = 512.726 us, Median = 512.900 us, Q3 = 513.686 us, Max = 514.471 us
IQR = 0.960 us, LowerFence = 511.286 us, UpperFence = 515.125 us
ConfidenceInterval = [494.651 us; 531.964 us] (CI 99.9%), Margin = 18.656 us (3.63% of Mean)
Skewness = 0.34, Kurtosis = 0.67, MValue = 2

// ** Remained 65 (73.0 %) benchmark(s) to run. Estimated finish 2026-10-08 2:21 (0h 7m from now) **
// **************************
// Benchmark: PlutusUseCasesBenchmarks.DecodeAndEval: NativeAOT 10.0(Runtime=NativeAOT 10.0, Toolchain=Latest ILCompiler, IterationCount=3, LaunchCount=1, MinIterationCount=50, WarmupCount=3) [Script=escrow-redeem_2-3]
// *** Execute ***
// Launch: 1 / 1
// Execute: /bench/chrysalis/benchmarks/PlutusBench/bin/Release/net10.0/PlutusBench-NativeAOT 10.0-1/bin/Release/net10.0/linux-x64/publish/PlutusBench-NativeAOT 10.0-1 --anonymousPipes 113 114 --benchmarkName "PlutusUseCasesBenchmarks.DecodeAndEval(Script: \"escrow-redeem_2-3\")" --job "NativeAOT 10.0" --benchmarkId 24 in 
// BeforeAnythingElse

// Benchmark Process Environment Information:
// BenchmarkDotNet v0.15.8
// Runtime=.NET 10.0.12, X64 NativeAOT x86-64-v4
// GC=Concurrent Workstation
// HardwareIntrinsics=AVX512 IFMA+VBMI,AVX512 F+BW+CD+DQ+VL,AVX2+BMI1+BMI2+F16C+FMA+LZCNT+MOVBE,AVX,SSE3+SSSE3+SSE4.1+SSE4.2+POPCNT,X86Base+SSE+SSE2,AES+PCLMUL VectorSize=256
// Job: NativeAOT 10.0(IterationCount=3, LaunchCount=1, MinIterationCount=50, WarmupCount=3)

OverheadJitting  1: 1 op, 253.00 ns, 253.0000 ns/op
WorkloadJitting  1: 1 op, 748543.00 ns, 748.5430 us/op

OverheadJitting  2: 16 op, 286.00 ns, 17.8750 ns/op
WorkloadJitting  2: 16 op, 10555952.00 ns, 659.7470 us/op

WorkloadPilot    1: 16 op, 9618779.00 ns, 601.1737 us/op
WorkloadPilot    2: 32 op, 18296562.00 ns, 571.7676 us/op
WorkloadPilot    3: 64 op, 34241007.00 ns, 535.0157 us/op
WorkloadPilot    4: 128 op, 67132872.00 ns, 524.4756 us/op
WorkloadPilot    5: 256 op, 133950696.00 ns, 523.2449 us/op
WorkloadPilot    6: 512 op, 267263794.00 ns, 521.9996 us/op
WorkloadPilot    7: 1024 op, 536070340.00 ns, 523.5062 us/op

OverheadWarmup   1: 1024 op, 2662.00 ns, 2.5996 ns/op
OverheadWarmup   2: 1024 op, 2683.00 ns, 2.6201 ns/op
OverheadWarmup   3: 1024 op, 2508.00 ns, 2.4492 ns/op
OverheadWarmup   4: 1024 op, 2490.00 ns, 2.4316 ns/op
OverheadWarmup   5: 1024 op, 2487.00 ns, 2.4287 ns/op
OverheadWarmup   6: 1024 op, 2527.00 ns, 2.4678 ns/op
OverheadWarmup   7: 1024 op, 2645.00 ns, 2.5830 ns/op
OverheadWarmup   8: 1024 op, 2532.00 ns, 2.4727 ns/op

OverheadActual   1: 1024 op, 15089.00 ns, 14.7354 ns/op
OverheadActual   2: 1024 op, 2536.00 ns, 2.4766 ns/op
OverheadActual   3: 1024 op, 2526.00 ns, 2.4668 ns/op
OverheadActual   4: 1024 op, 2527.00 ns, 2.4678 ns/op
OverheadActual   5: 1024 op, 2536.00 ns, 2.4766 ns/op
OverheadActual   6: 1024 op, 2688.00 ns, 2.6250 ns/op
OverheadActual   7: 1024 op, 2669.00 ns, 2.6064 ns/op
OverheadActual   8: 1024 op, 2544.00 ns, 2.4844 ns/op
OverheadActual   9: 1024 op, 2541.00 ns, 2.4814 ns/op
OverheadActual  10: 1024 op, 2559.00 ns, 2.4990 ns/op
OverheadActual  11: 1024 op, 2540.00 ns, 2.4805 ns/op
OverheadActual  12: 1024 op, 2552.00 ns, 2.4922 ns/op
OverheadActual  13: 1024 op, 2578.00 ns, 2.5176 ns/op
OverheadActual  14: 1024 op, 2677.00 ns, 2.6143 ns/op
OverheadActual  15: 1024 op, 2645.00 ns, 2.5830 ns/op
OverheadActual  16: 1024 op, 6658.00 ns, 6.5020 ns/op
OverheadActual  17: 1024 op, 2532.00 ns, 2.4727 ns/op
OverheadActual  18: 1024 op, 2596.00 ns, 2.5352 ns/op
OverheadActual  19: 1024 op, 2681.00 ns, 2.6182 ns/op
OverheadActual  20: 1024 op, 2672.00 ns, 2.6094 ns/op

WorkloadWarmup   1: 1024 op, 539225315.00 ns, 526.5872 us/op
WorkloadWarmup   2: 1024 op, 642044468.00 ns, 626.9966 us/op
WorkloadWarmup   3: 1024 op, 669709562.00 ns, 654.0132 us/op

// BeforeActualRun
WorkloadActual   1: 1024 op, 668210430.00 ns, 652.5492 us/op
WorkloadActual   2: 1024 op, 589186225.00 ns, 575.3772 us/op
WorkloadActual   3: 1024 op, 536102533.00 ns, 523.5376 us/op

// AfterActualRun
WorkloadResult   1: 1024 op, 668207861.50 ns, 652.5467 us/op
WorkloadResult   2: 1024 op, 589183656.50 ns, 575.3747 us/op
WorkloadResult   3: 1024 op, 536099964.50 ns, 523.5351 us/op
// GC:  100 32 0 841933808 1024
// Threading:  0 0 1024

// AfterAll
// Benchmark Process 2130 has exited with code 0.

Mean = 583.819 us, StdErr = 37.481 us (6.42%), N = 3, StdDev = 64.919 us
Min = 523.535 us, Q1 = 549.455 us, Median = 575.375 us, Q3 = 613.961 us, Max = 652.547 us
IQR = 64.506 us, LowerFence = 452.696 us, UpperFence = 710.719 us
ConfidenceInterval = [-600.546 us; 1,768.183 us] (CI 99.9%), Margin = 1,184.364 us (202.87% of Mean)
Skewness = 0.13, Kurtosis = 0.67, MValue = 2

// ** Remained 64 (71.9 %) benchmark(s) to run. Estimated finish 2026-10-08 2:21 (0h 7m from now) **
// **************************
// Benchmark: PlutusUseCasesBenchmarks.DecodeAndEval: NativeAOT 10.0(Runtime=NativeAOT 10.0, Toolchain=Latest ILCompiler, IterationCount=3, LaunchCount=1, MinIterationCount=50, WarmupCount=3) [Script=escrow-refund-1]
// *** Execute ***
// Launch: 1 / 1
// Execute: /bench/chrysalis/benchmarks/PlutusBench/bin/Release/net10.0/PlutusBench-NativeAOT 10.0-1/bin/Release/net10.0/linux-x64/publish/PlutusBench-NativeAOT 10.0-1 --anonymousPipes 113 114 --benchmarkName "PlutusUseCasesBenchmarks.DecodeAndEval(Script: \"escrow-refund-1\")" --job "NativeAOT 10.0" --benchmarkId 25 in 
// BeforeAnythingElse

// Benchmark Process Environment Information:
// BenchmarkDotNet v0.15.8
// Runtime=.NET 10.0.12, X64 NativeAOT x86-64-v4
// GC=Concurrent Workstation
// HardwareIntrinsics=AVX512 IFMA+VBMI,AVX512 F+BW+CD+DQ+VL,AVX2+BMI1+BMI2+F16C+FMA+LZCNT+MOVBE,AVX,SSE3+SSSE3+SSE4.1+SSE4.2+POPCNT,X86Base+SSE+SSE2,AES+PCLMUL VectorSize=256
// Job: NativeAOT 10.0(IterationCount=3, LaunchCount=1, MinIterationCount=50, WarmupCount=3)

OverheadJitting  1: 1 op, 215.00 ns, 215.0000 ns/op
WorkloadJitting  1: 1 op, 402552.00 ns, 402.5520 us/op

OverheadJitting  2: 16 op, 283.00 ns, 17.6875 ns/op
WorkloadJitting  2: 16 op, 5634984.00 ns, 352.1865 us/op

WorkloadPilot    1: 16 op, 4804530.00 ns, 300.2831 us/op
WorkloadPilot    2: 32 op, 7949390.00 ns, 248.4184 us/op
WorkloadPilot    3: 64 op, 17535849.00 ns, 273.9976 us/op
WorkloadPilot    4: 128 op, 31797257.00 ns, 248.4161 us/op
WorkloadPilot    5: 256 op, 62944734.00 ns, 245.8779 us/op
WorkloadPilot    6: 512 op, 124624716.00 ns, 243.4076 us/op
WorkloadPilot    7: 1024 op, 253592866.00 ns, 247.6493 us/op
WorkloadPilot    8: 2048 op, 498842386.00 ns, 243.5754 us/op
WorkloadPilot    9: 4096 op, 999987691.00 ns, 244.1376 us/op

OverheadWarmup   1: 4096 op, 19193.00 ns, 4.6858 ns/op
OverheadWarmup   2: 4096 op, 9841.00 ns, 2.4026 ns/op
OverheadWarmup   3: 4096 op, 9849.00 ns, 2.4045 ns/op
OverheadWarmup   4: 4096 op, 10071.00 ns, 2.4587 ns/op
OverheadWarmup   5: 4096 op, 9824.00 ns, 2.3984 ns/op
OverheadWarmup   6: 4096 op, 10045.00 ns, 2.4524 ns/op
OverheadWarmup   7: 4096 op, 10011.00 ns, 2.4441 ns/op

OverheadActual   1: 4096 op, 10581.00 ns, 2.5833 ns/op
OverheadActual   2: 4096 op, 10030.00 ns, 2.4487 ns/op
OverheadActual   3: 4096 op, 10036.00 ns, 2.4502 ns/op
OverheadActual   4: 4096 op, 10043.00 ns, 2.4519 ns/op
OverheadActual   5: 4096 op, 10047.00 ns, 2.4529 ns/op
OverheadActual   6: 4096 op, 10143.00 ns, 2.4763 ns/op
OverheadActual   7: 4096 op, 10025.00 ns, 2.4475 ns/op
OverheadActual   8: 4096 op, 10002.00 ns, 2.4419 ns/op
OverheadActual   9: 4096 op, 10550.00 ns, 2.5757 ns/op
OverheadActual  10: 4096 op, 10455.00 ns, 2.5525 ns/op
OverheadActual  11: 4096 op, 10034.00 ns, 2.4497 ns/op
OverheadActual  12: 4096 op, 10022.00 ns, 2.4468 ns/op
OverheadActual  13: 4096 op, 10807.00 ns, 2.6384 ns/op
OverheadActual  14: 4096 op, 10480.00 ns, 2.5586 ns/op
OverheadActual  15: 4096 op, 10469.00 ns, 2.5559 ns/op
OverheadActual  16: 4096 op, 10037.00 ns, 2.4504 ns/op
OverheadActual  17: 4096 op, 10557.00 ns, 2.5774 ns/op
OverheadActual  18: 4096 op, 10128.00 ns, 2.4727 ns/op
OverheadActual  19: 4096 op, 10561.00 ns, 2.5784 ns/op
OverheadActual  20: 4096 op, 10130.00 ns, 2.4731 ns/op

WorkloadWarmup   1: 4096 op, 1002177830.00 ns, 244.6723 us/op
WorkloadWarmup   2: 4096 op, 1002051310.00 ns, 244.6414 us/op
WorkloadWarmup   3: 4096 op, 1002881644.00 ns, 244.8442 us/op

// BeforeActualRun
WorkloadActual   1: 4096 op, 999141442.00 ns, 243.9310 us/op
WorkloadActual   2: 4096 op, 1003835084.00 ns, 245.0769 us/op
WorkloadActual   3: 4096 op, 1000263503.00 ns, 244.2050 us/op

// AfterActualRun
WorkloadResult   1: 4096 op, 999131313.00 ns, 243.9285 us/op
WorkloadResult   2: 4096 op, 1003824955.00 ns, 245.0745 us/op
WorkloadResult   3: 4096 op, 1000253374.00 ns, 244.2025 us/op
// GC:  233 74 0 1949041648 4096
// Threading:  0 0 4096

// AfterAll
// Benchmark Process 2133 has exited with code 0.

Mean = 244.402 us, StdErr = 0.345 us (0.14%), N = 3, StdDev = 0.598 us
Min = 243.929 us, Q1 = 244.066 us, Median = 244.202 us, Q3 = 244.638 us, Max = 245.074 us
IQR = 0.573 us, LowerFence = 243.206 us, UpperFence = 245.498 us
ConfidenceInterval = [233.485 us; 255.319 us] (CI 99.9%), Margin = 10.917 us (4.47% of Mean)
Skewness = 0.3, Kurtosis = 0.67, MValue = 2

// ** Remained 63 (70.8 %) benchmark(s) to run. Estimated finish 2026-10-08 2:21 (0h 7m from now) **
// **************************
// Benchmark: PlutusUseCasesBenchmarks.DecodeAndEval: NativeAOT 10.0(Runtime=NativeAOT 10.0, Toolchain=Latest ILCompiler, IterationCount=3, LaunchCount=1, MinIterationCount=50, WarmupCount=3) [Script=future-increase-margin-1]
// *** Execute ***
// Launch: 1 / 1
// Execute: /bench/chrysalis/benchmarks/PlutusBench/bin/Release/net10.0/PlutusBench-NativeAOT 10.0-1/bin/Release/net10.0/linux-x64/publish/PlutusBench-NativeAOT 10.0-1 --anonymousPipes 113 114 --benchmarkName "PlutusUseCasesBenchmarks.DecodeAndEval(Script: \"future-increase-margin-1\")" --job "NativeAOT 10.0" --benchmarkId 26 in 
// BeforeAnythingElse

// Benchmark Process Environment Information:
// BenchmarkDotNet v0.15.8
// Runtime=.NET 10.0.12, X64 NativeAOT x86-64-v4
// GC=Concurrent Workstation
// HardwareIntrinsics=AVX512 IFMA+VBMI,AVX512 F+BW+CD+DQ+VL,AVX2+BMI1+BMI2+F16C+FMA+LZCNT+MOVBE,AVX,SSE3+SSSE3+SSE4.1+SSE4.2+POPCNT,X86Base+SSE+SSE2,AES+PCLMUL VectorSize=256
// Job: NativeAOT 10.0(IterationCount=3, LaunchCount=1, MinIterationCount=50, WarmupCount=3)

OverheadJitting  1: 1 op, 213.00 ns, 213.0000 ns/op
WorkloadJitting  1: 1 op, 543966.00 ns, 543.9660 us/op

OverheadJitting  2: 16 op, 293.00 ns, 18.3125 ns/op
WorkloadJitting  2: 16 op, 8080605.00 ns, 505.0378 us/op

WorkloadPilot    1: 16 op, 6758789.00 ns, 422.4243 us/op
WorkloadPilot    2: 32 op, 12078171.00 ns, 377.4428 us/op
WorkloadPilot    3: 64 op, 22828259.00 ns, 356.6915 us/op
WorkloadPilot    4: 128 op, 43860413.00 ns, 342.6595 us/op
WorkloadPilot    5: 256 op, 86849851.00 ns, 339.2572 us/op
WorkloadPilot    6: 512 op, 175441233.00 ns, 342.6587 us/op
WorkloadPilot    7: 1024 op, 348575500.00 ns, 340.4058 us/op
WorkloadPilot    8: 2048 op, 696790224.00 ns, 340.2296 us/op

OverheadWarmup   1: 2048 op, 14655.00 ns, 7.1558 ns/op
OverheadWarmup   2: 2048 op, 4926.00 ns, 2.4053 ns/op
OverheadWarmup   3: 2048 op, 4810.00 ns, 2.3486 ns/op
OverheadWarmup   4: 2048 op, 4913.00 ns, 2.3989 ns/op
OverheadWarmup   5: 2048 op, 4912.00 ns, 2.3984 ns/op
OverheadWarmup   6: 2048 op, 4895.00 ns, 2.3901 ns/op
OverheadWarmup   7: 2048 op, 5069.00 ns, 2.4751 ns/op
OverheadWarmup   8: 2048 op, 5101.00 ns, 2.4907 ns/op
OverheadWarmup   9: 2048 op, 4973.00 ns, 2.4282 ns/op

OverheadActual   1: 2048 op, 4891.00 ns, 2.3882 ns/op
OverheadActual   2: 2048 op, 4864.00 ns, 2.3750 ns/op
OverheadActual   3: 2048 op, 4861.00 ns, 2.3735 ns/op
OverheadActual   4: 2048 op, 4868.00 ns, 2.3770 ns/op
OverheadActual   5: 2048 op, 4999.00 ns, 2.4409 ns/op
OverheadActual   6: 2048 op, 4876.00 ns, 2.3809 ns/op
OverheadActual   7: 2048 op, 4875.00 ns, 2.3804 ns/op
OverheadActual   8: 2048 op, 5077.00 ns, 2.4790 ns/op
OverheadActual   9: 2048 op, 5081.00 ns, 2.4810 ns/op
OverheadActual  10: 2048 op, 4875.00 ns, 2.3804 ns/op
OverheadActual  11: 2048 op, 5069.00 ns, 2.4751 ns/op
OverheadActual  12: 2048 op, 5056.00 ns, 2.4688 ns/op
OverheadActual  13: 2048 op, 4866.00 ns, 2.3760 ns/op
OverheadActual  14: 2048 op, 4897.00 ns, 2.3911 ns/op
OverheadActual  15: 2048 op, 4889.00 ns, 2.3872 ns/op
OverheadActual  16: 2048 op, 4973.00 ns, 2.4282 ns/op
OverheadActual  17: 2048 op, 4986.00 ns, 2.4346 ns/op
OverheadActual  18: 2048 op, 5077.00 ns, 2.4790 ns/op
OverheadActual  19: 2048 op, 5058.00 ns, 2.4697 ns/op
OverheadActual  20: 2048 op, 5093.00 ns, 2.4868 ns/op

WorkloadWarmup   1: 2048 op, 702501862.00 ns, 343.0185 us/op
WorkloadWarmup   2: 2048 op, 703969137.00 ns, 343.7349 us/op
WorkloadWarmup   3: 2048 op, 699460135.00 ns, 341.5333 us/op

// BeforeActualRun
WorkloadActual   1: 2048 op, 696177946.00 ns, 339.9306 us/op
WorkloadActual   2: 2048 op, 697704120.00 ns, 340.6758 us/op
WorkloadActual   3: 2048 op, 695655575.00 ns, 339.6756 us/op

// AfterActualRun
WorkloadResult   1: 2048 op, 696173011.00 ns, 339.9282 us/op
WorkloadResult   2: 2048 op, 697699185.00 ns, 340.6734 us/op
WorkloadResult   3: 2048 op, 695650640.00 ns, 339.6732 us/op
// GC:  132 41 0 1111442416 2048
// Threading:  0 0 2048

// AfterAll
// Benchmark Process 2137 has exited with code 0.

Mean = 340.092 us, StdErr = 0.300 us (0.09%), N = 3, StdDev = 0.520 us
Min = 339.673 us, Q1 = 339.801 us, Median = 339.928 us, Q3 = 340.301 us, Max = 340.673 us
IQR = 0.500 us, LowerFence = 339.050 us, UpperFence = 341.051 us
ConfidenceInterval = [330.609 us; 349.574 us] (CI 99.9%), Margin = 9.482 us (2.79% of Mean)
Skewness = 0.28, Kurtosis = 0.67, MValue = 2

// ** Remained 62 (69.7 %) benchmark(s) to run. Estimated finish 2026-10-08 2:21 (0h 6m from now) **
// **************************
// Benchmark: PlutusUseCasesBenchmarks.DecodeAndEval: NativeAOT 10.0(Runtime=NativeAOT 10.0, Toolchain=Latest ILCompiler, IterationCount=3, LaunchCount=1, MinIterationCount=50, WarmupCount=3) [Script=future-increase-margin-2]
// *** Execute ***
// Launch: 1 / 1
// Execute: /bench/chrysalis/benchmarks/PlutusBench/bin/Release/net10.0/PlutusBench-NativeAOT 10.0-1/bin/Release/net10.0/linux-x64/publish/PlutusBench-NativeAOT 10.0-1 --anonymousPipes 113 114 --benchmarkName "PlutusUseCasesBenchmarks.DecodeAndEval(Script: \"future-increase-margin-2\")" --job "NativeAOT 10.0" --benchmarkId 27 in 
// BeforeAnythingElse

// Benchmark Process Environment Information:
// BenchmarkDotNet v0.15.8
// Runtime=.NET 10.0.12, X64 NativeAOT x86-64-v4
// GC=Concurrent Workstation
// HardwareIntrinsics=AVX512 IFMA+VBMI,AVX512 F+BW+CD+DQ+VL,AVX2+BMI1+BMI2+F16C+FMA+LZCNT+MOVBE,AVX,SSE3+SSSE3+SSE4.1+SSE4.2+POPCNT,X86Base+SSE+SSE2,AES+PCLMUL VectorSize=256
// Job: NativeAOT 10.0(IterationCount=3, LaunchCount=1, MinIterationCount=50, WarmupCount=3)

OverheadJitting  1: 1 op, 228.00 ns, 228.0000 ns/op
WorkloadJitting  1: 1 op, 1023309.00 ns, 1.0233 ms/op

OverheadJitting  2: 16 op, 306.00 ns, 19.1250 ns/op
WorkloadJitting  2: 16 op, 13453364.00 ns, 840.8353 us/op

WorkloadPilot    1: 16 op, 12596768.00 ns, 787.2980 us/op
WorkloadPilot    2: 32 op, 22599487.00 ns, 706.2340 us/op
WorkloadPilot    3: 64 op, 43323241.00 ns, 676.9256 us/op
WorkloadPilot    4: 128 op, 85344522.00 ns, 666.7541 us/op
WorkloadPilot    5: 256 op, 170434735.00 ns, 665.7607 us/op
WorkloadPilot    6: 512 op, 341593041.00 ns, 667.1739 us/op
WorkloadPilot    7: 1024 op, 685428432.00 ns, 669.3637 us/op

OverheadWarmup   1: 1024 op, 3000.00 ns, 2.9297 ns/op
OverheadWarmup   2: 1024 op, 2718.00 ns, 2.6543 ns/op
OverheadWarmup   3: 1024 op, 2666.00 ns, 2.6035 ns/op
OverheadWarmup   4: 1024 op, 2680.00 ns, 2.6172 ns/op
OverheadWarmup   5: 1024 op, 2681.00 ns, 2.6182 ns/op
OverheadWarmup   6: 1024 op, 2668.00 ns, 2.6055 ns/op
OverheadWarmup   7: 1024 op, 2721.00 ns, 2.6572 ns/op
OverheadWarmup   8: 1024 op, 2706.00 ns, 2.6426 ns/op

OverheadActual   1: 1024 op, 2886.00 ns, 2.8184 ns/op
OverheadActual   2: 1024 op, 2646.00 ns, 2.5840 ns/op
OverheadActual   3: 1024 op, 2664.00 ns, 2.6016 ns/op
OverheadActual   4: 1024 op, 2684.00 ns, 2.6211 ns/op
OverheadActual   5: 1024 op, 2699.00 ns, 2.6357 ns/op
OverheadActual   6: 1024 op, 2716.00 ns, 2.6523 ns/op
OverheadActual   7: 1024 op, 2827.00 ns, 2.7607 ns/op
OverheadActual   8: 1024 op, 2809.00 ns, 2.7432 ns/op
OverheadActual   9: 1024 op, 2671.00 ns, 2.6084 ns/op
OverheadActual  10: 1024 op, 2682.00 ns, 2.6191 ns/op
OverheadActual  11: 1024 op, 2623.00 ns, 2.5615 ns/op
OverheadActual  12: 1024 op, 2642.00 ns, 2.5801 ns/op
OverheadActual  13: 1024 op, 2791.00 ns, 2.7256 ns/op
OverheadActual  14: 1024 op, 2664.00 ns, 2.6016 ns/op
OverheadActual  15: 1024 op, 2823.00 ns, 2.7568 ns/op
OverheadActual  16: 1024 op, 2821.00 ns, 2.7549 ns/op
OverheadActual  17: 1024 op, 2778.00 ns, 2.7129 ns/op
OverheadActual  18: 1024 op, 2700.00 ns, 2.6367 ns/op
OverheadActual  19: 1024 op, 2701.00 ns, 2.6377 ns/op
OverheadActual  20: 1024 op, 2665.00 ns, 2.6025 ns/op

WorkloadWarmup   1: 1024 op, 690117207.00 ns, 673.9426 us/op
WorkloadWarmup   2: 1024 op, 688647617.00 ns, 672.5074 us/op
WorkloadWarmup   3: 1024 op, 686796466.00 ns, 670.6997 us/op

// BeforeActualRun
WorkloadActual   1: 1024 op, 682555824.00 ns, 666.5584 us/op
WorkloadActual   2: 1024 op, 684211406.00 ns, 668.1752 us/op
WorkloadActual   3: 1024 op, 683154455.00 ns, 667.1430 us/op

// AfterActualRun
WorkloadResult   1: 1024 op, 682553124.50 ns, 666.5558 us/op
WorkloadResult   2: 1024 op, 684208706.50 ns, 668.1726 us/op
WorkloadResult   3: 1024 op, 683151755.50 ns, 667.1404 us/op
// GC:  122 39 0 1025745904 1024
// Threading:  0 0 1024

// AfterAll
// Benchmark Process 2140 has exited with code 0.

Mean = 667.290 us, StdErr = 0.473 us (0.07%), N = 3, StdDev = 0.819 us
Min = 666.556 us, Q1 = 666.848 us, Median = 667.140 us, Q3 = 667.656 us, Max = 668.173 us
IQR = 0.808 us, LowerFence = 665.636 us, UpperFence = 668.869 us
ConfidenceInterval = [652.354 us; 682.225 us] (CI 99.9%), Margin = 14.935 us (2.24% of Mean)
Skewness = 0.18, Kurtosis = 0.67, MValue = 2

// ** Remained 61 (68.5 %) benchmark(s) to run. Estimated finish 2026-10-08 2:21 (0h 6m from now) **
// **************************
// Benchmark: PlutusUseCasesBenchmarks.DecodeAndEval: NativeAOT 10.0(Runtime=NativeAOT 10.0, Toolchain=Latest ILCompiler, IterationCount=3, LaunchCount=1, MinIterationCount=50, WarmupCount=3) [Script=future-increase-margin-3]
// *** Execute ***
// Launch: 1 / 1
// Execute: /bench/chrysalis/benchmarks/PlutusBench/bin/Release/net10.0/PlutusBench-NativeAOT 10.0-1/bin/Release/net10.0/linux-x64/publish/PlutusBench-NativeAOT 10.0-1 --anonymousPipes 113 114 --benchmarkName "PlutusUseCasesBenchmarks.DecodeAndEval(Script: \"future-increase-margin-3\")" --job "NativeAOT 10.0" --benchmarkId 28 in 
// BeforeAnythingElse

// Benchmark Process Environment Information:
// BenchmarkDotNet v0.15.8
// Runtime=.NET 10.0.12, X64 NativeAOT x86-64-v4
// GC=Concurrent Workstation
// HardwareIntrinsics=AVX512 IFMA+VBMI,AVX512 F+BW+CD+DQ+VL,AVX2+BMI1+BMI2+F16C+FMA+LZCNT+MOVBE,AVX,SSE3+SSSE3+SSE4.1+SSE4.2+POPCNT,X86Base+SSE+SSE2,AES+PCLMUL VectorSize=256
// Job: NativeAOT 10.0(IterationCount=3, LaunchCount=1, MinIterationCount=50, WarmupCount=3)

OverheadJitting  1: 1 op, 282.00 ns, 282.0000 ns/op
WorkloadJitting  1: 1 op, 1141431.00 ns, 1.1414 ms/op

OverheadJitting  2: 16 op, 406.00 ns, 25.3750 ns/op
WorkloadJitting  2: 16 op, 16121665.00 ns, 1.0076 ms/op

WorkloadPilot    1: 16 op, 15422832.00 ns, 963.9270 us/op
WorkloadPilot    2: 32 op, 27535234.00 ns, 860.4761 us/op
WorkloadPilot    3: 64 op, 52747604.00 ns, 824.1813 us/op
WorkloadPilot    4: 128 op, 98979653.00 ns, 773.2785 us/op
WorkloadPilot    5: 256 op, 203343613.00 ns, 794.3110 us/op
WorkloadPilot    6: 512 op, 422538022.00 ns, 825.2696 us/op
WorkloadPilot    7: 1024 op, 758915571.00 ns, 741.1285 us/op

OverheadWarmup   1: 1024 op, 2675.00 ns, 2.6123 ns/op
OverheadWarmup   2: 1024 op, 2506.00 ns, 2.4473 ns/op
OverheadWarmup   3: 1024 op, 2454.00 ns, 2.3965 ns/op
OverheadWarmup   4: 1024 op, 2438.00 ns, 2.3809 ns/op
OverheadWarmup   5: 1024 op, 2442.00 ns, 2.3848 ns/op
OverheadWarmup   6: 1024 op, 2507.00 ns, 2.4482 ns/op
OverheadWarmup   7: 1024 op, 2514.00 ns, 2.4551 ns/op
OverheadWarmup   8: 1024 op, 2513.00 ns, 2.4541 ns/op
OverheadWarmup   9: 1024 op, 2510.00 ns, 2.4512 ns/op
OverheadWarmup  10: 1024 op, 2549.00 ns, 2.4893 ns/op

OverheadActual   1: 1024 op, 2492.00 ns, 2.4336 ns/op
OverheadActual   2: 1024 op, 2523.00 ns, 2.4639 ns/op
OverheadActual   3: 1024 op, 2529.00 ns, 2.4697 ns/op
OverheadActual   4: 1024 op, 2629.00 ns, 2.5674 ns/op
OverheadActual   5: 1024 op, 2607.00 ns, 2.5459 ns/op
OverheadActual   6: 1024 op, 2651.00 ns, 2.5889 ns/op
OverheadActual   7: 1024 op, 2513.00 ns, 2.4541 ns/op
OverheadActual   8: 1024 op, 2520.00 ns, 2.4609 ns/op
OverheadActual   9: 1024 op, 2529.00 ns, 2.4697 ns/op
OverheadActual  10: 1024 op, 2520.00 ns, 2.4609 ns/op
OverheadActual  11: 1024 op, 2526.00 ns, 2.4668 ns/op
OverheadActual  12: 1024 op, 2535.00 ns, 2.4756 ns/op
OverheadActual  13: 1024 op, 2519.00 ns, 2.4600 ns/op
OverheadActual  14: 1024 op, 2523.00 ns, 2.4639 ns/op
OverheadActual  15: 1024 op, 2515.00 ns, 2.4561 ns/op
OverheadActual  16: 1024 op, 2511.00 ns, 2.4521 ns/op
OverheadActual  17: 1024 op, 2491.00 ns, 2.4326 ns/op
OverheadActual  18: 1024 op, 2498.00 ns, 2.4395 ns/op
OverheadActual  19: 1024 op, 2511.00 ns, 2.4521 ns/op
OverheadActual  20: 1024 op, 2583.00 ns, 2.5225 ns/op

WorkloadWarmup   1: 1024 op, 683658417.00 ns, 667.6352 us/op
WorkloadWarmup   2: 1024 op, 686784509.00 ns, 670.6880 us/op
WorkloadWarmup   3: 1024 op, 683066257.00 ns, 667.0569 us/op

// BeforeActualRun
WorkloadActual   1: 1024 op, 683168464.00 ns, 667.1567 us/op
WorkloadActual   2: 1024 op, 683659744.00 ns, 667.6365 us/op
WorkloadActual   3: 1024 op, 679948678.00 ns, 664.0124 us/op

// AfterActualRun
WorkloadResult   1: 1024 op, 683165942.50 ns, 667.1542 us/op
WorkloadResult   2: 1024 op, 683657222.50 ns, 667.6340 us/op
WorkloadResult   3: 1024 op, 679946156.50 ns, 664.0099 us/op
// GC:  122 39 0 1025745904 1024
// Threading:  0 0 1024

// AfterAll
// Benchmark Process 2144 has exited with code 0.

Mean = 666.266 us, StdErr = 1.137 us (0.17%), N = 3, StdDev = 1.969 us
Min = 664.010 us, Q1 = 665.582 us, Median = 667.154 us, Q3 = 667.394 us, Max = 667.634 us
IQR = 1.812 us, LowerFence = 662.864 us, UpperFence = 670.112 us
ConfidenceInterval = [630.353 us; 702.180 us] (CI 99.9%), Margin = 35.914 us (5.39% of Mean)
Skewness = -0.36, Kurtosis = 0.67, MValue = 2

// ** Remained 60 (67.4 %) benchmark(s) to run. Estimated finish 2026-10-08 2:21 (0h 6m from now) **
// **************************
// Benchmark: PlutusUseCasesBenchmarks.DecodeAndEval: NativeAOT 10.0(Runtime=NativeAOT 10.0, Toolchain=Latest ILCompiler, IterationCount=3, LaunchCount=1, MinIterationCount=50, WarmupCount=3) [Script=future-increase-margin-4]
// *** Execute ***
// Launch: 1 / 1
// Execute: /bench/chrysalis/benchmarks/PlutusBench/bin/Release/net10.0/PlutusBench-NativeAOT 10.0-1/bin/Release/net10.0/linux-x64/publish/PlutusBench-NativeAOT 10.0-1 --anonymousPipes 113 114 --benchmarkName "PlutusUseCasesBenchmarks.DecodeAndEval(Script: \"future-increase-margin-4\")" --job "NativeAOT 10.0" --benchmarkId 29 in 
// BeforeAnythingElse

// Benchmark Process Environment Information:
// BenchmarkDotNet v0.15.8
// Runtime=.NET 10.0.12, X64 NativeAOT x86-64-v4
// GC=Concurrent Workstation
// HardwareIntrinsics=AVX512 IFMA+VBMI,AVX512 F+BW+CD+DQ+VL,AVX2+BMI1+BMI2+F16C+FMA+LZCNT+MOVBE,AVX,SSE3+SSSE3+SSE4.1+SSE4.2+POPCNT,X86Base+SSE+SSE2,AES+PCLMUL VectorSize=256
// Job: NativeAOT 10.0(IterationCount=3, LaunchCount=1, MinIterationCount=50, WarmupCount=3)

OverheadJitting  1: 1 op, 287.00 ns, 287.0000 ns/op
WorkloadJitting  1: 1 op, 1084698.00 ns, 1.0847 ms/op

OverheadJitting  2: 16 op, 296.00 ns, 18.5000 ns/op
WorkloadJitting  2: 16 op, 15296801.00 ns, 956.0501 us/op

WorkloadPilot    1: 16 op, 13988590.00 ns, 874.2869 us/op
WorkloadPilot    2: 32 op, 25640470.00 ns, 801.2647 us/op
WorkloadPilot    3: 64 op, 48080455.00 ns, 751.2571 us/op
WorkloadPilot    4: 128 op, 95818937.00 ns, 748.5854 us/op
WorkloadPilot    5: 256 op, 191172947.00 ns, 746.7693 us/op
WorkloadPilot    6: 512 op, 387333634.00 ns, 756.5110 us/op
WorkloadPilot    7: 1024 op, 769260294.00 ns, 751.2308 us/op

OverheadWarmup   1: 1024 op, 2890.00 ns, 2.8223 ns/op
OverheadWarmup   2: 1024 op, 2754.00 ns, 2.6895 ns/op
OverheadWarmup   3: 1024 op, 2668.00 ns, 2.6055 ns/op
OverheadWarmup   4: 1024 op, 2641.00 ns, 2.5791 ns/op
OverheadWarmup   5: 1024 op, 2701.00 ns, 2.6377 ns/op
OverheadWarmup   6: 1024 op, 2700.00 ns, 2.6367 ns/op
OverheadWarmup   7: 1024 op, 2733.00 ns, 2.6689 ns/op
OverheadWarmup   8: 1024 op, 2680.00 ns, 2.6172 ns/op

OverheadActual   1: 1024 op, 2689.00 ns, 2.6260 ns/op
OverheadActual   2: 1024 op, 2638.00 ns, 2.5762 ns/op
OverheadActual   3: 1024 op, 2714.00 ns, 2.6504 ns/op
OverheadActual   4: 1024 op, 2657.00 ns, 2.5947 ns/op
OverheadActual   5: 1024 op, 2676.00 ns, 2.6133 ns/op
OverheadActual   6: 1024 op, 2822.00 ns, 2.7559 ns/op
OverheadActual   7: 1024 op, 2803.00 ns, 2.7373 ns/op
OverheadActual   8: 1024 op, 2818.00 ns, 2.7520 ns/op
OverheadActual   9: 1024 op, 2807.00 ns, 2.7412 ns/op
OverheadActual  10: 1024 op, 2837.00 ns, 2.7705 ns/op
OverheadActual  11: 1024 op, 2835.00 ns, 2.7686 ns/op
OverheadActual  12: 1024 op, 2821.00 ns, 2.7549 ns/op
OverheadActual  13: 1024 op, 2789.00 ns, 2.7236 ns/op
OverheadActual  14: 1024 op, 2854.00 ns, 2.7871 ns/op
OverheadActual  15: 1024 op, 2802.00 ns, 2.7363 ns/op
OverheadActual  16: 1024 op, 2784.00 ns, 2.7188 ns/op
OverheadActual  17: 1024 op, 2781.00 ns, 2.7158 ns/op
OverheadActual  18: 1024 op, 2819.00 ns, 2.7529 ns/op
OverheadActual  19: 1024 op, 2712.00 ns, 2.6484 ns/op
OverheadActual  20: 1024 op, 2708.00 ns, 2.6445 ns/op

WorkloadWarmup   1: 1024 op, 771081603.00 ns, 753.0094 us/op
WorkloadWarmup   2: 1024 op, 774409532.00 ns, 756.2593 us/op
WorkloadWarmup   3: 1024 op, 768472858.00 ns, 750.4618 us/op

// BeforeActualRun
WorkloadActual   1: 1024 op, 769746811.00 ns, 751.7059 us/op
WorkloadActual   2: 1024 op, 767273766.00 ns, 749.2908 us/op
WorkloadActual   3: 1024 op, 769971102.00 ns, 751.9249 us/op

// AfterActualRun
WorkloadResult   1: 1024 op, 769744015.50 ns, 751.7031 us/op
WorkloadResult   2: 1024 op, 767270970.50 ns, 749.2881 us/op
WorkloadResult   3: 1024 op, 769968306.50 ns, 751.9222 us/op
// GC:  132 60 0 1108354032 1024
// Threading:  0 0 1024

// AfterAll
// Benchmark Process 2147 has exited with code 0.

Mean = 750.971 us, StdErr = 0.844 us (0.11%), N = 3, StdDev = 1.462 us
Min = 749.288 us, Q1 = 750.496 us, Median = 751.703 us, Q3 = 751.813 us, Max = 751.922 us
IQR = 1.317 us, LowerFence = 748.520 us, UpperFence = 753.788 us
ConfidenceInterval = [724.305 us; 777.638 us] (CI 99.9%), Margin = 26.667 us (3.55% of Mean)
Skewness = -0.38, Kurtosis = 0.67, MValue = 2

// ** Remained 59 (66.3 %) benchmark(s) to run. Estimated finish 2026-10-08 2:21 (0h 6m from now) **
// **************************
// Benchmark: PlutusUseCasesBenchmarks.DecodeAndEval: NativeAOT 10.0(Runtime=NativeAOT 10.0, Toolchain=Latest ILCompiler, IterationCount=3, LaunchCount=1, MinIterationCount=50, WarmupCount=3) [Script=future-increase-margin-5]
// *** Execute ***
// Launch: 1 / 1
// Execute: /bench/chrysalis/benchmarks/PlutusBench/bin/Release/net10.0/PlutusBench-NativeAOT 10.0-1/bin/Release/net10.0/linux-x64/publish/PlutusBench-NativeAOT 10.0-1 --anonymousPipes 113 114 --benchmarkName "PlutusUseCasesBenchmarks.DecodeAndEval(Script: \"future-increase-margin-5\")" --job "NativeAOT 10.0" --benchmarkId 30 in 
// BeforeAnythingElse

// Benchmark Process Environment Information:
// BenchmarkDotNet v0.15.8
// Runtime=.NET 10.0.12, X64 NativeAOT x86-64-v4
// GC=Concurrent Workstation
// HardwareIntrinsics=AVX512 IFMA+VBMI,AVX512 F+BW+CD+DQ+VL,AVX2+BMI1+BMI2+F16C+FMA+LZCNT+MOVBE,AVX,SSE3+SSSE3+SSE4.1+SSE4.2+POPCNT,X86Base+SSE+SSE2,AES+PCLMUL VectorSize=256
// Job: NativeAOT 10.0(IterationCount=3, LaunchCount=1, MinIterationCount=50, WarmupCount=3)

OverheadJitting  1: 1 op, 663.00 ns, 663.0000 ns/op
WorkloadJitting  1: 1 op, 1792610.00 ns, 1.7926 ms/op

OverheadJitting  2: 16 op, 330.00 ns, 20.6250 ns/op
WorkloadJitting  2: 16 op, 22758089.00 ns, 1.4224 ms/op

WorkloadPilot    1: 16 op, 20248987.00 ns, 1.2656 ms/op
WorkloadPilot    2: 32 op, 36559637.00 ns, 1.1425 ms/op
WorkloadPilot    3: 64 op, 73406647.00 ns, 1.1470 ms/op
WorkloadPilot    4: 128 op, 146830337.00 ns, 1.1471 ms/op
WorkloadPilot    5: 256 op, 296659518.00 ns, 1.1588 ms/op
WorkloadPilot    6: 512 op, 589890254.00 ns, 1.1521 ms/op

OverheadWarmup   1: 512 op, 1898.00 ns, 3.7070 ns/op
OverheadWarmup   2: 512 op, 1635.00 ns, 3.1934 ns/op
OverheadWarmup   3: 512 op, 1691.00 ns, 3.3027 ns/op
OverheadWarmup   4: 512 op, 1619.00 ns, 3.1621 ns/op
OverheadWarmup   5: 512 op, 1628.00 ns, 3.1797 ns/op
OverheadWarmup   6: 512 op, 1608.00 ns, 3.1406 ns/op

OverheadActual   1: 512 op, 1613.00 ns, 3.1504 ns/op
OverheadActual   2: 512 op, 1726.00 ns, 3.3711 ns/op
OverheadActual   3: 512 op, 1828.00 ns, 3.5703 ns/op
OverheadActual   4: 512 op, 1617.00 ns, 3.1582 ns/op
OverheadActual   5: 512 op, 1782.00 ns, 3.4805 ns/op
OverheadActual   6: 512 op, 1577.00 ns, 3.0801 ns/op
OverheadActual   7: 512 op, 1874.00 ns, 3.6602 ns/op
OverheadActual   8: 512 op, 1556.00 ns, 3.0391 ns/op
OverheadActual   9: 512 op, 1609.00 ns, 3.1426 ns/op
OverheadActual  10: 512 op, 1551.00 ns, 3.0293 ns/op
OverheadActual  11: 512 op, 1741.00 ns, 3.4004 ns/op
OverheadActual  12: 512 op, 1645.00 ns, 3.2129 ns/op
OverheadActual  13: 512 op, 1737.00 ns, 3.3926 ns/op
OverheadActual  14: 512 op, 1790.00 ns, 3.4961 ns/op
OverheadActual  15: 512 op, 1907.00 ns, 3.7246 ns/op
OverheadActual  16: 512 op, 2153.00 ns, 4.2051 ns/op
OverheadActual  17: 512 op, 1764.00 ns, 3.4453 ns/op
OverheadActual  18: 512 op, 1918.00 ns, 3.7461 ns/op
OverheadActual  19: 512 op, 1779.00 ns, 3.4746 ns/op
OverheadActual  20: 512 op, 1796.00 ns, 3.5078 ns/op

WorkloadWarmup   1: 512 op, 594062707.00 ns, 1.1603 ms/op
WorkloadWarmup   2: 512 op, 590492441.00 ns, 1.1533 ms/op
WorkloadWarmup   3: 512 op, 589005969.00 ns, 1.1504 ms/op

// BeforeActualRun
WorkloadActual   1: 512 op, 590305054.00 ns, 1.1529 ms/op
WorkloadActual   2: 512 op, 589240650.00 ns, 1.1509 ms/op
WorkloadActual   3: 512 op, 589766970.00 ns, 1.1519 ms/op

// AfterActualRun
WorkloadResult   1: 512 op, 590303301.50 ns, 1.1529 ms/op
WorkloadResult   2: 512 op, 589238897.50 ns, 1.1509 ms/op
WorkloadResult   3: 512 op, 589765217.50 ns, 1.1519 ms/op
// GC:  87 38 0 730875200 512
// Threading:  0 0 512

// AfterAll
// Benchmark Process 2150 has exited with code 0.

Mean = 1.152 ms, StdErr = 0.001 ms (0.05%), N = 3, StdDev = 0.001 ms
Min = 1.151 ms, Q1 = 1.151 ms, Median = 1.152 ms, Q3 = 1.152 ms, Max = 1.153 ms
IQR = 0.001 ms, LowerFence = 1.150 ms, UpperFence = 1.154 ms
ConfidenceInterval = [1.133 ms; 1.171 ms] (CI 99.9%), Margin = 0.019 ms (1.65% of Mean)
Skewness = 0.01, Kurtosis = 0.67, MValue = 2

// ** Remained 58 (65.2 %) benchmark(s) to run. Estimated finish 2026-10-08 2:21 (0h 6m from now) **
// **************************
// Benchmark: PlutusUseCasesBenchmarks.DecodeAndEval: NativeAOT 10.0(Runtime=NativeAOT 10.0, Toolchain=Latest ILCompiler, IterationCount=3, LaunchCount=1, MinIterationCount=50, WarmupCount=3) [Script=future-pay-out-1]
// *** Execute ***
// Launch: 1 / 1
// Execute: /bench/chrysalis/benchmarks/PlutusBench/bin/Release/net10.0/PlutusBench-NativeAOT 10.0-1/bin/Release/net10.0/linux-x64/publish/PlutusBench-NativeAOT 10.0-1 --anonymousPipes 113 114 --benchmarkName "PlutusUseCasesBenchmarks.DecodeAndEval(Script: \"future-pay-out-1\")" --job "NativeAOT 10.0" --benchmarkId 31 in 
// BeforeAnythingElse

// Benchmark Process Environment Information:
// BenchmarkDotNet v0.15.8
// Runtime=.NET 10.0.12, X64 NativeAOT x86-64-v4
// GC=Concurrent Workstation
// HardwareIntrinsics=AVX512 IFMA+VBMI,AVX512 F+BW+CD+DQ+VL,AVX2+BMI1+BMI2+F16C+FMA+LZCNT+MOVBE,AVX,SSE3+SSSE3+SSE4.1+SSE4.2+POPCNT,X86Base+SSE+SSE2,AES+PCLMUL VectorSize=256
// Job: NativeAOT 10.0(IterationCount=3, LaunchCount=1, MinIterationCount=50, WarmupCount=3)

OverheadJitting  1: 1 op, 202.00 ns, 202.0000 ns/op
WorkloadJitting  1: 1 op, 530941.00 ns, 530.9410 us/op

OverheadJitting  2: 16 op, 295.00 ns, 18.4375 ns/op
WorkloadJitting  2: 16 op, 7784462.00 ns, 486.5289 us/op

WorkloadPilot    1: 16 op, 6538332.00 ns, 408.6458 us/op
WorkloadPilot    2: 32 op, 12012041.00 ns, 375.3763 us/op
WorkloadPilot    3: 64 op, 22857271.00 ns, 357.1449 us/op
WorkloadPilot    4: 128 op, 44588368.00 ns, 348.3466 us/op
WorkloadPilot    5: 256 op, 88190972.00 ns, 344.4960 us/op
WorkloadPilot    6: 512 op, 174905235.00 ns, 341.6118 us/op
WorkloadPilot    7: 1024 op, 353359337.00 ns, 345.0775 us/op
WorkloadPilot    8: 2048 op, 698752451.00 ns, 341.1877 us/op

OverheadWarmup   1: 2048 op, 5424.00 ns, 2.6484 ns/op
OverheadWarmup   2: 2048 op, 5196.00 ns, 2.5371 ns/op
OverheadWarmup   3: 2048 op, 5141.00 ns, 2.5103 ns/op
OverheadWarmup   4: 2048 op, 5272.00 ns, 2.5742 ns/op
OverheadWarmup   5: 2048 op, 5149.00 ns, 2.5142 ns/op
OverheadWarmup   6: 2048 op, 5124.00 ns, 2.5020 ns/op
OverheadWarmup   7: 2048 op, 5467.00 ns, 2.6694 ns/op
OverheadWarmup   8: 2048 op, 5246.00 ns, 2.5615 ns/op

OverheadActual   1: 2048 op, 5481.00 ns, 2.6763 ns/op
OverheadActual   2: 2048 op, 5604.00 ns, 2.7363 ns/op
OverheadActual   3: 2048 op, 5148.00 ns, 2.5137 ns/op
OverheadActual   4: 2048 op, 5144.00 ns, 2.5117 ns/op
OverheadActual   5: 2048 op, 5259.00 ns, 2.5679 ns/op
OverheadActual   6: 2048 op, 5251.00 ns, 2.5640 ns/op
OverheadActual   7: 2048 op, 5450.00 ns, 2.6611 ns/op
OverheadActual   8: 2048 op, 5456.00 ns, 2.6641 ns/op
OverheadActual   9: 2048 op, 5443.00 ns, 2.6577 ns/op
OverheadActual  10: 2048 op, 5462.00 ns, 2.6670 ns/op
OverheadActual  11: 2048 op, 5465.00 ns, 2.6685 ns/op
OverheadActual  12: 2048 op, 5495.00 ns, 2.6831 ns/op
OverheadActual  13: 2048 op, 5481.00 ns, 2.6763 ns/op
OverheadActual  14: 2048 op, 5236.00 ns, 2.5566 ns/op
OverheadActual  15: 2048 op, 5227.00 ns, 2.5522 ns/op
OverheadActual  16: 2048 op, 5243.00 ns, 2.5601 ns/op
OverheadActual  17: 2048 op, 5241.00 ns, 2.5591 ns/op
OverheadActual  18: 2048 op, 5479.00 ns, 2.6753 ns/op
OverheadActual  19: 2048 op, 5461.00 ns, 2.6665 ns/op
OverheadActual  20: 2048 op, 5466.00 ns, 2.6689 ns/op

WorkloadWarmup   1: 2048 op, 702161443.00 ns, 342.8523 us/op
WorkloadWarmup   2: 2048 op, 701299497.00 ns, 342.4314 us/op
WorkloadWarmup   3: 2048 op, 702164471.00 ns, 342.8537 us/op

// BeforeActualRun
WorkloadActual   1: 2048 op, 699429720.00 ns, 341.5184 us/op
WorkloadActual   2: 2048 op, 697914891.00 ns, 340.7788 us/op
WorkloadActual   3: 2048 op, 701319117.00 ns, 342.4410 us/op

// AfterActualRun
WorkloadResult   1: 2048 op, 699424267.00 ns, 341.5158 us/op
WorkloadResult   2: 2048 op, 697909438.00 ns, 340.7761 us/op
WorkloadResult   3: 2048 op, 701313664.00 ns, 342.4383 us/op
// GC:  132 41 0 1111442416 2048
// Threading:  0 0 2048

// AfterAll
// Benchmark Process 2154 has exited with code 0.

Mean = 341.577 us, StdErr = 0.481 us (0.14%), N = 3, StdDev = 0.833 us
Min = 340.776 us, Q1 = 341.146 us, Median = 341.516 us, Q3 = 341.977 us, Max = 342.438 us
IQR = 0.831 us, LowerFence = 339.899 us, UpperFence = 343.224 us
ConfidenceInterval = [326.384 us; 356.770 us] (CI 99.9%), Margin = 15.193 us (4.45% of Mean)
Skewness = 0.07, Kurtosis = 0.67, MValue = 2

// ** Remained 57 (64.0 %) benchmark(s) to run. Estimated finish 2026-10-08 2:21 (0h 6m from now) **
// **************************
// Benchmark: PlutusUseCasesBenchmarks.DecodeAndEval: NativeAOT 10.0(Runtime=NativeAOT 10.0, Toolchain=Latest ILCompiler, IterationCount=3, LaunchCount=1, MinIterationCount=50, WarmupCount=3) [Script=future-pay-out-2]
// *** Execute ***
// Launch: 1 / 1
// Execute: /bench/chrysalis/benchmarks/PlutusBench/bin/Release/net10.0/PlutusBench-NativeAOT 10.0-1/bin/Release/net10.0/linux-x64/publish/PlutusBench-NativeAOT 10.0-1 --anonymousPipes 113 114 --benchmarkName "PlutusUseCasesBenchmarks.DecodeAndEval(Script: \"future-pay-out-2\")" --job "NativeAOT 10.0" --benchmarkId 32 in 
// BeforeAnythingElse

// Benchmark Process Environment Information:
// BenchmarkDotNet v0.15.8
// Runtime=.NET 10.0.12, X64 NativeAOT x86-64-v4
// GC=Concurrent Workstation
// HardwareIntrinsics=AVX512 IFMA+VBMI,AVX512 F+BW+CD+DQ+VL,AVX2+BMI1+BMI2+F16C+FMA+LZCNT+MOVBE,AVX,SSE3+SSSE3+SSE4.1+SSE4.2+POPCNT,X86Base+SSE+SSE2,AES+PCLMUL VectorSize=256
// Job: NativeAOT 10.0(IterationCount=3, LaunchCount=1, MinIterationCount=50, WarmupCount=3)

OverheadJitting  1: 1 op, 202.00 ns, 202.0000 ns/op
WorkloadJitting  1: 1 op, 962169.00 ns, 962.1690 us/op

OverheadJitting  2: 16 op, 315.00 ns, 19.6875 ns/op
WorkloadJitting  2: 16 op, 13046782.00 ns, 815.4239 us/op

WorkloadPilot    1: 16 op, 12709214.00 ns, 794.3259 us/op
WorkloadPilot    2: 32 op, 22211353.00 ns, 694.1048 us/op
WorkloadPilot    3: 64 op, 42250326.00 ns, 660.1613 us/op
WorkloadPilot    4: 128 op, 85650113.00 ns, 669.1415 us/op
WorkloadPilot    5: 256 op, 169891824.00 ns, 663.6399 us/op
WorkloadPilot    6: 512 op, 342944518.00 ns, 669.8135 us/op
WorkloadPilot    7: 1024 op, 680359730.00 ns, 664.4138 us/op

OverheadWarmup   1: 1024 op, 2654.00 ns, 2.5918 ns/op
OverheadWarmup   2: 1024 op, 2522.00 ns, 2.4629 ns/op
OverheadWarmup   3: 1024 op, 2490.00 ns, 2.4316 ns/op
OverheadWarmup   4: 1024 op, 2484.00 ns, 2.4258 ns/op
OverheadWarmup   5: 1024 op, 2485.00 ns, 2.4268 ns/op
OverheadWarmup   6: 1024 op, 2468.00 ns, 2.4102 ns/op
OverheadWarmup   7: 1024 op, 2531.00 ns, 2.4717 ns/op
OverheadWarmup   8: 1024 op, 2486.00 ns, 2.4277 ns/op

OverheadActual   1: 1024 op, 2519.00 ns, 2.4600 ns/op
OverheadActual   2: 1024 op, 2501.00 ns, 2.4424 ns/op
OverheadActual   3: 1024 op, 2536.00 ns, 2.4766 ns/op
OverheadActual   4: 1024 op, 2531.00 ns, 2.4717 ns/op
OverheadActual   5: 1024 op, 2537.00 ns, 2.4775 ns/op
OverheadActual   6: 1024 op, 2542.00 ns, 2.4824 ns/op
OverheadActual   7: 1024 op, 2531.00 ns, 2.4717 ns/op
OverheadActual   8: 1024 op, 2527.00 ns, 2.4678 ns/op
OverheadActual   9: 1024 op, 2516.00 ns, 2.4570 ns/op
OverheadActual  10: 1024 op, 2535.00 ns, 2.4756 ns/op
OverheadActual  11: 1024 op, 2637.00 ns, 2.5752 ns/op
OverheadActual  12: 1024 op, 2541.00 ns, 2.4814 ns/op
OverheadActual  13: 1024 op, 2667.00 ns, 2.6045 ns/op
OverheadActual  14: 1024 op, 2539.00 ns, 2.4795 ns/op
OverheadActual  15: 1024 op, 2628.00 ns, 2.5664 ns/op
OverheadActual  16: 1024 op, 2628.00 ns, 2.5664 ns/op
OverheadActual  17: 1024 op, 2532.00 ns, 2.4727 ns/op
OverheadActual  18: 1024 op, 2610.00 ns, 2.5488 ns/op
OverheadActual  19: 1024 op, 2626.00 ns, 2.5645 ns/op
OverheadActual  20: 1024 op, 2626.00 ns, 2.5645 ns/op

WorkloadWarmup   1: 1024 op, 685515769.00 ns, 669.4490 us/op
WorkloadWarmup   2: 1024 op, 684991789.00 ns, 668.9373 us/op
WorkloadWarmup   3: 1024 op, 686425860.00 ns, 670.3378 us/op

// BeforeActualRun
WorkloadActual   1: 1024 op, 680020207.00 ns, 664.0822 us/op
WorkloadActual   2: 1024 op, 679347297.00 ns, 663.4251 us/op
WorkloadActual   3: 1024 op, 681696740.00 ns, 665.7195 us/op

// AfterActualRun
WorkloadResult   1: 1024 op, 680017669.00 ns, 664.0798 us/op
WorkloadResult   2: 1024 op, 679344759.00 ns, 663.4226 us/op
WorkloadResult   3: 1024 op, 681694202.00 ns, 665.7170 us/op
// GC:  122 39 0 1025745904 1024
// Threading:  0 0 1024

// AfterAll
// Benchmark Process 2158 has exited with code 0.

Mean = 664.406 us, StdErr = 0.682 us (0.10%), N = 3, StdDev = 1.182 us
Min = 663.423 us, Q1 = 663.751 us, Median = 664.080 us, Q3 = 664.898 us, Max = 665.717 us
IQR = 1.147 us, LowerFence = 662.030 us, UpperFence = 666.619 us
ConfidenceInterval = [642.850 us; 685.963 us] (CI 99.9%), Margin = 21.556 us (3.24% of Mean)
Skewness = 0.26, Kurtosis = 0.67, MValue = 2

// ** Remained 56 (62.9 %) benchmark(s) to run. Estimated finish 2026-10-08 2:21 (0h 6m from now) **
// **************************
// Benchmark: PlutusUseCasesBenchmarks.DecodeAndEval: NativeAOT 10.0(Runtime=NativeAOT 10.0, Toolchain=Latest ILCompiler, IterationCount=3, LaunchCount=1, MinIterationCount=50, WarmupCount=3) [Script=future-pay-out-3]
// *** Execute ***
// Launch: 1 / 1
// Execute: /bench/chrysalis/benchmarks/PlutusBench/bin/Release/net10.0/PlutusBench-NativeAOT 10.0-1/bin/Release/net10.0/linux-x64/publish/PlutusBench-NativeAOT 10.0-1 --anonymousPipes 113 114 --benchmarkName "PlutusUseCasesBenchmarks.DecodeAndEval(Script: \"future-pay-out-3\")" --job "NativeAOT 10.0" --benchmarkId 33 in 
// BeforeAnythingElse

// Benchmark Process Environment Information:
// BenchmarkDotNet v0.15.8
// Runtime=.NET 10.0.12, X64 NativeAOT x86-64-v4
// GC=Concurrent Workstation
// HardwareIntrinsics=AVX512 IFMA+VBMI,AVX512 F+BW+CD+DQ+VL,AVX2+BMI1+BMI2+F16C+FMA+LZCNT+MOVBE,AVX,SSE3+SSSE3+SSE4.1+SSE4.2+POPCNT,X86Base+SSE+SSE2,AES+PCLMUL VectorSize=256
// Job: NativeAOT 10.0(IterationCount=3, LaunchCount=1, MinIterationCount=50, WarmupCount=3)

OverheadJitting  1: 1 op, 200.00 ns, 200.0000 ns/op
WorkloadJitting  1: 1 op, 917418.00 ns, 917.4180 us/op

OverheadJitting  2: 16 op, 301.00 ns, 18.8125 ns/op
WorkloadJitting  2: 16 op, 13128178.00 ns, 820.5111 us/op

WorkloadPilot    1: 16 op, 12576018.00 ns, 786.0011 us/op
WorkloadPilot    2: 32 op, 22426968.00 ns, 700.8428 us/op
WorkloadPilot    3: 64 op, 42199279.00 ns, 659.3637 us/op
WorkloadPilot    4: 128 op, 86008804.00 ns, 671.9438 us/op
WorkloadPilot    5: 256 op, 171249543.00 ns, 668.9435 us/op
WorkloadPilot    6: 512 op, 340627727.00 ns, 665.2885 us/op
WorkloadPilot    7: 1024 op, 682764546.00 ns, 666.7623 us/op

OverheadWarmup   1: 1024 op, 2898.00 ns, 2.8301 ns/op
OverheadWarmup   2: 1024 op, 2698.00 ns, 2.6348 ns/op
OverheadWarmup   3: 1024 op, 2680.00 ns, 2.6172 ns/op
OverheadWarmup   4: 1024 op, 2660.00 ns, 2.5977 ns/op
OverheadWarmup   5: 1024 op, 2647.00 ns, 2.5850 ns/op
OverheadWarmup   6: 1024 op, 2717.00 ns, 2.6533 ns/op
OverheadWarmup   7: 1024 op, 2753.00 ns, 2.6885 ns/op
OverheadWarmup   8: 1024 op, 2834.00 ns, 2.7676 ns/op
OverheadWarmup   9: 1024 op, 2685.00 ns, 2.6221 ns/op
OverheadWarmup  10: 1024 op, 2720.00 ns, 2.6563 ns/op

OverheadActual   1: 1024 op, 2724.00 ns, 2.6602 ns/op
OverheadActual   2: 1024 op, 2636.00 ns, 2.5742 ns/op
OverheadActual   3: 1024 op, 2667.00 ns, 2.6045 ns/op
OverheadActual   4: 1024 op, 2625.00 ns, 2.5635 ns/op
OverheadActual   5: 1024 op, 2660.00 ns, 2.5977 ns/op
OverheadActual   6: 1024 op, 2615.00 ns, 2.5537 ns/op
OverheadActual   7: 1024 op, 2594.00 ns, 2.5332 ns/op
OverheadActual   8: 1024 op, 2673.00 ns, 2.6104 ns/op
OverheadActual   9: 1024 op, 2673.00 ns, 2.6104 ns/op
OverheadActual  10: 1024 op, 2659.00 ns, 2.5967 ns/op
OverheadActual  11: 1024 op, 2665.00 ns, 2.6025 ns/op
OverheadActual  12: 1024 op, 2659.00 ns, 2.5967 ns/op
OverheadActual  13: 1024 op, 2696.00 ns, 2.6328 ns/op
OverheadActual  14: 1024 op, 2622.00 ns, 2.5605 ns/op
OverheadActual  15: 1024 op, 2634.00 ns, 2.5723 ns/op
OverheadActual  16: 1024 op, 2628.00 ns, 2.5664 ns/op
OverheadActual  17: 1024 op, 2619.00 ns, 2.5576 ns/op
OverheadActual  18: 1024 op, 2654.00 ns, 2.5918 ns/op
OverheadActual  19: 1024 op, 2672.00 ns, 2.6094 ns/op
OverheadActual  20: 1024 op, 2682.00 ns, 2.6191 ns/op

WorkloadWarmup   1: 1024 op, 686562451.00 ns, 670.4711 us/op
WorkloadWarmup   2: 1024 op, 688141437.00 ns, 672.0131 us/op
WorkloadWarmup   3: 1024 op, 793787042.00 ns, 775.1827 us/op

// BeforeActualRun
WorkloadActual   1: 1024 op, 834039568.00 ns, 814.4918 us/op
WorkloadActual   2: 1024 op, 815445189.00 ns, 796.3332 us/op
WorkloadActual   3: 1024 op, 685450661.00 ns, 669.3854 us/op

// AfterActualRun
WorkloadResult   1: 1024 op, 834036909.00 ns, 814.4892 us/op
WorkloadResult   2: 1024 op, 815442530.00 ns, 796.3306 us/op
WorkloadResult   3: 1024 op, 685448002.00 ns, 669.3828 us/op
// GC:  122 39 0 1025745904 1024
// Threading:  0 0 1024

// AfterAll
// Benchmark Process 2161 has exited with code 0.

Mean = 760.068 us, StdErr = 45.644 us (6.01%), N = 3, StdDev = 79.058 us
Min = 669.383 us, Q1 = 732.857 us, Median = 796.331 us, Q3 = 805.410 us, Max = 814.489 us
IQR = 72.553 us, LowerFence = 624.027 us, UpperFence = 914.240 us
ConfidenceInterval = [-682.251 us; 2,202.386 us] (CI 99.9%), Margin = 1,442.318 us (189.76% of Mean)
Skewness = -0.36, Kurtosis = 0.67, MValue = 2

// ** Remained 55 (61.8 %) benchmark(s) to run. Estimated finish 2026-10-08 2:21 (0h 6m from now) **
// **************************
// Benchmark: PlutusUseCasesBenchmarks.DecodeAndEval: NativeAOT 10.0(Runtime=NativeAOT 10.0, Toolchain=Latest ILCompiler, IterationCount=3, LaunchCount=1, MinIterationCount=50, WarmupCount=3) [Script=future-pay-out-4]
// *** Execute ***
// Launch: 1 / 1
// Execute: /bench/chrysalis/benchmarks/PlutusBench/bin/Release/net10.0/PlutusBench-NativeAOT 10.0-1/bin/Release/net10.0/linux-x64/publish/PlutusBench-NativeAOT 10.0-1 --anonymousPipes 113 114 --benchmarkName "PlutusUseCasesBenchmarks.DecodeAndEval(Script: \"future-pay-out-4\")" --job "NativeAOT 10.0" --benchmarkId 34 in 
// BeforeAnythingElse

// Benchmark Process Environment Information:
// BenchmarkDotNet v0.15.8
// Runtime=.NET 10.0.12, X64 NativeAOT x86-64-v4
// GC=Concurrent Workstation
// HardwareIntrinsics=AVX512 IFMA+VBMI,AVX512 F+BW+CD+DQ+VL,AVX2+BMI1+BMI2+F16C+FMA+LZCNT+MOVBE,AVX,SSE3+SSSE3+SSE4.1+SSE4.2+POPCNT,X86Base+SSE+SSE2,AES+PCLMUL VectorSize=256
// Job: NativeAOT 10.0(IterationCount=3, LaunchCount=1, MinIterationCount=50, WarmupCount=3)

OverheadJitting  1: 1 op, 218.00 ns, 218.0000 ns/op
WorkloadJitting  1: 1 op, 1728336.00 ns, 1.7283 ms/op

OverheadJitting  2: 16 op, 278.00 ns, 17.3750 ns/op
WorkloadJitting  2: 16 op, 22204832.00 ns, 1.3878 ms/op

WorkloadPilot    1: 16 op, 20323262.00 ns, 1.2702 ms/op
WorkloadPilot    2: 32 op, 36734060.00 ns, 1.1479 ms/op
WorkloadPilot    3: 64 op, 73355903.00 ns, 1.1462 ms/op
WorkloadPilot    4: 128 op, 147992170.00 ns, 1.1562 ms/op
WorkloadPilot    5: 256 op, 293099992.00 ns, 1.1449 ms/op
WorkloadPilot    6: 512 op, 590676237.00 ns, 1.1537 ms/op

OverheadWarmup   1: 512 op, 1525.00 ns, 2.9785 ns/op
OverheadWarmup   2: 512 op, 1346.00 ns, 2.6289 ns/op
OverheadWarmup   3: 512 op, 1294.00 ns, 2.5273 ns/op
OverheadWarmup   4: 512 op, 1317.00 ns, 2.5723 ns/op
OverheadWarmup   5: 512 op, 1308.00 ns, 2.5547 ns/op
OverheadWarmup   6: 512 op, 1372.00 ns, 2.6797 ns/op
OverheadWarmup   7: 512 op, 1408.00 ns, 2.7500 ns/op
OverheadWarmup   8: 512 op, 1348.00 ns, 2.6328 ns/op

OverheadActual   1: 512 op, 1318.00 ns, 2.5742 ns/op
OverheadActual   2: 512 op, 1326.00 ns, 2.5898 ns/op
OverheadActual   3: 512 op, 1312.00 ns, 2.5625 ns/op
OverheadActual   4: 512 op, 1285.00 ns, 2.5098 ns/op
OverheadActual   5: 512 op, 1316.00 ns, 2.5703 ns/op
OverheadActual   6: 512 op, 1384.00 ns, 2.7031 ns/op
OverheadActual   7: 512 op, 1371.00 ns, 2.6777 ns/op
OverheadActual   8: 512 op, 1372.00 ns, 2.6797 ns/op
OverheadActual   9: 512 op, 1420.00 ns, 2.7734 ns/op
OverheadActual  10: 512 op, 1373.00 ns, 2.6816 ns/op
OverheadActual  11: 512 op, 1411.00 ns, 2.7559 ns/op
OverheadActual  12: 512 op, 1368.00 ns, 2.6719 ns/op
OverheadActual  13: 512 op, 1354.00 ns, 2.6445 ns/op
OverheadActual  14: 512 op, 1401.00 ns, 2.7363 ns/op
OverheadActual  15: 512 op, 1450.00 ns, 2.8320 ns/op
OverheadActual  16: 512 op, 1407.00 ns, 2.7480 ns/op
OverheadActual  17: 512 op, 1364.00 ns, 2.6641 ns/op
OverheadActual  18: 512 op, 1423.00 ns, 2.7793 ns/op
OverheadActual  19: 512 op, 1350.00 ns, 2.6367 ns/op
OverheadActual  20: 512 op, 1411.00 ns, 2.7559 ns/op

WorkloadWarmup   1: 512 op, 594910797.00 ns, 1.1619 ms/op
WorkloadWarmup   2: 512 op, 594022867.00 ns, 1.1602 ms/op
WorkloadWarmup   3: 512 op, 592062115.00 ns, 1.1564 ms/op

// BeforeActualRun
WorkloadActual   1: 512 op, 590341081.00 ns, 1.1530 ms/op
WorkloadActual   2: 512 op, 589564545.00 ns, 1.1515 ms/op
WorkloadActual   3: 512 op, 590121911.00 ns, 1.1526 ms/op

// AfterActualRun
WorkloadResult   1: 512 op, 590339709.50 ns, 1.1530 ms/op
WorkloadResult   2: 512 op, 589563173.50 ns, 1.1515 ms/op
WorkloadResult   3: 512 op, 590120539.50 ns, 1.1526 ms/op
// GC:  87 40 0 729883968 512
// Threading:  0 0 512

// AfterAll
// Benchmark Process 2165 has exited with code 0.

Mean = 1.152 ms, StdErr = 0.000 ms (0.04%), N = 3, StdDev = 0.001 ms
Min = 1.151 ms, Q1 = 1.152 ms, Median = 1.153 ms, Q3 = 1.153 ms, Max = 1.153 ms
IQR = 0.001 ms, LowerFence = 1.151 ms, UpperFence = 1.154 ms
ConfidenceInterval = [1.138 ms; 1.167 ms] (CI 99.9%), Margin = 0.014 ms (1.24% of Mean)
Skewness = -0.26, Kurtosis = 0.67, MValue = 2

// ** Remained 54 (60.7 %) benchmark(s) to run. Estimated finish 2026-10-08 2:21 (0h 5m from now) **
// **************************
// Benchmark: PlutusUseCasesBenchmarks.DecodeAndEval: NativeAOT 10.0(Runtime=NativeAOT 10.0, Toolchain=Latest ILCompiler, IterationCount=3, LaunchCount=1, MinIterationCount=50, WarmupCount=3) [Script=future-settle-early-1]
// *** Execute ***
// Launch: 1 / 1
// Execute: /bench/chrysalis/benchmarks/PlutusBench/bin/Release/net10.0/PlutusBench-NativeAOT 10.0-1/bin/Release/net10.0/linux-x64/publish/PlutusBench-NativeAOT 10.0-1 --anonymousPipes 113 114 --benchmarkName "PlutusUseCasesBenchmarks.DecodeAndEval(Script: \"future-settle-early-1\")" --job "NativeAOT 10.0" --benchmarkId 35 in 
// BeforeAnythingElse

// Benchmark Process Environment Information:
// BenchmarkDotNet v0.15.8
// Runtime=.NET 10.0.12, X64 NativeAOT x86-64-v4
// GC=Concurrent Workstation
// HardwareIntrinsics=AVX512 IFMA+VBMI,AVX512 F+BW+CD+DQ+VL,AVX2+BMI1+BMI2+F16C+FMA+LZCNT+MOVBE,AVX,SSE3+SSSE3+SSE4.1+SSE4.2+POPCNT,X86Base+SSE+SSE2,AES+PCLMUL VectorSize=256
// Job: NativeAOT 10.0(IterationCount=3, LaunchCount=1, MinIterationCount=50, WarmupCount=3)

OverheadJitting  1: 1 op, 285.00 ns, 285.0000 ns/op
WorkloadJitting  1: 1 op, 510311.00 ns, 510.3110 us/op

OverheadJitting  2: 16 op, 293.00 ns, 18.3125 ns/op
WorkloadJitting  2: 16 op, 8143354.00 ns, 508.9596 us/op

WorkloadPilot    1: 16 op, 6871193.00 ns, 429.4496 us/op
WorkloadPilot    2: 32 op, 12003621.00 ns, 375.1132 us/op
WorkloadPilot    3: 64 op, 22922149.00 ns, 358.1586 us/op
WorkloadPilot    4: 128 op, 43811102.00 ns, 342.2742 us/op
WorkloadPilot    5: 256 op, 86811134.00 ns, 339.1060 us/op
WorkloadPilot    6: 512 op, 174769420.00 ns, 341.3465 us/op
WorkloadPilot    7: 1024 op, 350009977.00 ns, 341.8066 us/op
WorkloadPilot    8: 2048 op, 696488071.00 ns, 340.0821 us/op

OverheadWarmup   1: 2048 op, 5765.00 ns, 2.8149 ns/op
OverheadWarmup   2: 2048 op, 5181.00 ns, 2.5298 ns/op
OverheadWarmup   3: 2048 op, 5111.00 ns, 2.4956 ns/op
OverheadWarmup   4: 2048 op, 5125.00 ns, 2.5024 ns/op
OverheadWarmup   5: 2048 op, 5149.00 ns, 2.5142 ns/op
OverheadWarmup   6: 2048 op, 5059.00 ns, 2.4702 ns/op
OverheadWarmup   7: 2048 op, 5365.00 ns, 2.6196 ns/op
OverheadWarmup   8: 2048 op, 5186.00 ns, 2.5322 ns/op

OverheadActual   1: 2048 op, 5210.00 ns, 2.5439 ns/op
OverheadActual   2: 2048 op, 5153.00 ns, 2.5161 ns/op
OverheadActual   3: 2048 op, 5147.00 ns, 2.5132 ns/op
OverheadActual   4: 2048 op, 5126.00 ns, 2.5029 ns/op
OverheadActual   5: 2048 op, 5025.00 ns, 2.4536 ns/op
OverheadActual   6: 2048 op, 5185.00 ns, 2.5317 ns/op
OverheadActual   7: 2048 op, 5390.00 ns, 2.6318 ns/op
OverheadActual   8: 2048 op, 5150.00 ns, 2.5146 ns/op
OverheadActual   9: 2048 op, 5236.00 ns, 2.5566 ns/op
OverheadActual  10: 2048 op, 5155.00 ns, 2.5171 ns/op
OverheadActual  11: 2048 op, 5129.00 ns, 2.5044 ns/op
OverheadActual  12: 2048 op, 5177.00 ns, 2.5278 ns/op
OverheadActual  13: 2048 op, 5370.00 ns, 2.6221 ns/op
OverheadActual  14: 2048 op, 5185.00 ns, 2.5317 ns/op
OverheadActual  15: 2048 op, 5397.00 ns, 2.6353 ns/op
OverheadActual  16: 2048 op, 5450.00 ns, 2.6611 ns/op
OverheadActual  17: 2048 op, 5370.00 ns, 2.6221 ns/op
OverheadActual  18: 2048 op, 5070.00 ns, 2.4756 ns/op
OverheadActual  19: 2048 op, 5176.00 ns, 2.5273 ns/op
OverheadActual  20: 2048 op, 5387.00 ns, 2.6304 ns/op

WorkloadWarmup   1: 2048 op, 703963349.00 ns, 343.7321 us/op
WorkloadWarmup   2: 2048 op, 699202595.00 ns, 341.4075 us/op
WorkloadWarmup   3: 2048 op, 699860665.00 ns, 341.7288 us/op

// BeforeActualRun
WorkloadActual   1: 2048 op, 696784696.00 ns, 340.2269 us/op
WorkloadActual   2: 2048 op, 697093673.00 ns, 340.3778 us/op
WorkloadActual   3: 2048 op, 699274328.00 ns, 341.4425 us/op

// AfterActualRun
WorkloadResult   1: 2048 op, 696779515.00 ns, 340.2244 us/op
WorkloadResult   2: 2048 op, 697088492.00 ns, 340.3752 us/op
WorkloadResult   3: 2048 op, 699269147.00 ns, 341.4400 us/op
// GC:  132 41 0 1111442416 2048
// Threading:  0 0 2048

// AfterAll
// Benchmark Process 2168 has exited with code 0.

Mean = 340.680 us, StdErr = 0.383 us (0.11%), N = 3, StdDev = 0.663 us
Min = 340.224 us, Q1 = 340.300 us, Median = 340.375 us, Q3 = 340.908 us, Max = 341.440 us
IQR = 0.608 us, LowerFence = 339.388 us, UpperFence = 341.819 us
ConfidenceInterval = [328.591 us; 352.768 us] (CI 99.9%), Margin = 12.088 us (3.55% of Mean)
Skewness = 0.36, Kurtosis = 0.67, MValue = 2

// ** Remained 53 (59.6 %) benchmark(s) to run. Estimated finish 2026-10-08 2:21 (0h 5m from now) **
// **************************
// Benchmark: PlutusUseCasesBenchmarks.DecodeAndEval: NativeAOT 10.0(Runtime=NativeAOT 10.0, Toolchain=Latest ILCompiler, IterationCount=3, LaunchCount=1, MinIterationCount=50, WarmupCount=3) [Script=future-settle-early-2]
// *** Execute ***
// Launch: 1 / 1
// Execute: /bench/chrysalis/benchmarks/PlutusBench/bin/Release/net10.0/PlutusBench-NativeAOT 10.0-1/bin/Release/net10.0/linux-x64/publish/PlutusBench-NativeAOT 10.0-1 --anonymousPipes 113 114 --benchmarkName "PlutusUseCasesBenchmarks.DecodeAndEval(Script: \"future-settle-early-2\")" --job "NativeAOT 10.0" --benchmarkId 36 in 
// BeforeAnythingElse

// Benchmark Process Environment Information:
// BenchmarkDotNet v0.15.8
// Runtime=.NET 10.0.12, X64 NativeAOT x86-64-v4
// GC=Concurrent Workstation
// HardwareIntrinsics=AVX512 IFMA+VBMI,AVX512 F+BW+CD+DQ+VL,AVX2+BMI1+BMI2+F16C+FMA+LZCNT+MOVBE,AVX,SSE3+SSSE3+SSE4.1+SSE4.2+POPCNT,X86Base+SSE+SSE2,AES+PCLMUL VectorSize=256
// Job: NativeAOT 10.0(IterationCount=3, LaunchCount=1, MinIterationCount=50, WarmupCount=3)

OverheadJitting  1: 1 op, 211.00 ns, 211.0000 ns/op
WorkloadJitting  1: 1 op, 970797.00 ns, 970.7970 us/op

OverheadJitting  2: 16 op, 286.00 ns, 17.8750 ns/op
WorkloadJitting  2: 16 op, 13124999.00 ns, 820.3124 us/op

WorkloadPilot    1: 16 op, 12557770.00 ns, 784.8606 us/op
WorkloadPilot    2: 32 op, 22287175.00 ns, 696.4742 us/op
WorkloadPilot    3: 64 op, 42185311.00 ns, 659.1455 us/op
WorkloadPilot    4: 128 op, 87056141.00 ns, 680.1261 us/op
WorkloadPilot    5: 256 op, 169964305.00 ns, 663.9231 us/op
WorkloadPilot    6: 512 op, 341265389.00 ns, 666.5340 us/op
WorkloadPilot    7: 1024 op, 681723697.00 ns, 665.7458 us/op

OverheadWarmup   1: 1024 op, 2719.00 ns, 2.6553 ns/op
OverheadWarmup   2: 1024 op, 2475.00 ns, 2.4170 ns/op
OverheadWarmup   3: 1024 op, 2479.00 ns, 2.4209 ns/op
OverheadWarmup   4: 1024 op, 2476.00 ns, 2.4180 ns/op
OverheadWarmup   5: 1024 op, 2508.00 ns, 2.4492 ns/op
OverheadWarmup   6: 1024 op, 2444.00 ns, 2.3867 ns/op

OverheadActual   1: 1024 op, 2528.00 ns, 2.4688 ns/op
OverheadActual   2: 1024 op, 2609.00 ns, 2.5479 ns/op
OverheadActual   3: 1024 op, 2444.00 ns, 2.3867 ns/op
OverheadActual   4: 1024 op, 2450.00 ns, 2.3926 ns/op
OverheadActual   5: 1024 op, 2511.00 ns, 2.4521 ns/op
OverheadActual   6: 1024 op, 2432.00 ns, 2.3750 ns/op
OverheadActual   7: 1024 op, 2497.00 ns, 2.4385 ns/op
OverheadActual   8: 1024 op, 2502.00 ns, 2.4434 ns/op
OverheadActual   9: 1024 op, 2494.00 ns, 2.4355 ns/op
OverheadActual  10: 1024 op, 2432.00 ns, 2.3750 ns/op
OverheadActual  11: 1024 op, 2461.00 ns, 2.4033 ns/op
OverheadActual  12: 1024 op, 2492.00 ns, 2.4336 ns/op
OverheadActual  13: 1024 op, 2514.00 ns, 2.4551 ns/op
OverheadActual  14: 1024 op, 2501.00 ns, 2.4424 ns/op
OverheadActual  15: 1024 op, 2593.00 ns, 2.5322 ns/op
OverheadActual  16: 1024 op, 2493.00 ns, 2.4346 ns/op
OverheadActual  17: 1024 op, 2490.00 ns, 2.4316 ns/op
OverheadActual  18: 1024 op, 2472.00 ns, 2.4141 ns/op
OverheadActual  19: 1024 op, 2446.00 ns, 2.3887 ns/op
OverheadActual  20: 1024 op, 2490.00 ns, 2.4316 ns/op

WorkloadWarmup   1: 1024 op, 684910794.00 ns, 668.8582 us/op
WorkloadWarmup   2: 1024 op, 683765226.00 ns, 667.7395 us/op
WorkloadWarmup   3: 1024 op, 684730401.00 ns, 668.6820 us/op

// BeforeActualRun
WorkloadActual   1: 1024 op, 682663221.00 ns, 666.6633 us/op
WorkloadActual   2: 1024 op, 681475374.00 ns, 665.5033 us/op
WorkloadActual   3: 1024 op, 682432344.00 ns, 666.4378 us/op

// AfterActualRun
WorkloadResult   1: 1024 op, 682660728.50 ns, 666.6609 us/op
WorkloadResult   2: 1024 op, 681472881.50 ns, 665.5009 us/op
WorkloadResult   3: 1024 op, 682429851.50 ns, 666.4354 us/op
// GC:  122 40 0 1025752096 1024
// Threading:  0 0 1024

// AfterAll
// Benchmark Process 2172 has exited with code 0.

Mean = 666.199 us, StdErr = 0.355 us (0.05%), N = 3, StdDev = 0.615 us
Min = 665.501 us, Q1 = 665.968 us, Median = 666.435 us, Q3 = 666.548 us, Max = 666.661 us
IQR = 0.580 us, LowerFence = 665.098 us, UpperFence = 667.418 us
ConfidenceInterval = [654.978 us; 677.420 us] (CI 99.9%), Margin = 11.221 us (1.68% of Mean)
Skewness = -0.33, Kurtosis = 0.67, MValue = 2

// ** Remained 52 (58.4 %) benchmark(s) to run. Estimated finish 2026-10-08 2:21 (0h 5m from now) **
// **************************
// Benchmark: PlutusUseCasesBenchmarks.DecodeAndEval: NativeAOT 10.0(Runtime=NativeAOT 10.0, Toolchain=Latest ILCompiler, IterationCount=3, LaunchCount=1, MinIterationCount=50, WarmupCount=3) [Script=future-settle-early-3]
// *** Execute ***
// Launch: 1 / 1
// Execute: /bench/chrysalis/benchmarks/PlutusBench/bin/Release/net10.0/PlutusBench-NativeAOT 10.0-1/bin/Release/net10.0/linux-x64/publish/PlutusBench-NativeAOT 10.0-1 --anonymousPipes 113 114 --benchmarkName "PlutusUseCasesBenchmarks.DecodeAndEval(Script: \"future-settle-early-3\")" --job "NativeAOT 10.0" --benchmarkId 37 in 
// BeforeAnythingElse

// Benchmark Process Environment Information:
// BenchmarkDotNet v0.15.8
// Runtime=.NET 10.0.12, X64 NativeAOT x86-64-v4
// GC=Concurrent Workstation
// HardwareIntrinsics=AVX512 IFMA+VBMI,AVX512 F+BW+CD+DQ+VL,AVX2+BMI1+BMI2+F16C+FMA+LZCNT+MOVBE,AVX,SSE3+SSSE3+SSE4.1+SSE4.2+POPCNT,X86Base+SSE+SSE2,AES+PCLMUL VectorSize=256
// Job: NativeAOT 10.0(IterationCount=3, LaunchCount=1, MinIterationCount=50, WarmupCount=3)

OverheadJitting  1: 1 op, 308.00 ns, 308.0000 ns/op
WorkloadJitting  1: 1 op, 996003.00 ns, 996.0030 us/op

OverheadJitting  2: 16 op, 282.00 ns, 17.6250 ns/op
WorkloadJitting  2: 16 op, 13430609.00 ns, 839.4131 us/op

WorkloadPilot    1: 16 op, 12732837.00 ns, 795.8023 us/op
WorkloadPilot    2: 32 op, 22242969.00 ns, 695.0928 us/op
WorkloadPilot    3: 64 op, 41920757.00 ns, 655.0118 us/op
WorkloadPilot    4: 128 op, 86017328.00 ns, 672.0104 us/op
WorkloadPilot    5: 256 op, 170223696.00 ns, 664.9363 us/op
WorkloadPilot    6: 512 op, 341991634.00 ns, 667.9524 us/op
WorkloadPilot    7: 1024 op, 681078517.00 ns, 665.1157 us/op

OverheadWarmup   1: 1024 op, 2888.00 ns, 2.8203 ns/op
OverheadWarmup   2: 1024 op, 10796.00 ns, 10.5430 ns/op
OverheadWarmup   3: 1024 op, 2655.00 ns, 2.5928 ns/op
OverheadWarmup   4: 1024 op, 2672.00 ns, 2.6094 ns/op
OverheadWarmup   5: 1024 op, 2711.00 ns, 2.6475 ns/op
OverheadWarmup   6: 1024 op, 2686.00 ns, 2.6230 ns/op

OverheadActual   1: 1024 op, 2701.00 ns, 2.6377 ns/op
OverheadActual   2: 1024 op, 2680.00 ns, 2.6172 ns/op
OverheadActual   3: 1024 op, 2667.00 ns, 2.6045 ns/op
OverheadActual   4: 1024 op, 2640.00 ns, 2.5781 ns/op
OverheadActual   5: 1024 op, 2699.00 ns, 2.6357 ns/op
OverheadActual   6: 1024 op, 2629.00 ns, 2.5674 ns/op
OverheadActual   7: 1024 op, 2760.00 ns, 2.6953 ns/op
OverheadActual   8: 1024 op, 2779.00 ns, 2.7139 ns/op
OverheadActual   9: 1024 op, 2837.00 ns, 2.7705 ns/op
OverheadActual  10: 1024 op, 2714.00 ns, 2.6504 ns/op
OverheadActual  11: 1024 op, 2680.00 ns, 2.6172 ns/op
OverheadActual  12: 1024 op, 2705.00 ns, 2.6416 ns/op
OverheadActual  13: 1024 op, 2694.00 ns, 2.6309 ns/op
OverheadActual  14: 1024 op, 2693.00 ns, 2.6299 ns/op
OverheadActual  15: 1024 op, 2697.00 ns, 2.6338 ns/op
OverheadActual  16: 1024 op, 2838.00 ns, 2.7715 ns/op
OverheadActual  17: 1024 op, 2792.00 ns, 2.7266 ns/op
OverheadActual  18: 1024 op, 2707.00 ns, 2.6436 ns/op
OverheadActual  19: 1024 op, 2713.00 ns, 2.6494 ns/op
OverheadActual  20: 1024 op, 2682.00 ns, 2.6191 ns/op

WorkloadWarmup   1: 1024 op, 686191463.00 ns, 670.1089 us/op
WorkloadWarmup   2: 1024 op, 768441471.00 ns, 750.4311 us/op
WorkloadWarmup   3: 1024 op, 852312303.00 ns, 832.3362 us/op

// BeforeActualRun
WorkloadActual   1: 1024 op, 844756099.00 ns, 824.9571 us/op
WorkloadActual   2: 1024 op, 685260670.00 ns, 669.1999 us/op
WorkloadActual   3: 1024 op, 679506095.00 ns, 663.5802 us/op

// AfterActualRun
WorkloadResult   1: 1024 op, 844753399.00 ns, 824.9545 us/op
WorkloadResult   2: 1024 op, 685257970.00 ns, 669.1972 us/op
WorkloadResult   3: 1024 op, 679503395.00 ns, 663.5775 us/op
// GC:  122 39 0 1025745904 1024
// Threading:  0 0 1024

// AfterAll
// Benchmark Process 2176 has exited with code 0.

Mean = 719.243 us, StdErr = 52.881 us (7.35%), N = 3, StdDev = 91.592 us
Min = 663.578 us, Q1 = 666.387 us, Median = 669.197 us, Q3 = 747.076 us, Max = 824.954 us
IQR = 80.688 us, LowerFence = 545.355 us, UpperFence = 868.109 us
ConfidenceInterval = [-951.734 us; 2,390.220 us] (CI 99.9%), Margin = 1,670.977 us (232.32% of Mean)
Skewness = 0.38, Kurtosis = 0.67, MValue = 2

// ** Remained 51 (57.3 %) benchmark(s) to run. Estimated finish 2026-10-08 2:21 (0h 5m from now) **
// **************************
// Benchmark: PlutusUseCasesBenchmarks.DecodeAndEval: NativeAOT 10.0(Runtime=NativeAOT 10.0, Toolchain=Latest ILCompiler, IterationCount=3, LaunchCount=1, MinIterationCount=50, WarmupCount=3) [Script=future-settle-early-4]
// *** Execute ***
// Launch: 1 / 1
// Execute: /bench/chrysalis/benchmarks/PlutusBench/bin/Release/net10.0/PlutusBench-NativeAOT 10.0-1/bin/Release/net10.0/linux-x64/publish/PlutusBench-NativeAOT 10.0-1 --anonymousPipes 113 114 --benchmarkName "PlutusUseCasesBenchmarks.DecodeAndEval(Script: \"future-settle-early-4\")" --job "NativeAOT 10.0" --benchmarkId 38 in 
// BeforeAnythingElse

// Benchmark Process Environment Information:
// BenchmarkDotNet v0.15.8
// Runtime=.NET 10.0.12, X64 NativeAOT x86-64-v4
// GC=Concurrent Workstation
// HardwareIntrinsics=AVX512 IFMA+VBMI,AVX512 F+BW+CD+DQ+VL,AVX2+BMI1+BMI2+F16C+FMA+LZCNT+MOVBE,AVX,SSE3+SSSE3+SSE4.1+SSE4.2+POPCNT,X86Base+SSE+SSE2,AES+PCLMUL VectorSize=256
// Job: NativeAOT 10.0(IterationCount=3, LaunchCount=1, MinIterationCount=50, WarmupCount=3)

OverheadJitting  1: 1 op, 243.00 ns, 243.0000 ns/op
WorkloadJitting  1: 1 op, 1351782.00 ns, 1.3518 ms/op

OverheadJitting  2: 16 op, 274.00 ns, 17.1250 ns/op
WorkloadJitting  2: 16 op, 17860633.00 ns, 1.1163 ms/op

WorkloadPilot    1: 16 op, 17537100.00 ns, 1.0961 ms/op
WorkloadPilot    2: 32 op, 31141580.00 ns, 973.1744 us/op
WorkloadPilot    3: 64 op, 58945370.00 ns, 921.0214 us/op
WorkloadPilot    4: 128 op, 117106138.00 ns, 914.8917 us/op
WorkloadPilot    5: 256 op, 234262468.00 ns, 915.0878 us/op
WorkloadPilot    6: 512 op, 467202327.00 ns, 912.5045 us/op
WorkloadPilot    7: 1024 op, 934055437.00 ns, 912.1635 us/op

OverheadWarmup   1: 1024 op, 2744.00 ns, 2.6797 ns/op
OverheadWarmup   2: 1024 op, 2606.00 ns, 2.5449 ns/op
OverheadWarmup   3: 1024 op, 2604.00 ns, 2.5430 ns/op
OverheadWarmup   4: 1024 op, 2568.00 ns, 2.5078 ns/op
OverheadWarmup   5: 1024 op, 2568.00 ns, 2.5078 ns/op
OverheadWarmup   6: 1024 op, 2606.00 ns, 2.5449 ns/op
OverheadWarmup   7: 1024 op, 2587.00 ns, 2.5264 ns/op
OverheadWarmup   8: 1024 op, 2698.00 ns, 2.6348 ns/op

OverheadActual   1: 1024 op, 2724.00 ns, 2.6602 ns/op
OverheadActual   2: 1024 op, 2596.00 ns, 2.5352 ns/op
OverheadActual   3: 1024 op, 2620.00 ns, 2.5586 ns/op
OverheadActual   4: 1024 op, 2614.00 ns, 2.5527 ns/op
OverheadActual   5: 1024 op, 2618.00 ns, 2.5566 ns/op
OverheadActual   6: 1024 op, 2620.00 ns, 2.5586 ns/op
OverheadActual   7: 1024 op, 2621.00 ns, 2.5596 ns/op
OverheadActual   8: 1024 op, 2703.00 ns, 2.6396 ns/op
OverheadActual   9: 1024 op, 2592.00 ns, 2.5313 ns/op
OverheadActual  10: 1024 op, 2598.00 ns, 2.5371 ns/op
OverheadActual  11: 1024 op, 2601.00 ns, 2.5400 ns/op
OverheadActual  12: 1024 op, 2585.00 ns, 2.5244 ns/op
OverheadActual  13: 1024 op, 2609.00 ns, 2.5479 ns/op
OverheadActual  14: 1024 op, 2631.00 ns, 2.5693 ns/op
OverheadActual  15: 1024 op, 2719.00 ns, 2.6553 ns/op
OverheadActual  16: 1024 op, 2595.00 ns, 2.5342 ns/op
OverheadActual  17: 1024 op, 2730.00 ns, 2.6660 ns/op
OverheadActual  18: 1024 op, 2625.00 ns, 2.5635 ns/op
OverheadActual  19: 1024 op, 2623.00 ns, 2.5615 ns/op
OverheadActual  20: 1024 op, 2621.00 ns, 2.5596 ns/op

WorkloadWarmup   1: 1024 op, 937814683.00 ns, 915.8347 us/op
WorkloadWarmup   2: 1024 op, 936223497.00 ns, 914.2808 us/op
WorkloadWarmup   3: 1024 op, 934063402.00 ns, 912.1713 us/op

// BeforeActualRun
WorkloadActual   1: 1024 op, 933165726.00 ns, 911.2947 us/op
WorkloadActual   2: 1024 op, 933055492.00 ns, 911.1870 us/op
WorkloadActual   3: 1024 op, 933063597.00 ns, 911.1949 us/op

// AfterActualRun
WorkloadResult   1: 1024 op, 933163106.00 ns, 911.2921 us/op
WorkloadResult   2: 1024 op, 933052872.00 ns, 911.1844 us/op
WorkloadResult   3: 1024 op, 933060977.00 ns, 911.1924 us/op
// GC:  143 62 0 1201235264 1024
// Threading:  0 0 1024

// AfterAll
// Benchmark Process 2178 has exited with code 0.

Mean = 911.223 us, StdErr = 0.035 us (0.00%), N = 3, StdDev = 0.060 us
Min = 911.184 us, Q1 = 911.188 us, Median = 911.192 us, Q3 = 911.242 us, Max = 911.292 us
IQR = 0.054 us, LowerFence = 911.108 us, UpperFence = 911.323 us
ConfidenceInterval = [910.128 us; 912.318 us] (CI 99.9%), Margin = 1.095 us (0.12% of Mean)
Skewness = 0.38, Kurtosis = 0.67, MValue = 2

// ** Remained 50 (56.2 %) benchmark(s) to run. Estimated finish 2026-10-08 2:21 (0h 5m from now) **
// **************************
// Benchmark: PlutusUseCasesBenchmarks.DecodeAndEval: NativeAOT 10.0(Runtime=NativeAOT 10.0, Toolchain=Latest ILCompiler, IterationCount=3, LaunchCount=1, MinIterationCount=50, WarmupCount=3) [Script=game-sm-success_1-1]
// *** Execute ***
// Launch: 1 / 1
// Execute: /bench/chrysalis/benchmarks/PlutusBench/bin/Release/net10.0/PlutusBench-NativeAOT 10.0-1/bin/Release/net10.0/linux-x64/publish/PlutusBench-NativeAOT 10.0-1 --anonymousPipes 113 114 --benchmarkName "PlutusUseCasesBenchmarks.DecodeAndEval(Script: \"game-sm-success_1-1\")" --job "NativeAOT 10.0" --benchmarkId 39 in 
// BeforeAnythingElse

// Benchmark Process Environment Information:
// BenchmarkDotNet v0.15.8
// Runtime=.NET 10.0.12, X64 NativeAOT x86-64-v4
// GC=Concurrent Workstation
// HardwareIntrinsics=AVX512 IFMA+VBMI,AVX512 F+BW+CD+DQ+VL,AVX2+BMI1+BMI2+F16C+FMA+LZCNT+MOVBE,AVX,SSE3+SSSE3+SSE4.1+SSE4.2+POPCNT,X86Base+SSE+SSE2,AES+PCLMUL VectorSize=256
// Job: NativeAOT 10.0(IterationCount=3, LaunchCount=1, MinIterationCount=50, WarmupCount=3)

OverheadJitting  1: 1 op, 199.00 ns, 199.0000 ns/op
WorkloadJitting  1: 1 op, 818197.00 ns, 818.1970 us/op

OverheadJitting  2: 16 op, 352.00 ns, 22.0000 ns/op
WorkloadJitting  2: 16 op, 11521387.00 ns, 720.0867 us/op

WorkloadPilot    1: 16 op, 10721748.00 ns, 670.1093 us/op
WorkloadPilot    2: 32 op, 20070006.00 ns, 627.1877 us/op
WorkloadPilot    3: 64 op, 35862843.00 ns, 560.3569 us/op
WorkloadPilot    4: 128 op, 73442559.00 ns, 573.7700 us/op
WorkloadPilot    5: 256 op, 145018338.00 ns, 566.4779 us/op
WorkloadPilot    6: 512 op, 294689783.00 ns, 575.5660 us/op
WorkloadPilot    7: 1024 op, 585736522.00 ns, 572.0083 us/op

OverheadWarmup   1: 1024 op, 2932.00 ns, 2.8633 ns/op
OverheadWarmup   2: 1024 op, 2689.00 ns, 2.6260 ns/op
OverheadWarmup   3: 1024 op, 2691.00 ns, 2.6279 ns/op
OverheadWarmup   4: 1024 op, 2698.00 ns, 2.6348 ns/op
OverheadWarmup   5: 1024 op, 2669.00 ns, 2.6064 ns/op
OverheadWarmup   6: 1024 op, 2635.00 ns, 2.5732 ns/op
OverheadWarmup   7: 1024 op, 2689.00 ns, 2.6260 ns/op
OverheadWarmup   8: 1024 op, 2729.00 ns, 2.6650 ns/op
OverheadWarmup   9: 1024 op, 2662.00 ns, 2.5996 ns/op

OverheadActual   1: 1024 op, 2630.00 ns, 2.5684 ns/op
OverheadActual   2: 1024 op, 2613.00 ns, 2.5518 ns/op
OverheadActual   3: 1024 op, 2727.00 ns, 2.6631 ns/op
OverheadActual   4: 1024 op, 2659.00 ns, 2.5967 ns/op
OverheadActual   5: 1024 op, 2720.00 ns, 2.6563 ns/op
OverheadActual   6: 1024 op, 2813.00 ns, 2.7471 ns/op
OverheadActual   7: 1024 op, 2822.00 ns, 2.7559 ns/op
OverheadActual   8: 1024 op, 2846.00 ns, 2.7793 ns/op
OverheadActual   9: 1024 op, 2666.00 ns, 2.6035 ns/op
OverheadActual  10: 1024 op, 2692.00 ns, 2.6289 ns/op
OverheadActual  11: 1024 op, 2696.00 ns, 2.6328 ns/op
OverheadActual  12: 1024 op, 2697.00 ns, 2.6338 ns/op
OverheadActual  13: 1024 op, 2811.00 ns, 2.7451 ns/op
OverheadActual  14: 1024 op, 2895.00 ns, 2.8271 ns/op
OverheadActual  15: 1024 op, 2805.00 ns, 2.7393 ns/op
OverheadActual  16: 1024 op, 2856.00 ns, 2.7891 ns/op
OverheadActual  17: 1024 op, 2702.00 ns, 2.6387 ns/op
OverheadActual  18: 1024 op, 2841.00 ns, 2.7744 ns/op
OverheadActual  19: 1024 op, 2712.00 ns, 2.6484 ns/op
OverheadActual  20: 1024 op, 2826.00 ns, 2.7598 ns/op

WorkloadWarmup   1: 1024 op, 589464251.00 ns, 575.6487 us/op
WorkloadWarmup   2: 1024 op, 589779938.00 ns, 575.9570 us/op
WorkloadWarmup   3: 1024 op, 587939434.00 ns, 574.1596 us/op

// BeforeActualRun
WorkloadActual   1: 1024 op, 585741000.00 ns, 572.0127 us/op
WorkloadActual   2: 1024 op, 586542700.00 ns, 572.7956 us/op
WorkloadActual   3: 1024 op, 586412361.00 ns, 572.6683 us/op

// AfterActualRun
WorkloadResult   1: 1024 op, 585738276.50 ns, 572.0100 us/op
WorkloadResult   2: 1024 op, 586539976.50 ns, 572.7929 us/op
WorkloadResult   3: 1024 op, 586409637.50 ns, 572.6657 us/op
// GC:  107 53 0 901014512 1024
// Threading:  0 0 1024

// AfterAll
// Benchmark Process 2181 has exited with code 0.

Mean = 572.490 us, StdErr = 0.243 us (0.04%), N = 3, StdDev = 0.420 us
Min = 572.010 us, Q1 = 572.338 us, Median = 572.666 us, Q3 = 572.729 us, Max = 572.793 us
IQR = 0.391 us, LowerFence = 571.751 us, UpperFence = 573.316 us
ConfidenceInterval = [564.825 us; 580.154 us] (CI 99.9%), Margin = 7.665 us (1.34% of Mean)
Skewness = -0.35, Kurtosis = 0.67, MValue = 2

// ** Remained 49 (55.1 %) benchmark(s) to run. Estimated finish 2026-10-08 2:21 (0h 5m from now) **
// **************************
// Benchmark: PlutusUseCasesBenchmarks.DecodeAndEval: NativeAOT 10.0(Runtime=NativeAOT 10.0, Toolchain=Latest ILCompiler, IterationCount=3, LaunchCount=1, MinIterationCount=50, WarmupCount=3) [Script=game-sm-success_1-2]
// *** Execute ***
// Launch: 1 / 1
// Execute: /bench/chrysalis/benchmarks/PlutusBench/bin/Release/net10.0/PlutusBench-NativeAOT 10.0-1/bin/Release/net10.0/linux-x64/publish/PlutusBench-NativeAOT 10.0-1 --anonymousPipes 113 114 --benchmarkName "PlutusUseCasesBenchmarks.DecodeAndEval(Script: \"game-sm-success_1-2\")" --job "NativeAOT 10.0" --benchmarkId 40 in 
// BeforeAnythingElse

// Benchmark Process Environment Information:
// BenchmarkDotNet v0.15.8
// Runtime=.NET 10.0.12, X64 NativeAOT x86-64-v4
// GC=Concurrent Workstation
// HardwareIntrinsics=AVX512 IFMA+VBMI,AVX512 F+BW+CD+DQ+VL,AVX2+BMI1+BMI2+F16C+FMA+LZCNT+MOVBE,AVX,SSE3+SSSE3+SSE4.1+SSE4.2+POPCNT,X86Base+SSE+SSE2,AES+PCLMUL VectorSize=256
// Job: NativeAOT 10.0(IterationCount=3, LaunchCount=1, MinIterationCount=50, WarmupCount=3)

OverheadJitting  1: 1 op, 202.00 ns, 202.0000 ns/op
WorkloadJitting  1: 1 op, 440561.00 ns, 440.5610 us/op

OverheadJitting  2: 16 op, 263.00 ns, 16.4375 ns/op
WorkloadJitting  2: 16 op, 5659967.00 ns, 353.7479 us/op

WorkloadPilot    1: 16 op, 4867737.00 ns, 304.2336 us/op
WorkloadPilot    2: 32 op, 8479220.00 ns, 264.9756 us/op
WorkloadPilot    3: 64 op, 17503930.00 ns, 273.4989 us/op
WorkloadPilot    4: 128 op, 31211148.00 ns, 243.8371 us/op
WorkloadPilot    5: 256 op, 61729460.00 ns, 241.1307 us/op
WorkloadPilot    6: 512 op, 122602566.00 ns, 239.4581 us/op
WorkloadPilot    7: 1024 op, 244930796.00 ns, 239.1902 us/op
WorkloadPilot    8: 2048 op, 490534835.00 ns, 239.5190 us/op
WorkloadPilot    9: 4096 op, 978403902.00 ns, 238.8681 us/op

OverheadWarmup   1: 4096 op, 9597.00 ns, 2.3430 ns/op
OverheadWarmup   2: 4096 op, 9500.00 ns, 2.3193 ns/op
OverheadWarmup   3: 4096 op, 9477.00 ns, 2.3137 ns/op
OverheadWarmup   4: 4096 op, 9673.00 ns, 2.3616 ns/op
OverheadWarmup   5: 4096 op, 9451.00 ns, 2.3074 ns/op
OverheadWarmup   6: 4096 op, 9634.00 ns, 2.3521 ns/op
OverheadWarmup   7: 4096 op, 10093.00 ns, 2.4641 ns/op
OverheadWarmup   8: 4096 op, 9652.00 ns, 2.3564 ns/op

OverheadActual   1: 4096 op, 9476.00 ns, 2.3135 ns/op
OverheadActual   2: 4096 op, 9473.00 ns, 2.3127 ns/op
OverheadActual   3: 4096 op, 9472.00 ns, 2.3125 ns/op
OverheadActual   4: 4096 op, 9462.00 ns, 2.3101 ns/op
OverheadActual   5: 4096 op, 9457.00 ns, 2.3088 ns/op
OverheadActual   6: 4096 op, 9480.00 ns, 2.3145 ns/op
OverheadActual   7: 4096 op, 9648.00 ns, 2.3555 ns/op
OverheadActual   8: 4096 op, 9649.00 ns, 2.3557 ns/op
OverheadActual   9: 4096 op, 10081.00 ns, 2.4612 ns/op
OverheadActual  10: 4096 op, 9645.00 ns, 2.3547 ns/op
OverheadActual  11: 4096 op, 9481.00 ns, 2.3147 ns/op
OverheadActual  12: 4096 op, 10063.00 ns, 2.4568 ns/op
OverheadActual  13: 4096 op, 9695.00 ns, 2.3669 ns/op
OverheadActual  14: 4096 op, 10037.00 ns, 2.4504 ns/op
OverheadActual  15: 4096 op, 9640.00 ns, 2.3535 ns/op
OverheadActual  16: 4096 op, 9678.00 ns, 2.3628 ns/op
OverheadActual  17: 4096 op, 10123.00 ns, 2.4714 ns/op
OverheadActual  18: 4096 op, 9661.00 ns, 2.3586 ns/op
OverheadActual  19: 4096 op, 9633.00 ns, 2.3518 ns/op
OverheadActual  20: 4096 op, 9684.00 ns, 2.3643 ns/op

WorkloadWarmup   1: 4096 op, 986006926.00 ns, 240.7243 us/op
WorkloadWarmup   2: 4096 op, 985189142.00 ns, 240.5247 us/op
WorkloadWarmup   3: 4096 op, 981208980.00 ns, 239.5530 us/op

// BeforeActualRun
WorkloadActual   1: 4096 op, 980833129.00 ns, 239.4612 us/op
WorkloadActual   2: 4096 op, 978978416.00 ns, 239.0084 us/op
WorkloadActual   3: 4096 op, 978907604.00 ns, 238.9911 us/op

// AfterActualRun
WorkloadResult   1: 4096 op, 980823482.50 ns, 239.4589 us/op
WorkloadResult   2: 4096 op, 978968769.50 ns, 239.0060 us/op
WorkloadResult   3: 4096 op, 978897957.50 ns, 238.9888 us/op
// GC:  222 68 0 1863549936 4096
// Threading:  0 0 4096

// AfterAll
// Benchmark Process 2184 has exited with code 0.

Mean = 239.151 us, StdErr = 0.154 us (0.06%), N = 3, StdDev = 0.267 us
Min = 238.989 us, Q1 = 238.997 us, Median = 239.006 us, Q3 = 239.232 us, Max = 239.459 us
IQR = 0.235 us, LowerFence = 238.645 us, UpperFence = 239.585 us
ConfidenceInterval = [234.288 us; 244.014 us] (CI 99.9%), Margin = 4.863 us (2.03% of Mean)
Skewness = 0.38, Kurtosis = 0.67, MValue = 2

// ** Remained 48 (53.9 %) benchmark(s) to run. Estimated finish 2026-10-08 2:21 (0h 5m from now) **
// **************************
// Benchmark: PlutusUseCasesBenchmarks.DecodeAndEval: NativeAOT 10.0(Runtime=NativeAOT 10.0, Toolchain=Latest ILCompiler, IterationCount=3, LaunchCount=1, MinIterationCount=50, WarmupCount=3) [Script=game-sm-success_1-3]
// *** Execute ***
// Launch: 1 / 1
// Execute: /bench/chrysalis/benchmarks/PlutusBench/bin/Release/net10.0/PlutusBench-NativeAOT 10.0-1/bin/Release/net10.0/linux-x64/publish/PlutusBench-NativeAOT 10.0-1 --anonymousPipes 113 114 --benchmarkName "PlutusUseCasesBenchmarks.DecodeAndEval(Script: \"game-sm-success_1-3\")" --job "NativeAOT 10.0" --benchmarkId 41 in 
// BeforeAnythingElse

// Benchmark Process Environment Information:
// BenchmarkDotNet v0.15.8
// Runtime=.NET 10.0.12, X64 NativeAOT x86-64-v4
// GC=Concurrent Workstation
// HardwareIntrinsics=AVX512 IFMA+VBMI,AVX512 F+BW+CD+DQ+VL,AVX2+BMI1+BMI2+F16C+FMA+LZCNT+MOVBE,AVX,SSE3+SSSE3+SSE4.1+SSE4.2+POPCNT,X86Base+SSE+SSE2,AES+PCLMUL VectorSize=256
// Job: NativeAOT 10.0(IterationCount=3, LaunchCount=1, MinIterationCount=50, WarmupCount=3)

OverheadJitting  1: 1 op, 256.00 ns, 256.0000 ns/op
WorkloadJitting  1: 1 op, 1224777.00 ns, 1.2248 ms/op

OverheadJitting  2: 16 op, 278.00 ns, 17.3750 ns/op
WorkloadJitting  2: 16 op, 17074171.00 ns, 1.0671 ms/op

WorkloadPilot    1: 16 op, 15778179.00 ns, 986.1362 us/op
WorkloadPilot    2: 32 op, 27623988.00 ns, 863.2496 us/op
WorkloadPilot    3: 64 op, 54626304.00 ns, 853.5360 us/op
WorkloadPilot    4: 128 op, 109476136.00 ns, 855.2823 us/op
WorkloadPilot    5: 256 op, 219464480.00 ns, 857.2831 us/op
WorkloadPilot    6: 512 op, 438533749.00 ns, 856.5112 us/op
WorkloadPilot    7: 1024 op, 877405888.00 ns, 856.8417 us/op

OverheadWarmup   1: 1024 op, 2895.00 ns, 2.8271 ns/op
OverheadWarmup   2: 1024 op, 2634.00 ns, 2.5723 ns/op
OverheadWarmup   3: 1024 op, 2623.00 ns, 2.5615 ns/op
OverheadWarmup   4: 1024 op, 2585.00 ns, 2.5244 ns/op
OverheadWarmup   5: 1024 op, 2613.00 ns, 2.5518 ns/op
OverheadWarmup   6: 1024 op, 2664.00 ns, 2.6016 ns/op
OverheadWarmup   7: 1024 op, 2605.00 ns, 2.5439 ns/op
OverheadWarmup   8: 1024 op, 2555.00 ns, 2.4951 ns/op
OverheadWarmup   9: 1024 op, 2607.00 ns, 2.5459 ns/op
OverheadWarmup  10: 1024 op, 2637.00 ns, 2.5752 ns/op

OverheadActual   1: 1024 op, 2699.00 ns, 2.6357 ns/op
OverheadActual   2: 1024 op, 2653.00 ns, 2.5908 ns/op
OverheadActual   3: 1024 op, 2641.00 ns, 2.5791 ns/op
OverheadActual   4: 1024 op, 2591.00 ns, 2.5303 ns/op
OverheadActual   5: 1024 op, 2628.00 ns, 2.5664 ns/op
OverheadActual   6: 1024 op, 2639.00 ns, 2.5771 ns/op
OverheadActual   7: 1024 op, 2628.00 ns, 2.5664 ns/op
OverheadActual   8: 1024 op, 2620.00 ns, 2.5586 ns/op
OverheadActual   9: 1024 op, 2609.00 ns, 2.5479 ns/op
OverheadActual  10: 1024 op, 2658.00 ns, 2.5957 ns/op
OverheadActual  11: 1024 op, 2606.00 ns, 2.5449 ns/op
OverheadActual  12: 1024 op, 2753.00 ns, 2.6885 ns/op
OverheadActual  13: 1024 op, 2590.00 ns, 2.5293 ns/op
OverheadActual  14: 1024 op, 2676.00 ns, 2.6133 ns/op
OverheadActual  15: 1024 op, 2660.00 ns, 2.5977 ns/op
OverheadActual  16: 1024 op, 2661.00 ns, 2.5986 ns/op
OverheadActual  17: 1024 op, 2662.00 ns, 2.5996 ns/op
OverheadActual  18: 1024 op, 2650.00 ns, 2.5879 ns/op
OverheadActual  19: 1024 op, 2722.00 ns, 2.6582 ns/op
OverheadActual  20: 1024 op, 2750.00 ns, 2.6855 ns/op

WorkloadWarmup   1: 1024 op, 881272173.00 ns, 860.6174 us/op
WorkloadWarmup   2: 1024 op, 880208616.00 ns, 859.5787 us/op
WorkloadWarmup   3: 1024 op, 878430097.00 ns, 857.8419 us/op

// BeforeActualRun
WorkloadActual   1: 1024 op, 877032386.00 ns, 856.4769 us/op
WorkloadActual   2: 1024 op, 876678687.00 ns, 856.1315 us/op
WorkloadActual   3: 1024 op, 876704999.00 ns, 856.1572 us/op

// AfterActualRun
WorkloadResult   1: 1024 op, 877029734.50 ns, 856.4744 us/op
WorkloadResult   2: 1024 op, 876676035.50 ns, 856.1289 us/op
WorkloadResult   3: 1024 op, 876702347.50 ns, 856.1546 us/op
// GC:  147 67 0 1237631984 1024
// Threading:  0 0 1024

// AfterAll
// Benchmark Process 2188 has exited with code 0.

Mean = 856.253 us, StdErr = 0.111 us (0.01%), N = 3, StdDev = 0.192 us
Min = 856.129 us, Q1 = 856.142 us, Median = 856.155 us, Q3 = 856.314 us, Max = 856.474 us
IQR = 0.173 us, LowerFence = 855.883 us, UpperFence = 856.574 us
ConfidenceInterval = [852.742 us; 859.763 us] (CI 99.9%), Margin = 3.511 us (0.41% of Mean)
Skewness = 0.38, Kurtosis = 0.67, MValue = 2

// ** Remained 47 (52.8 %) benchmark(s) to run. Estimated finish 2026-10-08 2:21 (0h 5m from now) **
// **************************
// Benchmark: PlutusUseCasesBenchmarks.DecodeAndEval: NativeAOT 10.0(Runtime=NativeAOT 10.0, Toolchain=Latest ILCompiler, IterationCount=3, LaunchCount=1, MinIterationCount=50, WarmupCount=3) [Script=game-sm-success_1-4]
// *** Execute ***
// Launch: 1 / 1
// Execute: /bench/chrysalis/benchmarks/PlutusBench/bin/Release/net10.0/PlutusBench-NativeAOT 10.0-1/bin/Release/net10.0/linux-x64/publish/PlutusBench-NativeAOT 10.0-1 --anonymousPipes 113 114 --benchmarkName "PlutusUseCasesBenchmarks.DecodeAndEval(Script: \"game-sm-success_1-4\")" --job "NativeAOT 10.0" --benchmarkId 42 in 
// BeforeAnythingElse

// Benchmark Process Environment Information:
// BenchmarkDotNet v0.15.8
// Runtime=.NET 10.0.12, X64 NativeAOT x86-64-v4
// GC=Concurrent Workstation
// HardwareIntrinsics=AVX512 IFMA+VBMI,AVX512 F+BW+CD+DQ+VL,AVX2+BMI1+BMI2+F16C+FMA+LZCNT+MOVBE,AVX,SSE3+SSSE3+SSE4.1+SSE4.2+POPCNT,X86Base+SSE+SSE2,AES+PCLMUL VectorSize=256
// Job: NativeAOT 10.0(IterationCount=3, LaunchCount=1, MinIterationCount=50, WarmupCount=3)

OverheadJitting  1: 1 op, 221.00 ns, 221.0000 ns/op
WorkloadJitting  1: 1 op, 448545.00 ns, 448.5450 us/op

OverheadJitting  2: 16 op, 267.00 ns, 16.6875 ns/op
WorkloadJitting  2: 16 op, 6382188.00 ns, 398.8868 us/op

WorkloadPilot    1: 16 op, 5364594.00 ns, 335.2871 us/op
WorkloadPilot    2: 32 op, 8944039.00 ns, 279.5012 us/op
WorkloadPilot    3: 64 op, 19649572.00 ns, 307.0246 us/op
WorkloadPilot    4: 128 op, 34467801.00 ns, 269.2797 us/op
WorkloadPilot    5: 256 op, 69335370.00 ns, 270.8413 us/op
WorkloadPilot    6: 512 op, 138070894.00 ns, 269.6697 us/op
WorkloadPilot    7: 1024 op, 275727252.00 ns, 269.2649 us/op
WorkloadPilot    8: 2048 op, 552151198.00 ns, 269.6051 us/op

OverheadWarmup   1: 2048 op, 5088.00 ns, 2.4844 ns/op
OverheadWarmup   2: 2048 op, 4918.00 ns, 2.4014 ns/op
OverheadWarmup   3: 2048 op, 4907.00 ns, 2.3960 ns/op
OverheadWarmup   4: 2048 op, 4899.00 ns, 2.3921 ns/op
OverheadWarmup   5: 2048 op, 4892.00 ns, 2.3887 ns/op
OverheadWarmup   6: 2048 op, 4844.00 ns, 2.3652 ns/op
OverheadWarmup   7: 2048 op, 4843.00 ns, 2.3647 ns/op
OverheadWarmup   8: 2048 op, 4874.00 ns, 2.3799 ns/op
OverheadWarmup   9: 2048 op, 4853.00 ns, 2.3696 ns/op
OverheadWarmup  10: 2048 op, 4854.00 ns, 2.3701 ns/op

OverheadActual   1: 2048 op, 5167.00 ns, 2.5229 ns/op
OverheadActual   2: 2048 op, 5030.00 ns, 2.4561 ns/op
OverheadActual   3: 2048 op, 4873.00 ns, 2.3794 ns/op
OverheadActual   4: 2048 op, 4948.00 ns, 2.4160 ns/op
OverheadActual   5: 2048 op, 4867.00 ns, 2.3765 ns/op
OverheadActual   6: 2048 op, 4947.00 ns, 2.4155 ns/op
OverheadActual   7: 2048 op, 4947.00 ns, 2.4155 ns/op
OverheadActual   8: 2048 op, 5189.00 ns, 2.5337 ns/op
OverheadActual   9: 2048 op, 4969.00 ns, 2.4263 ns/op
OverheadActual  10: 2048 op, 4997.00 ns, 2.4399 ns/op
OverheadActual  11: 2048 op, 5006.00 ns, 2.4443 ns/op
OverheadActual  12: 2048 op, 4963.00 ns, 2.4233 ns/op
OverheadActual  13: 2048 op, 4950.00 ns, 2.4170 ns/op
OverheadActual  14: 2048 op, 5161.00 ns, 2.5200 ns/op
OverheadActual  15: 2048 op, 5203.00 ns, 2.5405 ns/op
OverheadActual  16: 2048 op, 9083.00 ns, 4.4351 ns/op
OverheadActual  17: 2048 op, 4944.00 ns, 2.4141 ns/op
OverheadActual  18: 2048 op, 5189.00 ns, 2.5337 ns/op
OverheadActual  19: 2048 op, 4964.00 ns, 2.4238 ns/op
OverheadActual  20: 2048 op, 5159.00 ns, 2.5190 ns/op

WorkloadWarmup   1: 2048 op, 647008591.00 ns, 315.9222 us/op
WorkloadWarmup   2: 2048 op, 703489361.00 ns, 343.5007 us/op
WorkloadWarmup   3: 2048 op, 718402867.00 ns, 350.7826 us/op

// BeforeActualRun
WorkloadActual   1: 2048 op, 615265717.00 ns, 300.4227 us/op
WorkloadActual   2: 2048 op, 550965683.00 ns, 269.0262 us/op
WorkloadActual   3: 2048 op, 550767155.00 ns, 268.9293 us/op

// AfterActualRun
WorkloadResult   1: 2048 op, 615260734.00 ns, 300.4203 us/op
WorkloadResult   2: 2048 op, 550960700.00 ns, 269.0238 us/op
WorkloadResult   3: 2048 op, 550762172.00 ns, 268.9268 us/op
// GC:  124 37 0 1039614960 2048
// Threading:  0 0 2048

// AfterAll
// Benchmark Process 2190 has exited with code 0.

Mean = 279.457 us, StdErr = 10.482 us (3.75%), N = 3, StdDev = 18.155 us
Min = 268.927 us, Q1 = 268.975 us, Median = 269.024 us, Q3 = 284.722 us, Max = 300.420 us
IQR = 15.747 us, LowerFence = 245.355 us, UpperFence = 308.342 us
ConfidenceInterval = [-51.755 us; 610.669 us] (CI 99.9%), Margin = 331.212 us (118.52% of Mean)
Skewness = 0.38, Kurtosis = 0.67, MValue = 2

// ** Remained 46 (51.7 %) benchmark(s) to run. Estimated finish 2026-10-08 2:21 (0h 5m from now) **
// **************************
// Benchmark: PlutusUseCasesBenchmarks.DecodeAndEval: NativeAOT 10.0(Runtime=NativeAOT 10.0, Toolchain=Latest ILCompiler, IterationCount=3, LaunchCount=1, MinIterationCount=50, WarmupCount=3) [Script=game-sm-success_2-1]
// *** Execute ***
// Launch: 1 / 1
// Execute: /bench/chrysalis/benchmarks/PlutusBench/bin/Release/net10.0/PlutusBench-NativeAOT 10.0-1/bin/Release/net10.0/linux-x64/publish/PlutusBench-NativeAOT 10.0-1 --anonymousPipes 113 114 --benchmarkName "PlutusUseCasesBenchmarks.DecodeAndEval(Script: \"game-sm-success_2-1\")" --job "NativeAOT 10.0" --benchmarkId 43 in 
// BeforeAnythingElse

// Benchmark Process Environment Information:
// BenchmarkDotNet v0.15.8
// Runtime=.NET 10.0.12, X64 NativeAOT x86-64-v4
// GC=Concurrent Workstation
// HardwareIntrinsics=AVX512 IFMA+VBMI,AVX512 F+BW+CD+DQ+VL,AVX2+BMI1+BMI2+F16C+FMA+LZCNT+MOVBE,AVX,SSE3+SSSE3+SSE4.1+SSE4.2+POPCNT,X86Base+SSE+SSE2,AES+PCLMUL VectorSize=256
// Job: NativeAOT 10.0(IterationCount=3, LaunchCount=1, MinIterationCount=50, WarmupCount=3)

OverheadJitting  1: 1 op, 212.00 ns, 212.0000 ns/op
WorkloadJitting  1: 1 op, 830117.00 ns, 830.1170 us/op

OverheadJitting  2: 16 op, 289.00 ns, 18.0625 ns/op
WorkloadJitting  2: 16 op, 11296066.00 ns, 706.0041 us/op

WorkloadPilot    1: 16 op, 10371564.00 ns, 648.2228 us/op
WorkloadPilot    2: 32 op, 19494890.00 ns, 609.2153 us/op
WorkloadPilot    3: 64 op, 35557371.00 ns, 555.5839 us/op
WorkloadPilot    4: 128 op, 71117310.00 ns, 555.6040 us/op
WorkloadPilot    5: 256 op, 141942427.00 ns, 554.4626 us/op
WorkloadPilot    6: 512 op, 292008367.00 ns, 570.3288 us/op
WorkloadPilot    7: 1024 op, 574804192.00 ns, 561.3322 us/op

OverheadWarmup   1: 1024 op, 2920.00 ns, 2.8516 ns/op
OverheadWarmup   2: 1024 op, 2620.00 ns, 2.5586 ns/op
OverheadWarmup   3: 1024 op, 2634.00 ns, 2.5723 ns/op
OverheadWarmup   4: 1024 op, 2721.00 ns, 2.6572 ns/op
OverheadWarmup   5: 1024 op, 2679.00 ns, 2.6162 ns/op
OverheadWarmup   6: 1024 op, 2615.00 ns, 2.5537 ns/op
OverheadWarmup   7: 1024 op, 2687.00 ns, 2.6240 ns/op
OverheadWarmup   8: 1024 op, 2672.00 ns, 2.6094 ns/op

OverheadActual   1: 1024 op, 2714.00 ns, 2.6504 ns/op
OverheadActual   2: 1024 op, 2646.00 ns, 2.5840 ns/op
OverheadActual   3: 1024 op, 2726.00 ns, 2.6621 ns/op
OverheadActual   4: 1024 op, 2644.00 ns, 2.5820 ns/op
OverheadActual   5: 1024 op, 2817.00 ns, 2.7510 ns/op
OverheadActual   6: 1024 op, 2720.00 ns, 2.6563 ns/op
OverheadActual   7: 1024 op, 2836.00 ns, 2.7695 ns/op
OverheadActual   8: 1024 op, 2772.00 ns, 2.7070 ns/op
OverheadActual   9: 1024 op, 2860.00 ns, 2.7930 ns/op
OverheadActual  10: 1024 op, 2800.00 ns, 2.7344 ns/op
OverheadActual  11: 1024 op, 2698.00 ns, 2.6348 ns/op
OverheadActual  12: 1024 op, 2837.00 ns, 2.7705 ns/op
OverheadActual  13: 1024 op, 2821.00 ns, 2.7549 ns/op
OverheadActual  14: 1024 op, 2809.00 ns, 2.7432 ns/op
OverheadActual  15: 1024 op, 2805.00 ns, 2.7393 ns/op
OverheadActual  16: 1024 op, 2847.00 ns, 2.7803 ns/op
OverheadActual  17: 1024 op, 2717.00 ns, 2.6533 ns/op
OverheadActual  18: 1024 op, 2721.00 ns, 2.6572 ns/op
OverheadActual  19: 1024 op, 2847.00 ns, 2.7803 ns/op
OverheadActual  20: 1024 op, 2843.00 ns, 2.7764 ns/op

WorkloadWarmup   1: 1024 op, 580553777.00 ns, 566.9470 us/op
WorkloadWarmup   2: 1024 op, 580164640.00 ns, 566.5670 us/op
WorkloadWarmup   3: 1024 op, 577987064.00 ns, 564.4405 us/op

// BeforeActualRun
WorkloadActual   1: 1024 op, 574644688.00 ns, 561.1765 us/op
WorkloadActual   2: 1024 op, 574199303.00 ns, 560.7415 us/op
WorkloadActual   3: 1024 op, 575551303.00 ns, 562.0618 us/op

// AfterActualRun
WorkloadResult   1: 1024 op, 574641885.50 ns, 561.1737 us/op
WorkloadResult   2: 1024 op, 574196500.50 ns, 560.7388 us/op
WorkloadResult   3: 1024 op, 575548500.50 ns, 562.0591 us/op
// GC:  107 53 0 901014512 1024
// Threading:  0 0 1024

// AfterAll
// Benchmark Process 2192 has exited with code 0.

Mean = 561.324 us, StdErr = 0.388 us (0.07%), N = 3, StdDev = 0.673 us
Min = 560.739 us, Q1 = 560.956 us, Median = 561.174 us, Q3 = 561.616 us, Max = 562.059 us
IQR = 0.660 us, LowerFence = 559.966 us, UpperFence = 562.607 us
ConfidenceInterval = [549.049 us; 573.599 us] (CI 99.9%), Margin = 12.275 us (2.19% of Mean)
Skewness = 0.21, Kurtosis = 0.67, MValue = 2

// ** Remained 45 (50.6 %) benchmark(s) to run. Estimated finish 2026-10-08 2:21 (0h 4m from now) **
// **************************
// Benchmark: PlutusUseCasesBenchmarks.DecodeAndEval: NativeAOT 10.0(Runtime=NativeAOT 10.0, Toolchain=Latest ILCompiler, IterationCount=3, LaunchCount=1, MinIterationCount=50, WarmupCount=3) [Script=game-sm-success_2-2]
// *** Execute ***
// Launch: 1 / 1
// Execute: /bench/chrysalis/benchmarks/PlutusBench/bin/Release/net10.0/PlutusBench-NativeAOT 10.0-1/bin/Release/net10.0/linux-x64/publish/PlutusBench-NativeAOT 10.0-1 --anonymousPipes 113 114 --benchmarkName "PlutusUseCasesBenchmarks.DecodeAndEval(Script: \"game-sm-success_2-2\")" --job "NativeAOT 10.0" --benchmarkId 44 in 
// BeforeAnythingElse

// Benchmark Process Environment Information:
// BenchmarkDotNet v0.15.8
// Runtime=.NET 10.0.12, X64 NativeAOT x86-64-v4
// GC=Concurrent Workstation
// HardwareIntrinsics=AVX512 IFMA+VBMI,AVX512 F+BW+CD+DQ+VL,AVX2+BMI1+BMI2+F16C+FMA+LZCNT+MOVBE,AVX,SSE3+SSSE3+SSE4.1+SSE4.2+POPCNT,X86Base+SSE+SSE2,AES+PCLMUL VectorSize=256
// Job: NativeAOT 10.0(IterationCount=3, LaunchCount=1, MinIterationCount=50, WarmupCount=3)

OverheadJitting  1: 1 op, 229.00 ns, 229.0000 ns/op
WorkloadJitting  1: 1 op, 408393.00 ns, 408.3930 us/op

OverheadJitting  2: 16 op, 309.00 ns, 19.3125 ns/op
WorkloadJitting  2: 16 op, 5519278.00 ns, 344.9549 us/op

WorkloadPilot    1: 16 op, 5075377.00 ns, 317.2111 us/op
WorkloadPilot    2: 32 op, 8801397.00 ns, 275.0437 us/op
WorkloadPilot    3: 64 op, 17475534.00 ns, 273.0552 us/op
WorkloadPilot    4: 128 op, 30352466.00 ns, 237.1286 us/op
WorkloadPilot    5: 256 op, 61255549.00 ns, 239.2795 us/op
WorkloadPilot    6: 512 op, 122080042.00 ns, 238.4376 us/op
WorkloadPilot    7: 1024 op, 243839767.00 ns, 238.1248 us/op
WorkloadPilot    8: 2048 op, 489118635.00 ns, 238.8275 us/op
WorkloadPilot    9: 4096 op, 975596989.00 ns, 238.1829 us/op

OverheadWarmup   1: 4096 op, 9629.00 ns, 2.3508 ns/op
OverheadWarmup   2: 4096 op, 9674.00 ns, 2.3618 ns/op
OverheadWarmup   3: 4096 op, 9450.00 ns, 2.3071 ns/op
OverheadWarmup   4: 4096 op, 9423.00 ns, 2.3005 ns/op
OverheadWarmup   5: 4096 op, 9416.00 ns, 2.2988 ns/op
OverheadWarmup   6: 4096 op, 9618.00 ns, 2.3481 ns/op
OverheadWarmup   7: 4096 op, 10014.00 ns, 2.4448 ns/op
OverheadWarmup   8: 4096 op, 10213.00 ns, 2.4934 ns/op
OverheadWarmup   9: 4096 op, 9394.00 ns, 2.2935 ns/op

OverheadActual   1: 4096 op, 9466.00 ns, 2.3110 ns/op
OverheadActual   2: 4096 op, 9413.00 ns, 2.2981 ns/op
OverheadActual   3: 4096 op, 9437.00 ns, 2.3040 ns/op
OverheadActual   4: 4096 op, 9582.00 ns, 2.3394 ns/op
OverheadActual   5: 4096 op, 9428.00 ns, 2.3018 ns/op
OverheadActual   6: 4096 op, 10027.00 ns, 2.4480 ns/op
OverheadActual   7: 4096 op, 9611.00 ns, 2.3464 ns/op
OverheadActual   8: 4096 op, 10007.00 ns, 2.4431 ns/op
OverheadActual   9: 4096 op, 10030.00 ns, 2.4487 ns/op
OverheadActual  10: 4096 op, 9795.00 ns, 2.3914 ns/op
OverheadActual  11: 4096 op, 9668.00 ns, 2.3604 ns/op
OverheadActual  12: 4096 op, 10222.00 ns, 2.4956 ns/op
OverheadActual  13: 4096 op, 10016.00 ns, 2.4453 ns/op
OverheadActual  14: 4096 op, 10043.00 ns, 2.4519 ns/op
OverheadActual  15: 4096 op, 10014.00 ns, 2.4448 ns/op
OverheadActual  16: 4096 op, 10038.00 ns, 2.4507 ns/op
OverheadActual  17: 4096 op, 10004.00 ns, 2.4424 ns/op
OverheadActual  18: 4096 op, 10024.00 ns, 2.4473 ns/op
OverheadActual  19: 4096 op, 10025.00 ns, 2.4475 ns/op
OverheadActual  20: 4096 op, 10235.00 ns, 2.4988 ns/op

WorkloadWarmup   1: 4096 op, 979361964.00 ns, 239.1020 us/op
WorkloadWarmup   2: 4096 op, 978094251.00 ns, 238.7925 us/op
WorkloadWarmup   3: 4096 op, 976496776.00 ns, 238.4025 us/op

// BeforeActualRun
WorkloadActual   1: 4096 op, 977061762.00 ns, 238.5405 us/op
WorkloadActual   2: 4096 op, 975615914.00 ns, 238.1875 us/op
WorkloadActual   3: 4096 op, 973833541.00 ns, 237.7523 us/op

// AfterActualRun
WorkloadResult   1: 4096 op, 977051751.50 ns, 238.5380 us/op
WorkloadResult   2: 4096 op, 975605903.50 ns, 238.1850 us/op
WorkloadResult   3: 4096 op, 973823530.50 ns, 237.7499 us/op
// GC:  222 68 0 1863549936 4096
// Threading:  0 0 4096

// AfterAll
// Benchmark Process 2195 has exited with code 0.

Mean = 238.158 us, StdErr = 0.228 us (0.10%), N = 3, StdDev = 0.395 us
Min = 237.750 us, Q1 = 237.967 us, Median = 238.185 us, Q3 = 238.362 us, Max = 238.538 us
IQR = 0.394 us, LowerFence = 237.376 us, UpperFence = 238.953 us
ConfidenceInterval = [230.955 us; 245.360 us] (CI 99.9%), Margin = 7.202 us (3.02% of Mean)
Skewness = -0.07, Kurtosis = 0.67, MValue = 2

// ** Remained 44 (49.4 %) benchmark(s) to run. Estimated finish 2026-10-08 2:21 (0h 4m from now) **
// **************************
// Benchmark: PlutusUseCasesBenchmarks.DecodeAndEval: NativeAOT 10.0(Runtime=NativeAOT 10.0, Toolchain=Latest ILCompiler, IterationCount=3, LaunchCount=1, MinIterationCount=50, WarmupCount=3) [Script=game-sm-success_2-3]
// *** Execute ***
// Launch: 1 / 1
// Execute: /bench/chrysalis/benchmarks/PlutusBench/bin/Release/net10.0/PlutusBench-NativeAOT 10.0-1/bin/Release/net10.0/linux-x64/publish/PlutusBench-NativeAOT 10.0-1 --anonymousPipes 113 114 --benchmarkName "PlutusUseCasesBenchmarks.DecodeAndEval(Script: \"game-sm-success_2-3\")" --job "NativeAOT 10.0" --benchmarkId 45 in 
// BeforeAnythingElse

// Benchmark Process Environment Information:
// BenchmarkDotNet v0.15.8
// Runtime=.NET 10.0.12, X64 NativeAOT x86-64-v4
// GC=Concurrent Workstation
// HardwareIntrinsics=AVX512 IFMA+VBMI,AVX512 F+BW+CD+DQ+VL,AVX2+BMI1+BMI2+F16C+FMA+LZCNT+MOVBE,AVX,SSE3+SSSE3+SSE4.1+SSE4.2+POPCNT,X86Base+SSE+SSE2,AES+PCLMUL VectorSize=256
// Job: NativeAOT 10.0(IterationCount=3, LaunchCount=1, MinIterationCount=50, WarmupCount=3)

OverheadJitting  1: 1 op, 218.00 ns, 218.0000 ns/op
WorkloadJitting  1: 1 op, 1316482.00 ns, 1.3165 ms/op

OverheadJitting  2: 16 op, 313.00 ns, 19.5625 ns/op
WorkloadJitting  2: 16 op, 17167640.00 ns, 1.0730 ms/op

WorkloadPilot    1: 16 op, 15722153.00 ns, 982.6346 us/op
WorkloadPilot    2: 32 op, 27836119.00 ns, 869.8787 us/op
WorkloadPilot    3: 64 op, 55553829.00 ns, 868.0286 us/op
WorkloadPilot    4: 128 op, 109901860.00 ns, 858.6083 us/op
WorkloadPilot    5: 256 op, 221104825.00 ns, 863.6907 us/op
WorkloadPilot    6: 512 op, 442347694.00 ns, 863.9603 us/op
WorkloadPilot    7: 1024 op, 880787920.00 ns, 860.1445 us/op

OverheadWarmup   1: 1024 op, 2956.00 ns, 2.8867 ns/op
OverheadWarmup   2: 1024 op, 2739.00 ns, 2.6748 ns/op
OverheadWarmup   3: 1024 op, 2660.00 ns, 2.5977 ns/op
OverheadWarmup   4: 1024 op, 2961.00 ns, 2.8916 ns/op
OverheadWarmup   5: 1024 op, 2814.00 ns, 2.7480 ns/op
OverheadWarmup   6: 1024 op, 2673.00 ns, 2.6104 ns/op
OverheadWarmup   7: 1024 op, 5741.00 ns, 5.6064 ns/op
OverheadWarmup   8: 1024 op, 2750.00 ns, 2.6855 ns/op

OverheadActual   1: 1024 op, 2817.00 ns, 2.7510 ns/op
OverheadActual   2: 1024 op, 2761.00 ns, 2.6963 ns/op
OverheadActual   3: 1024 op, 2943.00 ns, 2.8740 ns/op
OverheadActual   4: 1024 op, 2732.00 ns, 2.6680 ns/op
OverheadActual   5: 1024 op, 2711.00 ns, 2.6475 ns/op
OverheadActual   6: 1024 op, 2817.00 ns, 2.7510 ns/op
OverheadActual   7: 1024 op, 2813.00 ns, 2.7471 ns/op
OverheadActual   8: 1024 op, 2949.00 ns, 2.8799 ns/op
OverheadActual   9: 1024 op, 2839.00 ns, 2.7725 ns/op
OverheadActual  10: 1024 op, 2879.00 ns, 2.8115 ns/op
OverheadActual  11: 1024 op, 2787.00 ns, 2.7217 ns/op
OverheadActual  12: 1024 op, 2778.00 ns, 2.7129 ns/op
OverheadActual  13: 1024 op, 2800.00 ns, 2.7344 ns/op
OverheadActual  14: 1024 op, 2718.00 ns, 2.6543 ns/op
OverheadActual  15: 1024 op, 2723.00 ns, 2.6592 ns/op
OverheadActual  16: 1024 op, 2830.00 ns, 2.7637 ns/op
OverheadActual  17: 1024 op, 2800.00 ns, 2.7344 ns/op
OverheadActual  18: 1024 op, 2867.00 ns, 2.7998 ns/op
OverheadActual  19: 1024 op, 2810.00 ns, 2.7441 ns/op
OverheadActual  20: 1024 op, 2754.00 ns, 2.6895 ns/op

WorkloadWarmup   1: 1024 op, 885585011.00 ns, 864.8291 us/op
WorkloadWarmup   2: 1024 op, 882087086.00 ns, 861.4132 us/op
WorkloadWarmup   3: 1024 op, 881938531.00 ns, 861.2681 us/op

// BeforeActualRun
WorkloadActual   1: 1024 op, 880053951.00 ns, 859.4277 us/op
WorkloadActual   2: 1024 op, 883703937.00 ns, 862.9921 us/op
WorkloadActual   3: 1024 op, 1061159428.00 ns, 1.0363 ms/op

// AfterActualRun
WorkloadResult   1: 1024 op, 880051146.00 ns, 859.4249 us/op
WorkloadResult   2: 1024 op, 883701132.00 ns, 862.9894 us/op
WorkloadResult   3: 1024 op, 1061156623.00 ns, 1.0363 ms/op
// GC:  147 67 0 1237631984 1024
// Threading:  0 0 1024

// AfterAll
// Benchmark Process 2198 has exited with code 0.

Mean = 919.567 us, StdErr = 58.369 us (6.35%), N = 3, StdDev = 101.097 us
Min = 859.425 us, Q1 = 861.207 us, Median = 862.989 us, Q3 = 949.638 us, Max = 1,036.286 us
IQR = 88.430 us, LowerFence = 728.562 us, UpperFence = 1,082.283 us
ConfidenceInterval = [-924.826 us; 2,763.959 us] (CI 99.9%), Margin = 1,844.393 us (200.57% of Mean)
Skewness = 0.38, Kurtosis = 0.67, MValue = 2

// ** Remained 43 (48.3 %) benchmark(s) to run. Estimated finish 2026-10-08 2:21 (0h 4m from now) **
// **************************
// Benchmark: PlutusUseCasesBenchmarks.DecodeAndEval: NativeAOT 10.0(Runtime=NativeAOT 10.0, Toolchain=Latest ILCompiler, IterationCount=3, LaunchCount=1, MinIterationCount=50, WarmupCount=3) [Script=game-sm-success_2-4]
// *** Execute ***
// Launch: 1 / 1
// Execute: /bench/chrysalis/benchmarks/PlutusBench/bin/Release/net10.0/PlutusBench-NativeAOT 10.0-1/bin/Release/net10.0/linux-x64/publish/PlutusBench-NativeAOT 10.0-1 --anonymousPipes 113 114 --benchmarkName "PlutusUseCasesBenchmarks.DecodeAndEval(Script: \"game-sm-success_2-4\")" --job "NativeAOT 10.0" --benchmarkId 46 in 
// BeforeAnythingElse

// Benchmark Process Environment Information:
// BenchmarkDotNet v0.15.8
// Runtime=.NET 10.0.12, X64 NativeAOT x86-64-v4
// GC=Concurrent Workstation
// HardwareIntrinsics=AVX512 IFMA+VBMI,AVX512 F+BW+CD+DQ+VL,AVX2+BMI1+BMI2+F16C+FMA+LZCNT+MOVBE,AVX,SSE3+SSSE3+SSE4.1+SSE4.2+POPCNT,X86Base+SSE+SSE2,AES+PCLMUL VectorSize=256
// Job: NativeAOT 10.0(IterationCount=3, LaunchCount=1, MinIterationCount=50, WarmupCount=3)

OverheadJitting  1: 1 op, 191.00 ns, 191.0000 ns/op
WorkloadJitting  1: 1 op, 510208.00 ns, 510.2080 us/op

OverheadJitting  2: 16 op, 292.00 ns, 18.2500 ns/op
WorkloadJitting  2: 16 op, 6709231.00 ns, 419.3269 us/op

WorkloadPilot    1: 16 op, 5532452.00 ns, 345.7783 us/op
WorkloadPilot    2: 32 op, 8998070.00 ns, 281.1897 us/op
WorkloadPilot    3: 64 op, 24446927.00 ns, 381.9832 us/op
WorkloadPilot    4: 128 op, 34229004.00 ns, 267.4141 us/op
WorkloadPilot    5: 256 op, 69055346.00 ns, 269.7474 us/op
WorkloadPilot    6: 512 op, 137414725.00 ns, 268.3881 us/op
WorkloadPilot    7: 1024 op, 274367716.00 ns, 267.9372 us/op
WorkloadPilot    8: 2048 op, 548488448.00 ns, 267.8166 us/op

OverheadWarmup   1: 2048 op, 5094.00 ns, 2.4873 ns/op
OverheadWarmup   2: 2048 op, 4932.00 ns, 2.4082 ns/op
OverheadWarmup   3: 2048 op, 4802.00 ns, 2.3447 ns/op
OverheadWarmup   4: 2048 op, 4794.00 ns, 2.3408 ns/op
OverheadWarmup   5: 2048 op, 4788.00 ns, 2.3379 ns/op
OverheadWarmup   6: 2048 op, 4777.00 ns, 2.3325 ns/op
OverheadWarmup   7: 2048 op, 4767.00 ns, 2.3276 ns/op
OverheadWarmup   8: 2048 op, 4781.00 ns, 2.3345 ns/op
OverheadWarmup   9: 2048 op, 4881.00 ns, 2.3833 ns/op
OverheadWarmup  10: 2048 op, 4778.00 ns, 2.3330 ns/op

OverheadActual   1: 2048 op, 4882.00 ns, 2.3838 ns/op
OverheadActual   2: 2048 op, 5081.00 ns, 2.4810 ns/op
OverheadActual   3: 2048 op, 4898.00 ns, 2.3916 ns/op
OverheadActual   4: 2048 op, 4883.00 ns, 2.3843 ns/op
OverheadActual   5: 2048 op, 5097.00 ns, 2.4888 ns/op
OverheadActual   6: 2048 op, 5092.00 ns, 2.4863 ns/op
OverheadActual   7: 2048 op, 5114.00 ns, 2.4971 ns/op
OverheadActual   8: 2048 op, 5068.00 ns, 2.4746 ns/op
OverheadActual   9: 2048 op, 4857.00 ns, 2.3716 ns/op
OverheadActual  10: 2048 op, 5065.00 ns, 2.4731 ns/op
OverheadActual  11: 2048 op, 4886.00 ns, 2.3857 ns/op
OverheadActual  12: 2048 op, 4871.00 ns, 2.3784 ns/op
OverheadActual  13: 2048 op, 4866.00 ns, 2.3760 ns/op
OverheadActual  14: 2048 op, 5120.00 ns, 2.5000 ns/op
OverheadActual  15: 2048 op, 5071.00 ns, 2.4761 ns/op
OverheadActual  16: 2048 op, 5088.00 ns, 2.4844 ns/op
OverheadActual  17: 2048 op, 5185.00 ns, 2.5317 ns/op
OverheadActual  18: 2048 op, 5179.00 ns, 2.5288 ns/op
OverheadActual  19: 2048 op, 5089.00 ns, 2.4849 ns/op
OverheadActual  20: 2048 op, 5087.00 ns, 2.4839 ns/op

WorkloadWarmup   1: 2048 op, 554243798.00 ns, 270.6269 us/op
WorkloadWarmup   2: 2048 op, 553317679.00 ns, 270.1746 us/op
WorkloadWarmup   3: 2048 op, 550852472.00 ns, 268.9709 us/op

// BeforeActualRun
WorkloadActual   1: 2048 op, 550656488.00 ns, 268.8752 us/op
WorkloadActual   2: 2048 op, 550032910.00 ns, 268.5708 us/op
WorkloadActual   3: 2048 op, 549148012.00 ns, 268.1387 us/op

// AfterActualRun
WorkloadResult   1: 2048 op, 550651412.00 ns, 268.8728 us/op
WorkloadResult   2: 2048 op, 550027834.00 ns, 268.5683 us/op
WorkloadResult   3: 2048 op, 549142936.00 ns, 268.1362 us/op
// GC:  124 37 0 1039614960 2048
// Threading:  0 0 2048

// AfterAll
// Benchmark Process 2201 has exited with code 0.

Mean = 268.526 us, StdErr = 0.214 us (0.08%), N = 3, StdDev = 0.370 us
Min = 268.136 us, Q1 = 268.352 us, Median = 268.568 us, Q3 = 268.721 us, Max = 268.873 us
IQR = 0.368 us, LowerFence = 267.800 us, UpperFence = 269.273 us
ConfidenceInterval = [261.773 us; 275.278 us] (CI 99.9%), Margin = 6.752 us (2.51% of Mean)
Skewness = -0.11, Kurtosis = 0.67, MValue = 2

// ** Remained 42 (47.2 %) benchmark(s) to run. Estimated finish 2026-10-08 2:21 (0h 4m from now) **
// **************************
// Benchmark: PlutusUseCasesBenchmarks.DecodeAndEval: NativeAOT 10.0(Runtime=NativeAOT 10.0, Toolchain=Latest ILCompiler, IterationCount=3, LaunchCount=1, MinIterationCount=50, WarmupCount=3) [Script=game-sm-success_2-5]
// *** Execute ***
// Launch: 1 / 1
// Execute: /bench/chrysalis/benchmarks/PlutusBench/bin/Release/net10.0/PlutusBench-NativeAOT 10.0-1/bin/Release/net10.0/linux-x64/publish/PlutusBench-NativeAOT 10.0-1 --anonymousPipes 113 114 --benchmarkName "PlutusUseCasesBenchmarks.DecodeAndEval(Script: \"game-sm-success_2-5\")" --job "NativeAOT 10.0" --benchmarkId 47 in 
// BeforeAnythingElse

// Benchmark Process Environment Information:
// BenchmarkDotNet v0.15.8
// Runtime=.NET 10.0.12, X64 NativeAOT x86-64-v4
// GC=Concurrent Workstation
// HardwareIntrinsics=AVX512 IFMA+VBMI,AVX512 F+BW+CD+DQ+VL,AVX2+BMI1+BMI2+F16C+FMA+LZCNT+MOVBE,AVX,SSE3+SSSE3+SSE4.1+SSE4.2+POPCNT,X86Base+SSE+SSE2,AES+PCLMUL VectorSize=256
// Job: NativeAOT 10.0(IterationCount=3, LaunchCount=1, MinIterationCount=50, WarmupCount=3)

OverheadJitting  1: 1 op, 204.00 ns, 204.0000 ns/op
WorkloadJitting  1: 1 op, 1226417.00 ns, 1.2264 ms/op

OverheadJitting  2: 16 op, 290.00 ns, 18.1250 ns/op
WorkloadJitting  2: 16 op, 16681403.00 ns, 1.0426 ms/op

WorkloadPilot    1: 16 op, 15703259.00 ns, 981.4537 us/op
WorkloadPilot    2: 32 op, 28203375.00 ns, 881.3555 us/op
WorkloadPilot    3: 64 op, 56402955.00 ns, 881.2962 us/op
WorkloadPilot    4: 128 op, 112665327.00 ns, 880.1979 us/op
WorkloadPilot    5: 256 op, 224763028.00 ns, 877.9806 us/op
WorkloadPilot    6: 512 op, 448198446.00 ns, 875.3876 us/op
WorkloadPilot    7: 1024 op, 901408972.00 ns, 880.2822 us/op

OverheadWarmup   1: 1024 op, 2992.00 ns, 2.9219 ns/op
OverheadWarmup   2: 1024 op, 2810.00 ns, 2.7441 ns/op
OverheadWarmup   3: 1024 op, 2711.00 ns, 2.6475 ns/op
OverheadWarmup   4: 1024 op, 2705.00 ns, 2.6416 ns/op
OverheadWarmup   5: 1024 op, 2695.00 ns, 2.6318 ns/op
OverheadWarmup   6: 1024 op, 2763.00 ns, 2.6982 ns/op
OverheadWarmup   7: 1024 op, 2722.00 ns, 2.6582 ns/op
OverheadWarmup   8: 1024 op, 2822.00 ns, 2.7559 ns/op
OverheadWarmup   9: 1024 op, 2857.00 ns, 2.7900 ns/op
OverheadWarmup  10: 1024 op, 2674.00 ns, 2.6113 ns/op

OverheadActual   1: 1024 op, 2761.00 ns, 2.6963 ns/op
OverheadActual   2: 1024 op, 2726.00 ns, 2.6621 ns/op
OverheadActual   3: 1024 op, 2730.00 ns, 2.6660 ns/op
OverheadActual   4: 1024 op, 2710.00 ns, 2.6465 ns/op
OverheadActual   5: 1024 op, 2723.00 ns, 2.6592 ns/op
OverheadActual   6: 1024 op, 2711.00 ns, 2.6475 ns/op
OverheadActual   7: 1024 op, 2725.00 ns, 2.6611 ns/op
OverheadActual   8: 1024 op, 2829.00 ns, 2.7627 ns/op
OverheadActual   9: 1024 op, 2803.00 ns, 2.7373 ns/op
OverheadActual  10: 1024 op, 2817.00 ns, 2.7510 ns/op
OverheadActual  11: 1024 op, 2787.00 ns, 2.7217 ns/op
OverheadActual  12: 1024 op, 2727.00 ns, 2.6631 ns/op
OverheadActual  13: 1024 op, 2841.00 ns, 2.7744 ns/op
OverheadActual  14: 1024 op, 2834.00 ns, 2.7676 ns/op
OverheadActual  15: 1024 op, 2848.00 ns, 2.7813 ns/op
OverheadActual  16: 1024 op, 2709.00 ns, 2.6455 ns/op
OverheadActual  17: 1024 op, 2693.00 ns, 2.6299 ns/op
OverheadActual  18: 1024 op, 2825.00 ns, 2.7588 ns/op
OverheadActual  19: 1024 op, 2722.00 ns, 2.6582 ns/op
OverheadActual  20: 1024 op, 2690.00 ns, 2.6270 ns/op

WorkloadWarmup   1: 1024 op, 901836111.00 ns, 880.6993 us/op
WorkloadWarmup   2: 1024 op, 902195453.00 ns, 881.0502 us/op
WorkloadWarmup   3: 1024 op, 901111612.00 ns, 879.9918 us/op

// BeforeActualRun
WorkloadActual   1: 1024 op, 897508866.00 ns, 876.4735 us/op
WorkloadActual   2: 1024 op, 899584679.00 ns, 878.5007 us/op
WorkloadActual   3: 1024 op, 899263300.00 ns, 878.1868 us/op

// AfterActualRun
WorkloadResult   1: 1024 op, 897506137.50 ns, 876.4708 us/op
WorkloadResult   2: 1024 op, 899581950.50 ns, 878.4980 us/op
WorkloadResult   3: 1024 op, 899260571.50 ns, 878.1842 us/op
// GC:  147 67 0 1237648368 1024
// Threading:  0 0 1024

// AfterAll
// Benchmark Process 2204 has exited with code 0.

Mean = 877.718 us, StdErr = 0.630 us (0.07%), N = 3, StdDev = 1.091 us
Min = 876.471 us, Q1 = 877.327 us, Median = 878.184 us, Q3 = 878.341 us, Max = 878.498 us
IQR = 1.014 us, LowerFence = 875.807 us, UpperFence = 879.861 us
ConfidenceInterval = [857.811 us; 897.624 us] (CI 99.9%), Margin = 19.906 us (2.27% of Mean)
Skewness = -0.35, Kurtosis = 0.67, MValue = 2

// ** Remained 41 (46.1 %) benchmark(s) to run. Estimated finish 2026-10-08 2:21 (0h 4m from now) **
// **************************
// Benchmark: PlutusUseCasesBenchmarks.DecodeAndEval: NativeAOT 10.0(Runtime=NativeAOT 10.0, Toolchain=Latest ILCompiler, IterationCount=3, LaunchCount=1, MinIterationCount=50, WarmupCount=3) [Script=game-sm-success_2-6]
// *** Execute ***
// Launch: 1 / 1
// Execute: /bench/chrysalis/benchmarks/PlutusBench/bin/Release/net10.0/PlutusBench-NativeAOT 10.0-1/bin/Release/net10.0/linux-x64/publish/PlutusBench-NativeAOT 10.0-1 --anonymousPipes 113 114 --benchmarkName "PlutusUseCasesBenchmarks.DecodeAndEval(Script: \"game-sm-success_2-6\")" --job "NativeAOT 10.0" --benchmarkId 48 in 
// BeforeAnythingElse

// Benchmark Process Environment Information:
// BenchmarkDotNet v0.15.8
// Runtime=.NET 10.0.12, X64 NativeAOT x86-64-v4
// GC=Concurrent Workstation
// HardwareIntrinsics=AVX512 IFMA+VBMI,AVX512 F+BW+CD+DQ+VL,AVX2+BMI1+BMI2+F16C+FMA+LZCNT+MOVBE,AVX,SSE3+SSSE3+SSE4.1+SSE4.2+POPCNT,X86Base+SSE+SSE2,AES+PCLMUL VectorSize=256
// Job: NativeAOT 10.0(IterationCount=3, LaunchCount=1, MinIterationCount=50, WarmupCount=3)

OverheadJitting  1: 1 op, 224.00 ns, 224.0000 ns/op
WorkloadJitting  1: 1 op, 476911.00 ns, 476.9110 us/op

OverheadJitting  2: 16 op, 290.00 ns, 18.1250 ns/op
WorkloadJitting  2: 16 op, 6537596.00 ns, 408.5998 us/op

WorkloadPilot    1: 16 op, 5345928.00 ns, 334.1205 us/op
WorkloadPilot    2: 32 op, 8575293.00 ns, 267.9779 us/op
WorkloadPilot    3: 64 op, 19256672.00 ns, 300.8855 us/op
WorkloadPilot    4: 128 op, 34248286.00 ns, 267.5647 us/op
WorkloadPilot    5: 256 op, 69096875.00 ns, 269.9097 us/op
WorkloadPilot    6: 512 op, 137493517.00 ns, 268.5420 us/op
WorkloadPilot    7: 1024 op, 277110364.00 ns, 270.6156 us/op
WorkloadPilot    8: 2048 op, 549521323.00 ns, 268.3210 us/op

OverheadWarmup   1: 2048 op, 6265.00 ns, 3.0591 ns/op
OverheadWarmup   2: 2048 op, 11816.00 ns, 5.7695 ns/op
OverheadWarmup   3: 2048 op, 5825.00 ns, 2.8442 ns/op
OverheadWarmup   4: 2048 op, 6108.00 ns, 2.9824 ns/op
OverheadWarmup   5: 2048 op, 5974.00 ns, 2.9170 ns/op

OverheadActual   1: 2048 op, 6066.00 ns, 2.9619 ns/op
OverheadActual   2: 2048 op, 5899.00 ns, 2.8804 ns/op
OverheadActual   3: 2048 op, 5724.00 ns, 2.7949 ns/op
OverheadActual   4: 2048 op, 5750.00 ns, 2.8076 ns/op
OverheadActual   5: 2048 op, 5838.00 ns, 2.8506 ns/op
OverheadActual   6: 2048 op, 5765.00 ns, 2.8149 ns/op
OverheadActual   7: 2048 op, 6225.00 ns, 3.0396 ns/op
OverheadActual   8: 2048 op, 6246.00 ns, 3.0498 ns/op
OverheadActual   9: 2048 op, 6794.00 ns, 3.3174 ns/op
OverheadActual  10: 2048 op, 7091.00 ns, 3.4624 ns/op
OverheadActual  11: 2048 op, 5827.00 ns, 2.8452 ns/op
OverheadActual  12: 2048 op, 5808.00 ns, 2.8359 ns/op
OverheadActual  13: 2048 op, 6144.00 ns, 3.0000 ns/op
OverheadActual  14: 2048 op, 6441.00 ns, 3.1450 ns/op
OverheadActual  15: 2048 op, 6476.00 ns, 3.1621 ns/op
OverheadActual  16: 2048 op, 6241.00 ns, 3.0474 ns/op
OverheadActual  17: 2048 op, 6481.00 ns, 3.1646 ns/op
OverheadActual  18: 2048 op, 6165.00 ns, 3.0103 ns/op
OverheadActual  19: 2048 op, 6820.00 ns, 3.3301 ns/op
OverheadActual  20: 2048 op, 6661.00 ns, 3.2524 ns/op

WorkloadWarmup   1: 2048 op, 553231160.00 ns, 270.1324 us/op
WorkloadWarmup   2: 2048 op, 553548720.00 ns, 270.2875 us/op
WorkloadWarmup   3: 2048 op, 550721398.00 ns, 268.9069 us/op

// BeforeActualRun
WorkloadActual   1: 2048 op, 549188326.00 ns, 268.1584 us/op
WorkloadActual   2: 2048 op, 551251465.00 ns, 269.1658 us/op
WorkloadActual   3: 2048 op, 550448985.00 ns, 268.7739 us/op

// AfterActualRun
WorkloadResult   1: 2048 op, 549182131.00 ns, 268.1553 us/op
WorkloadResult   2: 2048 op, 551245270.00 ns, 269.1627 us/op
WorkloadResult   3: 2048 op, 550442790.00 ns, 268.7709 us/op
// GC:  124 37 0 1039614960 2048
// Threading:  0 0 2048

// AfterAll
// Benchmark Process 2207 has exited with code 0.

Mean = 268.696 us, StdErr = 0.293 us (0.11%), N = 3, StdDev = 0.508 us
Min = 268.155 us, Q1 = 268.463 us, Median = 268.771 us, Q3 = 268.967 us, Max = 269.163 us
IQR = 0.504 us, LowerFence = 267.708 us, UpperFence = 269.722 us
ConfidenceInterval = [259.432 us; 277.961 us] (CI 99.9%), Margin = 9.265 us (3.45% of Mean)
Skewness = -0.14, Kurtosis = 0.67, MValue = 2

// ** Remained 40 (44.9 %) benchmark(s) to run. Estimated finish 2026-10-08 2:21 (0h 4m from now) **
// **************************
// Benchmark: PlutusUseCasesBenchmarks.DecodeAndEval: NativeAOT 10.0(Runtime=NativeAOT 10.0, Toolchain=Latest ILCompiler, IterationCount=3, LaunchCount=1, MinIterationCount=50, WarmupCount=3) [Script=guardrail-sorted-large]
// *** Execute ***
// Launch: 1 / 1
// Execute: /bench/chrysalis/benchmarks/PlutusBench/bin/Release/net10.0/PlutusBench-NativeAOT 10.0-1/bin/Release/net10.0/linux-x64/publish/PlutusBench-NativeAOT 10.0-1 --anonymousPipes 113 114 --benchmarkName "PlutusUseCasesBenchmarks.DecodeAndEval(Script: \"guardrail-sorted-large\")" --job "NativeAOT 10.0" --benchmarkId 49 in 
// BeforeAnythingElse

// Benchmark Process Environment Information:
// BenchmarkDotNet v0.15.8
// Runtime=.NET 10.0.12, X64 NativeAOT x86-64-v4
// GC=Concurrent Workstation
// HardwareIntrinsics=AVX512 IFMA+VBMI,AVX512 F+BW+CD+DQ+VL,AVX2+BMI1+BMI2+F16C+FMA+LZCNT+MOVBE,AVX,SSE3+SSSE3+SSE4.1+SSE4.2+POPCNT,X86Base+SSE+SSE2,AES+PCLMUL VectorSize=256
// Job: NativeAOT 10.0(IterationCount=3, LaunchCount=1, MinIterationCount=50, WarmupCount=3)

OverheadJitting  1: 1 op, 200.00 ns, 200.0000 ns/op
WorkloadJitting  1: 1 op, 792988.00 ns, 792.9880 us/op

OverheadJitting  2: 16 op, 286.00 ns, 17.8750 ns/op
WorkloadJitting  2: 16 op, 10724379.00 ns, 670.2737 us/op

WorkloadPilot    1: 16 op, 9739420.00 ns, 608.7138 us/op
WorkloadPilot    2: 32 op, 17567523.00 ns, 548.9851 us/op
WorkloadPilot    3: 64 op, 32432805.00 ns, 506.7626 us/op
WorkloadPilot    4: 128 op, 64463799.00 ns, 503.6234 us/op
WorkloadPilot    5: 256 op, 128159271.00 ns, 500.6222 us/op
WorkloadPilot    6: 512 op, 256568840.00 ns, 501.1110 us/op
WorkloadPilot    7: 1024 op, 510947428.00 ns, 498.9721 us/op

OverheadWarmup   1: 1024 op, 2921.00 ns, 2.8525 ns/op
OverheadWarmup   2: 1024 op, 2685.00 ns, 2.6221 ns/op
OverheadWarmup   3: 1024 op, 2718.00 ns, 2.6543 ns/op
OverheadWarmup   4: 1024 op, 2736.00 ns, 2.6719 ns/op
OverheadWarmup   5: 1024 op, 2650.00 ns, 2.5879 ns/op
OverheadWarmup   6: 1024 op, 2670.00 ns, 2.6074 ns/op
OverheadWarmup   7: 1024 op, 2863.00 ns, 2.7959 ns/op
OverheadWarmup   8: 1024 op, 2872.00 ns, 2.8047 ns/op
OverheadWarmup   9: 1024 op, 2715.00 ns, 2.6514 ns/op

OverheadActual   1: 1024 op, 2711.00 ns, 2.6475 ns/op
OverheadActual   2: 1024 op, 2718.00 ns, 2.6543 ns/op
OverheadActual   3: 1024 op, 2756.00 ns, 2.6914 ns/op
OverheadActual   4: 1024 op, 2654.00 ns, 2.5918 ns/op
OverheadActual   5: 1024 op, 2706.00 ns, 2.6426 ns/op
OverheadActual   6: 1024 op, 2822.00 ns, 2.7559 ns/op
OverheadActual   7: 1024 op, 2829.00 ns, 2.7627 ns/op
OverheadActual   8: 1024 op, 2824.00 ns, 2.7578 ns/op
OverheadActual   9: 1024 op, 2709.00 ns, 2.6455 ns/op
OverheadActual  10: 1024 op, 2707.00 ns, 2.6436 ns/op
OverheadActual  11: 1024 op, 2706.00 ns, 2.6426 ns/op
OverheadActual  12: 1024 op, 2723.00 ns, 2.6592 ns/op
OverheadActual  13: 1024 op, 2723.00 ns, 2.6592 ns/op
OverheadActual  14: 1024 op, 2846.00 ns, 2.7793 ns/op
OverheadActual  15: 1024 op, 2728.00 ns, 2.6641 ns/op
OverheadActual  16: 1024 op, 2841.00 ns, 2.7744 ns/op
OverheadActual  17: 1024 op, 2823.00 ns, 2.7568 ns/op
OverheadActual  18: 1024 op, 2722.00 ns, 2.6582 ns/op
OverheadActual  19: 1024 op, 2705.00 ns, 2.6416 ns/op
OverheadActual  20: 1024 op, 2726.00 ns, 2.6621 ns/op

WorkloadWarmup   1: 1024 op, 515982955.00 ns, 503.8896 us/op
WorkloadWarmup   2: 1024 op, 515943242.00 ns, 503.8508 us/op
WorkloadWarmup   3: 1024 op, 513708530.00 ns, 501.6685 us/op

// BeforeActualRun
WorkloadActual   1: 1024 op, 513128002.00 ns, 501.1016 us/op
WorkloadActual   2: 1024 op, 511668492.00 ns, 499.6763 us/op
WorkloadActual   3: 1024 op, 512116923.00 ns, 500.1142 us/op

// AfterActualRun
WorkloadResult   1: 1024 op, 513125279.00 ns, 501.0989 us/op
WorkloadResult   2: 1024 op, 511665769.00 ns, 499.6736 us/op
WorkloadResult   3: 1024 op, 512114200.00 ns, 500.1115 us/op
// GC:  106 32 0 894403568 1024
// Threading:  0 0 1024

// AfterAll
// Benchmark Process 2210 has exited with code 0.

Mean = 500.295 us, StdErr = 0.422 us (0.08%), N = 3, StdDev = 0.730 us
Min = 499.674 us, Q1 = 499.893 us, Median = 500.112 us, Q3 = 500.605 us, Max = 501.099 us
IQR = 0.713 us, LowerFence = 498.824 us, UpperFence = 501.674 us
ConfidenceInterval = [486.975 us; 513.614 us] (CI 99.9%), Margin = 13.320 us (2.66% of Mean)
Skewness = 0.24, Kurtosis = 0.67, MValue = 2

// ** Remained 39 (43.8 %) benchmark(s) to run. Estimated finish 2026-10-08 2:21 (0h 4m from now) **
// **************************
// Benchmark: PlutusUseCasesBenchmarks.DecodeAndEval: NativeAOT 10.0(Runtime=NativeAOT 10.0, Toolchain=Latest ILCompiler, IterationCount=3, LaunchCount=1, MinIterationCount=50, WarmupCount=3) [Script=guardrail-sorted-small]
// *** Execute ***
// Launch: 1 / 1
// Execute: /bench/chrysalis/benchmarks/PlutusBench/bin/Release/net10.0/PlutusBench-NativeAOT 10.0-1/bin/Release/net10.0/linux-x64/publish/PlutusBench-NativeAOT 10.0-1 --anonymousPipes 113 114 --benchmarkName "PlutusUseCasesBenchmarks.DecodeAndEval(Script: \"guardrail-sorted-small\")" --job "NativeAOT 10.0" --benchmarkId 50 in 
// BeforeAnythingElse

// Benchmark Process Environment Information:
// BenchmarkDotNet v0.15.8
// Runtime=.NET 10.0.12, X64 NativeAOT x86-64-v4
// GC=Concurrent Workstation
// HardwareIntrinsics=AVX512 IFMA+VBMI,AVX512 F+BW+CD+DQ+VL,AVX2+BMI1+BMI2+F16C+FMA+LZCNT+MOVBE,AVX,SSE3+SSSE3+SSE4.1+SSE4.2+POPCNT,X86Base+SSE+SSE2,AES+PCLMUL VectorSize=256
// Job: NativeAOT 10.0(IterationCount=3, LaunchCount=1, MinIterationCount=50, WarmupCount=3)

OverheadJitting  1: 1 op, 2302.00 ns, 2.3020 us/op
WorkloadJitting  1: 1 op, 219929.00 ns, 219.9290 us/op

OverheadJitting  2: 16 op, 280.00 ns, 17.5000 ns/op
WorkloadJitting  2: 16 op, 2736810.00 ns, 171.0506 us/op

WorkloadPilot    1: 16 op, 2672103.00 ns, 167.0064 us/op
WorkloadPilot    2: 32 op, 4538072.00 ns, 141.8148 us/op
WorkloadPilot    3: 64 op, 8544881.00 ns, 133.5138 us/op
WorkloadPilot    4: 128 op, 14755388.00 ns, 115.2765 us/op
WorkloadPilot    5: 256 op, 29431509.00 ns, 114.9668 us/op
WorkloadPilot    6: 512 op, 58467214.00 ns, 114.1938 us/op
WorkloadPilot    7: 1024 op, 116263163.00 ns, 113.5382 us/op
WorkloadPilot    8: 2048 op, 231801612.00 ns, 113.1844 us/op
WorkloadPilot    9: 4096 op, 464578946.00 ns, 113.4226 us/op
WorkloadPilot   10: 8192 op, 925677916.00 ns, 112.9978 us/op

OverheadWarmup   1: 8192 op, 18921.00 ns, 2.3097 ns/op
OverheadWarmup   2: 8192 op, 18785.00 ns, 2.2931 ns/op
OverheadWarmup   3: 8192 op, 18758.00 ns, 2.2898 ns/op
OverheadWarmup   4: 8192 op, 18762.00 ns, 2.2903 ns/op
OverheadWarmup   5: 8192 op, 18793.00 ns, 2.2941 ns/op
OverheadWarmup   6: 8192 op, 18748.00 ns, 2.2886 ns/op
OverheadWarmup   7: 8192 op, 19116.00 ns, 2.3335 ns/op
OverheadWarmup   8: 8192 op, 19128.00 ns, 2.3350 ns/op
OverheadWarmup   9: 8192 op, 19121.00 ns, 2.3341 ns/op

OverheadActual   1: 8192 op, 19129.00 ns, 2.3351 ns/op
OverheadActual   2: 8192 op, 18714.00 ns, 2.2844 ns/op
OverheadActual   3: 8192 op, 18731.00 ns, 2.2865 ns/op
OverheadActual   4: 8192 op, 18739.00 ns, 2.2875 ns/op
OverheadActual   5: 8192 op, 18728.00 ns, 2.2861 ns/op
OverheadActual   6: 8192 op, 19114.00 ns, 2.3333 ns/op
OverheadActual   7: 8192 op, 19975.00 ns, 2.4384 ns/op
OverheadActual   8: 8192 op, 19119.00 ns, 2.3339 ns/op
OverheadActual   9: 8192 op, 19090.00 ns, 2.3303 ns/op
OverheadActual  10: 8192 op, 19101.00 ns, 2.3317 ns/op
OverheadActual  11: 8192 op, 19091.00 ns, 2.3304 ns/op
OverheadActual  12: 8192 op, 19095.00 ns, 2.3309 ns/op
OverheadActual  13: 8192 op, 19252.00 ns, 2.3501 ns/op
OverheadActual  14: 8192 op, 19127.00 ns, 2.3348 ns/op
OverheadActual  15: 8192 op, 19105.00 ns, 2.3322 ns/op
OverheadActual  16: 8192 op, 19102.00 ns, 2.3318 ns/op
OverheadActual  17: 8192 op, 19101.00 ns, 2.3317 ns/op
OverheadActual  18: 8192 op, 19126.00 ns, 2.3347 ns/op
OverheadActual  19: 8192 op, 19141.00 ns, 2.3365 ns/op
OverheadActual  20: 8192 op, 19914.00 ns, 2.4309 ns/op

WorkloadWarmup   1: 8192 op, 927967942.00 ns, 113.2773 us/op
WorkloadWarmup   2: 8192 op, 932819890.00 ns, 113.8696 us/op
WorkloadWarmup   3: 8192 op, 926599031.00 ns, 113.1102 us/op

// BeforeActualRun
WorkloadActual   1: 8192 op, 927878899.00 ns, 113.2665 us/op
WorkloadActual   2: 8192 op, 926188876.00 ns, 113.0602 us/op
WorkloadActual   3: 8192 op, 922708858.00 ns, 112.6354 us/op

// AfterActualRun
WorkloadResult   1: 8192 op, 927859795.50 ns, 113.2641 us/op
WorkloadResult   2: 8192 op, 926169772.50 ns, 113.0578 us/op
WorkloadResult   3: 8192 op, 922689754.50 ns, 112.6330 us/op
// GC:  230 57 0 1926104048 8192
// Threading:  0 0 8192

// AfterAll
// Benchmark Process 2212 has exited with code 0.

Mean = 112.985 us, StdErr = 0.186 us (0.16%), N = 3, StdDev = 0.322 us
Min = 112.633 us, Q1 = 112.845 us, Median = 113.058 us, Q3 = 113.161 us, Max = 113.264 us
IQR = 0.316 us, LowerFence = 112.372 us, UpperFence = 113.634 us
ConfidenceInterval = [107.114 us; 118.856 us] (CI 99.9%), Margin = 5.871 us (5.20% of Mean)
Skewness = -0.21, Kurtosis = 0.67, MValue = 2

// ** Remained 38 (42.7 %) benchmark(s) to run. Estimated finish 2026-10-08 2:21 (0h 4m from now) **
// **************************
// Benchmark: PlutusUseCasesBenchmarks.DecodeAndEval: NativeAOT 10.0(Runtime=NativeAOT 10.0, Toolchain=Latest ILCompiler, IterationCount=3, LaunchCount=1, MinIterationCount=50, WarmupCount=3) [Script=guardrail-unsorted-large]
// *** Execute ***
// Launch: 1 / 1
// Execute: /bench/chrysalis/benchmarks/PlutusBench/bin/Release/net10.0/PlutusBench-NativeAOT 10.0-1/bin/Release/net10.0/linux-x64/publish/PlutusBench-NativeAOT 10.0-1 --anonymousPipes 113 114 --benchmarkName "PlutusUseCasesBenchmarks.DecodeAndEval(Script: \"guardrail-unsorted-large\")" --job "NativeAOT 10.0" --benchmarkId 51 in 
// BeforeAnythingElse

// Benchmark Process Environment Information:
// BenchmarkDotNet v0.15.8
// Runtime=.NET 10.0.12, X64 NativeAOT x86-64-v4
// GC=Concurrent Workstation
// HardwareIntrinsics=AVX512 IFMA+VBMI,AVX512 F+BW+CD+DQ+VL,AVX2+BMI1+BMI2+F16C+FMA+LZCNT+MOVBE,AVX,SSE3+SSSE3+SSE4.1+SSE4.2+POPCNT,X86Base+SSE+SSE2,AES+PCLMUL VectorSize=256
// Job: NativeAOT 10.0(IterationCount=3, LaunchCount=1, MinIterationCount=50, WarmupCount=3)

OverheadJitting  1: 1 op, 235.00 ns, 235.0000 ns/op
WorkloadJitting  1: 1 op, 1029550.00 ns, 1.0296 ms/op

OverheadJitting  2: 16 op, 293.00 ns, 18.3125 ns/op
WorkloadJitting  2: 16 op, 13221156.00 ns, 826.3223 us/op

WorkloadPilot    1: 16 op, 12711117.00 ns, 794.4448 us/op
WorkloadPilot    2: 32 op, 21794143.00 ns, 681.0670 us/op
WorkloadPilot    3: 64 op, 43928377.00 ns, 686.3809 us/op
WorkloadPilot    4: 128 op, 85254952.00 ns, 666.0543 us/op
WorkloadPilot    5: 256 op, 169975833.00 ns, 663.9681 us/op
WorkloadPilot    6: 512 op, 342746641.00 ns, 669.4270 us/op
WorkloadPilot    7: 1024 op, 679046160.00 ns, 663.1310 us/op

OverheadWarmup   1: 1024 op, 2854.00 ns, 2.7871 ns/op
OverheadWarmup   2: 1024 op, 2638.00 ns, 2.5762 ns/op
OverheadWarmup   3: 1024 op, 2595.00 ns, 2.5342 ns/op
OverheadWarmup   4: 1024 op, 2608.00 ns, 2.5469 ns/op
OverheadWarmup   5: 1024 op, 2592.00 ns, 2.5313 ns/op
OverheadWarmup   6: 1024 op, 2565.00 ns, 2.5049 ns/op
OverheadWarmup   7: 1024 op, 2746.00 ns, 2.6816 ns/op
OverheadWarmup   8: 1024 op, 2739.00 ns, 2.6748 ns/op

OverheadActual   1: 1024 op, 2694.00 ns, 2.6309 ns/op
OverheadActual   2: 1024 op, 2638.00 ns, 2.5762 ns/op
OverheadActual   3: 1024 op, 2601.00 ns, 2.5400 ns/op
OverheadActual   4: 1024 op, 2698.00 ns, 2.6348 ns/op
OverheadActual   5: 1024 op, 2690.00 ns, 2.6270 ns/op
OverheadActual   6: 1024 op, 2657.00 ns, 2.5947 ns/op
OverheadActual   7: 1024 op, 2734.00 ns, 2.6699 ns/op
OverheadActual   8: 1024 op, 2781.00 ns, 2.7158 ns/op
OverheadActual   9: 1024 op, 2645.00 ns, 2.5830 ns/op
OverheadActual  10: 1024 op, 2667.00 ns, 2.6045 ns/op
OverheadActual  11: 1024 op, 2770.00 ns, 2.7051 ns/op
OverheadActual  12: 1024 op, 2735.00 ns, 2.6709 ns/op
OverheadActual  13: 1024 op, 2691.00 ns, 2.6279 ns/op
OverheadActual  14: 1024 op, 2789.00 ns, 2.7236 ns/op
OverheadActual  15: 1024 op, 2679.00 ns, 2.6162 ns/op
OverheadActual  16: 1024 op, 2633.00 ns, 2.5713 ns/op
OverheadActual  17: 1024 op, 2669.00 ns, 2.6064 ns/op
OverheadActual  18: 1024 op, 2677.00 ns, 2.6143 ns/op
OverheadActual  19: 1024 op, 2677.00 ns, 2.6143 ns/op
OverheadActual  20: 1024 op, 2771.00 ns, 2.7061 ns/op

WorkloadWarmup   1: 1024 op, 760855627.00 ns, 743.0231 us/op
WorkloadWarmup   2: 1024 op, 889240965.00 ns, 868.3994 us/op
WorkloadWarmup   3: 1024 op, 875886330.00 ns, 855.3577 us/op

// BeforeActualRun
WorkloadActual   1: 1024 op, 687044589.00 ns, 670.9420 us/op
WorkloadActual   2: 1024 op, 679438462.00 ns, 663.5141 us/op
WorkloadActual   3: 1024 op, 678383134.00 ns, 662.4835 us/op

// AfterActualRun
WorkloadResult   1: 1024 op, 687041904.50 ns, 670.9394 us/op
WorkloadResult   2: 1024 op, 679435777.50 ns, 663.5115 us/op
WorkloadResult   3: 1024 op, 678380449.50 ns, 662.4809 us/op
// GC:  136 42 0 1140466672 1024
// Threading:  0 0 1024

// AfterAll
// Benchmark Process 2215 has exited with code 0.

Mean = 665.644 us, StdErr = 2.664 us (0.40%), N = 3, StdDev = 4.615 us
Min = 662.481 us, Q1 = 662.996 us, Median = 663.512 us, Q3 = 667.225 us, Max = 670.939 us
IQR = 4.229 us, LowerFence = 656.652 us, UpperFence = 673.569 us
ConfidenceInterval = [581.452 us; 749.836 us] (CI 99.9%), Margin = 84.192 us (12.65% of Mean)
Skewness = 0.36, Kurtosis = 0.67, MValue = 2

// ** Remained 37 (41.6 %) benchmark(s) to run. Estimated finish 2026-10-08 2:21 (0h 4m from now) **
// **************************
// Benchmark: PlutusUseCasesBenchmarks.DecodeAndEval: NativeAOT 10.0(Runtime=NativeAOT 10.0, Toolchain=Latest ILCompiler, IterationCount=3, LaunchCount=1, MinIterationCount=50, WarmupCount=3) [Script=guardrail-unsorted-small]
// *** Execute ***
// Launch: 1 / 1
// Execute: /bench/chrysalis/benchmarks/PlutusBench/bin/Release/net10.0/PlutusBench-NativeAOT 10.0-1/bin/Release/net10.0/linux-x64/publish/PlutusBench-NativeAOT 10.0-1 --anonymousPipes 113 114 --benchmarkName "PlutusUseCasesBenchmarks.DecodeAndEval(Script: \"guardrail-unsorted-small\")" --job "NativeAOT 10.0" --benchmarkId 52 in 
// BeforeAnythingElse

// Benchmark Process Environment Information:
// BenchmarkDotNet v0.15.8
// Runtime=.NET 10.0.12, X64 NativeAOT x86-64-v4
// GC=Concurrent Workstation
// HardwareIntrinsics=AVX512 IFMA+VBMI,AVX512 F+BW+CD+DQ+VL,AVX2+BMI1+BMI2+F16C+FMA+LZCNT+MOVBE,AVX,SSE3+SSSE3+SSE4.1+SSE4.2+POPCNT,X86Base+SSE+SSE2,AES+PCLMUL VectorSize=256
// Job: NativeAOT 10.0(IterationCount=3, LaunchCount=1, MinIterationCount=50, WarmupCount=3)

OverheadJitting  1: 1 op, 217.00 ns, 217.0000 ns/op
WorkloadJitting  1: 1 op, 236202.00 ns, 236.2020 us/op

OverheadJitting  2: 16 op, 304.00 ns, 19.0000 ns/op
WorkloadJitting  2: 16 op, 2755385.00 ns, 172.2116 us/op

WorkloadPilot    1: 16 op, 2956403.00 ns, 184.7752 us/op
WorkloadPilot    2: 32 op, 4476080.00 ns, 139.8775 us/op
WorkloadPilot    3: 64 op, 8199939.00 ns, 128.1240 us/op
WorkloadPilot    4: 128 op, 14303682.00 ns, 111.7475 us/op
WorkloadPilot    5: 256 op, 28563872.00 ns, 111.5776 us/op
WorkloadPilot    6: 512 op, 56990031.00 ns, 111.3087 us/op
WorkloadPilot    7: 1024 op, 113176119.00 ns, 110.5236 us/op
WorkloadPilot    8: 2048 op, 225906293.00 ns, 110.3058 us/op
WorkloadPilot    9: 4096 op, 453549197.00 ns, 110.7298 us/op
WorkloadPilot   10: 8192 op, 905660819.00 ns, 110.5543 us/op

OverheadWarmup   1: 8192 op, 28407.00 ns, 3.4677 ns/op
OverheadWarmup   2: 8192 op, 19106.00 ns, 2.3323 ns/op
OverheadWarmup   3: 8192 op, 19114.00 ns, 2.3333 ns/op
OverheadWarmup   4: 8192 op, 19111.00 ns, 2.3329 ns/op
OverheadWarmup   5: 8192 op, 19103.00 ns, 2.3319 ns/op
OverheadWarmup   6: 8192 op, 27793.00 ns, 3.3927 ns/op
OverheadWarmup   7: 8192 op, 27931.00 ns, 3.4095 ns/op
OverheadWarmup   8: 8192 op, 28079.00 ns, 3.4276 ns/op
OverheadWarmup   9: 8192 op, 27456.00 ns, 3.3516 ns/op

OverheadActual   1: 8192 op, 19183.00 ns, 2.3417 ns/op
OverheadActual   2: 8192 op, 19109.00 ns, 2.3326 ns/op
OverheadActual   3: 8192 op, 19112.00 ns, 2.3330 ns/op
OverheadActual   4: 8192 op, 19064.00 ns, 2.3271 ns/op
OverheadActual   5: 8192 op, 19914.00 ns, 2.4309 ns/op
OverheadActual   6: 8192 op, 19070.00 ns, 2.3279 ns/op
OverheadActual   7: 8192 op, 19905.00 ns, 2.4298 ns/op
OverheadActual   8: 8192 op, 19114.00 ns, 2.3333 ns/op
OverheadActual   9: 8192 op, 19091.00 ns, 2.3304 ns/op
OverheadActual  10: 8192 op, 19112.00 ns, 2.3330 ns/op
OverheadActual  11: 8192 op, 19151.00 ns, 2.3378 ns/op
OverheadActual  12: 8192 op, 19132.00 ns, 2.3354 ns/op
OverheadActual  13: 8192 op, 19101.00 ns, 2.3317 ns/op
OverheadActual  14: 8192 op, 19914.00 ns, 2.4309 ns/op
OverheadActual  15: 8192 op, 19090.00 ns, 2.3303 ns/op
OverheadActual  16: 8192 op, 19899.00 ns, 2.4291 ns/op
OverheadActual  17: 8192 op, 19129.00 ns, 2.3351 ns/op
OverheadActual  18: 8192 op, 19100.00 ns, 2.3315 ns/op
OverheadActual  19: 8192 op, 19089.00 ns, 2.3302 ns/op
OverheadActual  20: 8192 op, 19089.00 ns, 2.3302 ns/op

WorkloadWarmup   1: 8192 op, 905825803.00 ns, 110.5744 us/op
WorkloadWarmup   2: 8192 op, 908449093.00 ns, 110.8947 us/op
WorkloadWarmup   3: 8192 op, 903675789.00 ns, 110.3120 us/op

// BeforeActualRun
WorkloadActual   1: 8192 op, 904016401.00 ns, 110.3536 us/op
WorkloadActual   2: 8192 op, 906734997.00 ns, 110.6854 us/op
WorkloadActual   3: 8192 op, 903106309.00 ns, 110.2425 us/op

// AfterActualRun
WorkloadResult   1: 8192 op, 903997289.00 ns, 110.3512 us/op
WorkloadResult   2: 8192 op, 906715885.00 ns, 110.6831 us/op
WorkloadResult   3: 8192 op, 903087197.00 ns, 110.2401 us/op
// GC:  227 49 0 1901462512 8192
// Threading:  0 0 8192

// AfterAll
// Benchmark Process 2218 has exited with code 0.

Mean = 110.425 us, StdErr = 0.133 us (0.12%), N = 3, StdDev = 0.230 us
Min = 110.240 us, Q1 = 110.296 us, Median = 110.351 us, Q3 = 110.517 us, Max = 110.683 us
IQR = 0.221 us, LowerFence = 109.963 us, UpperFence = 110.849 us
ConfidenceInterval = [106.220 us; 114.629 us] (CI 99.9%), Margin = 4.205 us (3.81% of Mean)
Skewness = 0.29, Kurtosis = 0.67, MValue = 2

// ** Remained 36 (40.4 %) benchmark(s) to run. Estimated finish 2026-10-08 2:21 (0h 4m from now) **
// **************************
// Benchmark: PlutusUseCasesBenchmarks.DecodeAndEval: NativeAOT 10.0(Runtime=NativeAOT 10.0, Toolchain=Latest ILCompiler, IterationCount=3, LaunchCount=1, MinIterationCount=50, WarmupCount=3) [Script=multisig-sm-01]
// *** Execute ***
// Launch: 1 / 1
// Execute: /bench/chrysalis/benchmarks/PlutusBench/bin/Release/net10.0/PlutusBench-NativeAOT 10.0-1/bin/Release/net10.0/linux-x64/publish/PlutusBench-NativeAOT 10.0-1 --anonymousPipes 113 114 --benchmarkName "PlutusUseCasesBenchmarks.DecodeAndEval(Script: \"multisig-sm-01\")" --job "NativeAOT 10.0" --benchmarkId 53 in 
// BeforeAnythingElse

// Benchmark Process Environment Information:
// BenchmarkDotNet v0.15.8
// Runtime=.NET 10.0.12, X64 NativeAOT x86-64-v4
// GC=Concurrent Workstation
// HardwareIntrinsics=AVX512 IFMA+VBMI,AVX512 F+BW+CD+DQ+VL,AVX2+BMI1+BMI2+F16C+FMA+LZCNT+MOVBE,AVX,SSE3+SSSE3+SSE4.1+SSE4.2+POPCNT,X86Base+SSE+SSE2,AES+PCLMUL VectorSize=256
// Job: NativeAOT 10.0(IterationCount=3, LaunchCount=1, MinIterationCount=50, WarmupCount=3)

OverheadJitting  1: 1 op, 222.00 ns, 222.0000 ns/op
WorkloadJitting  1: 1 op, 861586.00 ns, 861.5860 us/op

OverheadJitting  2: 16 op, 311.00 ns, 19.4375 ns/op
WorkloadJitting  2: 16 op, 12791308.00 ns, 799.4568 us/op

WorkloadPilot    1: 16 op, 11676618.00 ns, 729.7886 us/op
WorkloadPilot    2: 32 op, 21730834.00 ns, 679.0886 us/op
WorkloadPilot    3: 64 op, 39111678.00 ns, 611.1200 us/op
WorkloadPilot    4: 128 op, 78581542.00 ns, 613.9183 us/op
WorkloadPilot    5: 256 op, 156036429.00 ns, 609.5173 us/op
WorkloadPilot    6: 512 op, 311680122.00 ns, 608.7502 us/op
WorkloadPilot    7: 1024 op, 627945457.00 ns, 613.2280 us/op

OverheadWarmup   1: 1024 op, 2897.00 ns, 2.8291 ns/op
OverheadWarmup   2: 1024 op, 2794.00 ns, 2.7285 ns/op
OverheadWarmup   3: 1024 op, 2671.00 ns, 2.6084 ns/op
OverheadWarmup   4: 1024 op, 2667.00 ns, 2.6045 ns/op
OverheadWarmup   5: 1024 op, 2656.00 ns, 2.5938 ns/op
OverheadWarmup   6: 1024 op, 2606.00 ns, 2.5449 ns/op
OverheadWarmup   7: 1024 op, 2636.00 ns, 2.5742 ns/op
OverheadWarmup   8: 1024 op, 2694.00 ns, 2.6309 ns/op
OverheadWarmup   9: 1024 op, 2732.00 ns, 2.6680 ns/op
OverheadWarmup  10: 1024 op, 2694.00 ns, 2.6309 ns/op

OverheadActual   1: 1024 op, 2753.00 ns, 2.6885 ns/op
OverheadActual   2: 1024 op, 2732.00 ns, 2.6680 ns/op
OverheadActual   3: 1024 op, 2742.00 ns, 2.6777 ns/op
OverheadActual   4: 1024 op, 2674.00 ns, 2.6113 ns/op
OverheadActual   5: 1024 op, 2687.00 ns, 2.6240 ns/op
OverheadActual   6: 1024 op, 2681.00 ns, 2.6182 ns/op
OverheadActual   7: 1024 op, 2796.00 ns, 2.7305 ns/op
OverheadActual   8: 1024 op, 2683.00 ns, 2.6201 ns/op
OverheadActual   9: 1024 op, 2639.00 ns, 2.5771 ns/op
OverheadActual  10: 1024 op, 2671.00 ns, 2.6084 ns/op
OverheadActual  11: 1024 op, 2677.00 ns, 2.6143 ns/op
OverheadActual  12: 1024 op, 2800.00 ns, 2.7344 ns/op
OverheadActual  13: 1024 op, 2855.00 ns, 2.7881 ns/op
OverheadActual  14: 1024 op, 2736.00 ns, 2.6719 ns/op
OverheadActual  15: 1024 op, 2847.00 ns, 2.7803 ns/op
OverheadActual  16: 1024 op, 2830.00 ns, 2.7637 ns/op
OverheadActual  17: 1024 op, 2725.00 ns, 2.6611 ns/op
OverheadActual  18: 1024 op, 2831.00 ns, 2.7646 ns/op
OverheadActual  19: 1024 op, 2815.00 ns, 2.7490 ns/op
OverheadActual  20: 1024 op, 2726.00 ns, 2.6621 ns/op

WorkloadWarmup   1: 1024 op, 632428790.00 ns, 617.6062 us/op
WorkloadWarmup   2: 1024 op, 632538467.00 ns, 617.7133 us/op
WorkloadWarmup   3: 1024 op, 627091696.00 ns, 612.3942 us/op

// BeforeActualRun
WorkloadActual   1: 1024 op, 625659802.00 ns, 610.9959 us/op
WorkloadActual   2: 1024 op, 626879090.00 ns, 612.1866 us/op
WorkloadActual   3: 1024 op, 625138317.00 ns, 610.4866 us/op

// AfterActualRun
WorkloadResult   1: 1024 op, 625657068.00 ns, 610.9932 us/op
WorkloadResult   2: 1024 op, 626876356.00 ns, 612.1839 us/op
WorkloadResult   3: 1024 op, 625135583.00 ns, 610.4840 us/op
// GC:  111 45 0 936371184 1024
// Threading:  0 0 1024

// AfterAll
// Benchmark Process 2220 has exited with code 0.

Mean = 611.220 us, StdErr = 0.504 us (0.08%), N = 3, StdDev = 0.872 us
Min = 610.484 us, Q1 = 610.739 us, Median = 610.993 us, Q3 = 611.589 us, Max = 612.184 us
IQR = 0.850 us, LowerFence = 609.464 us, UpperFence = 612.864 us
ConfidenceInterval = [595.304 us; 627.137 us] (CI 99.9%), Margin = 15.917 us (2.60% of Mean)
Skewness = 0.24, Kurtosis = 0.67, MValue = 2

// ** Remained 35 (39.3 %) benchmark(s) to run. Estimated finish 2026-10-08 2:21 (0h 3m from now) **
// **************************
// Benchmark: PlutusUseCasesBenchmarks.DecodeAndEval: NativeAOT 10.0(Runtime=NativeAOT 10.0, Toolchain=Latest ILCompiler, IterationCount=3, LaunchCount=1, MinIterationCount=50, WarmupCount=3) [Script=multisig-sm-02]
// *** Execute ***
// Launch: 1 / 1
// Execute: /bench/chrysalis/benchmarks/PlutusBench/bin/Release/net10.0/PlutusBench-NativeAOT 10.0-1/bin/Release/net10.0/linux-x64/publish/PlutusBench-NativeAOT 10.0-1 --anonymousPipes 113 114 --benchmarkName "PlutusUseCasesBenchmarks.DecodeAndEval(Script: \"multisig-sm-02\")" --job "NativeAOT 10.0" --benchmarkId 54 in 
// BeforeAnythingElse

// Benchmark Process Environment Information:
// BenchmarkDotNet v0.15.8
// Runtime=.NET 10.0.12, X64 NativeAOT x86-64-v4
// GC=Concurrent Workstation
// HardwareIntrinsics=AVX512 IFMA+VBMI,AVX512 F+BW+CD+DQ+VL,AVX2+BMI1+BMI2+F16C+FMA+LZCNT+MOVBE,AVX,SSE3+SSSE3+SSE4.1+SSE4.2+POPCNT,X86Base+SSE+SSE2,AES+PCLMUL VectorSize=256
// Job: NativeAOT 10.0(IterationCount=3, LaunchCount=1, MinIterationCount=50, WarmupCount=3)

OverheadJitting  1: 1 op, 2541.00 ns, 2.5410 us/op
WorkloadJitting  1: 1 op, 949902.00 ns, 949.9020 us/op

OverheadJitting  2: 16 op, 283.00 ns, 17.6875 ns/op
WorkloadJitting  2: 16 op, 12289481.00 ns, 768.0926 us/op

WorkloadPilot    1: 16 op, 11355563.00 ns, 709.7227 us/op
WorkloadPilot    2: 32 op, 21037202.00 ns, 657.4126 us/op
WorkloadPilot    3: 64 op, 38498146.00 ns, 601.5335 us/op
WorkloadPilot    4: 128 op, 77065271.00 ns, 602.0724 us/op
WorkloadPilot    5: 256 op, 152822311.00 ns, 596.9622 us/op
WorkloadPilot    6: 512 op, 306438807.00 ns, 598.5133 us/op
WorkloadPilot    7: 1024 op, 608340754.00 ns, 594.0828 us/op

OverheadWarmup   1: 1024 op, 2671.00 ns, 2.6084 ns/op
OverheadWarmup   2: 1024 op, 2499.00 ns, 2.4404 ns/op
OverheadWarmup   3: 1024 op, 2485.00 ns, 2.4268 ns/op
OverheadWarmup   4: 1024 op, 2487.00 ns, 2.4287 ns/op
OverheadWarmup   5: 1024 op, 2458.00 ns, 2.4004 ns/op
OverheadWarmup   6: 1024 op, 2469.00 ns, 2.4111 ns/op
OverheadWarmup   7: 1024 op, 2621.00 ns, 2.5596 ns/op
OverheadWarmup   8: 1024 op, 2517.00 ns, 2.4580 ns/op

OverheadActual   1: 1024 op, 2541.00 ns, 2.4814 ns/op
OverheadActual   2: 1024 op, 2509.00 ns, 2.4502 ns/op
OverheadActual   3: 1024 op, 2528.00 ns, 2.4688 ns/op
OverheadActual   4: 1024 op, 2536.00 ns, 2.4766 ns/op
OverheadActual   5: 1024 op, 2588.00 ns, 2.5273 ns/op
OverheadActual   6: 1024 op, 2628.00 ns, 2.5664 ns/op
OverheadActual   7: 1024 op, 2710.00 ns, 2.6465 ns/op
OverheadActual   8: 1024 op, 2618.00 ns, 2.5566 ns/op
OverheadActual   9: 1024 op, 2527.00 ns, 2.4678 ns/op
OverheadActual  10: 1024 op, 2546.00 ns, 2.4863 ns/op
OverheadActual  11: 1024 op, 2503.00 ns, 2.4443 ns/op
OverheadActual  12: 1024 op, 2519.00 ns, 2.4600 ns/op
OverheadActual  13: 1024 op, 2514.00 ns, 2.4551 ns/op
OverheadActual  14: 1024 op, 2628.00 ns, 2.5664 ns/op
OverheadActual  15: 1024 op, 2665.00 ns, 2.6025 ns/op
OverheadActual  16: 1024 op, 2633.00 ns, 2.5713 ns/op
OverheadActual  17: 1024 op, 3480.00 ns, 3.3984 ns/op
OverheadActual  18: 1024 op, 2533.00 ns, 2.4736 ns/op
OverheadActual  19: 1024 op, 2539.00 ns, 2.4795 ns/op
OverheadActual  20: 1024 op, 2633.00 ns, 2.5713 ns/op

WorkloadWarmup   1: 1024 op, 613956160.00 ns, 599.5666 us/op
WorkloadWarmup   2: 1024 op, 614254282.00 ns, 599.8577 us/op
WorkloadWarmup   3: 1024 op, 612246325.00 ns, 597.8968 us/op

// BeforeActualRun
WorkloadActual   1: 1024 op, 609326995.00 ns, 595.0459 us/op
WorkloadActual   2: 1024 op, 609462243.00 ns, 595.1780 us/op
WorkloadActual   3: 1024 op, 608916447.00 ns, 594.6450 us/op

// AfterActualRun
WorkloadResult   1: 1024 op, 609324451.50 ns, 595.0434 us/op
WorkloadResult   2: 1024 op, 609459699.50 ns, 595.1755 us/op
WorkloadResult   3: 1024 op, 608913903.50 ns, 594.6425 us/op
// GC:  110 46 0 922305520 1024
// Threading:  0 0 1024

// AfterAll
// Benchmark Process 2222 has exited with code 0.

Mean = 594.954 us, StdErr = 0.160 us (0.03%), N = 3, StdDev = 0.278 us
Min = 594.642 us, Q1 = 594.843 us, Median = 595.043 us, Q3 = 595.109 us, Max = 595.175 us
IQR = 0.267 us, LowerFence = 594.443 us, UpperFence = 595.509 us
ConfidenceInterval = [589.890 us; 600.018 us] (CI 99.9%), Margin = 5.064 us (0.85% of Mean)
Skewness = -0.29, Kurtosis = 0.67, MValue = 2

// ** Remained 34 (38.2 %) benchmark(s) to run. Estimated finish 2026-10-08 2:21 (0h 3m from now) **
// **************************
// Benchmark: PlutusUseCasesBenchmarks.DecodeAndEval: NativeAOT 10.0(Runtime=NativeAOT 10.0, Toolchain=Latest ILCompiler, IterationCount=3, LaunchCount=1, MinIterationCount=50, WarmupCount=3) [Script=multisig-sm-03]
// *** Execute ***
// Launch: 1 / 1
// Execute: /bench/chrysalis/benchmarks/PlutusBench/bin/Release/net10.0/PlutusBench-NativeAOT 10.0-1/bin/Release/net10.0/linux-x64/publish/PlutusBench-NativeAOT 10.0-1 --anonymousPipes 113 114 --benchmarkName "PlutusUseCasesBenchmarks.DecodeAndEval(Script: \"multisig-sm-03\")" --job "NativeAOT 10.0" --benchmarkId 55 in 
// BeforeAnythingElse

// Benchmark Process Environment Information:
// BenchmarkDotNet v0.15.8
// Runtime=.NET 10.0.12, X64 NativeAOT x86-64-v4
// GC=Concurrent Workstation
// HardwareIntrinsics=AVX512 IFMA+VBMI,AVX512 F+BW+CD+DQ+VL,AVX2+BMI1+BMI2+F16C+FMA+LZCNT+MOVBE,AVX,SSE3+SSSE3+SSE4.1+SSE4.2+POPCNT,X86Base+SSE+SSE2,AES+PCLMUL VectorSize=256
// Job: NativeAOT 10.0(IterationCount=3, LaunchCount=1, MinIterationCount=50, WarmupCount=3)

OverheadJitting  1: 1 op, 205.00 ns, 205.0000 ns/op
WorkloadJitting  1: 1 op, 899123.00 ns, 899.1230 us/op

OverheadJitting  2: 16 op, 290.00 ns, 18.1250 ns/op
WorkloadJitting  2: 16 op, 12451727.00 ns, 778.2329 us/op

WorkloadPilot    1: 16 op, 11778053.00 ns, 736.1283 us/op
WorkloadPilot    2: 32 op, 21446280.00 ns, 670.1963 us/op
WorkloadPilot    3: 64 op, 39490316.00 ns, 617.0362 us/op
WorkloadPilot    4: 128 op, 78537343.00 ns, 613.5730 us/op
WorkloadPilot    5: 256 op, 205382884.00 ns, 802.2769 us/op
WorkloadPilot    6: 512 op, 388065095.00 ns, 757.9396 us/op
WorkloadPilot    7: 1024 op, 774537414.00 ns, 756.3842 us/op

OverheadWarmup   1: 1024 op, 3818.00 ns, 3.7285 ns/op
OverheadWarmup   2: 1024 op, 3134.00 ns, 3.0605 ns/op
OverheadWarmup   3: 1024 op, 3140.00 ns, 3.0664 ns/op
OverheadWarmup   4: 1024 op, 3029.00 ns, 2.9580 ns/op
OverheadWarmup   5: 1024 op, 2992.00 ns, 2.9219 ns/op
OverheadWarmup   6: 1024 op, 3031.00 ns, 2.9600 ns/op
OverheadWarmup   7: 1024 op, 3085.00 ns, 3.0127 ns/op
OverheadWarmup   8: 1024 op, 2956.00 ns, 2.8867 ns/op

OverheadActual   1: 1024 op, 6392.00 ns, 6.2422 ns/op
OverheadActual   2: 1024 op, 3008.00 ns, 2.9375 ns/op
OverheadActual   3: 1024 op, 3041.00 ns, 2.9697 ns/op
OverheadActual   4: 1024 op, 3025.00 ns, 2.9541 ns/op
OverheadActual   5: 1024 op, 2997.00 ns, 2.9268 ns/op
OverheadActual   6: 1024 op, 3006.00 ns, 2.9355 ns/op
OverheadActual   7: 1024 op, 3063.00 ns, 2.9912 ns/op
OverheadActual   8: 1024 op, 3016.00 ns, 2.9453 ns/op
OverheadActual   9: 1024 op, 3015.00 ns, 2.9443 ns/op
OverheadActual  10: 1024 op, 3021.00 ns, 2.9502 ns/op
OverheadActual  11: 1024 op, 3010.00 ns, 2.9395 ns/op
OverheadActual  12: 1024 op, 2980.00 ns, 2.9102 ns/op
OverheadActual  13: 1024 op, 3012.00 ns, 2.9414 ns/op
OverheadActual  14: 1024 op, 3001.00 ns, 2.9307 ns/op
OverheadActual  15: 1024 op, 3045.00 ns, 2.9736 ns/op
OverheadActual  16: 1024 op, 3000.00 ns, 2.9297 ns/op
OverheadActual  17: 1024 op, 3030.00 ns, 2.9590 ns/op
OverheadActual  18: 1024 op, 3001.00 ns, 2.9307 ns/op
OverheadActual  19: 1024 op, 2985.00 ns, 2.9150 ns/op
OverheadActual  20: 1024 op, 3026.00 ns, 2.9551 ns/op

WorkloadWarmup   1: 1024 op, 758130558.00 ns, 740.3619 us/op
WorkloadWarmup   2: 1024 op, 625836499.00 ns, 611.1685 us/op
WorkloadWarmup   3: 1024 op, 625614607.00 ns, 610.9518 us/op

// BeforeActualRun
WorkloadActual   1: 1024 op, 625529591.00 ns, 610.8687 us/op
WorkloadActual   2: 1024 op, 626158677.00 ns, 611.4831 us/op
WorkloadActual   3: 1024 op, 625239798.00 ns, 610.5857 us/op

// AfterActualRun
WorkloadResult   1: 1024 op, 625526577.50 ns, 610.8658 us/op
WorkloadResult   2: 1024 op, 626155663.50 ns, 611.4801 us/op
WorkloadResult   3: 1024 op, 625236784.50 ns, 610.5828 us/op
// GC:  110 50 0 927794160 1024
// Threading:  0 0 1024

// AfterAll
// Benchmark Process 2225 has exited with code 0.

Mean = 610.976 us, StdErr = 0.265 us (0.04%), N = 3, StdDev = 0.459 us
Min = 610.583 us, Q1 = 610.724 us, Median = 610.866 us, Q3 = 611.173 us, Max = 611.480 us
IQR = 0.449 us, LowerFence = 610.051 us, UpperFence = 611.846 us
ConfidenceInterval = [602.607 us; 619.346 us] (CI 99.9%), Margin = 8.369 us (1.37% of Mean)
Skewness = 0.23, Kurtosis = 0.67, MValue = 2

// ** Remained 33 (37.1 %) benchmark(s) to run. Estimated finish 2026-10-08 2:21 (0h 3m from now) **
// **************************
// Benchmark: PlutusUseCasesBenchmarks.DecodeAndEval: NativeAOT 10.0(Runtime=NativeAOT 10.0, Toolchain=Latest ILCompiler, IterationCount=3, LaunchCount=1, MinIterationCount=50, WarmupCount=3) [Script=multisig-sm-04]
// *** Execute ***
// Launch: 1 / 1
// Execute: /bench/chrysalis/benchmarks/PlutusBench/bin/Release/net10.0/PlutusBench-NativeAOT 10.0-1/bin/Release/net10.0/linux-x64/publish/PlutusBench-NativeAOT 10.0-1 --anonymousPipes 113 114 --benchmarkName "PlutusUseCasesBenchmarks.DecodeAndEval(Script: \"multisig-sm-04\")" --job "NativeAOT 10.0" --benchmarkId 56 in 
// BeforeAnythingElse

// Benchmark Process Environment Information:
// BenchmarkDotNet v0.15.8
// Runtime=.NET 10.0.12, X64 NativeAOT x86-64-v4
// GC=Concurrent Workstation
// HardwareIntrinsics=AVX512 IFMA+VBMI,AVX512 F+BW+CD+DQ+VL,AVX2+BMI1+BMI2+F16C+FMA+LZCNT+MOVBE,AVX,SSE3+SSSE3+SSE4.1+SSE4.2+POPCNT,X86Base+SSE+SSE2,AES+PCLMUL VectorSize=256
// Job: NativeAOT 10.0(IterationCount=3, LaunchCount=1, MinIterationCount=50, WarmupCount=3)

OverheadJitting  1: 1 op, 216.00 ns, 216.0000 ns/op
WorkloadJitting  1: 1 op, 912757.00 ns, 912.7570 us/op

OverheadJitting  2: 16 op, 298.00 ns, 18.6250 ns/op
WorkloadJitting  2: 16 op, 12288658.00 ns, 768.0411 us/op

WorkloadPilot    1: 16 op, 11848772.00 ns, 740.5483 us/op
WorkloadPilot    2: 32 op, 21907443.00 ns, 684.6076 us/op
WorkloadPilot    3: 64 op, 39302059.00 ns, 614.0947 us/op
WorkloadPilot    4: 128 op, 79630362.00 ns, 622.1122 us/op
WorkloadPilot    5: 256 op, 159014232.00 ns, 621.1493 us/op
WorkloadPilot    6: 512 op, 315638392.00 ns, 616.4812 us/op
WorkloadPilot    7: 1024 op, 631382184.00 ns, 616.5842 us/op

OverheadWarmup   1: 1024 op, 2696.00 ns, 2.6328 ns/op
OverheadWarmup   2: 1024 op, 2615.00 ns, 2.5537 ns/op
OverheadWarmup   3: 1024 op, 2518.00 ns, 2.4590 ns/op
OverheadWarmup   4: 1024 op, 2537.00 ns, 2.4775 ns/op
OverheadWarmup   5: 1024 op, 2476.00 ns, 2.4180 ns/op
OverheadWarmup   6: 1024 op, 2487.00 ns, 2.4287 ns/op
OverheadWarmup   7: 1024 op, 2532.00 ns, 2.4727 ns/op
OverheadWarmup   8: 1024 op, 2595.00 ns, 2.5342 ns/op
OverheadWarmup   9: 1024 op, 2470.00 ns, 2.4121 ns/op

OverheadActual   1: 1024 op, 2606.00 ns, 2.5449 ns/op
OverheadActual   2: 1024 op, 2486.00 ns, 2.4277 ns/op
OverheadActual   3: 1024 op, 2592.00 ns, 2.5313 ns/op
OverheadActual   4: 1024 op, 2478.00 ns, 2.4199 ns/op
OverheadActual   5: 1024 op, 2530.00 ns, 2.4707 ns/op
OverheadActual   6: 1024 op, 2507.00 ns, 2.4482 ns/op
OverheadActual   7: 1024 op, 2599.00 ns, 2.5381 ns/op
OverheadActual   8: 1024 op, 2512.00 ns, 2.4531 ns/op
OverheadActual   9: 1024 op, 2629.00 ns, 2.5674 ns/op
OverheadActual  10: 1024 op, 2578.00 ns, 2.5176 ns/op
OverheadActual  11: 1024 op, 2619.00 ns, 2.5576 ns/op
OverheadActual  12: 1024 op, 2585.00 ns, 2.5244 ns/op
OverheadActual  13: 1024 op, 2646.00 ns, 2.5840 ns/op
OverheadActual  14: 1024 op, 2541.00 ns, 2.4814 ns/op
OverheadActual  15: 1024 op, 2580.00 ns, 2.5195 ns/op
OverheadActual  16: 1024 op, 2642.00 ns, 2.5801 ns/op
OverheadActual  17: 1024 op, 2690.00 ns, 2.6270 ns/op
OverheadActual  18: 1024 op, 2669.00 ns, 2.6064 ns/op
OverheadActual  19: 1024 op, 2565.00 ns, 2.5049 ns/op
OverheadActual  20: 1024 op, 2640.00 ns, 2.5781 ns/op

WorkloadWarmup   1: 1024 op, 636499593.00 ns, 621.5816 us/op
WorkloadWarmup   2: 1024 op, 634624385.00 ns, 619.7504 us/op
WorkloadWarmup   3: 1024 op, 631665144.00 ns, 616.8605 us/op

// BeforeActualRun
WorkloadActual   1: 1024 op, 631605197.00 ns, 616.8020 us/op
WorkloadActual   2: 1024 op, 631714669.00 ns, 616.9089 us/op
WorkloadActual   3: 1024 op, 632115344.00 ns, 617.3001 us/op

// AfterActualRun
WorkloadResult   1: 1024 op, 631602608.50 ns, 616.7994 us/op
WorkloadResult   2: 1024 op, 631712080.50 ns, 616.9063 us/op
WorkloadResult   3: 1024 op, 632112755.50 ns, 617.2976 us/op
// GC:  111 47 0 933266416 1024
// Threading:  0 0 1024

// AfterAll
// Benchmark Process 2228 has exited with code 0.

Mean = 617.001 us, StdErr = 0.151 us (0.02%), N = 3, StdDev = 0.262 us
Min = 616.799 us, Q1 = 616.853 us, Median = 616.906 us, Q3 = 617.102 us, Max = 617.298 us
IQR = 0.249 us, LowerFence = 616.479 us, UpperFence = 617.476 us
ConfidenceInterval = [612.216 us; 621.786 us] (CI 99.9%), Margin = 4.785 us (0.78% of Mean)
Skewness = 0.31, Kurtosis = 0.67, MValue = 2

// ** Remained 32 (36.0 %) benchmark(s) to run. Estimated finish 2026-10-08 2:21 (0h 3m from now) **
// **************************
// Benchmark: PlutusUseCasesBenchmarks.DecodeAndEval: NativeAOT 10.0(Runtime=NativeAOT 10.0, Toolchain=Latest ILCompiler, IterationCount=3, LaunchCount=1, MinIterationCount=50, WarmupCount=3) [Script=multisig-sm-05]
// *** Execute ***
// Launch: 1 / 1
// Execute: /bench/chrysalis/benchmarks/PlutusBench/bin/Release/net10.0/PlutusBench-NativeAOT 10.0-1/bin/Release/net10.0/linux-x64/publish/PlutusBench-NativeAOT 10.0-1 --anonymousPipes 113 114 --benchmarkName "PlutusUseCasesBenchmarks.DecodeAndEval(Script: \"multisig-sm-05\")" --job "NativeAOT 10.0" --benchmarkId 57 in 
// BeforeAnythingElse

// Benchmark Process Environment Information:
// BenchmarkDotNet v0.15.8
// Runtime=.NET 10.0.12, X64 NativeAOT x86-64-v4
// GC=Concurrent Workstation
// HardwareIntrinsics=AVX512 IFMA+VBMI,AVX512 F+BW+CD+DQ+VL,AVX2+BMI1+BMI2+F16C+FMA+LZCNT+MOVBE,AVX,SSE3+SSSE3+SSE4.1+SSE4.2+POPCNT,X86Base+SSE+SSE2,AES+PCLMUL VectorSize=256
// Job: NativeAOT 10.0(IterationCount=3, LaunchCount=1, MinIterationCount=50, WarmupCount=3)

OverheadJitting  1: 1 op, 225.00 ns, 225.0000 ns/op
WorkloadJitting  1: 1 op, 1147002.00 ns, 1.1470 ms/op

OverheadJitting  2: 16 op, 304.00 ns, 19.0000 ns/op
WorkloadJitting  2: 16 op, 15860731.00 ns, 991.2957 us/op

WorkloadPilot    1: 16 op, 15114955.00 ns, 944.6847 us/op
WorkloadPilot    2: 32 op, 26778660.00 ns, 836.8331 us/op
WorkloadPilot    3: 64 op, 51609168.00 ns, 806.3933 us/op
WorkloadPilot    4: 128 op, 102360343.00 ns, 799.6902 us/op
WorkloadPilot    5: 256 op, 208221554.00 ns, 813.3654 us/op
WorkloadPilot    6: 512 op, 413953643.00 ns, 808.5032 us/op
WorkloadPilot    7: 1024 op, 828137611.00 ns, 808.7281 us/op

OverheadWarmup   1: 1024 op, 2910.00 ns, 2.8418 ns/op
OverheadWarmup   2: 1024 op, 2659.00 ns, 2.5967 ns/op
OverheadWarmup   3: 1024 op, 2644.00 ns, 2.5820 ns/op
OverheadWarmup   4: 1024 op, 2661.00 ns, 2.5986 ns/op
OverheadWarmup   5: 1024 op, 2646.00 ns, 2.5840 ns/op
OverheadWarmup   6: 1024 op, 2614.00 ns, 2.5527 ns/op
OverheadWarmup   7: 1024 op, 2636.00 ns, 2.5742 ns/op
OverheadWarmup   8: 1024 op, 2616.00 ns, 2.5547 ns/op

OverheadActual   1: 1024 op, 2638.00 ns, 2.5762 ns/op
OverheadActual   2: 1024 op, 2650.00 ns, 2.5879 ns/op
OverheadActual   3: 1024 op, 2679.00 ns, 2.6162 ns/op
OverheadActual   4: 1024 op, 2665.00 ns, 2.6025 ns/op
OverheadActual   5: 1024 op, 2697.00 ns, 2.6338 ns/op
OverheadActual   6: 1024 op, 2691.00 ns, 2.6279 ns/op
OverheadActual   7: 1024 op, 2682.00 ns, 2.6191 ns/op
OverheadActual   8: 1024 op, 2692.00 ns, 2.6289 ns/op
OverheadActual   9: 1024 op, 2664.00 ns, 2.6016 ns/op
OverheadActual  10: 1024 op, 2690.00 ns, 2.6270 ns/op
OverheadActual  11: 1024 op, 2801.00 ns, 2.7354 ns/op
OverheadActual  12: 1024 op, 2641.00 ns, 2.5791 ns/op
OverheadActual  13: 1024 op, 2693.00 ns, 2.6299 ns/op
OverheadActual  14: 1024 op, 2713.00 ns, 2.6494 ns/op
OverheadActual  15: 1024 op, 2688.00 ns, 2.6250 ns/op
OverheadActual  16: 1024 op, 2678.00 ns, 2.6152 ns/op
OverheadActual  17: 1024 op, 2695.00 ns, 2.6318 ns/op
OverheadActual  18: 1024 op, 2697.00 ns, 2.6338 ns/op
OverheadActual  19: 1024 op, 2644.00 ns, 2.5820 ns/op
OverheadActual  20: 1024 op, 2672.00 ns, 2.6094 ns/op

WorkloadWarmup   1: 1024 op, 828405172.00 ns, 808.9894 us/op
WorkloadWarmup   2: 1024 op, 831738798.00 ns, 812.2449 us/op
WorkloadWarmup   3: 1024 op, 827738329.00 ns, 808.3382 us/op

// BeforeActualRun
WorkloadActual   1: 1024 op, 824336879.00 ns, 805.0165 us/op
WorkloadActual   2: 1024 op, 825049344.00 ns, 805.7123 us/op
WorkloadActual   3: 1024 op, 827673592.00 ns, 808.2750 us/op

// AfterActualRun
WorkloadResult   1: 1024 op, 824334194.00 ns, 805.0139 us/op
WorkloadResult   2: 1024 op, 825046659.00 ns, 805.7096 us/op
WorkloadResult   3: 1024 op, 827670907.00 ns, 808.2724 us/op
// GC:  136 67 0 1140843504 1024
// Threading:  0 0 1024

// AfterAll
// Benchmark Process 2231 has exited with code 0.

Mean = 806.332 us, StdErr = 0.991 us (0.12%), N = 3, StdDev = 1.716 us
Min = 805.014 us, Q1 = 805.362 us, Median = 805.710 us, Q3 = 806.991 us, Max = 808.272 us
IQR = 1.629 us, LowerFence = 802.918 us, UpperFence = 809.435 us
ConfidenceInterval = [775.024 us; 837.640 us] (CI 99.9%), Margin = 31.308 us (3.88% of Mean)
Skewness = 0.31, Kurtosis = 0.67, MValue = 2

// ** Remained 31 (34.8 %) benchmark(s) to run. Estimated finish 2026-10-08 2:21 (0h 3m from now) **
// **************************
// Benchmark: PlutusUseCasesBenchmarks.DecodeAndEval: NativeAOT 10.0(Runtime=NativeAOT 10.0, Toolchain=Latest ILCompiler, IterationCount=3, LaunchCount=1, MinIterationCount=50, WarmupCount=3) [Script=multisig-sm-06]
// *** Execute ***
// Launch: 1 / 1
// Execute: /bench/chrysalis/benchmarks/PlutusBench/bin/Release/net10.0/PlutusBench-NativeAOT 10.0-1/bin/Release/net10.0/linux-x64/publish/PlutusBench-NativeAOT 10.0-1 --anonymousPipes 113 114 --benchmarkName "PlutusUseCasesBenchmarks.DecodeAndEval(Script: \"multisig-sm-06\")" --job "NativeAOT 10.0" --benchmarkId 58 in 
// BeforeAnythingElse

// Benchmark Process Environment Information:
// BenchmarkDotNet v0.15.8
// Runtime=.NET 10.0.12, X64 NativeAOT x86-64-v4
// GC=Concurrent Workstation
// HardwareIntrinsics=AVX512 IFMA+VBMI,AVX512 F+BW+CD+DQ+VL,AVX2+BMI1+BMI2+F16C+FMA+LZCNT+MOVBE,AVX,SSE3+SSSE3+SSE4.1+SSE4.2+POPCNT,X86Base+SSE+SSE2,AES+PCLMUL VectorSize=256
// Job: NativeAOT 10.0(IterationCount=3, LaunchCount=1, MinIterationCount=50, WarmupCount=3)

OverheadJitting  1: 1 op, 2878.00 ns, 2.8780 us/op
WorkloadJitting  1: 1 op, 916454.00 ns, 916.4540 us/op

OverheadJitting  2: 16 op, 326.00 ns, 20.3750 ns/op
WorkloadJitting  2: 16 op, 12809006.00 ns, 800.5629 us/op

WorkloadPilot    1: 16 op, 11790786.00 ns, 736.9241 us/op
WorkloadPilot    2: 32 op, 21824825.00 ns, 682.0258 us/op
WorkloadPilot    3: 64 op, 39000322.00 ns, 609.3800 us/op
WorkloadPilot    4: 128 op, 78379410.00 ns, 612.3391 us/op
WorkloadPilot    5: 256 op, 155705351.00 ns, 608.2240 us/op
WorkloadPilot    6: 512 op, 312461717.00 ns, 610.2768 us/op
WorkloadPilot    7: 1024 op, 624274869.00 ns, 609.6434 us/op

OverheadWarmup   1: 1024 op, 2668.00 ns, 2.6055 ns/op
OverheadWarmup   2: 1024 op, 2530.00 ns, 2.4707 ns/op
OverheadWarmup   3: 1024 op, 2484.00 ns, 2.4258 ns/op
OverheadWarmup   4: 1024 op, 2513.00 ns, 2.4541 ns/op
OverheadWarmup   5: 1024 op, 2497.00 ns, 2.4385 ns/op
OverheadWarmup   6: 1024 op, 2446.00 ns, 2.3887 ns/op
OverheadWarmup   7: 1024 op, 2512.00 ns, 2.4531 ns/op
OverheadWarmup   8: 1024 op, 2449.00 ns, 2.3916 ns/op

OverheadActual   1: 1024 op, 2466.00 ns, 2.4082 ns/op
OverheadActual   2: 1024 op, 2495.00 ns, 2.4365 ns/op
OverheadActual   3: 1024 op, 2517.00 ns, 2.4580 ns/op
OverheadActual   4: 1024 op, 2508.00 ns, 2.4492 ns/op
OverheadActual   5: 1024 op, 2544.00 ns, 2.4844 ns/op
OverheadActual   6: 1024 op, 2611.00 ns, 2.5498 ns/op
OverheadActual   7: 1024 op, 2491.00 ns, 2.4326 ns/op
OverheadActual   8: 1024 op, 2502.00 ns, 2.4434 ns/op
OverheadActual   9: 1024 op, 2464.00 ns, 2.4063 ns/op
OverheadActual  10: 1024 op, 2427.00 ns, 2.3701 ns/op
OverheadActual  11: 1024 op, 2447.00 ns, 2.3896 ns/op
OverheadActual  12: 1024 op, 2545.00 ns, 2.4854 ns/op
OverheadActual  13: 1024 op, 2524.00 ns, 2.4648 ns/op
OverheadActual  14: 1024 op, 2548.00 ns, 2.4883 ns/op
OverheadActual  15: 1024 op, 2544.00 ns, 2.4844 ns/op
OverheadActual  16: 1024 op, 2661.00 ns, 2.5986 ns/op
OverheadActual  17: 1024 op, 2544.00 ns, 2.4844 ns/op
OverheadActual  18: 1024 op, 2533.00 ns, 2.4736 ns/op
OverheadActual  19: 1024 op, 2536.00 ns, 2.4766 ns/op
OverheadActual  20: 1024 op, 2539.00 ns, 2.4795 ns/op

WorkloadWarmup   1: 1024 op, 626989646.00 ns, 612.2946 us/op
WorkloadWarmup   2: 1024 op, 626160171.00 ns, 611.4845 us/op
WorkloadWarmup   3: 1024 op, 622943706.00 ns, 608.3435 us/op

// BeforeActualRun
WorkloadActual   1: 1024 op, 623073947.00 ns, 608.4707 us/op
WorkloadActual   2: 1024 op, 621962518.00 ns, 607.3853 us/op
WorkloadActual   3: 1024 op, 621180968.00 ns, 606.6220 us/op

// AfterActualRun
WorkloadResult   1: 1024 op, 623071418.50 ns, 608.4682 us/op
WorkloadResult   2: 1024 op, 621959989.50 ns, 607.3828 us/op
WorkloadResult   3: 1024 op, 621178439.50 ns, 606.6196 us/op
// GC:  111 47 0 936141808 1024
// Threading:  0 0 1024

// AfterAll
// Benchmark Process 2235 has exited with code 0.

Mean = 607.490 us, StdErr = 0.536 us (0.09%), N = 3, StdDev = 0.929 us
Min = 606.620 us, Q1 = 607.001 us, Median = 607.383 us, Q3 = 607.925 us, Max = 608.468 us
IQR = 0.924 us, LowerFence = 605.615 us, UpperFence = 609.312 us
ConfidenceInterval = [590.542 us; 624.438 us] (CI 99.9%), Margin = 16.948 us (2.79% of Mean)
Skewness = 0.11, Kurtosis = 0.67, MValue = 2

// ** Remained 30 (33.7 %) benchmark(s) to run. Estimated finish 2026-10-08 2:21 (0h 3m from now) **
// **************************
// Benchmark: PlutusUseCasesBenchmarks.DecodeAndEval: NativeAOT 10.0(Runtime=NativeAOT 10.0, Toolchain=Latest ILCompiler, IterationCount=3, LaunchCount=1, MinIterationCount=50, WarmupCount=3) [Script=multisig-sm-07]
// *** Execute ***
// Launch: 1 / 1
// Execute: /bench/chrysalis/benchmarks/PlutusBench/bin/Release/net10.0/PlutusBench-NativeAOT 10.0-1/bin/Release/net10.0/linux-x64/publish/PlutusBench-NativeAOT 10.0-1 --anonymousPipes 113 114 --benchmarkName "PlutusUseCasesBenchmarks.DecodeAndEval(Script: \"multisig-sm-07\")" --job "NativeAOT 10.0" --benchmarkId 59 in 
// BeforeAnythingElse

// Benchmark Process Environment Information:
// BenchmarkDotNet v0.15.8
// Runtime=.NET 10.0.12, X64 NativeAOT x86-64-v4
// GC=Concurrent Workstation
// HardwareIntrinsics=AVX512 IFMA+VBMI,AVX512 F+BW+CD+DQ+VL,AVX2+BMI1+BMI2+F16C+FMA+LZCNT+MOVBE,AVX,SSE3+SSSE3+SSE4.1+SSE4.2+POPCNT,X86Base+SSE+SSE2,AES+PCLMUL VectorSize=256
// Job: NativeAOT 10.0(IterationCount=3, LaunchCount=1, MinIterationCount=50, WarmupCount=3)

OverheadJitting  1: 1 op, 231.00 ns, 231.0000 ns/op
WorkloadJitting  1: 1 op, 945995.00 ns, 945.9950 us/op

OverheadJitting  2: 16 op, 287.00 ns, 17.9375 ns/op
WorkloadJitting  2: 16 op, 12904261.00 ns, 806.5163 us/op

WorkloadPilot    1: 16 op, 11251447.00 ns, 703.2154 us/op
WorkloadPilot    2: 32 op, 21603731.00 ns, 675.1166 us/op
WorkloadPilot    3: 64 op, 38670050.00 ns, 604.2195 us/op
WorkloadPilot    4: 128 op, 77525325.00 ns, 605.6666 us/op
WorkloadPilot    5: 256 op, 153590122.00 ns, 599.9614 us/op
WorkloadPilot    6: 512 op, 305997111.00 ns, 597.6506 us/op
WorkloadPilot    7: 1024 op, 613152698.00 ns, 598.7819 us/op

OverheadWarmup   1: 1024 op, 2944.00 ns, 2.8750 ns/op
OverheadWarmup   2: 1024 op, 2691.00 ns, 2.6279 ns/op
OverheadWarmup   3: 1024 op, 2663.00 ns, 2.6006 ns/op
OverheadWarmup   4: 1024 op, 2671.00 ns, 2.6084 ns/op
OverheadWarmup   5: 1024 op, 2653.00 ns, 2.5908 ns/op
OverheadWarmup   6: 1024 op, 2603.00 ns, 2.5420 ns/op
OverheadWarmup   7: 1024 op, 2641.00 ns, 2.5791 ns/op
OverheadWarmup   8: 1024 op, 2706.00 ns, 2.6426 ns/op
OverheadWarmup   9: 1024 op, 2624.00 ns, 2.5625 ns/op

OverheadActual   1: 1024 op, 2674.00 ns, 2.6113 ns/op
OverheadActual   2: 1024 op, 2635.00 ns, 2.5732 ns/op
OverheadActual   3: 1024 op, 2672.00 ns, 2.6094 ns/op
OverheadActual   4: 1024 op, 2783.00 ns, 2.7178 ns/op
OverheadActual   5: 1024 op, 2648.00 ns, 2.5859 ns/op
OverheadActual   6: 1024 op, 2646.00 ns, 2.5840 ns/op
OverheadActual   7: 1024 op, 2781.00 ns, 2.7158 ns/op
OverheadActual   8: 1024 op, 2670.00 ns, 2.6074 ns/op
OverheadActual   9: 1024 op, 2651.00 ns, 2.5889 ns/op
OverheadActual  10: 1024 op, 2661.00 ns, 2.5986 ns/op
OverheadActual  11: 1024 op, 2678.00 ns, 2.6152 ns/op
OverheadActual  12: 1024 op, 2642.00 ns, 2.5801 ns/op
OverheadActual  13: 1024 op, 2776.00 ns, 2.7109 ns/op
OverheadActual  14: 1024 op, 2668.00 ns, 2.6055 ns/op
OverheadActual  15: 1024 op, 2661.00 ns, 2.5986 ns/op
OverheadActual  16: 1024 op, 2707.00 ns, 2.6436 ns/op
OverheadActual  17: 1024 op, 2681.00 ns, 2.6182 ns/op
OverheadActual  18: 1024 op, 2690.00 ns, 2.6270 ns/op
OverheadActual  19: 1024 op, 2638.00 ns, 2.5762 ns/op
OverheadActual  20: 1024 op, 2753.00 ns, 2.6885 ns/op

WorkloadWarmup   1: 1024 op, 615137354.00 ns, 600.7201 us/op
WorkloadWarmup   2: 1024 op, 614792611.00 ns, 600.3834 us/op
WorkloadWarmup   3: 1024 op, 614850792.00 ns, 600.4402 us/op

// BeforeActualRun
WorkloadActual   1: 1024 op, 611588716.00 ns, 597.2546 us/op
WorkloadActual   2: 1024 op, 613687264.00 ns, 599.3040 us/op
WorkloadActual   3: 1024 op, 611507952.00 ns, 597.1757 us/op

// AfterActualRun
WorkloadResult   1: 1024 op, 611586045.00 ns, 597.2520 us/op
WorkloadResult   2: 1024 op, 613684593.00 ns, 599.3014 us/op
WorkloadResult   3: 1024 op, 611505281.00 ns, 597.1731 us/op
// GC:  110 46 0 922076144 1024
// Threading:  0 0 1024

// AfterAll
// Benchmark Process 2238 has exited with code 0.

Mean = 597.909 us, StdErr = 0.697 us (0.12%), N = 3, StdDev = 1.207 us
Min = 597.173 us, Q1 = 597.213 us, Median = 597.252 us, Q3 = 598.277 us, Max = 599.301 us
IQR = 1.064 us, LowerFence = 595.616 us, UpperFence = 599.873 us
ConfidenceInterval = [575.896 us; 619.922 us] (CI 99.9%), Margin = 22.013 us (3.68% of Mean)
Skewness = 0.38, Kurtosis = 0.67, MValue = 2

// ** Remained 29 (32.6 %) benchmark(s) to run. Estimated finish 2026-10-08 2:21 (0h 3m from now) **
// **************************
// Benchmark: PlutusUseCasesBenchmarks.DecodeAndEval: NativeAOT 10.0(Runtime=NativeAOT 10.0, Toolchain=Latest ILCompiler, IterationCount=3, LaunchCount=1, MinIterationCount=50, WarmupCount=3) [Script=multisig-sm-08]
// *** Execute ***
// Launch: 1 / 1
// Execute: /bench/chrysalis/benchmarks/PlutusBench/bin/Release/net10.0/PlutusBench-NativeAOT 10.0-1/bin/Release/net10.0/linux-x64/publish/PlutusBench-NativeAOT 10.0-1 --anonymousPipes 113 114 --benchmarkName "PlutusUseCasesBenchmarks.DecodeAndEval(Script: \"multisig-sm-08\")" --job "NativeAOT 10.0" --benchmarkId 60 in 
// BeforeAnythingElse

// Benchmark Process Environment Information:
// BenchmarkDotNet v0.15.8
// Runtime=.NET 10.0.12, X64 NativeAOT x86-64-v4
// GC=Concurrent Workstation
// HardwareIntrinsics=AVX512 IFMA+VBMI,AVX512 F+BW+CD+DQ+VL,AVX2+BMI1+BMI2+F16C+FMA+LZCNT+MOVBE,AVX,SSE3+SSSE3+SSE4.1+SSE4.2+POPCNT,X86Base+SSE+SSE2,AES+PCLMUL VectorSize=256
// Job: NativeAOT 10.0(IterationCount=3, LaunchCount=1, MinIterationCount=50, WarmupCount=3)

OverheadJitting  1: 1 op, 195.00 ns, 195.0000 ns/op
WorkloadJitting  1: 1 op, 891594.00 ns, 891.5940 us/op

OverheadJitting  2: 16 op, 287.00 ns, 17.9375 ns/op
WorkloadJitting  2: 16 op, 12885321.00 ns, 805.3326 us/op

WorkloadPilot    1: 16 op, 12014165.00 ns, 750.8853 us/op
WorkloadPilot    2: 32 op, 22061889.00 ns, 689.4340 us/op
WorkloadPilot    3: 64 op, 40494481.00 ns, 632.7263 us/op
WorkloadPilot    4: 128 op, 77517218.00 ns, 605.6033 us/op
WorkloadPilot    5: 256 op, 153188768.00 ns, 598.3936 us/op
WorkloadPilot    6: 512 op, 307340395.00 ns, 600.2742 us/op
WorkloadPilot    7: 1024 op, 612930340.00 ns, 598.5648 us/op

OverheadWarmup   1: 1024 op, 3022.00 ns, 2.9512 ns/op
OverheadWarmup   2: 1024 op, 2669.00 ns, 2.6064 ns/op
OverheadWarmup   3: 1024 op, 2647.00 ns, 2.5850 ns/op
OverheadWarmup   4: 1024 op, 2541.00 ns, 2.4814 ns/op
OverheadWarmup   5: 1024 op, 2605.00 ns, 2.5439 ns/op
OverheadWarmup   6: 1024 op, 2570.00 ns, 2.5098 ns/op
OverheadWarmup   7: 1024 op, 2523.00 ns, 2.4639 ns/op
OverheadWarmup   8: 1024 op, 2557.00 ns, 2.4971 ns/op
OverheadWarmup   9: 1024 op, 2551.00 ns, 2.4912 ns/op

OverheadActual   1: 1024 op, 2626.00 ns, 2.5645 ns/op
OverheadActual   2: 1024 op, 3407.00 ns, 3.3271 ns/op
OverheadActual   3: 1024 op, 3277.00 ns, 3.2002 ns/op
OverheadActual   4: 1024 op, 3460.00 ns, 3.3789 ns/op
OverheadActual   5: 1024 op, 3301.00 ns, 3.2236 ns/op
OverheadActual   6: 1024 op, 3102.00 ns, 3.0293 ns/op
OverheadActual   7: 1024 op, 3355.00 ns, 3.2764 ns/op
OverheadActual   8: 1024 op, 2938.00 ns, 2.8691 ns/op
OverheadActual   9: 1024 op, 3250.00 ns, 3.1738 ns/op
OverheadActual  10: 1024 op, 2977.00 ns, 2.9072 ns/op
OverheadActual  11: 1024 op, 2998.00 ns, 2.9277 ns/op
OverheadActual  12: 1024 op, 3018.00 ns, 2.9473 ns/op
OverheadActual  13: 1024 op, 3119.00 ns, 3.0459 ns/op
OverheadActual  14: 1024 op, 3343.00 ns, 3.2646 ns/op
OverheadActual  15: 1024 op, 3116.00 ns, 3.0430 ns/op
OverheadActual  16: 1024 op, 3212.00 ns, 3.1367 ns/op
OverheadActual  17: 1024 op, 3282.00 ns, 3.2051 ns/op
OverheadActual  18: 1024 op, 3369.00 ns, 3.2900 ns/op
OverheadActual  19: 1024 op, 3227.00 ns, 3.1514 ns/op
OverheadActual  20: 1024 op, 3147.00 ns, 3.0732 ns/op

WorkloadWarmup   1: 1024 op, 618017991.00 ns, 603.5332 us/op
WorkloadWarmup   2: 1024 op, 617051369.00 ns, 602.5892 us/op
WorkloadWarmup   3: 1024 op, 616217002.00 ns, 601.7744 us/op

// BeforeActualRun
WorkloadActual   1: 1024 op, 614641104.00 ns, 600.2355 us/op
WorkloadActual   2: 1024 op, 613225724.00 ns, 598.8532 us/op
WorkloadActual   3: 1024 op, 614423035.00 ns, 600.0225 us/op

// AfterActualRun
WorkloadResult   1: 1024 op, 614637884.50 ns, 600.2323 us/op
WorkloadResult   2: 1024 op, 613222504.50 ns, 598.8501 us/op
WorkloadResult   3: 1024 op, 614419815.50 ns, 600.0194 us/op
// GC:  110 51 0 927564784 1024
// Threading:  0 0 1024

// AfterAll
// Benchmark Process 2242 has exited with code 0.

Mean = 599.701 us, StdErr = 0.430 us (0.07%), N = 3, StdDev = 0.744 us
Min = 598.850 us, Q1 = 599.435 us, Median = 600.019 us, Q3 = 600.126 us, Max = 600.232 us
IQR = 0.691 us, LowerFence = 598.398 us, UpperFence = 601.162 us
ConfidenceInterval = [586.124 us; 613.278 us] (CI 99.9%), Margin = 13.577 us (2.26% of Mean)
Skewness = -0.35, Kurtosis = 0.67, MValue = 2

// ** Remained 28 (31.5 %) benchmark(s) to run. Estimated finish 2026-10-08 2:21 (0h 3m from now) **
// **************************
// Benchmark: PlutusUseCasesBenchmarks.DecodeAndEval: NativeAOT 10.0(Runtime=NativeAOT 10.0, Toolchain=Latest ILCompiler, IterationCount=3, LaunchCount=1, MinIterationCount=50, WarmupCount=3) [Script=multisig-sm-09]
// *** Execute ***
// Launch: 1 / 1
// Execute: /bench/chrysalis/benchmarks/PlutusBench/bin/Release/net10.0/PlutusBench-NativeAOT 10.0-1/bin/Release/net10.0/linux-x64/publish/PlutusBench-NativeAOT 10.0-1 --anonymousPipes 113 114 --benchmarkName "PlutusUseCasesBenchmarks.DecodeAndEval(Script: \"multisig-sm-09\")" --job "NativeAOT 10.0" --benchmarkId 61 in 
// BeforeAnythingElse

// Benchmark Process Environment Information:
// BenchmarkDotNet v0.15.8
// Runtime=.NET 10.0.12, X64 NativeAOT x86-64-v4
// GC=Concurrent Workstation
// HardwareIntrinsics=AVX512 IFMA+VBMI,AVX512 F+BW+CD+DQ+VL,AVX2+BMI1+BMI2+F16C+FMA+LZCNT+MOVBE,AVX,SSE3+SSSE3+SSE4.1+SSE4.2+POPCNT,X86Base+SSE+SSE2,AES+PCLMUL VectorSize=256
// Job: NativeAOT 10.0(IterationCount=3, LaunchCount=1, MinIterationCount=50, WarmupCount=3)

OverheadJitting  1: 1 op, 271.00 ns, 271.0000 ns/op
WorkloadJitting  1: 1 op, 1037401.00 ns, 1.0374 ms/op

OverheadJitting  2: 16 op, 304.00 ns, 19.0000 ns/op
WorkloadJitting  2: 16 op, 15160180.00 ns, 947.5113 us/op

WorkloadPilot    1: 16 op, 13936581.00 ns, 871.0363 us/op
WorkloadPilot    2: 32 op, 26241872.00 ns, 820.0585 us/op
WorkloadPilot    3: 64 op, 48183170.00 ns, 752.8620 us/op
WorkloadPilot    4: 128 op, 96595926.00 ns, 754.6557 us/op
WorkloadPilot    5: 256 op, 189856436.00 ns, 741.6267 us/op
WorkloadPilot    6: 512 op, 367441995.00 ns, 717.6601 us/op
WorkloadPilot    7: 1024 op, 759355238.00 ns, 741.5578 us/op

OverheadWarmup   1: 1024 op, 3347.00 ns, 3.2686 ns/op
OverheadWarmup   2: 1024 op, 3035.00 ns, 2.9639 ns/op
OverheadWarmup   3: 1024 op, 3044.00 ns, 2.9727 ns/op
OverheadWarmup   4: 1024 op, 3046.00 ns, 2.9746 ns/op
OverheadWarmup   5: 1024 op, 3036.00 ns, 2.9648 ns/op
OverheadWarmup   6: 1024 op, 3041.00 ns, 2.9697 ns/op
OverheadWarmup   7: 1024 op, 3029.00 ns, 2.9580 ns/op

OverheadActual   1: 1024 op, 3048.00 ns, 2.9766 ns/op
OverheadActual   2: 1024 op, 3015.00 ns, 2.9443 ns/op
OverheadActual   3: 1024 op, 3038.00 ns, 2.9668 ns/op
OverheadActual   4: 1024 op, 3025.00 ns, 2.9541 ns/op
OverheadActual   5: 1024 op, 3012.00 ns, 2.9414 ns/op
OverheadActual   6: 1024 op, 3007.00 ns, 2.9365 ns/op
OverheadActual   7: 1024 op, 3043.00 ns, 2.9717 ns/op
OverheadActual   8: 1024 op, 3003.00 ns, 2.9326 ns/op
OverheadActual   9: 1024 op, 3009.00 ns, 2.9385 ns/op
OverheadActual  10: 1024 op, 3002.00 ns, 2.9316 ns/op
OverheadActual  11: 1024 op, 3025.00 ns, 2.9541 ns/op
OverheadActual  12: 1024 op, 3013.00 ns, 2.9424 ns/op
OverheadActual  13: 1024 op, 3044.00 ns, 2.9727 ns/op
OverheadActual  14: 1024 op, 3012.00 ns, 2.9414 ns/op
OverheadActual  15: 1024 op, 2992.00 ns, 2.9219 ns/op
OverheadActual  16: 1024 op, 3011.00 ns, 2.9404 ns/op
OverheadActual  17: 1024 op, 3012.00 ns, 2.9414 ns/op
OverheadActual  18: 1024 op, 3064.00 ns, 2.9922 ns/op
OverheadActual  19: 1024 op, 3018.00 ns, 2.9473 ns/op
OverheadActual  20: 1024 op, 3044.00 ns, 2.9727 ns/op

WorkloadWarmup   1: 1024 op, 642184616.00 ns, 627.1334 us/op
WorkloadWarmup   2: 1024 op, 619135531.00 ns, 604.6245 us/op
WorkloadWarmup   3: 1024 op, 617073740.00 ns, 602.6111 us/op

// BeforeActualRun
WorkloadActual   1: 1024 op, 619439505.00 ns, 604.9214 us/op
WorkloadActual   2: 1024 op, 617906169.00 ns, 603.4240 us/op
WorkloadActual   3: 1024 op, 618965553.00 ns, 604.4585 us/op

// AfterActualRun
WorkloadResult   1: 1024 op, 619436491.00 ns, 604.9184 us/op
WorkloadResult   2: 1024 op, 617903155.00 ns, 603.4210 us/op
WorkloadResult   3: 1024 op, 618962539.00 ns, 604.4556 us/op
// GC:  111 48 0 933037040 1024
// Threading:  0 0 1024

// AfterAll
// Benchmark Process 2245 has exited with code 0.

Mean = 604.265 us, StdErr = 0.443 us (0.07%), N = 3, StdDev = 0.767 us
Min = 603.421 us, Q1 = 603.938 us, Median = 604.456 us, Q3 = 604.687 us, Max = 604.918 us
IQR = 0.749 us, LowerFence = 602.815 us, UpperFence = 605.810 us
ConfidenceInterval = [590.278 us; 618.252 us] (CI 99.9%), Margin = 13.987 us (2.31% of Mean)
Skewness = -0.23, Kurtosis = 0.67, MValue = 2

// ** Remained 27 (30.3 %) benchmark(s) to run. Estimated finish 2026-10-08 2:21 (0h 2m from now) **
// **************************
// Benchmark: PlutusUseCasesBenchmarks.DecodeAndEval: NativeAOT 10.0(Runtime=NativeAOT 10.0, Toolchain=Latest ILCompiler, IterationCount=3, LaunchCount=1, MinIterationCount=50, WarmupCount=3) [Script=multisig-sm-10]
// *** Execute ***
// Launch: 1 / 1
// Execute: /bench/chrysalis/benchmarks/PlutusBench/bin/Release/net10.0/PlutusBench-NativeAOT 10.0-1/bin/Release/net10.0/linux-x64/publish/PlutusBench-NativeAOT 10.0-1 --anonymousPipes 113 114 --benchmarkName "PlutusUseCasesBenchmarks.DecodeAndEval(Script: \"multisig-sm-10\")" --job "NativeAOT 10.0" --benchmarkId 62 in 
// BeforeAnythingElse

// Benchmark Process Environment Information:
// BenchmarkDotNet v0.15.8
// Runtime=.NET 10.0.12, X64 NativeAOT x86-64-v4
// GC=Concurrent Workstation
// HardwareIntrinsics=AVX512 IFMA+VBMI,AVX512 F+BW+CD+DQ+VL,AVX2+BMI1+BMI2+F16C+FMA+LZCNT+MOVBE,AVX,SSE3+SSSE3+SSE4.1+SSE4.2+POPCNT,X86Base+SSE+SSE2,AES+PCLMUL VectorSize=256
// Job: NativeAOT 10.0(IterationCount=3, LaunchCount=1, MinIterationCount=50, WarmupCount=3)

OverheadJitting  1: 1 op, 241.00 ns, 241.0000 ns/op
WorkloadJitting  1: 1 op, 1116930.00 ns, 1.1169 ms/op

OverheadJitting  2: 16 op, 300.00 ns, 18.7500 ns/op
WorkloadJitting  2: 16 op, 15420084.00 ns, 963.7553 us/op

WorkloadPilot    1: 16 op, 15417420.00 ns, 963.5888 us/op
WorkloadPilot    2: 32 op, 26120426.00 ns, 816.2633 us/op
WorkloadPilot    3: 64 op, 51329996.00 ns, 802.0312 us/op
WorkloadPilot    4: 128 op, 101831755.00 ns, 795.5606 us/op
WorkloadPilot    5: 256 op, 206409151.00 ns, 806.2857 us/op
WorkloadPilot    6: 512 op, 410130959.00 ns, 801.0370 us/op
WorkloadPilot    7: 1024 op, 817212213.00 ns, 798.0588 us/op

OverheadWarmup   1: 1024 op, 2678.00 ns, 2.6152 ns/op
OverheadWarmup   2: 1024 op, 2600.00 ns, 2.5391 ns/op
OverheadWarmup   3: 1024 op, 2485.00 ns, 2.4268 ns/op
OverheadWarmup   4: 1024 op, 2469.00 ns, 2.4111 ns/op
OverheadWarmup   5: 1024 op, 2500.00 ns, 2.4414 ns/op
OverheadWarmup   6: 1024 op, 2491.00 ns, 2.4326 ns/op
OverheadWarmup   7: 1024 op, 2594.00 ns, 2.5332 ns/op
OverheadWarmup   8: 1024 op, 2540.00 ns, 2.4805 ns/op

OverheadActual   1: 1024 op, 2625.00 ns, 2.5635 ns/op
OverheadActual   2: 1024 op, 2612.00 ns, 2.5508 ns/op
OverheadActual   3: 1024 op, 2529.00 ns, 2.4697 ns/op
OverheadActual   4: 1024 op, 2546.00 ns, 2.4863 ns/op
OverheadActual   5: 1024 op, 2569.00 ns, 2.5088 ns/op
OverheadActual   6: 1024 op, 2651.00 ns, 2.5889 ns/op
OverheadActual   7: 1024 op, 2552.00 ns, 2.4922 ns/op
OverheadActual   8: 1024 op, 2625.00 ns, 2.5635 ns/op
OverheadActual   9: 1024 op, 2616.00 ns, 2.5547 ns/op
OverheadActual  10: 1024 op, 2698.00 ns, 2.6348 ns/op
OverheadActual  11: 1024 op, 2641.00 ns, 2.5791 ns/op
OverheadActual  12: 1024 op, 2645.00 ns, 2.5830 ns/op
OverheadActual  13: 1024 op, 2527.00 ns, 2.4678 ns/op
OverheadActual  14: 1024 op, 2633.00 ns, 2.5713 ns/op
OverheadActual  15: 1024 op, 2641.00 ns, 2.5791 ns/op
OverheadActual  16: 1024 op, 2539.00 ns, 2.4795 ns/op
OverheadActual  17: 1024 op, 2543.00 ns, 2.4834 ns/op
OverheadActual  18: 1024 op, 2650.00 ns, 2.5879 ns/op
OverheadActual  19: 1024 op, 2523.00 ns, 2.4639 ns/op
OverheadActual  20: 1024 op, 2533.00 ns, 2.4736 ns/op

WorkloadWarmup   1: 1024 op, 822088130.00 ns, 802.8204 us/op
WorkloadWarmup   2: 1024 op, 820732931.00 ns, 801.4970 us/op
WorkloadWarmup   3: 1024 op, 821989874.00 ns, 802.7245 us/op

// BeforeActualRun
WorkloadActual   1: 1024 op, 817761532.00 ns, 798.5952 us/op
WorkloadActual   2: 1024 op, 818756457.00 ns, 799.5669 us/op
WorkloadActual   3: 1024 op, 816835231.00 ns, 797.6907 us/op

// AfterActualRun
WorkloadResult   1: 1024 op, 817758918.00 ns, 798.5927 us/op
WorkloadResult   2: 1024 op, 818753843.00 ns, 799.5643 us/op
WorkloadResult   3: 1024 op, 816832617.00 ns, 797.6881 us/op
// GC:  136 67 0 1140728816 1024
// Threading:  0 0 1024

// AfterAll
// Benchmark Process 2248 has exited with code 0.

Mean = 798.615 us, StdErr = 0.542 us (0.07%), N = 3, StdDev = 0.938 us
Min = 797.688 us, Q1 = 798.140 us, Median = 798.593 us, Q3 = 799.078 us, Max = 799.564 us
IQR = 0.938 us, LowerFence = 796.733 us, UpperFence = 800.486 us
ConfidenceInterval = [781.497 us; 815.733 us] (CI 99.9%), Margin = 17.118 us (2.14% of Mean)
Skewness = 0.02, Kurtosis = 0.67, MValue = 2

// ** Remained 26 (29.2 %) benchmark(s) to run. Estimated finish 2026-10-08 2:21 (0h 2m from now) **
// **************************
// Benchmark: PlutusUseCasesBenchmarks.DecodeAndEval: NativeAOT 10.0(Runtime=NativeAOT 10.0, Toolchain=Latest ILCompiler, IterationCount=3, LaunchCount=1, MinIterationCount=50, WarmupCount=3) [Script=ping-pong_2-1]
// *** Execute ***
// Launch: 1 / 1
// Execute: /bench/chrysalis/benchmarks/PlutusBench/bin/Release/net10.0/PlutusBench-NativeAOT 10.0-1/bin/Release/net10.0/linux-x64/publish/PlutusBench-NativeAOT 10.0-1 --anonymousPipes 113 114 --benchmarkName "PlutusUseCasesBenchmarks.DecodeAndEval(Script: \"ping-pong_2-1\")" --job "NativeAOT 10.0" --benchmarkId 63 in 
// BeforeAnythingElse

// Benchmark Process Environment Information:
// BenchmarkDotNet v0.15.8
// Runtime=.NET 10.0.12, X64 NativeAOT x86-64-v4
// GC=Concurrent Workstation
// HardwareIntrinsics=AVX512 IFMA+VBMI,AVX512 F+BW+CD+DQ+VL,AVX2+BMI1+BMI2+F16C+FMA+LZCNT+MOVBE,AVX,SSE3+SSSE3+SSE4.1+SSE4.2+POPCNT,X86Base+SSE+SSE2,AES+PCLMUL VectorSize=256
// Job: NativeAOT 10.0(IterationCount=3, LaunchCount=1, MinIterationCount=50, WarmupCount=3)

OverheadJitting  1: 1 op, 216.00 ns, 216.0000 ns/op
WorkloadJitting  1: 1 op, 574091.00 ns, 574.0910 us/op

OverheadJitting  2: 16 op, 273.00 ns, 17.0625 ns/op
WorkloadJitting  2: 16 op, 8379571.00 ns, 523.7232 us/op

WorkloadPilot    1: 16 op, 6992297.00 ns, 437.0186 us/op
WorkloadPilot    2: 32 op, 12729177.00 ns, 397.7868 us/op
WorkloadPilot    3: 64 op, 23740650.00 ns, 370.9477 us/op
WorkloadPilot    4: 128 op, 45876702.00 ns, 358.4117 us/op
WorkloadPilot    5: 256 op, 90260333.00 ns, 352.5794 us/op
WorkloadPilot    6: 512 op, 182724003.00 ns, 356.8828 us/op
WorkloadPilot    7: 1024 op, 362534329.00 ns, 354.0374 us/op
WorkloadPilot    8: 2048 op, 721306381.00 ns, 352.2004 us/op

OverheadWarmup   1: 2048 op, 6096.00 ns, 2.9766 ns/op
OverheadWarmup   2: 2048 op, 5181.00 ns, 2.5298 ns/op
OverheadWarmup   3: 2048 op, 5292.00 ns, 2.5840 ns/op
OverheadWarmup   4: 2048 op, 5302.00 ns, 2.5889 ns/op
OverheadWarmup   5: 2048 op, 5167.00 ns, 2.5229 ns/op
OverheadWarmup   6: 2048 op, 5076.00 ns, 2.4785 ns/op
OverheadWarmup   7: 2048 op, 5073.00 ns, 2.4771 ns/op
OverheadWarmup   8: 2048 op, 5316.00 ns, 2.5957 ns/op
OverheadWarmup   9: 2048 op, 5073.00 ns, 2.4771 ns/op

OverheadActual   1: 2048 op, 5272.00 ns, 2.5742 ns/op
OverheadActual   2: 2048 op, 5096.00 ns, 2.4883 ns/op
OverheadActual   3: 2048 op, 5054.00 ns, 2.4678 ns/op
OverheadActual   4: 2048 op, 5098.00 ns, 2.4893 ns/op
OverheadActual   5: 2048 op, 5119.00 ns, 2.4995 ns/op
OverheadActual   6: 2048 op, 5103.00 ns, 2.4917 ns/op
OverheadActual   7: 2048 op, 8475.00 ns, 4.1382 ns/op
OverheadActual   8: 2048 op, 5159.00 ns, 2.5190 ns/op
OverheadActual   9: 2048 op, 5111.00 ns, 2.4956 ns/op
OverheadActual  10: 2048 op, 5098.00 ns, 2.4893 ns/op
OverheadActual  11: 2048 op, 5300.00 ns, 2.5879 ns/op
OverheadActual  12: 2048 op, 5314.00 ns, 2.5947 ns/op
OverheadActual  13: 2048 op, 5286.00 ns, 2.5811 ns/op
OverheadActual  14: 2048 op, 5116.00 ns, 2.4980 ns/op
OverheadActual  15: 2048 op, 5361.00 ns, 2.6177 ns/op
OverheadActual  16: 2048 op, 5148.00 ns, 2.5137 ns/op
OverheadActual  17: 2048 op, 5104.00 ns, 2.4922 ns/op
OverheadActual  18: 2048 op, 5295.00 ns, 2.5854 ns/op
OverheadActual  19: 2048 op, 5285.00 ns, 2.5806 ns/op
OverheadActual  20: 2048 op, 5368.00 ns, 2.6211 ns/op

WorkloadWarmup   1: 2048 op, 724067029.00 ns, 353.5484 us/op
WorkloadWarmup   2: 2048 op, 725517977.00 ns, 354.2568 us/op
WorkloadWarmup   3: 2048 op, 721660384.00 ns, 352.3732 us/op

// BeforeActualRun
WorkloadActual   1: 2048 op, 721371672.00 ns, 352.2323 us/op
WorkloadActual   2: 2048 op, 719582498.00 ns, 351.3586 us/op
WorkloadActual   3: 2048 op, 721183262.00 ns, 352.1403 us/op

// AfterActualRun
WorkloadResult   1: 2048 op, 721366518.50 ns, 352.2297 us/op
WorkloadResult   2: 2048 op, 719577344.50 ns, 351.3561 us/op
WorkloadResult   3: 2048 op, 721178108.50 ns, 352.1377 us/op
// GC:  152 62 0 1277412336 2048
// Threading:  0 0 2048

// AfterAll
// Benchmark Process 2252 has exited with code 0.

Mean = 351.908 us, StdErr = 0.277 us (0.08%), N = 3, StdDev = 0.480 us
Min = 351.356 us, Q1 = 351.747 us, Median = 352.138 us, Q3 = 352.184 us, Max = 352.230 us
IQR = 0.437 us, LowerFence = 351.092 us, UpperFence = 352.839 us
ConfidenceInterval = [343.150 us; 360.666 us] (CI 99.9%), Margin = 8.758 us (2.49% of Mean)
Skewness = -0.37, Kurtosis = 0.67, MValue = 2

// ** Remained 25 (28.1 %) benchmark(s) to run. Estimated finish 2026-10-08 2:21 (0h 2m from now) **
// **************************
// Benchmark: PlutusUseCasesBenchmarks.DecodeAndEval: NativeAOT 10.0(Runtime=NativeAOT 10.0, Toolchain=Latest ILCompiler, IterationCount=3, LaunchCount=1, MinIterationCount=50, WarmupCount=3) [Script=ping-pong-1]
// *** Execute ***
// Launch: 1 / 1
// Execute: /bench/chrysalis/benchmarks/PlutusBench/bin/Release/net10.0/PlutusBench-NativeAOT 10.0-1/bin/Release/net10.0/linux-x64/publish/PlutusBench-NativeAOT 10.0-1 --anonymousPipes 113 114 --benchmarkName "PlutusUseCasesBenchmarks.DecodeAndEval(Script: \"ping-pong-1\")" --job "NativeAOT 10.0" --benchmarkId 64 in 
// BeforeAnythingElse

// Benchmark Process Environment Information:
// BenchmarkDotNet v0.15.8
// Runtime=.NET 10.0.12, X64 NativeAOT x86-64-v4
// GC=Concurrent Workstation
// HardwareIntrinsics=AVX512 IFMA+VBMI,AVX512 F+BW+CD+DQ+VL,AVX2+BMI1+BMI2+F16C+FMA+LZCNT+MOVBE,AVX,SSE3+SSSE3+SSE4.1+SSE4.2+POPCNT,X86Base+SSE+SSE2,AES+PCLMUL VectorSize=256
// Job: NativeAOT 10.0(IterationCount=3, LaunchCount=1, MinIterationCount=50, WarmupCount=3)

OverheadJitting  1: 1 op, 203.00 ns, 203.0000 ns/op
WorkloadJitting  1: 1 op, 742225.00 ns, 742.2250 us/op

OverheadJitting  2: 16 op, 276.00 ns, 17.2500 ns/op
WorkloadJitting  2: 16 op, 10370031.00 ns, 648.1269 us/op

WorkloadPilot    1: 16 op, 9064544.00 ns, 566.5340 us/op
WorkloadPilot    2: 32 op, 17646969.00 ns, 551.4678 us/op
WorkloadPilot    3: 64 op, 31014072.00 ns, 484.5949 us/op
WorkloadPilot    4: 128 op, 63579743.00 ns, 496.7167 us/op
WorkloadPilot    5: 256 op, 127643825.00 ns, 498.6087 us/op
WorkloadPilot    6: 512 op, 253707148.00 ns, 495.5218 us/op
WorkloadPilot    7: 1024 op, 506703805.00 ns, 494.8279 us/op

OverheadWarmup   1: 1024 op, 2694.00 ns, 2.6309 ns/op
OverheadWarmup   2: 1024 op, 2544.00 ns, 2.4844 ns/op
OverheadWarmup   3: 1024 op, 2500.00 ns, 2.4414 ns/op
OverheadWarmup   4: 1024 op, 2484.00 ns, 2.4258 ns/op
OverheadWarmup   5: 1024 op, 2503.00 ns, 2.4443 ns/op
OverheadWarmup   6: 1024 op, 2477.00 ns, 2.4189 ns/op
OverheadWarmup   7: 1024 op, 2492.00 ns, 2.4336 ns/op
OverheadWarmup   8: 1024 op, 2474.00 ns, 2.4160 ns/op

OverheadActual   1: 1024 op, 2517.00 ns, 2.4580 ns/op
OverheadActual   2: 1024 op, 2517.00 ns, 2.4580 ns/op
OverheadActual   3: 1024 op, 2567.00 ns, 2.5068 ns/op
OverheadActual   4: 1024 op, 2558.00 ns, 2.4980 ns/op
OverheadActual   5: 1024 op, 2565.00 ns, 2.5049 ns/op
OverheadActual   6: 1024 op, 2516.00 ns, 2.4570 ns/op
OverheadActual   7: 1024 op, 2560.00 ns, 2.5000 ns/op
OverheadActual   8: 1024 op, 2508.00 ns, 2.4492 ns/op
OverheadActual   9: 1024 op, 2547.00 ns, 2.4873 ns/op
OverheadActual  10: 1024 op, 2564.00 ns, 2.5039 ns/op
OverheadActual  11: 1024 op, 2555.00 ns, 2.4951 ns/op
OverheadActual  12: 1024 op, 2561.00 ns, 2.5010 ns/op
OverheadActual  13: 1024 op, 2586.00 ns, 2.5254 ns/op
OverheadActual  14: 1024 op, 2569.00 ns, 2.5088 ns/op
OverheadActual  15: 1024 op, 2564.00 ns, 2.5039 ns/op
OverheadActual  16: 1024 op, 2539.00 ns, 2.4795 ns/op
OverheadActual  17: 1024 op, 2666.00 ns, 2.6035 ns/op
OverheadActual  18: 1024 op, 2657.00 ns, 2.5947 ns/op
OverheadActual  19: 1024 op, 2657.00 ns, 2.5947 ns/op
OverheadActual  20: 1024 op, 2552.00 ns, 2.4922 ns/op

WorkloadWarmup   1: 1024 op, 510099746.00 ns, 498.1443 us/op
WorkloadWarmup   2: 1024 op, 508579321.00 ns, 496.6595 us/op
WorkloadWarmup   3: 1024 op, 506373397.00 ns, 494.5053 us/op

// BeforeActualRun
WorkloadActual   1: 1024 op, 506202467.00 ns, 494.3383 us/op
WorkloadActual   2: 1024 op, 507696644.00 ns, 495.7975 us/op
WorkloadActual   3: 1024 op, 606161805.00 ns, 591.9549 us/op

// AfterActualRun
WorkloadResult   1: 1024 op, 506199906.50 ns, 494.3358 us/op
WorkloadResult   2: 1024 op, 507694083.50 ns, 495.7950 us/op
WorkloadResult   3: 1024 op, 606159244.50 ns, 591.9524 us/op
// GC:  95 36 0 801203184 1024
// Threading:  0 0 1024

// AfterAll
// Benchmark Process 2254 has exited with code 0.

Mean = 527.361 us, StdErr = 32.298 us (6.12%), N = 3, StdDev = 55.942 us
Min = 494.336 us, Q1 = 495.065 us, Median = 495.795 us, Q3 = 543.874 us, Max = 591.952 us
IQR = 48.808 us, LowerFence = 421.853 us, UpperFence = 617.086 us
ConfidenceInterval = [-493.238 us; 1,547.960 us] (CI 99.9%), Margin = 1,020.599 us (193.53% of Mean)
Skewness = 0.38, Kurtosis = 0.67, MValue = 2

// ** Remained 24 (27.0 %) benchmark(s) to run. Estimated finish 2026-10-08 2:21 (0h 2m from now) **
// **************************
// Benchmark: PlutusUseCasesBenchmarks.DecodeAndEval: NativeAOT 10.0(Runtime=NativeAOT 10.0, Toolchain=Latest ILCompiler, IterationCount=3, LaunchCount=1, MinIterationCount=50, WarmupCount=3) [Script=ping-pong-2]
// *** Execute ***
// Launch: 1 / 1
// Execute: /bench/chrysalis/benchmarks/PlutusBench/bin/Release/net10.0/PlutusBench-NativeAOT 10.0-1/bin/Release/net10.0/linux-x64/publish/PlutusBench-NativeAOT 10.0-1 --anonymousPipes 113 114 --benchmarkName "PlutusUseCasesBenchmarks.DecodeAndEval(Script: \"ping-pong-2\")" --job "NativeAOT 10.0" --benchmarkId 65 in 
// BeforeAnythingElse

// Benchmark Process Environment Information:
// BenchmarkDotNet v0.15.8
// Runtime=.NET 10.0.12, X64 NativeAOT x86-64-v4
// GC=Concurrent Workstation
// HardwareIntrinsics=AVX512 IFMA+VBMI,AVX512 F+BW+CD+DQ+VL,AVX2+BMI1+BMI2+F16C+FMA+LZCNT+MOVBE,AVX,SSE3+SSSE3+SSE4.1+SSE4.2+POPCNT,X86Base+SSE+SSE2,AES+PCLMUL VectorSize=256
// Job: NativeAOT 10.0(IterationCount=3, LaunchCount=1, MinIterationCount=50, WarmupCount=3)

OverheadJitting  1: 1 op, 255.00 ns, 255.0000 ns/op
WorkloadJitting  1: 1 op, 875624.00 ns, 875.6240 us/op

OverheadJitting  2: 16 op, 302.00 ns, 18.8750 ns/op
WorkloadJitting  2: 16 op, 12611368.00 ns, 788.2105 us/op

WorkloadPilot    1: 16 op, 11031086.00 ns, 689.4429 us/op
WorkloadPilot    2: 32 op, 21662455.00 ns, 676.9517 us/op
WorkloadPilot    3: 64 op, 38344247.00 ns, 599.1289 us/op
WorkloadPilot    4: 128 op, 78060696.00 ns, 609.8492 us/op
WorkloadPilot    5: 256 op, 155668359.00 ns, 608.0795 us/op
WorkloadPilot    6: 512 op, 311692985.00 ns, 608.7754 us/op
WorkloadPilot    7: 1024 op, 554202161.00 ns, 541.2130 us/op

OverheadWarmup   1: 1024 op, 7027.00 ns, 6.8623 ns/op
OverheadWarmup   2: 1024 op, 2596.00 ns, 2.5352 ns/op
OverheadWarmup   3: 1024 op, 2622.00 ns, 2.5605 ns/op
OverheadWarmup   4: 1024 op, 2677.00 ns, 2.6143 ns/op
OverheadWarmup   5: 1024 op, 2670.00 ns, 2.6074 ns/op
OverheadWarmup   6: 1024 op, 2558.00 ns, 2.4980 ns/op
OverheadWarmup   7: 1024 op, 2770.00 ns, 2.7051 ns/op
OverheadWarmup   8: 1024 op, 2700.00 ns, 2.6367 ns/op

OverheadActual   1: 1024 op, 2718.00 ns, 2.6543 ns/op
OverheadActual   2: 1024 op, 2588.00 ns, 2.5273 ns/op
OverheadActual   3: 1024 op, 2578.00 ns, 2.5176 ns/op
OverheadActual   4: 1024 op, 2616.00 ns, 2.5547 ns/op
OverheadActual   5: 1024 op, 2635.00 ns, 2.5732 ns/op
OverheadActual   6: 1024 op, 2618.00 ns, 2.5566 ns/op
OverheadActual   7: 1024 op, 2771.00 ns, 2.7061 ns/op
OverheadActual   8: 1024 op, 2733.00 ns, 2.6689 ns/op
OverheadActual   9: 1024 op, 2628.00 ns, 2.5664 ns/op
OverheadActual  10: 1024 op, 2714.00 ns, 2.6504 ns/op
OverheadActual  11: 1024 op, 2636.00 ns, 2.5742 ns/op
OverheadActual  12: 1024 op, 2669.00 ns, 2.6064 ns/op
OverheadActual  13: 1024 op, 2618.00 ns, 2.5566 ns/op
OverheadActual  14: 1024 op, 2634.00 ns, 2.5723 ns/op
OverheadActual  15: 1024 op, 2752.00 ns, 2.6875 ns/op
OverheadActual  16: 1024 op, 2756.00 ns, 2.6914 ns/op
OverheadActual  17: 1024 op, 2613.00 ns, 2.5518 ns/op
OverheadActual  18: 1024 op, 2652.00 ns, 2.5898 ns/op
OverheadActual  19: 1024 op, 2780.00 ns, 2.7148 ns/op
OverheadActual  20: 1024 op, 2709.00 ns, 2.6455 ns/op

WorkloadWarmup   1: 1024 op, 511572943.00 ns, 499.5830 us/op
WorkloadWarmup   2: 1024 op, 510822084.00 ns, 498.8497 us/op
WorkloadWarmup   3: 1024 op, 508501793.00 ns, 496.5838 us/op

// BeforeActualRun
WorkloadActual   1: 1024 op, 508386966.00 ns, 496.4716 us/op
WorkloadActual   2: 1024 op, 507622317.00 ns, 495.7249 us/op
WorkloadActual   3: 1024 op, 507459083.00 ns, 495.5655 us/op

// AfterActualRun
WorkloadResult   1: 1024 op, 508384322.00 ns, 496.4691 us/op
WorkloadResult   2: 1024 op, 507619673.00 ns, 495.7223 us/op
WorkloadResult   3: 1024 op, 507456439.00 ns, 495.5629 us/op
// GC:  95 36 0 801203184 1024
// Threading:  0 0 1024

// AfterAll
// Benchmark Process 2257 has exited with code 0.

Mean = 495.918 us, StdErr = 0.279 us (0.06%), N = 3, StdDev = 0.484 us
Min = 495.563 us, Q1 = 495.643 us, Median = 495.722 us, Q3 = 496.096 us, Max = 496.469 us
IQR = 0.453 us, LowerFence = 494.963 us, UpperFence = 496.775 us
ConfidenceInterval = [487.093 us; 504.744 us] (CI 99.9%), Margin = 8.825 us (1.78% of Mean)
Skewness = 0.34, Kurtosis = 0.67, MValue = 2

// ** Remained 23 (25.8 %) benchmark(s) to run. Estimated finish 2026-10-08 2:21 (0h 2m from now) **
// **************************
// Benchmark: PlutusUseCasesBenchmarks.DecodeAndEval: NativeAOT 10.0(Runtime=NativeAOT 10.0, Toolchain=Latest ILCompiler, IterationCount=3, LaunchCount=1, MinIterationCount=50, WarmupCount=3) [Script=prism-1]
// *** Execute ***
// Launch: 1 / 1
// Execute: /bench/chrysalis/benchmarks/PlutusBench/bin/Release/net10.0/PlutusBench-NativeAOT 10.0-1/bin/Release/net10.0/linux-x64/publish/PlutusBench-NativeAOT 10.0-1 --anonymousPipes 113 114 --benchmarkName "PlutusUseCasesBenchmarks.DecodeAndEval(Script: \"prism-1\")" --job "NativeAOT 10.0" --benchmarkId 66 in 
// BeforeAnythingElse

// Benchmark Process Environment Information:
// BenchmarkDotNet v0.15.8
// Runtime=.NET 10.0.12, X64 NativeAOT x86-64-v4
// GC=Concurrent Workstation
// HardwareIntrinsics=AVX512 IFMA+VBMI,AVX512 F+BW+CD+DQ+VL,AVX2+BMI1+BMI2+F16C+FMA+LZCNT+MOVBE,AVX,SSE3+SSSE3+SSE4.1+SSE4.2+POPCNT,X86Base+SSE+SSE2,AES+PCLMUL VectorSize=256
// Job: NativeAOT 10.0(IterationCount=3, LaunchCount=1, MinIterationCount=50, WarmupCount=3)

OverheadJitting  1: 1 op, 198.00 ns, 198.0000 ns/op
WorkloadJitting  1: 1 op, 382687.00 ns, 382.6870 us/op

OverheadJitting  2: 16 op, 289.00 ns, 18.0625 ns/op
WorkloadJitting  2: 16 op, 4993856.00 ns, 312.1160 us/op

WorkloadPilot    1: 16 op, 4370431.00 ns, 273.1519 us/op
WorkloadPilot    2: 32 op, 7458597.00 ns, 233.0812 us/op
WorkloadPilot    3: 64 op, 14612266.00 ns, 228.3167 us/op
WorkloadPilot    4: 128 op, 27457948.00 ns, 214.5152 us/op
WorkloadPilot    5: 256 op, 53205474.00 ns, 207.8339 us/op
WorkloadPilot    6: 512 op, 105695496.00 ns, 206.4365 us/op
WorkloadPilot    7: 1024 op, 210289805.00 ns, 205.3611 us/op
WorkloadPilot    8: 2048 op, 419833274.00 ns, 204.9967 us/op
WorkloadPilot    9: 4096 op, 839442727.00 ns, 204.9421 us/op

OverheadWarmup   1: 4096 op, 10220.00 ns, 2.4951 ns/op
OverheadWarmup   2: 4096 op, 9672.00 ns, 2.3613 ns/op
OverheadWarmup   3: 4096 op, 9438.00 ns, 2.3042 ns/op
OverheadWarmup   4: 4096 op, 9500.00 ns, 2.3193 ns/op
OverheadWarmup   5: 4096 op, 9450.00 ns, 2.3071 ns/op
OverheadWarmup   6: 4096 op, 9458.00 ns, 2.3091 ns/op
OverheadWarmup   7: 4096 op, 9637.00 ns, 2.3528 ns/op
OverheadWarmup   8: 4096 op, 9457.00 ns, 2.3088 ns/op

OverheadActual   1: 4096 op, 9447.00 ns, 2.3064 ns/op
OverheadActual   2: 4096 op, 9447.00 ns, 2.3064 ns/op
OverheadActual   3: 4096 op, 10035.00 ns, 2.4500 ns/op
OverheadActual   4: 4096 op, 9613.00 ns, 2.3469 ns/op
OverheadActual   5: 4096 op, 9593.00 ns, 2.3420 ns/op
OverheadActual   6: 4096 op, 10026.00 ns, 2.4478 ns/op
OverheadActual   7: 4096 op, 10010.00 ns, 2.4438 ns/op
OverheadActual   8: 4096 op, 10036.00 ns, 2.4502 ns/op
OverheadActual   9: 4096 op, 10027.00 ns, 2.4480 ns/op
OverheadActual  10: 4096 op, 9629.00 ns, 2.3508 ns/op
OverheadActual  11: 4096 op, 10038.00 ns, 2.4507 ns/op
OverheadActual  12: 4096 op, 10034.00 ns, 2.4497 ns/op
OverheadActual  13: 4096 op, 9609.00 ns, 2.3459 ns/op
OverheadActual  14: 4096 op, 9634.00 ns, 2.3521 ns/op
OverheadActual  15: 4096 op, 10027.00 ns, 2.4480 ns/op
OverheadActual  16: 4096 op, 9649.00 ns, 2.3557 ns/op
OverheadActual  17: 4096 op, 10053.00 ns, 2.4543 ns/op
OverheadActual  18: 4096 op, 17026.00 ns, 4.1567 ns/op
OverheadActual  19: 4096 op, 10028.00 ns, 2.4482 ns/op
OverheadActual  20: 4096 op, 10061.00 ns, 2.4563 ns/op

WorkloadWarmup   1: 4096 op, 841821413.00 ns, 205.5228 us/op
WorkloadWarmup   2: 4096 op, 844011747.00 ns, 206.0576 us/op
WorkloadWarmup   3: 4096 op, 839788511.00 ns, 205.0265 us/op

// BeforeActualRun
WorkloadActual   1: 4096 op, 839724167.00 ns, 205.0108 us/op
WorkloadActual   2: 4096 op, 839499488.00 ns, 204.9559 us/op
WorkloadActual   3: 4096 op, 838849014.00 ns, 204.7971 us/op

// AfterActualRun
WorkloadResult   1: 4096 op, 839714140.50 ns, 205.0083 us/op
WorkloadResult   2: 4096 op, 839489461.50 ns, 204.9535 us/op
WorkloadResult   3: 4096 op, 838838987.50 ns, 204.7947 us/op
// GC:  196 57 0 1641481200 4096
// Threading:  0 0 4096

// AfterAll
// Benchmark Process 2259 has exited with code 0.

Mean = 204.919 us, StdErr = 0.064 us (0.03%), N = 3, StdDev = 0.111 us
Min = 204.795 us, Q1 = 204.874 us, Median = 204.953 us, Q3 = 204.981 us, Max = 205.008 us
IQR = 0.107 us, LowerFence = 204.714 us, UpperFence = 205.141 us
ConfidenceInterval = [202.894 us; 206.943 us] (CI 99.9%), Margin = 2.024 us (0.99% of Mean)
Skewness = -0.28, Kurtosis = 0.67, MValue = 2

// ** Remained 22 (24.7 %) benchmark(s) to run. Estimated finish 2026-10-08 2:21 (0h 2m from now) **
// **************************
// Benchmark: PlutusUseCasesBenchmarks.DecodeAndEval: NativeAOT 10.0(Runtime=NativeAOT 10.0, Toolchain=Latest ILCompiler, IterationCount=3, LaunchCount=1, MinIterationCount=50, WarmupCount=3) [Script=prism-2]
// *** Execute ***
// Launch: 1 / 1
// Execute: /bench/chrysalis/benchmarks/PlutusBench/bin/Release/net10.0/PlutusBench-NativeAOT 10.0-1/bin/Release/net10.0/linux-x64/publish/PlutusBench-NativeAOT 10.0-1 --anonymousPipes 113 114 --benchmarkName "PlutusUseCasesBenchmarks.DecodeAndEval(Script: \"prism-2\")" --job "NativeAOT 10.0" --benchmarkId 67 in 
// BeforeAnythingElse

// Benchmark Process Environment Information:
// BenchmarkDotNet v0.15.8
// Runtime=.NET 10.0.12, X64 NativeAOT x86-64-v4
// GC=Concurrent Workstation
// HardwareIntrinsics=AVX512 IFMA+VBMI,AVX512 F+BW+CD+DQ+VL,AVX2+BMI1+BMI2+F16C+FMA+LZCNT+MOVBE,AVX,SSE3+SSSE3+SSE4.1+SSE4.2+POPCNT,X86Base+SSE+SSE2,AES+PCLMUL VectorSize=256
// Job: NativeAOT 10.0(IterationCount=3, LaunchCount=1, MinIterationCount=50, WarmupCount=3)

OverheadJitting  1: 1 op, 203.00 ns, 203.0000 ns/op
WorkloadJitting  1: 1 op, 887762.00 ns, 887.7620 us/op

OverheadJitting  2: 16 op, 252.00 ns, 15.7500 ns/op
WorkloadJitting  2: 16 op, 11658959.00 ns, 728.6849 us/op

WorkloadPilot    1: 16 op, 10922842.00 ns, 682.6776 us/op
WorkloadPilot    2: 32 op, 20509410.00 ns, 640.9191 us/op
WorkloadPilot    3: 64 op, 39279910.00 ns, 613.7486 us/op
WorkloadPilot    4: 128 op, 76330255.00 ns, 596.3301 us/op
WorkloadPilot    5: 256 op, 152528471.00 ns, 595.8143 us/op
WorkloadPilot    6: 512 op, 302349965.00 ns, 590.5273 us/op
WorkloadPilot    7: 1024 op, 605229636.00 ns, 591.0446 us/op

OverheadWarmup   1: 1024 op, 2917.00 ns, 2.8486 ns/op
OverheadWarmup   2: 1024 op, 2689.00 ns, 2.6260 ns/op
OverheadWarmup   3: 1024 op, 2633.00 ns, 2.5713 ns/op
OverheadWarmup   4: 1024 op, 2628.00 ns, 2.5664 ns/op
OverheadWarmup   5: 1024 op, 2639.00 ns, 2.5771 ns/op
OverheadWarmup   6: 1024 op, 2652.00 ns, 2.5898 ns/op
OverheadWarmup   7: 1024 op, 2632.00 ns, 2.5703 ns/op
OverheadWarmup   8: 1024 op, 2742.00 ns, 2.6777 ns/op
OverheadWarmup   9: 1024 op, 2601.00 ns, 2.5400 ns/op

OverheadActual   1: 1024 op, 2621.00 ns, 2.5596 ns/op
OverheadActual   2: 1024 op, 2623.00 ns, 2.5615 ns/op
OverheadActual   3: 1024 op, 2677.00 ns, 2.6143 ns/op
OverheadActual   4: 1024 op, 2575.00 ns, 2.5146 ns/op
OverheadActual   5: 1024 op, 2590.00 ns, 2.5293 ns/op
OverheadActual   6: 1024 op, 2787.00 ns, 2.7217 ns/op
OverheadActual   7: 1024 op, 2659.00 ns, 2.5967 ns/op
OverheadActual   8: 1024 op, 2790.00 ns, 2.7246 ns/op
OverheadActual   9: 1024 op, 2789.00 ns, 2.7236 ns/op
OverheadActual  10: 1024 op, 2746.00 ns, 2.6816 ns/op
OverheadActual  11: 1024 op, 2764.00 ns, 2.6992 ns/op
OverheadActual  12: 1024 op, 2758.00 ns, 2.6934 ns/op
OverheadActual  13: 1024 op, 2775.00 ns, 2.7100 ns/op
OverheadActual  14: 1024 op, 2755.00 ns, 2.6904 ns/op
OverheadActual  15: 1024 op, 2749.00 ns, 2.6846 ns/op
OverheadActual  16: 1024 op, 2635.00 ns, 2.5732 ns/op
OverheadActual  17: 1024 op, 2798.00 ns, 2.7324 ns/op
OverheadActual  18: 1024 op, 2764.00 ns, 2.6992 ns/op
OverheadActual  19: 1024 op, 2637.00 ns, 2.5752 ns/op
OverheadActual  20: 1024 op, 2773.00 ns, 2.7080 ns/op

WorkloadWarmup   1: 1024 op, 608317187.00 ns, 594.0598 us/op
WorkloadWarmup   2: 1024 op, 609515610.00 ns, 595.2301 us/op
WorkloadWarmup   3: 1024 op, 607055921.00 ns, 592.8280 us/op

// BeforeActualRun
WorkloadActual   1: 1024 op, 604306869.00 ns, 590.1434 us/op
WorkloadActual   2: 1024 op, 607592400.00 ns, 593.3520 us/op
WorkloadActual   3: 1024 op, 604892200.00 ns, 590.7150 us/op

// AfterActualRun
WorkloadResult   1: 1024 op, 604304117.00 ns, 590.1407 us/op
WorkloadResult   2: 1024 op, 607589648.00 ns, 593.3493 us/op
WorkloadResult   3: 1024 op, 604889448.00 ns, 590.7124 us/op
// GC:  112 48 0 944530416 1024
// Threading:  0 0 1024

// AfterAll
// Benchmark Process 2261 has exited with code 0.

Mean = 591.401 us, StdErr = 0.988 us (0.17%), N = 3, StdDev = 1.711 us
Min = 590.141 us, Q1 = 590.427 us, Median = 590.712 us, Q3 = 592.031 us, Max = 593.349 us
IQR = 1.604 us, LowerFence = 588.020 us, UpperFence = 594.437 us
ConfidenceInterval = [560.177 us; 622.624 us] (CI 99.9%), Margin = 31.224 us (5.28% of Mean)
Skewness = 0.34, Kurtosis = 0.67, MValue = 2

// ** Remained 21 (23.6 %) benchmark(s) to run. Estimated finish 2026-10-08 2:21 (0h 2m from now) **
// **************************
// Benchmark: PlutusUseCasesBenchmarks.DecodeAndEval: NativeAOT 10.0(Runtime=NativeAOT 10.0, Toolchain=Latest ILCompiler, IterationCount=3, LaunchCount=1, MinIterationCount=50, WarmupCount=3) [Script=prism-3]
// *** Execute ***
// Launch: 1 / 1
// Execute: /bench/chrysalis/benchmarks/PlutusBench/bin/Release/net10.0/PlutusBench-NativeAOT 10.0-1/bin/Release/net10.0/linux-x64/publish/PlutusBench-NativeAOT 10.0-1 --anonymousPipes 113 114 --benchmarkName "PlutusUseCasesBenchmarks.DecodeAndEval(Script: \"prism-3\")" --job "NativeAOT 10.0" --benchmarkId 68 in 
// BeforeAnythingElse

// Benchmark Process Environment Information:
// BenchmarkDotNet v0.15.8
// Runtime=.NET 10.0.12, X64 NativeAOT x86-64-v4
// GC=Concurrent Workstation
// HardwareIntrinsics=AVX512 IFMA+VBMI,AVX512 F+BW+CD+DQ+VL,AVX2+BMI1+BMI2+F16C+FMA+LZCNT+MOVBE,AVX,SSE3+SSSE3+SSE4.1+SSE4.2+POPCNT,X86Base+SSE+SSE2,AES+PCLMUL VectorSize=256
// Job: NativeAOT 10.0(IterationCount=3, LaunchCount=1, MinIterationCount=50, WarmupCount=3)

OverheadJitting  1: 1 op, 203.00 ns, 203.0000 ns/op
WorkloadJitting  1: 1 op, 697784.00 ns, 697.7840 us/op

OverheadJitting  2: 16 op, 269.00 ns, 16.8125 ns/op
WorkloadJitting  2: 16 op, 9985611.00 ns, 624.1007 us/op

WorkloadPilot    1: 16 op, 8680919.00 ns, 542.5574 us/op
WorkloadPilot    2: 32 op, 16011276.00 ns, 500.3524 us/op
WorkloadPilot    3: 64 op, 31247142.00 ns, 488.2366 us/op
WorkloadPilot    4: 128 op, 60695881.00 ns, 474.1866 us/op
WorkloadPilot    5: 256 op, 121104627.00 ns, 473.0649 us/op
WorkloadPilot    6: 512 op, 243362418.00 ns, 475.3172 us/op
WorkloadPilot    7: 1024 op, 482235118.00 ns, 470.9327 us/op
WorkloadPilot    8: 2048 op, 967168884.00 ns, 472.2504 us/op

OverheadWarmup   1: 2048 op, 4994.00 ns, 2.4385 ns/op
OverheadWarmup   2: 2048 op, 4837.00 ns, 2.3618 ns/op
OverheadWarmup   3: 2048 op, 4903.00 ns, 2.3940 ns/op
OverheadWarmup   4: 2048 op, 4802.00 ns, 2.3447 ns/op
OverheadWarmup   5: 2048 op, 4906.00 ns, 2.3955 ns/op
OverheadWarmup   6: 2048 op, 4773.00 ns, 2.3306 ns/op

OverheadActual   1: 2048 op, 4881.00 ns, 2.3833 ns/op
OverheadActual   2: 2048 op, 4890.00 ns, 2.3877 ns/op
OverheadActual   3: 2048 op, 4866.00 ns, 2.3760 ns/op
OverheadActual   4: 2048 op, 4895.00 ns, 2.3901 ns/op
OverheadActual   5: 2048 op, 4872.00 ns, 2.3789 ns/op
OverheadActual   6: 2048 op, 4869.00 ns, 2.3774 ns/op
OverheadActual   7: 2048 op, 4889.00 ns, 2.3872 ns/op
OverheadActual   8: 2048 op, 5071.00 ns, 2.4761 ns/op
OverheadActual   9: 2048 op, 5082.00 ns, 2.4814 ns/op
OverheadActual  10: 2048 op, 5102.00 ns, 2.4912 ns/op
OverheadActual  11: 2048 op, 5111.00 ns, 2.4956 ns/op
OverheadActual  12: 2048 op, 5109.00 ns, 2.4946 ns/op
OverheadActual  13: 2048 op, 4883.00 ns, 2.3843 ns/op
OverheadActual  14: 2048 op, 5070.00 ns, 2.4756 ns/op
OverheadActual  15: 2048 op, 5081.00 ns, 2.4810 ns/op
OverheadActual  16: 2048 op, 5070.00 ns, 2.4756 ns/op
OverheadActual  17: 2048 op, 5077.00 ns, 2.4790 ns/op
OverheadActual  18: 2048 op, 5206.00 ns, 2.5420 ns/op
OverheadActual  19: 2048 op, 5074.00 ns, 2.4775 ns/op
OverheadActual  20: 2048 op, 5075.00 ns, 2.4780 ns/op

WorkloadWarmup   1: 2048 op, 970191076.00 ns, 473.7261 us/op
WorkloadWarmup   2: 2048 op, 965112341.00 ns, 471.2463 us/op
WorkloadWarmup   3: 2048 op, 965672465.00 ns, 471.5198 us/op

// BeforeActualRun
WorkloadActual   1: 2048 op, 961340693.00 ns, 469.4046 us/op
WorkloadActual   2: 2048 op, 969265470.00 ns, 473.2742 us/op
WorkloadActual   3: 2048 op, 967062103.00 ns, 472.1983 us/op

// AfterActualRun
WorkloadResult   1: 2048 op, 961335622.50 ns, 469.4022 us/op
WorkloadResult   2: 2048 op, 969260399.50 ns, 473.2717 us/op
WorkloadResult   3: 2048 op, 967057032.50 ns, 472.1958 us/op
// GC:  177 57 0 1484145648 2048
// Threading:  0 0 2048

// AfterAll
// Benchmark Process 2263 has exited with code 0.

Mean = 471.623 us, StdErr = 1.153 us (0.24%), N = 3, StdDev = 1.997 us
Min = 469.402 us, Q1 = 470.799 us, Median = 472.196 us, Q3 = 472.734 us, Max = 473.272 us
IQR = 1.935 us, LowerFence = 467.897 us, UpperFence = 475.636 us
ConfidenceInterval = [435.185 us; 508.061 us] (CI 99.9%), Margin = 36.438 us (7.73% of Mean)
Skewness = -0.26, Kurtosis = 0.67, MValue = 2

// ** Remained 20 (22.5 %) benchmark(s) to run. Estimated finish 2026-10-08 2:21 (0h 2m from now) **
// **************************
// Benchmark: PlutusUseCasesBenchmarks.DecodeAndEval: NativeAOT 10.0(Runtime=NativeAOT 10.0, Toolchain=Latest ILCompiler, IterationCount=3, LaunchCount=1, MinIterationCount=50, WarmupCount=3) [Script=pubkey-1]
// *** Execute ***
// Launch: 1 / 1
// Execute: /bench/chrysalis/benchmarks/PlutusBench/bin/Release/net10.0/PlutusBench-NativeAOT 10.0-1/bin/Release/net10.0/linux-x64/publish/PlutusBench-NativeAOT 10.0-1 --anonymousPipes 113 114 --benchmarkName "PlutusUseCasesBenchmarks.DecodeAndEval(Script: \"pubkey-1\")" --job "NativeAOT 10.0" --benchmarkId 69 in 
// BeforeAnythingElse

// Benchmark Process Environment Information:
// BenchmarkDotNet v0.15.8
// Runtime=.NET 10.0.12, X64 NativeAOT x86-64-v4
// GC=Concurrent Workstation
// HardwareIntrinsics=AVX512 IFMA+VBMI,AVX512 F+BW+CD+DQ+VL,AVX2+BMI1+BMI2+F16C+FMA+LZCNT+MOVBE,AVX,SSE3+SSSE3+SSE4.1+SSE4.2+POPCNT,X86Base+SSE+SSE2,AES+PCLMUL VectorSize=256
// Job: NativeAOT 10.0(IterationCount=3, LaunchCount=1, MinIterationCount=50, WarmupCount=3)

OverheadJitting  1: 1 op, 202.00 ns, 202.0000 ns/op
WorkloadJitting  1: 1 op, 316230.00 ns, 316.2300 us/op

OverheadJitting  2: 16 op, 320.00 ns, 20.0000 ns/op
WorkloadJitting  2: 16 op, 4483120.00 ns, 280.1950 us/op

WorkloadPilot    1: 16 op, 4077325.00 ns, 254.8328 us/op
WorkloadPilot    2: 32 op, 6725906.00 ns, 210.1846 us/op
WorkloadPilot    3: 64 op, 12866544.00 ns, 201.0398 us/op
WorkloadPilot    4: 128 op, 24589428.00 ns, 192.1049 us/op
WorkloadPilot    5: 256 op, 46983499.00 ns, 183.5293 us/op
WorkloadPilot    6: 512 op, 92875729.00 ns, 181.3979 us/op
WorkloadPilot    7: 1024 op, 185792703.00 ns, 181.4382 us/op
WorkloadPilot    8: 2048 op, 372610706.00 ns, 181.9388 us/op
WorkloadPilot    9: 4096 op, 743672217.00 ns, 181.5606 us/op

OverheadWarmup   1: 4096 op, 10435.00 ns, 2.5476 ns/op
OverheadWarmup   2: 4096 op, 10030.00 ns, 2.4487 ns/op
OverheadWarmup   3: 4096 op, 9999.00 ns, 2.4412 ns/op
OverheadWarmup   4: 4096 op, 9908.00 ns, 2.4189 ns/op
OverheadWarmup   5: 4096 op, 9998.00 ns, 2.4409 ns/op
OverheadWarmup   6: 4096 op, 10014.00 ns, 2.4448 ns/op
OverheadWarmup   7: 4096 op, 10112.00 ns, 2.4688 ns/op
OverheadWarmup   8: 4096 op, 10200.00 ns, 2.4902 ns/op
OverheadWarmup   9: 4096 op, 10066.00 ns, 2.4575 ns/op
OverheadWarmup  10: 4096 op, 10061.00 ns, 2.4563 ns/op

OverheadActual   1: 4096 op, 10223.00 ns, 2.4958 ns/op
OverheadActual   2: 4096 op, 9991.00 ns, 2.4392 ns/op
OverheadActual   3: 4096 op, 10090.00 ns, 2.4634 ns/op
OverheadActual   4: 4096 op, 10263.00 ns, 2.5056 ns/op
OverheadActual   5: 4096 op, 10622.00 ns, 2.5933 ns/op
OverheadActual   6: 4096 op, 10602.00 ns, 2.5884 ns/op
OverheadActual   7: 4096 op, 10172.00 ns, 2.4834 ns/op
OverheadActual   8: 4096 op, 10204.00 ns, 2.4912 ns/op
OverheadActual   9: 4096 op, 10111.00 ns, 2.4685 ns/op
OverheadActual  10: 4096 op, 9984.00 ns, 2.4375 ns/op
OverheadActual  11: 4096 op, 10084.00 ns, 2.4619 ns/op
OverheadActual  12: 4096 op, 10518.00 ns, 2.5679 ns/op
OverheadActual  13: 4096 op, 10375.00 ns, 2.5330 ns/op
OverheadActual  14: 4096 op, 10174.00 ns, 2.4839 ns/op
OverheadActual  15: 4096 op, 9975.00 ns, 2.4353 ns/op
OverheadActual  16: 4096 op, 9979.00 ns, 2.4363 ns/op
OverheadActual  17: 4096 op, 9973.00 ns, 2.4348 ns/op
OverheadActual  18: 4096 op, 10089.00 ns, 2.4631 ns/op
OverheadActual  19: 4096 op, 10009.00 ns, 2.4436 ns/op
OverheadActual  20: 4096 op, 9962.00 ns, 2.4321 ns/op

WorkloadWarmup   1: 4096 op, 748791209.00 ns, 182.8104 us/op
WorkloadWarmup   2: 4096 op, 748411724.00 ns, 182.7177 us/op
WorkloadWarmup   3: 4096 op, 747247499.00 ns, 182.4335 us/op

// BeforeActualRun
WorkloadActual   1: 4096 op, 743783991.00 ns, 181.5879 us/op
WorkloadActual   2: 4096 op, 744480771.00 ns, 181.7580 us/op
WorkloadActual   3: 4096 op, 744186071.00 ns, 181.6861 us/op

// AfterActualRun
WorkloadResult   1: 4096 op, 743773890.50 ns, 181.5854 us/op
WorkloadResult   2: 4096 op, 744470670.50 ns, 181.7555 us/op
WorkloadResult   3: 4096 op, 744175970.50 ns, 181.6836 us/op
// GC:  179 49 0 1500611568 4096
// Threading:  0 0 4096

// AfterAll
// Benchmark Process 2266 has exited with code 0.

Mean = 181.675 us, StdErr = 0.049 us (0.03%), N = 3, StdDev = 0.085 us
Min = 181.585 us, Q1 = 181.635 us, Median = 181.684 us, Q3 = 181.720 us, Max = 181.756 us
IQR = 0.085 us, LowerFence = 181.507 us, UpperFence = 181.847 us
ConfidenceInterval = [180.117 us; 183.233 us] (CI 99.9%), Margin = 1.558 us (0.86% of Mean)
Skewness = -0.1, Kurtosis = 0.67, MValue = 2

// ** Remained 19 (21.3 %) benchmark(s) to run. Estimated finish 2026-10-08 2:21 (0h 2m from now) **
// **************************
// Benchmark: PlutusUseCasesBenchmarks.DecodeAndEval: NativeAOT 10.0(Runtime=NativeAOT 10.0, Toolchain=Latest ILCompiler, IterationCount=3, LaunchCount=1, MinIterationCount=50, WarmupCount=3) [Script=stablecoin_1-1]
// *** Execute ***
// Launch: 1 / 1
// Execute: /bench/chrysalis/benchmarks/PlutusBench/bin/Release/net10.0/PlutusBench-NativeAOT 10.0-1/bin/Release/net10.0/linux-x64/publish/PlutusBench-NativeAOT 10.0-1 --anonymousPipes 113 114 --benchmarkName "PlutusUseCasesBenchmarks.DecodeAndEval(Script: \"stablecoin_1-1\")" --job "NativeAOT 10.0" --benchmarkId 70 in 
// BeforeAnythingElse

// Benchmark Process Environment Information:
// BenchmarkDotNet v0.15.8
// Runtime=.NET 10.0.12, X64 NativeAOT x86-64-v4
// GC=Concurrent Workstation
// HardwareIntrinsics=AVX512 IFMA+VBMI,AVX512 F+BW+CD+DQ+VL,AVX2+BMI1+BMI2+F16C+FMA+LZCNT+MOVBE,AVX,SSE3+SSSE3+SSE4.1+SSE4.2+POPCNT,X86Base+SSE+SSE2,AES+PCLMUL VectorSize=256
// Job: NativeAOT 10.0(IterationCount=3, LaunchCount=1, MinIterationCount=50, WarmupCount=3)

OverheadJitting  1: 1 op, 194.00 ns, 194.0000 ns/op
WorkloadJitting  1: 1 op, 1866145.00 ns, 1.8661 ms/op

OverheadJitting  2: 16 op, 277.00 ns, 17.3125 ns/op
WorkloadJitting  2: 16 op, 25310437.00 ns, 1.5819 ms/op

WorkloadPilot    1: 16 op, 24133243.00 ns, 1.5083 ms/op
WorkloadPilot    2: 32 op, 42919337.00 ns, 1.3412 ms/op
WorkloadPilot    3: 64 op, 88078717.00 ns, 1.3762 ms/op
WorkloadPilot    4: 128 op, 171104122.00 ns, 1.3368 ms/op
WorkloadPilot    5: 256 op, 374687249.00 ns, 1.4636 ms/op
WorkloadPilot    6: 512 op, 853551810.00 ns, 1.6671 ms/op

OverheadWarmup   1: 512 op, 1947.00 ns, 3.8027 ns/op
OverheadWarmup   2: 512 op, 1692.00 ns, 3.3047 ns/op
OverheadWarmup   3: 512 op, 1735.00 ns, 3.3887 ns/op
OverheadWarmup   4: 512 op, 1664.00 ns, 3.2500 ns/op
OverheadWarmup   5: 512 op, 1366.00 ns, 2.6680 ns/op
OverheadWarmup   6: 512 op, 1366.00 ns, 2.6680 ns/op
OverheadWarmup   7: 512 op, 1342.00 ns, 2.6211 ns/op

OverheadActual   1: 512 op, 1340.00 ns, 2.6172 ns/op
OverheadActual   2: 512 op, 1352.00 ns, 2.6406 ns/op
OverheadActual   3: 512 op, 1376.00 ns, 2.6875 ns/op
OverheadActual   4: 512 op, 1341.00 ns, 2.6191 ns/op
OverheadActual   5: 512 op, 1342.00 ns, 2.6211 ns/op
OverheadActual   6: 512 op, 1413.00 ns, 2.7598 ns/op
OverheadActual   7: 512 op, 1412.00 ns, 2.7578 ns/op
OverheadActual   8: 512 op, 1414.00 ns, 2.7617 ns/op
OverheadActual   9: 512 op, 1344.00 ns, 2.6250 ns/op
OverheadActual  10: 512 op, 1344.00 ns, 2.6250 ns/op
OverheadActual  11: 512 op, 1359.00 ns, 2.6543 ns/op
OverheadActual  12: 512 op, 1373.00 ns, 2.6816 ns/op
OverheadActual  13: 512 op, 1316.00 ns, 2.5703 ns/op
OverheadActual  14: 512 op, 1358.00 ns, 2.6523 ns/op
OverheadActual  15: 512 op, 1414.00 ns, 2.7617 ns/op
OverheadActual  16: 512 op, 1337.00 ns, 2.6113 ns/op
OverheadActual  17: 512 op, 1337.00 ns, 2.6113 ns/op
OverheadActual  18: 512 op, 1320.00 ns, 2.5781 ns/op
OverheadActual  19: 512 op, 1392.00 ns, 2.7188 ns/op
OverheadActual  20: 512 op, 1340.00 ns, 2.6172 ns/op

WorkloadWarmup   1: 512 op, 848088830.00 ns, 1.6564 ms/op
WorkloadWarmup   2: 512 op, 720990543.00 ns, 1.4082 ms/op
WorkloadWarmup   3: 512 op, 682705175.00 ns, 1.3334 ms/op

// BeforeActualRun
WorkloadActual   1: 512 op, 683209265.00 ns, 1.3344 ms/op
WorkloadActual   2: 512 op, 682904214.00 ns, 1.3338 ms/op
WorkloadActual   3: 512 op, 682509717.00 ns, 1.3330 ms/op

// AfterActualRun
WorkloadResult   1: 512 op, 683207917.00 ns, 1.3344 ms/op
WorkloadResult   2: 512 op, 682902866.00 ns, 1.3338 ms/op
WorkloadResult   3: 512 op, 682508369.00 ns, 1.3330 ms/op
// GC:  91 39 0 769209664 512
// Threading:  0 0 512

// AfterAll
// Benchmark Process 2268 has exited with code 0.

Mean = 1.334 ms, StdErr = 0.000 ms (0.03%), N = 3, StdDev = 0.001 ms
Min = 1.333 ms, Q1 = 1.333 ms, Median = 1.334 ms, Q3 = 1.334 ms, Max = 1.334 ms
IQR = 0.001 ms, LowerFence = 1.332 ms, UpperFence = 1.335 ms
ConfidenceInterval = [1.321 ms; 1.346 ms] (CI 99.9%), Margin = 0.012 ms (0.94% of Mean)
Skewness = -0.08, Kurtosis = 0.67, MValue = 2

// ** Remained 18 (20.2 %) benchmark(s) to run. Estimated finish 2026-10-08 2:21 (0h 1m from now) **
// **************************
// Benchmark: PlutusUseCasesBenchmarks.DecodeAndEval: NativeAOT 10.0(Runtime=NativeAOT 10.0, Toolchain=Latest ILCompiler, IterationCount=3, LaunchCount=1, MinIterationCount=50, WarmupCount=3) [Script=stablecoin_1-2]
// *** Execute ***
// Launch: 1 / 1
// Execute: /bench/chrysalis/benchmarks/PlutusBench/bin/Release/net10.0/PlutusBench-NativeAOT 10.0-1/bin/Release/net10.0/linux-x64/publish/PlutusBench-NativeAOT 10.0-1 --anonymousPipes 113 114 --benchmarkName "PlutusUseCasesBenchmarks.DecodeAndEval(Script: \"stablecoin_1-2\")" --job "NativeAOT 10.0" --benchmarkId 71 in 
// BeforeAnythingElse

// Benchmark Process Environment Information:
// BenchmarkDotNet v0.15.8
// Runtime=.NET 10.0.12, X64 NativeAOT x86-64-v4
// GC=Concurrent Workstation
// HardwareIntrinsics=AVX512 IFMA+VBMI,AVX512 F+BW+CD+DQ+VL,AVX2+BMI1+BMI2+F16C+FMA+LZCNT+MOVBE,AVX,SSE3+SSSE3+SSE4.1+SSE4.2+POPCNT,X86Base+SSE+SSE2,AES+PCLMUL VectorSize=256
// Job: NativeAOT 10.0(IterationCount=3, LaunchCount=1, MinIterationCount=50, WarmupCount=3)

OverheadJitting  1: 1 op, 212.00 ns, 212.0000 ns/op
WorkloadJitting  1: 1 op, 428644.00 ns, 428.6440 us/op

OverheadJitting  2: 16 op, 306.00 ns, 19.1250 ns/op
WorkloadJitting  2: 16 op, 5636947.00 ns, 352.3092 us/op

WorkloadPilot    1: 16 op, 4814087.00 ns, 300.8804 us/op
WorkloadPilot    2: 32 op, 7845107.00 ns, 245.1596 us/op
WorkloadPilot    3: 64 op, 16515853.00 ns, 258.0602 us/op
WorkloadPilot    4: 128 op, 31378211.00 ns, 245.1423 us/op
WorkloadPilot    5: 256 op, 60460142.00 ns, 236.1724 us/op
WorkloadPilot    6: 512 op, 120004420.00 ns, 234.3836 us/op
WorkloadPilot    7: 1024 op, 239924267.00 ns, 234.3010 us/op
WorkloadPilot    8: 2048 op, 480504253.00 ns, 234.6212 us/op
WorkloadPilot    9: 4096 op, 957958890.00 ns, 233.8767 us/op

OverheadWarmup   1: 4096 op, 10404.00 ns, 2.5400 ns/op
OverheadWarmup   2: 4096 op, 10182.00 ns, 2.4858 ns/op
OverheadWarmup   3: 4096 op, 10173.00 ns, 2.4836 ns/op
OverheadWarmup   4: 4096 op, 10165.00 ns, 2.4817 ns/op
OverheadWarmup   5: 4096 op, 10156.00 ns, 2.4795 ns/op
OverheadWarmup   6: 4096 op, 10152.00 ns, 2.4785 ns/op
OverheadWarmup   7: 4096 op, 10802.00 ns, 2.6372 ns/op
OverheadWarmup   8: 4096 op, 10802.00 ns, 2.6372 ns/op
OverheadWarmup   9: 4096 op, 10805.00 ns, 2.6379 ns/op
OverheadWarmup  10: 4096 op, 10132.00 ns, 2.4736 ns/op

OverheadActual   1: 4096 op, 10187.00 ns, 2.4871 ns/op
OverheadActual   2: 4096 op, 10205.00 ns, 2.4915 ns/op
OverheadActual   3: 4096 op, 10332.00 ns, 2.5225 ns/op
OverheadActual   4: 4096 op, 10316.00 ns, 2.5186 ns/op
OverheadActual   5: 4096 op, 10331.00 ns, 2.5222 ns/op
OverheadActual   6: 4096 op, 10351.00 ns, 2.5271 ns/op
OverheadActual   7: 4096 op, 10348.00 ns, 2.5264 ns/op
OverheadActual   8: 4096 op, 10261.00 ns, 2.5051 ns/op
OverheadActual   9: 4096 op, 10334.00 ns, 2.5229 ns/op
OverheadActual  10: 4096 op, 10345.00 ns, 2.5256 ns/op
OverheadActual  11: 4096 op, 10368.00 ns, 2.5313 ns/op
OverheadActual  12: 4096 op, 10748.00 ns, 2.6240 ns/op
OverheadActual  13: 4096 op, 10323.00 ns, 2.5203 ns/op
OverheadActual  14: 4096 op, 10331.00 ns, 2.5222 ns/op
OverheadActual  15: 4096 op, 10782.00 ns, 2.6323 ns/op
OverheadActual  16: 4096 op, 10337.00 ns, 2.5237 ns/op
OverheadActual  17: 4096 op, 10322.00 ns, 2.5200 ns/op
OverheadActual  18: 4096 op, 10358.00 ns, 2.5288 ns/op
OverheadActual  19: 4096 op, 10349.00 ns, 2.5266 ns/op
OverheadActual  20: 4096 op, 10351.00 ns, 2.5271 ns/op

WorkloadWarmup   1: 4096 op, 964993525.00 ns, 235.5941 us/op
WorkloadWarmup   2: 4096 op, 963748346.00 ns, 235.2901 us/op
WorkloadWarmup   3: 4096 op, 962602521.00 ns, 235.0104 us/op

// BeforeActualRun
WorkloadActual   1: 4096 op, 959326091.00 ns, 234.2105 us/op
WorkloadActual   2: 4096 op, 959094038.00 ns, 234.1538 us/op
WorkloadActual   3: 4096 op, 959527741.00 ns, 234.2597 us/op

// AfterActualRun
WorkloadResult   1: 4096 op, 959315755.50 ns, 234.2079 us/op
WorkloadResult   2: 4096 op, 959083702.50 ns, 234.1513 us/op
WorkloadResult   3: 4096 op, 959517405.50 ns, 234.2572 us/op
// GC:  220 59 0 1840448496 4096
// Threading:  0 0 4096

// AfterAll
// Benchmark Process 2271 has exited with code 0.

Mean = 234.205 us, StdErr = 0.031 us (0.01%), N = 3, StdDev = 0.053 us
Min = 234.151 us, Q1 = 234.180 us, Median = 234.208 us, Q3 = 234.233 us, Max = 234.257 us
IQR = 0.053 us, LowerFence = 234.100 us, UpperFence = 234.312 us
ConfidenceInterval = [233.239 us; 235.172 us] (CI 99.9%), Margin = 0.967 us (0.41% of Mean)
Skewness = -0.05, Kurtosis = 0.67, MValue = 2

// ** Remained 17 (19.1 %) benchmark(s) to run. Estimated finish 2026-10-08 2:21 (0h 1m from now) **
// **************************
// Benchmark: PlutusUseCasesBenchmarks.DecodeAndEval: NativeAOT 10.0(Runtime=NativeAOT 10.0, Toolchain=Latest ILCompiler, IterationCount=3, LaunchCount=1, MinIterationCount=50, WarmupCount=3) [Script=stablecoin_1-3]
// *** Execute ***
// Launch: 1 / 1
// Execute: /bench/chrysalis/benchmarks/PlutusBench/bin/Release/net10.0/PlutusBench-NativeAOT 10.0-1/bin/Release/net10.0/linux-x64/publish/PlutusBench-NativeAOT 10.0-1 --anonymousPipes 113 114 --benchmarkName "PlutusUseCasesBenchmarks.DecodeAndEval(Script: \"stablecoin_1-3\")" --job "NativeAOT 10.0" --benchmarkId 72 in 
// BeforeAnythingElse

// Benchmark Process Environment Information:
// BenchmarkDotNet v0.15.8
// Runtime=.NET 10.0.12, X64 NativeAOT x86-64-v4
// GC=Concurrent Workstation
// HardwareIntrinsics=AVX512 IFMA+VBMI,AVX512 F+BW+CD+DQ+VL,AVX2+BMI1+BMI2+F16C+FMA+LZCNT+MOVBE,AVX,SSE3+SSSE3+SSE4.1+SSE4.2+POPCNT,X86Base+SSE+SSE2,AES+PCLMUL VectorSize=256
// Job: NativeAOT 10.0(IterationCount=3, LaunchCount=1, MinIterationCount=50, WarmupCount=3)

OverheadJitting  1: 1 op, 226.00 ns, 226.0000 ns/op
WorkloadJitting  1: 1 op, 2210077.00 ns, 2.2101 ms/op

OverheadJitting  2: 16 op, 292.00 ns, 18.2500 ns/op
WorkloadJitting  2: 16 op, 28026070.00 ns, 1.7516 ms/op

WorkloadPilot    1: 16 op, 25705470.00 ns, 1.6066 ms/op
WorkloadPilot    2: 32 op, 51737921.00 ns, 1.6168 ms/op
WorkloadPilot    3: 64 op, 96983028.00 ns, 1.5154 ms/op
WorkloadPilot    4: 128 op, 192605919.00 ns, 1.5047 ms/op
WorkloadPilot    5: 256 op, 384335234.00 ns, 1.5013 ms/op
WorkloadPilot    6: 512 op, 769254820.00 ns, 1.5025 ms/op

OverheadWarmup   1: 512 op, 1517.00 ns, 2.9629 ns/op
OverheadWarmup   2: 512 op, 1352.00 ns, 2.6406 ns/op
OverheadWarmup   3: 512 op, 1341.00 ns, 2.6191 ns/op
OverheadWarmup   4: 512 op, 1355.00 ns, 2.6465 ns/op
OverheadWarmup   5: 512 op, 1347.00 ns, 2.6309 ns/op
OverheadWarmup   6: 512 op, 1340.00 ns, 2.6172 ns/op
OverheadWarmup   7: 512 op, 1408.00 ns, 2.7500 ns/op
OverheadWarmup   8: 512 op, 1404.00 ns, 2.7422 ns/op

OverheadActual   1: 512 op, 1322.00 ns, 2.5820 ns/op
OverheadActual   2: 512 op, 1308.00 ns, 2.5547 ns/op
OverheadActual   3: 512 op, 1314.00 ns, 2.5664 ns/op
OverheadActual   4: 512 op, 1317.00 ns, 2.5723 ns/op
OverheadActual   5: 512 op, 1318.00 ns, 2.5742 ns/op
OverheadActual   6: 512 op, 1325.00 ns, 2.5879 ns/op
OverheadActual   7: 512 op, 1399.00 ns, 2.7324 ns/op
OverheadActual   8: 512 op, 1405.00 ns, 2.7441 ns/op
OverheadActual   9: 512 op, 1400.00 ns, 2.7344 ns/op
OverheadActual  10: 512 op, 1344.00 ns, 2.6250 ns/op
OverheadActual  11: 512 op, 1394.00 ns, 2.7227 ns/op
OverheadActual  12: 512 op, 1355.00 ns, 2.6465 ns/op
OverheadActual  13: 512 op, 1405.00 ns, 2.7441 ns/op
OverheadActual  14: 512 op, 1364.00 ns, 2.6641 ns/op
OverheadActual  15: 512 op, 1398.00 ns, 2.7305 ns/op
OverheadActual  16: 512 op, 1356.00 ns, 2.6484 ns/op
OverheadActual  17: 512 op, 1383.00 ns, 2.7012 ns/op
OverheadActual  18: 512 op, 1352.00 ns, 2.6406 ns/op
OverheadActual  19: 512 op, 1334.00 ns, 2.6055 ns/op
OverheadActual  20: 512 op, 1358.00 ns, 2.6523 ns/op

WorkloadWarmup   1: 512 op, 771741022.00 ns, 1.5073 ms/op
WorkloadWarmup   2: 512 op, 774181477.00 ns, 1.5121 ms/op
WorkloadWarmup   3: 512 op, 769890008.00 ns, 1.5037 ms/op

// BeforeActualRun
WorkloadActual   1: 512 op, 769003162.00 ns, 1.5020 ms/op
WorkloadActual   2: 512 op, 767933640.00 ns, 1.4999 ms/op
WorkloadActual   3: 512 op, 770971567.00 ns, 1.5058 ms/op

// AfterActualRun
WorkloadResult   1: 512 op, 769001806.50 ns, 1.5020 ms/op
WorkloadResult   2: 512 op, 767932284.50 ns, 1.4999 ms/op
WorkloadResult   3: 512 op, 770970211.50 ns, 1.5058 ms/op
// GC:  101 45 0 851182912 512
// Threading:  0 0 512

// AfterAll
// Benchmark Process 2274 has exited with code 0.

Mean = 1.503 ms, StdErr = 0.002 ms (0.12%), N = 3, StdDev = 0.003 ms
Min = 1.500 ms, Q1 = 1.501 ms, Median = 1.502 ms, Q3 = 1.504 ms, Max = 1.506 ms
IQR = 0.003 ms, LowerFence = 1.496 ms, UpperFence = 1.508 ms
ConfidenceInterval = [1.448 ms; 1.557 ms] (CI 99.9%), Margin = 0.055 ms (3.65% of Mean)
Skewness = 0.19, Kurtosis = 0.67, MValue = 2

// ** Remained 16 (18.0 %) benchmark(s) to run. Estimated finish 2026-10-08 2:21 (0h 1m from now) **
// **************************
// Benchmark: PlutusUseCasesBenchmarks.DecodeAndEval: NativeAOT 10.0(Runtime=NativeAOT 10.0, Toolchain=Latest ILCompiler, IterationCount=3, LaunchCount=1, MinIterationCount=50, WarmupCount=3) [Script=stablecoin_1-4]
// *** Execute ***
// Launch: 1 / 1
// Execute: /bench/chrysalis/benchmarks/PlutusBench/bin/Release/net10.0/PlutusBench-NativeAOT 10.0-1/bin/Release/net10.0/linux-x64/publish/PlutusBench-NativeAOT 10.0-1 --anonymousPipes 113 114 --benchmarkName "PlutusUseCasesBenchmarks.DecodeAndEval(Script: \"stablecoin_1-4\")" --job "NativeAOT 10.0" --benchmarkId 73 in 
// BeforeAnythingElse

// Benchmark Process Environment Information:
// BenchmarkDotNet v0.15.8
// Runtime=.NET 10.0.12, X64 NativeAOT x86-64-v4
// GC=Concurrent Workstation
// HardwareIntrinsics=AVX512 IFMA+VBMI,AVX512 F+BW+CD+DQ+VL,AVX2+BMI1+BMI2+F16C+FMA+LZCNT+MOVBE,AVX,SSE3+SSSE3+SSE4.1+SSE4.2+POPCNT,X86Base+SSE+SSE2,AES+PCLMUL VectorSize=256
// Job: NativeAOT 10.0(IterationCount=3, LaunchCount=1, MinIterationCount=50, WarmupCount=3)

OverheadJitting  1: 1 op, 192.00 ns, 192.0000 ns/op
WorkloadJitting  1: 1 op, 439274.00 ns, 439.2740 us/op

OverheadJitting  2: 16 op, 283.00 ns, 17.6875 ns/op
WorkloadJitting  2: 16 op, 5882542.00 ns, 367.6589 us/op

WorkloadPilot    1: 16 op, 5102576.00 ns, 318.9110 us/op
WorkloadPilot    2: 32 op, 8254320.00 ns, 257.9475 us/op
WorkloadPilot    3: 64 op, 18157318.00 ns, 283.7081 us/op
WorkloadPilot    4: 128 op, 31756604.00 ns, 248.0985 us/op
WorkloadPilot    5: 256 op, 63446531.00 ns, 247.8380 us/op
WorkloadPilot    6: 512 op, 126433647.00 ns, 246.9407 us/op
WorkloadPilot    7: 1024 op, 253936601.00 ns, 247.9850 us/op
WorkloadPilot    8: 2048 op, 504960269.00 ns, 246.5626 us/op

OverheadWarmup   1: 2048 op, 5523.00 ns, 2.6968 ns/op
OverheadWarmup   2: 2048 op, 5137.00 ns, 2.5083 ns/op
OverheadWarmup   3: 2048 op, 5282.00 ns, 2.5791 ns/op
OverheadWarmup   4: 2048 op, 5064.00 ns, 2.4727 ns/op
OverheadWarmup   5: 2048 op, 5380.00 ns, 2.6270 ns/op
OverheadWarmup   6: 2048 op, 5188.00 ns, 2.5332 ns/op

OverheadActual   1: 2048 op, 5223.00 ns, 2.5503 ns/op
OverheadActual   2: 2048 op, 5185.00 ns, 2.5317 ns/op
OverheadActual   3: 2048 op, 5260.00 ns, 2.5684 ns/op
OverheadActual   4: 2048 op, 5092.00 ns, 2.4863 ns/op
OverheadActual   5: 2048 op, 5150.00 ns, 2.5146 ns/op
OverheadActual   6: 2048 op, 5188.00 ns, 2.5332 ns/op
OverheadActual   7: 2048 op, 5250.00 ns, 2.5635 ns/op
OverheadActual   8: 2048 op, 5390.00 ns, 2.6318 ns/op
OverheadActual   9: 2048 op, 5413.00 ns, 2.6431 ns/op
OverheadActual  10: 2048 op, 5361.00 ns, 2.6177 ns/op
OverheadActual  11: 2048 op, 5160.00 ns, 2.5195 ns/op
OverheadActual  12: 2048 op, 5373.00 ns, 2.6235 ns/op
OverheadActual  13: 2048 op, 5416.00 ns, 2.6445 ns/op
OverheadActual  14: 2048 op, 5372.00 ns, 2.6230 ns/op
OverheadActual  15: 2048 op, 5185.00 ns, 2.5317 ns/op
OverheadActual  16: 2048 op, 5380.00 ns, 2.6270 ns/op
OverheadActual  17: 2048 op, 5165.00 ns, 2.5220 ns/op
OverheadActual  18: 2048 op, 5447.00 ns, 2.6597 ns/op
OverheadActual  19: 2048 op, 5219.00 ns, 2.5483 ns/op
OverheadActual  20: 2048 op, 5350.00 ns, 2.6123 ns/op

WorkloadWarmup   1: 2048 op, 507741415.00 ns, 247.9206 us/op
WorkloadWarmup   2: 2048 op, 509228219.00 ns, 248.6466 us/op
WorkloadWarmup   3: 2048 op, 505396615.00 ns, 246.7757 us/op

// BeforeActualRun
WorkloadActual   1: 2048 op, 504688188.00 ns, 246.4298 us/op
WorkloadActual   2: 2048 op, 597415865.00 ns, 291.7070 us/op
WorkloadActual   3: 2048 op, 641779092.00 ns, 313.3687 us/op

// AfterActualRun
WorkloadResult   1: 2048 op, 504682933.00 ns, 246.4272 us/op
WorkloadResult   2: 2048 op, 597410610.00 ns, 291.7044 us/op
WorkloadResult   3: 2048 op, 641773837.00 ns, 313.3661 us/op
// GC:  114 32 0 958088176 2048
// Threading:  0 0 2048

// AfterAll
// Benchmark Process 2278 has exited with code 0.

Mean = 283.833 us, StdErr = 19.720 us (6.95%), N = 3, StdDev = 34.157 us
Min = 246.427 us, Q1 = 269.066 us, Median = 291.704 us, Q3 = 302.535 us, Max = 313.366 us
IQR = 33.469 us, LowerFence = 218.862 us, UpperFence = 352.739 us
ConfidenceInterval = [-339.312 us; 906.978 us] (CI 99.9%), Margin = 623.145 us (219.55% of Mean)
Skewness = -0.22, Kurtosis = 0.67, MValue = 2

// ** Remained 15 (16.9 %) benchmark(s) to run. Estimated finish 2026-10-08 2:21 (0h 1m from now) **
// **************************
// Benchmark: PlutusUseCasesBenchmarks.DecodeAndEval: NativeAOT 10.0(Runtime=NativeAOT 10.0, Toolchain=Latest ILCompiler, IterationCount=3, LaunchCount=1, MinIterationCount=50, WarmupCount=3) [Script=stablecoin_1-5]
// *** Execute ***
// Launch: 1 / 1
// Execute: /bench/chrysalis/benchmarks/PlutusBench/bin/Release/net10.0/PlutusBench-NativeAOT 10.0-1/bin/Release/net10.0/linux-x64/publish/PlutusBench-NativeAOT 10.0-1 --anonymousPipes 113 114 --benchmarkName "PlutusUseCasesBenchmarks.DecodeAndEval(Script: \"stablecoin_1-5\")" --job "NativeAOT 10.0" --benchmarkId 74 in 
// BeforeAnythingElse

// Benchmark Process Environment Information:
// BenchmarkDotNet v0.15.8
// Runtime=.NET 10.0.12, X64 NativeAOT x86-64-v4
// GC=Concurrent Workstation
// HardwareIntrinsics=AVX512 IFMA+VBMI,AVX512 F+BW+CD+DQ+VL,AVX2+BMI1+BMI2+F16C+FMA+LZCNT+MOVBE,AVX,SSE3+SSSE3+SSE4.1+SSE4.2+POPCNT,X86Base+SSE+SSE2,AES+PCLMUL VectorSize=256
// Job: NativeAOT 10.0(IterationCount=3, LaunchCount=1, MinIterationCount=50, WarmupCount=3)

OverheadJitting  1: 1 op, 340.00 ns, 340.0000 ns/op
WorkloadJitting  1: 1 op, 3065549.00 ns, 3.0655 ms/op

OverheadJitting  2: 16 op, 312.00 ns, 19.5000 ns/op
WorkloadJitting  2: 16 op, 41700358.00 ns, 2.6063 ms/op

WorkloadPilot    1: 16 op, 39866764.00 ns, 2.4917 ms/op
WorkloadPilot    2: 32 op, 75292303.00 ns, 2.3529 ms/op
WorkloadPilot    3: 64 op, 150603497.00 ns, 2.3532 ms/op
WorkloadPilot    4: 128 op, 247558263.00 ns, 1.9340 ms/op
WorkloadPilot    5: 256 op, 480882724.00 ns, 1.8784 ms/op
WorkloadPilot    6: 512 op, 960810211.00 ns, 1.8766 ms/op

OverheadWarmup   1: 512 op, 1549.00 ns, 3.0254 ns/op
OverheadWarmup   2: 512 op, 1342.00 ns, 2.6211 ns/op
OverheadWarmup   3: 512 op, 1319.00 ns, 2.5762 ns/op
OverheadWarmup   4: 512 op, 1342.00 ns, 2.6211 ns/op
OverheadWarmup   5: 512 op, 1313.00 ns, 2.5645 ns/op
OverheadWarmup   6: 512 op, 1321.00 ns, 2.5801 ns/op
OverheadWarmup   7: 512 op, 1351.00 ns, 2.6387 ns/op
OverheadWarmup   8: 512 op, 1316.00 ns, 2.5703 ns/op

OverheadActual   1: 512 op, 1361.00 ns, 2.6582 ns/op
OverheadActual   2: 512 op, 1409.00 ns, 2.7520 ns/op
OverheadActual   3: 512 op, 1355.00 ns, 2.6465 ns/op
OverheadActual   4: 512 op, 1327.00 ns, 2.5918 ns/op
OverheadActual   5: 512 op, 1333.00 ns, 2.6035 ns/op
OverheadActual   6: 512 op, 1477.00 ns, 2.8848 ns/op
OverheadActual   7: 512 op, 1353.00 ns, 2.6426 ns/op
OverheadActual   8: 512 op, 1415.00 ns, 2.7637 ns/op
OverheadActual   9: 512 op, 1429.00 ns, 2.7910 ns/op
OverheadActual  10: 512 op, 1341.00 ns, 2.6191 ns/op
OverheadActual  11: 512 op, 1528.00 ns, 2.9844 ns/op
OverheadActual  12: 512 op, 1456.00 ns, 2.8438 ns/op
OverheadActual  13: 512 op, 1417.00 ns, 2.7676 ns/op
OverheadActual  14: 512 op, 1394.00 ns, 2.7227 ns/op
OverheadActual  15: 512 op, 1379.00 ns, 2.6934 ns/op
OverheadActual  16: 512 op, 1398.00 ns, 2.7305 ns/op
OverheadActual  17: 512 op, 1398.00 ns, 2.7305 ns/op
OverheadActual  18: 512 op, 1421.00 ns, 2.7754 ns/op
OverheadActual  19: 512 op, 1399.00 ns, 2.7324 ns/op
OverheadActual  20: 512 op, 1410.00 ns, 2.7539 ns/op

WorkloadWarmup   1: 512 op, 965375218.00 ns, 1.8855 ms/op
WorkloadWarmup   2: 512 op, 960317151.00 ns, 1.8756 ms/op
WorkloadWarmup   3: 512 op, 960684670.00 ns, 1.8763 ms/op

// BeforeActualRun
WorkloadActual   1: 512 op, 958354519.00 ns, 1.8718 ms/op
WorkloadActual   2: 512 op, 960234861.00 ns, 1.8755 ms/op
WorkloadActual   3: 512 op, 959709986.00 ns, 1.8744 ms/op

// AfterActualRun
WorkloadResult   1: 512 op, 958353120.50 ns, 1.8718 ms/op
WorkloadResult   2: 512 op, 960233462.50 ns, 1.8755 ms/op
WorkloadResult   3: 512 op, 959708587.50 ns, 1.8744 ms/op
// GC:  122 55 0 1023644992 512
// Threading:  0 0 512

// AfterAll
// Benchmark Process 2281 has exited with code 0.

Mean = 1.874 ms, StdErr = 0.001 ms (0.06%), N = 3, StdDev = 0.002 ms
Min = 1.872 ms, Q1 = 1.873 ms, Median = 1.874 ms, Q3 = 1.875 ms, Max = 1.875 ms
IQR = 0.002 ms, LowerFence = 1.870 ms, UpperFence = 1.878 ms
ConfidenceInterval = [1.839 ms; 1.908 ms] (CI 99.9%), Margin = 0.035 ms (1.84% of Mean)
Skewness = -0.26, Kurtosis = 0.67, MValue = 2

// ** Remained 14 (15.7 %) benchmark(s) to run. Estimated finish 2026-10-08 2:21 (0h 1m from now) **
// **************************
// Benchmark: PlutusUseCasesBenchmarks.DecodeAndEval: NativeAOT 10.0(Runtime=NativeAOT 10.0, Toolchain=Latest ILCompiler, IterationCount=3, LaunchCount=1, MinIterationCount=50, WarmupCount=3) [Script=stablecoin_1-6]
// *** Execute ***
// Launch: 1 / 1
// Execute: /bench/chrysalis/benchmarks/PlutusBench/bin/Release/net10.0/PlutusBench-NativeAOT 10.0-1/bin/Release/net10.0/linux-x64/publish/PlutusBench-NativeAOT 10.0-1 --anonymousPipes 113 114 --benchmarkName "PlutusUseCasesBenchmarks.DecodeAndEval(Script: \"stablecoin_1-6\")" --job "NativeAOT 10.0" --benchmarkId 75 in 
// BeforeAnythingElse

// Benchmark Process Environment Information:
// BenchmarkDotNet v0.15.8
// Runtime=.NET 10.0.12, X64 NativeAOT x86-64-v4
// GC=Concurrent Workstation
// HardwareIntrinsics=AVX512 IFMA+VBMI,AVX512 F+BW+CD+DQ+VL,AVX2+BMI1+BMI2+F16C+FMA+LZCNT+MOVBE,AVX,SSE3+SSSE3+SSE4.1+SSE4.2+POPCNT,X86Base+SSE+SSE2,AES+PCLMUL VectorSize=256
// Job: NativeAOT 10.0(IterationCount=3, LaunchCount=1, MinIterationCount=50, WarmupCount=3)

OverheadJitting  1: 1 op, 195.00 ns, 195.0000 ns/op
WorkloadJitting  1: 1 op, 492517.00 ns, 492.5170 us/op

OverheadJitting  2: 16 op, 281.00 ns, 17.5625 ns/op
WorkloadJitting  2: 16 op, 7028129.00 ns, 439.2581 us/op

WorkloadPilot    1: 16 op, 6037301.00 ns, 377.3313 us/op
WorkloadPilot    2: 32 op, 11023939.00 ns, 344.4981 us/op
WorkloadPilot    3: 64 op, 19778739.00 ns, 309.0428 us/op
WorkloadPilot    4: 128 op, 37781747.00 ns, 295.1699 us/op
WorkloadPilot    5: 256 op, 75747939.00 ns, 295.8904 us/op
WorkloadPilot    6: 512 op, 151323236.00 ns, 295.5532 us/op
WorkloadPilot    7: 1024 op, 299522443.00 ns, 292.5024 us/op
WorkloadPilot    8: 2048 op, 596074072.00 ns, 291.0518 us/op

OverheadWarmup   1: 2048 op, 5446.00 ns, 2.6592 ns/op
OverheadWarmup   2: 2048 op, 5063.00 ns, 2.4722 ns/op
OverheadWarmup   3: 2048 op, 5082.00 ns, 2.4814 ns/op
OverheadWarmup   4: 2048 op, 5094.00 ns, 2.4873 ns/op
OverheadWarmup   5: 2048 op, 5236.00 ns, 2.5566 ns/op
OverheadWarmup   6: 2048 op, 5088.00 ns, 2.4844 ns/op
OverheadWarmup   7: 2048 op, 5235.00 ns, 2.5562 ns/op
OverheadWarmup   8: 2048 op, 5241.00 ns, 2.5591 ns/op
OverheadWarmup   9: 2048 op, 5174.00 ns, 2.5264 ns/op

OverheadActual   1: 2048 op, 5179.00 ns, 2.5288 ns/op
OverheadActual   2: 2048 op, 5265.00 ns, 2.5708 ns/op
OverheadActual   3: 2048 op, 5156.00 ns, 2.5176 ns/op
OverheadActual   4: 2048 op, 5177.00 ns, 2.5278 ns/op
OverheadActual   5: 2048 op, 5159.00 ns, 2.5190 ns/op
OverheadActual   6: 2048 op, 5109.00 ns, 2.4946 ns/op
OverheadActual   7: 2048 op, 5181.00 ns, 2.5298 ns/op
OverheadActual   8: 2048 op, 5128.00 ns, 2.5039 ns/op
OverheadActual   9: 2048 op, 5193.00 ns, 2.5356 ns/op
OverheadActual  10: 2048 op, 5174.00 ns, 2.5264 ns/op
OverheadActual  11: 2048 op, 5177.00 ns, 2.5278 ns/op
OverheadActual  12: 2048 op, 5175.00 ns, 2.5269 ns/op
OverheadActual  13: 2048 op, 5235.00 ns, 2.5562 ns/op
OverheadActual  14: 2048 op, 5243.00 ns, 2.5601 ns/op
OverheadActual  15: 2048 op, 5385.00 ns, 2.6294 ns/op
OverheadActual  16: 2048 op, 5128.00 ns, 2.5039 ns/op
OverheadActual  17: 2048 op, 5216.00 ns, 2.5469 ns/op
OverheadActual  18: 2048 op, 5146.00 ns, 2.5127 ns/op
OverheadActual  19: 2048 op, 5150.00 ns, 2.5146 ns/op
OverheadActual  20: 2048 op, 5189.00 ns, 2.5337 ns/op

WorkloadWarmup   1: 2048 op, 599952194.00 ns, 292.9454 us/op
WorkloadWarmup   2: 2048 op, 604999487.00 ns, 295.4099 us/op
WorkloadWarmup   3: 2048 op, 596659384.00 ns, 291.3376 us/op

// BeforeActualRun
WorkloadActual   1: 2048 op, 596060604.00 ns, 291.0452 us/op
WorkloadActual   2: 2048 op, 596698646.00 ns, 291.3568 us/op
WorkloadActual   3: 2048 op, 595883964.00 ns, 290.9590 us/op

// AfterActualRun
WorkloadResult   1: 2048 op, 596055427.00 ns, 291.0427 us/op
WorkloadResult   2: 2048 op, 596693469.00 ns, 291.3542 us/op
WorkloadResult   3: 2048 op, 595878787.00 ns, 290.9564 us/op
// GC:  133 40 0 1115937824 2048
// Threading:  0 0 2048

// AfterAll
// Benchmark Process 2284 has exited with code 0.

Mean = 291.118 us, StdErr = 0.121 us (0.04%), N = 3, StdDev = 0.209 us
Min = 290.956 us, Q1 = 291.000 us, Median = 291.043 us, Q3 = 291.198 us, Max = 291.354 us
IQR = 0.199 us, LowerFence = 290.701 us, UpperFence = 291.497 us
ConfidenceInterval = [287.300 us; 294.935 us] (CI 99.9%), Margin = 3.818 us (1.31% of Mean)
Skewness = 0.31, Kurtosis = 0.67, MValue = 2

// ** Remained 13 (14.6 %) benchmark(s) to run. Estimated finish 2026-10-08 2:21 (0h 1m from now) **
// **************************
// Benchmark: PlutusUseCasesBenchmarks.DecodeAndEval: NativeAOT 10.0(Runtime=NativeAOT 10.0, Toolchain=Latest ILCompiler, IterationCount=3, LaunchCount=1, MinIterationCount=50, WarmupCount=3) [Script=stablecoin_2-1]
// *** Execute ***
// Launch: 1 / 1
// Execute: /bench/chrysalis/benchmarks/PlutusBench/bin/Release/net10.0/PlutusBench-NativeAOT 10.0-1/bin/Release/net10.0/linux-x64/publish/PlutusBench-NativeAOT 10.0-1 --anonymousPipes 113 114 --benchmarkName "PlutusUseCasesBenchmarks.DecodeAndEval(Script: \"stablecoin_2-1\")" --job "NativeAOT 10.0" --benchmarkId 76 in 
// BeforeAnythingElse

// Benchmark Process Environment Information:
// BenchmarkDotNet v0.15.8
// Runtime=.NET 10.0.12, X64 NativeAOT x86-64-v4
// GC=Concurrent Workstation
// HardwareIntrinsics=AVX512 IFMA+VBMI,AVX512 F+BW+CD+DQ+VL,AVX2+BMI1+BMI2+F16C+FMA+LZCNT+MOVBE,AVX,SSE3+SSSE3+SSE4.1+SSE4.2+POPCNT,X86Base+SSE+SSE2,AES+PCLMUL VectorSize=256
// Job: NativeAOT 10.0(IterationCount=3, LaunchCount=1, MinIterationCount=50, WarmupCount=3)

OverheadJitting  1: 1 op, 227.00 ns, 227.0000 ns/op
WorkloadJitting  1: 1 op, 1888233.00 ns, 1.8882 ms/op

OverheadJitting  2: 16 op, 281.00 ns, 17.5625 ns/op
WorkloadJitting  2: 16 op, 25565743.00 ns, 1.5979 ms/op

WorkloadPilot    1: 16 op, 24114453.00 ns, 1.5072 ms/op
WorkloadPilot    2: 32 op, 42930448.00 ns, 1.3416 ms/op
WorkloadPilot    3: 64 op, 88034637.00 ns, 1.3755 ms/op
WorkloadPilot    4: 128 op, 170825224.00 ns, 1.3346 ms/op
WorkloadPilot    5: 256 op, 340992749.00 ns, 1.3320 ms/op
WorkloadPilot    6: 512 op, 682433149.00 ns, 1.3329 ms/op

OverheadWarmup   1: 512 op, 1535.00 ns, 2.9980 ns/op
OverheadWarmup   2: 512 op, 1360.00 ns, 2.6563 ns/op
OverheadWarmup   3: 512 op, 1350.00 ns, 2.6367 ns/op
OverheadWarmup   4: 512 op, 1327.00 ns, 2.5918 ns/op
OverheadWarmup   5: 512 op, 1361.00 ns, 2.6582 ns/op
OverheadWarmup   6: 512 op, 1395.00 ns, 2.7246 ns/op
OverheadWarmup   7: 512 op, 1269.00 ns, 2.4785 ns/op
OverheadWarmup   8: 512 op, 1390.00 ns, 2.7148 ns/op
OverheadWarmup   9: 512 op, 1351.00 ns, 2.6387 ns/op

OverheadActual   1: 512 op, 1362.00 ns, 2.6602 ns/op
OverheadActual   2: 512 op, 1332.00 ns, 2.6016 ns/op
OverheadActual   3: 512 op, 1326.00 ns, 2.5898 ns/op
OverheadActual   4: 512 op, 1316.00 ns, 2.5703 ns/op
OverheadActual   5: 512 op, 1324.00 ns, 2.5859 ns/op
OverheadActual   6: 512 op, 1387.00 ns, 2.7090 ns/op
OverheadActual   7: 512 op, 1379.00 ns, 2.6934 ns/op
OverheadActual   8: 512 op, 1391.00 ns, 2.7168 ns/op
OverheadActual   9: 512 op, 1385.00 ns, 2.7051 ns/op
OverheadActual  10: 512 op, 1321.00 ns, 2.5801 ns/op
OverheadActual  11: 512 op, 1305.00 ns, 2.5488 ns/op
OverheadActual  12: 512 op, 1322.00 ns, 2.5820 ns/op
OverheadActual  13: 512 op, 1328.00 ns, 2.5938 ns/op
OverheadActual  14: 512 op, 1327.00 ns, 2.5918 ns/op
OverheadActual  15: 512 op, 1370.00 ns, 2.6758 ns/op
OverheadActual  16: 512 op, 1381.00 ns, 2.6973 ns/op
OverheadActual  17: 512 op, 1378.00 ns, 2.6914 ns/op
OverheadActual  18: 512 op, 1383.00 ns, 2.7012 ns/op
OverheadActual  19: 512 op, 1326.00 ns, 2.5898 ns/op
OverheadActual  20: 512 op, 1350.00 ns, 2.6367 ns/op

WorkloadWarmup   1: 512 op, 685023049.00 ns, 1.3379 ms/op
WorkloadWarmup   2: 512 op, 682963080.00 ns, 1.3339 ms/op
WorkloadWarmup   3: 512 op, 681557803.00 ns, 1.3312 ms/op

// BeforeActualRun
WorkloadActual   1: 512 op, 683816422.00 ns, 1.3356 ms/op
WorkloadActual   2: 512 op, 683268647.00 ns, 1.3345 ms/op
WorkloadActual   3: 512 op, 682747884.00 ns, 1.3335 ms/op

// AfterActualRun
WorkloadResult   1: 512 op, 683815081.00 ns, 1.3356 ms/op
WorkloadResult   2: 512 op, 683267306.00 ns, 1.3345 ms/op
WorkloadResult   3: 512 op, 682746543.00 ns, 1.3335 ms/op
// GC:  91 39 0 769209664 512
// Threading:  0 0 512

// AfterAll
// Benchmark Process 2287 has exited with code 0.

Mean = 1.335 ms, StdErr = 0.001 ms (0.05%), N = 3, StdDev = 0.001 ms
Min = 1.333 ms, Q1 = 1.334 ms, Median = 1.335 ms, Q3 = 1.335 ms, Max = 1.336 ms
IQR = 0.001 ms, LowerFence = 1.332 ms, UpperFence = 1.337 ms
ConfidenceInterval = [1.315 ms; 1.354 ms] (CI 99.9%), Margin = 0.019 ms (1.43% of Mean)
Skewness = 0.02, Kurtosis = 0.67, MValue = 2

// ** Remained 12 (13.5 %) benchmark(s) to run. Estimated finish 2026-10-08 2:21 (0h 1m from now) **
// **************************
// Benchmark: PlutusUseCasesBenchmarks.DecodeAndEval: NativeAOT 10.0(Runtime=NativeAOT 10.0, Toolchain=Latest ILCompiler, IterationCount=3, LaunchCount=1, MinIterationCount=50, WarmupCount=3) [Script=stablecoin_2-2]
// *** Execute ***
// Launch: 1 / 1
// Execute: /bench/chrysalis/benchmarks/PlutusBench/bin/Release/net10.0/PlutusBench-NativeAOT 10.0-1/bin/Release/net10.0/linux-x64/publish/PlutusBench-NativeAOT 10.0-1 --anonymousPipes 113 114 --benchmarkName "PlutusUseCasesBenchmarks.DecodeAndEval(Script: \"stablecoin_2-2\")" --job "NativeAOT 10.0" --benchmarkId 77 in 
// BeforeAnythingElse

// Benchmark Process Environment Information:
// BenchmarkDotNet v0.15.8
// Runtime=.NET 10.0.12, X64 NativeAOT x86-64-v4
// GC=Concurrent Workstation
// HardwareIntrinsics=AVX512 IFMA+VBMI,AVX512 F+BW+CD+DQ+VL,AVX2+BMI1+BMI2+F16C+FMA+LZCNT+MOVBE,AVX,SSE3+SSSE3+SSE4.1+SSE4.2+POPCNT,X86Base+SSE+SSE2,AES+PCLMUL VectorSize=256
// Job: NativeAOT 10.0(IterationCount=3, LaunchCount=1, MinIterationCount=50, WarmupCount=3)

OverheadJitting  1: 1 op, 207.00 ns, 207.0000 ns/op
WorkloadJitting  1: 1 op, 409893.00 ns, 409.8930 us/op

OverheadJitting  2: 16 op, 295.00 ns, 18.4375 ns/op
WorkloadJitting  2: 16 op, 5500386.00 ns, 343.7741 us/op

WorkloadPilot    1: 16 op, 4888884.00 ns, 305.5553 us/op
WorkloadPilot    2: 32 op, 7888495.00 ns, 246.5155 us/op
WorkloadPilot    3: 64 op, 16557223.00 ns, 258.7066 us/op
WorkloadPilot    4: 128 op, 32012784.00 ns, 250.0999 us/op
WorkloadPilot    5: 256 op, 60181800.00 ns, 235.0852 us/op
WorkloadPilot    6: 512 op, 119117381.00 ns, 232.6511 us/op
WorkloadPilot    7: 1024 op, 239366689.00 ns, 233.7565 us/op
WorkloadPilot    8: 2048 op, 479043278.00 ns, 233.9079 us/op
WorkloadPilot    9: 4096 op, 950968863.00 ns, 232.1701 us/op

OverheadWarmup   1: 4096 op, 10411.00 ns, 2.5417 ns/op
OverheadWarmup   2: 4096 op, 9986.00 ns, 2.4380 ns/op
OverheadWarmup   3: 4096 op, 9948.00 ns, 2.4287 ns/op
OverheadWarmup   4: 4096 op, 9977.00 ns, 2.4358 ns/op
OverheadWarmup   5: 4096 op, 9946.00 ns, 2.4282 ns/op
OverheadWarmup   6: 4096 op, 10363.00 ns, 2.5300 ns/op
OverheadWarmup   7: 4096 op, 9966.00 ns, 2.4331 ns/op

OverheadActual   1: 4096 op, 10473.00 ns, 2.5569 ns/op
OverheadActual   2: 4096 op, 10058.00 ns, 2.4556 ns/op
OverheadActual   3: 4096 op, 10120.00 ns, 2.4707 ns/op
OverheadActual   4: 4096 op, 10078.00 ns, 2.4604 ns/op
OverheadActual   5: 4096 op, 10190.00 ns, 2.4878 ns/op
OverheadActual   6: 4096 op, 10138.00 ns, 2.4751 ns/op
OverheadActual   7: 4096 op, 10044.00 ns, 2.4521 ns/op
OverheadActual   8: 4096 op, 10168.00 ns, 2.4824 ns/op
OverheadActual   9: 4096 op, 10930.00 ns, 2.6685 ns/op
OverheadActual  10: 4096 op, 10544.00 ns, 2.5742 ns/op
OverheadActual  11: 4096 op, 10458.00 ns, 2.5532 ns/op
OverheadActual  12: 4096 op, 10140.00 ns, 2.4756 ns/op
OverheadActual  13: 4096 op, 10058.00 ns, 2.4556 ns/op
OverheadActual  14: 4096 op, 10035.00 ns, 2.4500 ns/op
OverheadActual  15: 4096 op, 10043.00 ns, 2.4519 ns/op
OverheadActual  16: 4096 op, 10463.00 ns, 2.5544 ns/op
OverheadActual  17: 4096 op, 10577.00 ns, 2.5823 ns/op
OverheadActual  18: 4096 op, 10512.00 ns, 2.5664 ns/op
OverheadActual  19: 4096 op, 10166.00 ns, 2.4819 ns/op
OverheadActual  20: 4096 op, 10158.00 ns, 2.4800 ns/op

WorkloadWarmup   1: 4096 op, 957127890.00 ns, 233.6738 us/op
WorkloadWarmup   2: 4096 op, 958053183.00 ns, 233.8997 us/op
WorkloadWarmup   3: 4096 op, 953884549.00 ns, 232.8820 us/op

// BeforeActualRun
WorkloadActual   1: 4096 op, 955913657.00 ns, 233.3774 us/op
WorkloadActual   2: 4096 op, 952248224.00 ns, 232.4825 us/op
WorkloadActual   3: 4096 op, 954038080.00 ns, 232.9195 us/op

// AfterActualRun
WorkloadResult   1: 4096 op, 955903495.00 ns, 233.3749 us/op
WorkloadResult   2: 4096 op, 952238062.00 ns, 232.4800 us/op
WorkloadResult   3: 4096 op, 954027918.00 ns, 232.9170 us/op
// GC:  220 59 0 1840448496 4096
// Threading:  0 0 4096

// AfterAll
// Benchmark Process 2290 has exited with code 0.

Mean = 232.924 us, StdErr = 0.258 us (0.11%), N = 3, StdDev = 0.447 us
Min = 232.480 us, Q1 = 232.698 us, Median = 232.917 us, Q3 = 233.146 us, Max = 233.375 us
IQR = 0.447 us, LowerFence = 232.027 us, UpperFence = 233.817 us
ConfidenceInterval = [224.760 us; 241.088 us] (CI 99.9%), Margin = 8.164 us (3.50% of Mean)
Skewness = 0.02, Kurtosis = 0.67, MValue = 2

// ** Remained 11 (12.4 %) benchmark(s) to run. Estimated finish 2026-10-08 2:21 (0h 1m from now) **
// **************************
// Benchmark: PlutusUseCasesBenchmarks.DecodeAndEval: NativeAOT 10.0(Runtime=NativeAOT 10.0, Toolchain=Latest ILCompiler, IterationCount=3, LaunchCount=1, MinIterationCount=50, WarmupCount=3) [Script=stablecoin_2-3]
// *** Execute ***
// Launch: 1 / 1
// Execute: /bench/chrysalis/benchmarks/PlutusBench/bin/Release/net10.0/PlutusBench-NativeAOT 10.0-1/bin/Release/net10.0/linux-x64/publish/PlutusBench-NativeAOT 10.0-1 --anonymousPipes 113 114 --benchmarkName "PlutusUseCasesBenchmarks.DecodeAndEval(Script: \"stablecoin_2-3\")" --job "NativeAOT 10.0" --benchmarkId 78 in 
// BeforeAnythingElse

// Benchmark Process Environment Information:
// BenchmarkDotNet v0.15.8
// Runtime=.NET 10.0.12, X64 NativeAOT x86-64-v4
// GC=Concurrent Workstation
// HardwareIntrinsics=AVX512 IFMA+VBMI,AVX512 F+BW+CD+DQ+VL,AVX2+BMI1+BMI2+F16C+FMA+LZCNT+MOVBE,AVX,SSE3+SSSE3+SSE4.1+SSE4.2+POPCNT,X86Base+SSE+SSE2,AES+PCLMUL VectorSize=256
// Job: NativeAOT 10.0(IterationCount=3, LaunchCount=1, MinIterationCount=50, WarmupCount=3)

OverheadJitting  1: 1 op, 215.00 ns, 215.0000 ns/op
WorkloadJitting  1: 1 op, 2060989.00 ns, 2.0610 ms/op

OverheadJitting  2: 16 op, 284.00 ns, 17.7500 ns/op
WorkloadJitting  2: 16 op, 27020905.00 ns, 1.6888 ms/op

WorkloadPilot    1: 16 op, 25239078.00 ns, 1.5774 ms/op
WorkloadPilot    2: 32 op, 51803423.00 ns, 1.6189 ms/op
WorkloadPilot    3: 64 op, 97368463.00 ns, 1.5214 ms/op
WorkloadPilot    4: 128 op, 193388548.00 ns, 1.5108 ms/op
WorkloadPilot    5: 256 op, 385851103.00 ns, 1.5072 ms/op
WorkloadPilot    6: 512 op, 771248272.00 ns, 1.5063 ms/op

OverheadWarmup   1: 512 op, 1603.00 ns, 3.1309 ns/op
OverheadWarmup   2: 512 op, 1347.00 ns, 2.6309 ns/op
OverheadWarmup   3: 512 op, 1352.00 ns, 2.6406 ns/op
OverheadWarmup   4: 512 op, 1348.00 ns, 2.6328 ns/op
OverheadWarmup   5: 512 op, 1332.00 ns, 2.6016 ns/op
OverheadWarmup   6: 512 op, 1349.00 ns, 2.6348 ns/op
OverheadWarmup   7: 512 op, 1374.00 ns, 2.6836 ns/op
OverheadWarmup   8: 512 op, 1388.00 ns, 2.7109 ns/op
OverheadWarmup   9: 512 op, 1338.00 ns, 2.6133 ns/op

OverheadActual   1: 512 op, 1361.00 ns, 2.6582 ns/op
OverheadActual   2: 512 op, 1353.00 ns, 2.6426 ns/op
OverheadActual   3: 512 op, 1351.00 ns, 2.6387 ns/op
OverheadActual   4: 512 op, 1364.00 ns, 2.6641 ns/op
OverheadActual   5: 512 op, 1397.00 ns, 2.7285 ns/op
OverheadActual   6: 512 op, 1341.00 ns, 2.6191 ns/op
OverheadActual   7: 512 op, 1323.00 ns, 2.5840 ns/op
OverheadActual   8: 512 op, 1330.00 ns, 2.5977 ns/op
OverheadActual   9: 512 op, 1341.00 ns, 2.6191 ns/op
OverheadActual  10: 512 op, 1342.00 ns, 2.6211 ns/op
OverheadActual  11: 512 op, 1337.00 ns, 2.6113 ns/op
OverheadActual  12: 512 op, 1359.00 ns, 2.6543 ns/op
OverheadActual  13: 512 op, 1409.00 ns, 2.7520 ns/op
OverheadActual  14: 512 op, 1384.00 ns, 2.7031 ns/op
OverheadActual  15: 512 op, 1408.00 ns, 2.7500 ns/op
OverheadActual  16: 512 op, 1375.00 ns, 2.6855 ns/op
OverheadActual  17: 512 op, 1396.00 ns, 2.7266 ns/op
OverheadActual  18: 512 op, 1404.00 ns, 2.7422 ns/op
OverheadActual  19: 512 op, 1308.00 ns, 2.5547 ns/op
OverheadActual  20: 512 op, 1361.00 ns, 2.6582 ns/op

WorkloadWarmup   1: 512 op, 773373995.00 ns, 1.5105 ms/op
WorkloadWarmup   2: 512 op, 772489243.00 ns, 1.5088 ms/op
WorkloadWarmup   3: 512 op, 770343529.00 ns, 1.5046 ms/op

// BeforeActualRun
WorkloadActual   1: 512 op, 828986803.00 ns, 1.6191 ms/op
WorkloadActual   2: 512 op, 945477434.00 ns, 1.8466 ms/op
WorkloadActual   3: 512 op, 932440942.00 ns, 1.8212 ms/op

// AfterActualRun
WorkloadResult   1: 512 op, 828985443.00 ns, 1.6191 ms/op
WorkloadResult   2: 512 op, 945476074.00 ns, 1.8466 ms/op
WorkloadResult   3: 512 op, 932439582.00 ns, 1.8212 ms/op
// GC:  101 45 0 851182912 512
// Threading:  0 0 512

// AfterAll
// Benchmark Process 2292 has exited with code 0.

Mean = 1.762 ms, StdErr = 0.072 ms (4.08%), N = 3, StdDev = 0.125 ms
Min = 1.619 ms, Q1 = 1.720 ms, Median = 1.821 ms, Q3 = 1.834 ms, Max = 1.847 ms
IQR = 0.114 ms, LowerFence = 1.550 ms, UpperFence = 2.005 ms
ConfidenceInterval = [-0.512 ms; 4.037 ms] (CI 99.9%), Margin = 2.274 ms (129.05% of Mean)
Skewness = -0.37, Kurtosis = 0.67, MValue = 2

// ** Remained 10 (11.2 %) benchmark(s) to run. Estimated finish 2026-10-08 2:21 (0h 1m from now) **
// **************************
// Benchmark: PlutusUseCasesBenchmarks.DecodeAndEval: NativeAOT 10.0(Runtime=NativeAOT 10.0, Toolchain=Latest ILCompiler, IterationCount=3, LaunchCount=1, MinIterationCount=50, WarmupCount=3) [Script=stablecoin_2-4]
// *** Execute ***
// Launch: 1 / 1
// Execute: /bench/chrysalis/benchmarks/PlutusBench/bin/Release/net10.0/PlutusBench-NativeAOT 10.0-1/bin/Release/net10.0/linux-x64/publish/PlutusBench-NativeAOT 10.0-1 --anonymousPipes 113 114 --benchmarkName "PlutusUseCasesBenchmarks.DecodeAndEval(Script: \"stablecoin_2-4\")" --job "NativeAOT 10.0" --benchmarkId 79 in 
// BeforeAnythingElse

// Benchmark Process Environment Information:
// BenchmarkDotNet v0.15.8
// Runtime=.NET 10.0.12, X64 NativeAOT x86-64-v4
// GC=Concurrent Workstation
// HardwareIntrinsics=AVX512 IFMA+VBMI,AVX512 F+BW+CD+DQ+VL,AVX2+BMI1+BMI2+F16C+FMA+LZCNT+MOVBE,AVX,SSE3+SSSE3+SSE4.1+SSE4.2+POPCNT,X86Base+SSE+SSE2,AES+PCLMUL VectorSize=256
// Job: NativeAOT 10.0(IterationCount=3, LaunchCount=1, MinIterationCount=50, WarmupCount=3)

OverheadJitting  1: 1 op, 213.00 ns, 213.0000 ns/op
WorkloadJitting  1: 1 op, 433791.00 ns, 433.7910 us/op

OverheadJitting  2: 16 op, 286.00 ns, 17.8750 ns/op
WorkloadJitting  2: 16 op, 5820378.00 ns, 363.7736 us/op

WorkloadPilot    1: 16 op, 5147168.00 ns, 321.6980 us/op
WorkloadPilot    2: 32 op, 8207014.00 ns, 256.4692 us/op
WorkloadPilot    3: 64 op, 17837837.00 ns, 278.7162 us/op
WorkloadPilot    4: 128 op, 31564087.00 ns, 246.5944 us/op
WorkloadPilot    5: 256 op, 63303388.00 ns, 247.2789 us/op
WorkloadPilot    6: 512 op, 126260979.00 ns, 246.6035 us/op
WorkloadPilot    7: 1024 op, 251797478.00 ns, 245.8960 us/op
WorkloadPilot    8: 2048 op, 502481381.00 ns, 245.3522 us/op

OverheadWarmup   1: 2048 op, 5415.00 ns, 2.6440 ns/op
OverheadWarmup   2: 2048 op, 5180.00 ns, 2.5293 ns/op
OverheadWarmup   3: 2048 op, 5195.00 ns, 2.5366 ns/op
OverheadWarmup   4: 2048 op, 5168.00 ns, 2.5234 ns/op
OverheadWarmup   5: 2048 op, 5295.00 ns, 2.5854 ns/op
OverheadWarmup   6: 2048 op, 5247.00 ns, 2.5620 ns/op

OverheadActual   1: 2048 op, 5522.00 ns, 2.6963 ns/op
OverheadActual   2: 2048 op, 5504.00 ns, 2.6875 ns/op
OverheadActual   3: 2048 op, 5484.00 ns, 2.6777 ns/op
OverheadActual   4: 2048 op, 5486.00 ns, 2.6787 ns/op
OverheadActual   5: 2048 op, 5263.00 ns, 2.5698 ns/op
OverheadActual   6: 2048 op, 5258.00 ns, 2.5674 ns/op
OverheadActual   7: 2048 op, 5491.00 ns, 2.6812 ns/op
OverheadActual   8: 2048 op, 5264.00 ns, 2.5703 ns/op
OverheadActual   9: 2048 op, 5275.00 ns, 2.5757 ns/op
OverheadActual  10: 2048 op, 5259.00 ns, 2.5679 ns/op
OverheadActual  11: 2048 op, 5263.00 ns, 2.5698 ns/op
OverheadActual  12: 2048 op, 5246.00 ns, 2.5615 ns/op
OverheadActual  13: 2048 op, 5276.00 ns, 2.5762 ns/op
OverheadActual  14: 2048 op, 5225.00 ns, 2.5513 ns/op
OverheadActual  15: 2048 op, 5292.00 ns, 2.5840 ns/op
OverheadActual  16: 2048 op, 5348.00 ns, 2.6113 ns/op
OverheadActual  17: 2048 op, 5101.00 ns, 2.4907 ns/op
OverheadActual  18: 2048 op, 5129.00 ns, 2.5044 ns/op
OverheadActual  19: 2048 op, 5428.00 ns, 2.6504 ns/op
OverheadActual  20: 2048 op, 5505.00 ns, 2.6880 ns/op

WorkloadWarmup   1: 2048 op, 510403768.00 ns, 249.2206 us/op
WorkloadWarmup   2: 2048 op, 507043946.00 ns, 247.5801 us/op
WorkloadWarmup   3: 2048 op, 504544900.00 ns, 246.3598 us/op

// BeforeActualRun
WorkloadActual   1: 2048 op, 510471096.00 ns, 249.2535 us/op
WorkloadActual   2: 2048 op, 503434024.00 ns, 245.8174 us/op
WorkloadActual   3: 2048 op, 510825584.00 ns, 249.4266 us/op

// AfterActualRun
WorkloadResult   1: 2048 op, 510465820.50 ns, 249.2509 us/op
WorkloadResult   2: 2048 op, 503428748.50 ns, 245.8148 us/op
WorkloadResult   3: 2048 op, 510820308.50 ns, 249.4240 us/op
// GC:  114 32 0 958088176 2048
// Threading:  0 0 2048

// AfterAll
// Benchmark Process 2295 has exited with code 0.

Mean = 248.163 us, StdErr = 1.175 us (0.47%), N = 3, StdDev = 2.036 us
Min = 245.815 us, Q1 = 247.533 us, Median = 249.251 us, Q3 = 249.337 us, Max = 249.424 us
IQR = 1.805 us, LowerFence = 244.826 us, UpperFence = 252.044 us
ConfidenceInterval = [211.026 us; 285.301 us] (CI 99.9%), Margin = 37.137 us (14.96% of Mean)
Skewness = -0.38, Kurtosis = 0.67, MValue = 2

// ** Remained 9 (10.1 %) benchmark(s) to run. Estimated finish 2026-10-08 2:21 (0h 0m from now) **
// **************************
// Benchmark: PlutusUseCasesBenchmarks.DecodeAndEval: NativeAOT 10.0(Runtime=NativeAOT 10.0, Toolchain=Latest ILCompiler, IterationCount=3, LaunchCount=1, MinIterationCount=50, WarmupCount=3) [Script=token-account-1]
// *** Execute ***
// Launch: 1 / 1
// Execute: /bench/chrysalis/benchmarks/PlutusBench/bin/Release/net10.0/PlutusBench-NativeAOT 10.0-1/bin/Release/net10.0/linux-x64/publish/PlutusBench-NativeAOT 10.0-1 --anonymousPipes 113 114 --benchmarkName "PlutusUseCasesBenchmarks.DecodeAndEval(Script: \"token-account-1\")" --job "NativeAOT 10.0" --benchmarkId 80 in 
// BeforeAnythingElse

// Benchmark Process Environment Information:
// BenchmarkDotNet v0.15.8
// Runtime=.NET 10.0.12, X64 NativeAOT x86-64-v4
// GC=Concurrent Workstation
// HardwareIntrinsics=AVX512 IFMA+VBMI,AVX512 F+BW+CD+DQ+VL,AVX2+BMI1+BMI2+F16C+FMA+LZCNT+MOVBE,AVX,SSE3+SSSE3+SSE4.1+SSE4.2+POPCNT,X86Base+SSE+SSE2,AES+PCLMUL VectorSize=256
// Job: NativeAOT 10.0(IterationCount=3, LaunchCount=1, MinIterationCount=50, WarmupCount=3)

OverheadJitting  1: 1 op, 211.00 ns, 211.0000 ns/op
WorkloadJitting  1: 1 op, 428132.00 ns, 428.1320 us/op

OverheadJitting  2: 16 op, 310.00 ns, 19.3750 ns/op
WorkloadJitting  2: 16 op, 6130160.00 ns, 383.1350 us/op

WorkloadPilot    1: 16 op, 5310240.00 ns, 331.8900 us/op
WorkloadPilot    2: 32 op, 9109110.00 ns, 284.6597 us/op
WorkloadPilot    3: 64 op, 19598138.00 ns, 306.2209 us/op
WorkloadPilot    4: 128 op, 35146868.00 ns, 274.5849 us/op
WorkloadPilot    5: 256 op, 69931322.00 ns, 273.1692 us/op
WorkloadPilot    6: 512 op, 139187675.00 ns, 271.8509 us/op
WorkloadPilot    7: 1024 op, 278942870.00 ns, 272.4051 us/op
WorkloadPilot    8: 2048 op, 558096163.00 ns, 272.5079 us/op

OverheadWarmup   1: 2048 op, 4999.00 ns, 2.4409 ns/op
OverheadWarmup   2: 2048 op, 4804.00 ns, 2.3457 ns/op
OverheadWarmup   3: 2048 op, 4819.00 ns, 2.3530 ns/op
OverheadWarmup   4: 2048 op, 4783.00 ns, 2.3354 ns/op
OverheadWarmup   5: 2048 op, 4800.00 ns, 2.3438 ns/op
OverheadWarmup   6: 2048 op, 4791.00 ns, 2.3394 ns/op

OverheadActual   1: 2048 op, 4853.00 ns, 2.3696 ns/op
OverheadActual   2: 2048 op, 4878.00 ns, 2.3818 ns/op
OverheadActual   3: 2048 op, 4787.00 ns, 2.3374 ns/op
OverheadActual   4: 2048 op, 4751.00 ns, 2.3198 ns/op
OverheadActual   5: 2048 op, 4756.00 ns, 2.3223 ns/op
OverheadActual   6: 2048 op, 4888.00 ns, 2.3867 ns/op
OverheadActual   7: 2048 op, 4855.00 ns, 2.3706 ns/op
OverheadActual   8: 2048 op, 4858.00 ns, 2.3721 ns/op
OverheadActual   9: 2048 op, 5063.00 ns, 2.4722 ns/op
OverheadActual  10: 2048 op, 5054.00 ns, 2.4678 ns/op
OverheadActual  11: 2048 op, 4900.00 ns, 2.3926 ns/op
OverheadActual  12: 2048 op, 4863.00 ns, 2.3745 ns/op
OverheadActual  13: 2048 op, 5066.00 ns, 2.4736 ns/op
OverheadActual  14: 2048 op, 4863.00 ns, 2.3745 ns/op
OverheadActual  15: 2048 op, 4859.00 ns, 2.3726 ns/op
OverheadActual  16: 2048 op, 4863.00 ns, 2.3745 ns/op
OverheadActual  17: 2048 op, 5076.00 ns, 2.4785 ns/op
OverheadActual  18: 2048 op, 5101.00 ns, 2.4907 ns/op
OverheadActual  19: 2048 op, 5173.00 ns, 2.5259 ns/op
OverheadActual  20: 2048 op, 4873.00 ns, 2.3794 ns/op

WorkloadWarmup   1: 2048 op, 562697255.00 ns, 274.7545 us/op
WorkloadWarmup   2: 2048 op, 562787781.00 ns, 274.7987 us/op
WorkloadWarmup   3: 2048 op, 563897341.00 ns, 275.3405 us/op

// BeforeActualRun
WorkloadActual   1: 2048 op, 558114558.00 ns, 272.5169 us/op
WorkloadActual   2: 2048 op, 558581439.00 ns, 272.7448 us/op
WorkloadActual   3: 2048 op, 559867005.00 ns, 273.3726 us/op

// AfterActualRun
WorkloadResult   1: 2048 op, 558109690.00 ns, 272.5145 us/op
WorkloadResult   2: 2048 op, 558576571.00 ns, 272.7425 us/op
WorkloadResult   3: 2048 op, 559862137.00 ns, 273.3702 us/op
// GC:  112 35 0 941884400 2048
// Threading:  0 0 2048

// AfterAll
// Benchmark Process 2298 has exited with code 0.

Mean = 272.876 us, StdErr = 0.256 us (0.09%), N = 3, StdDev = 0.443 us
Min = 272.514 us, Q1 = 272.628 us, Median = 272.742 us, Q3 = 273.056 us, Max = 273.370 us
IQR = 0.428 us, LowerFence = 271.987 us, UpperFence = 273.698 us
ConfidenceInterval = [264.791 us; 280.960 us] (CI 99.9%), Margin = 8.084 us (2.96% of Mean)
Skewness = 0.27, Kurtosis = 0.67, MValue = 2

// ** Remained 8 (9.0 %) benchmark(s) to run. Estimated finish 2026-10-08 2:21 (0h 0m from now) **
// **************************
// Benchmark: PlutusUseCasesBenchmarks.DecodeAndEval: NativeAOT 10.0(Runtime=NativeAOT 10.0, Toolchain=Latest ILCompiler, IterationCount=3, LaunchCount=1, MinIterationCount=50, WarmupCount=3) [Script=token-account-2]
// *** Execute ***
// Launch: 1 / 1
// Execute: /bench/chrysalis/benchmarks/PlutusBench/bin/Release/net10.0/PlutusBench-NativeAOT 10.0-1/bin/Release/net10.0/linux-x64/publish/PlutusBench-NativeAOT 10.0-1 --anonymousPipes 113 114 --benchmarkName "PlutusUseCasesBenchmarks.DecodeAndEval(Script: \"token-account-2\")" --job "NativeAOT 10.0" --benchmarkId 81 in 
// BeforeAnythingElse

// Benchmark Process Environment Information:
// BenchmarkDotNet v0.15.8
// Runtime=.NET 10.0.12, X64 NativeAOT x86-64-v4
// GC=Concurrent Workstation
// HardwareIntrinsics=AVX512 IFMA+VBMI,AVX512 F+BW+CD+DQ+VL,AVX2+BMI1+BMI2+F16C+FMA+LZCNT+MOVBE,AVX,SSE3+SSSE3+SSE4.1+SSE4.2+POPCNT,X86Base+SSE+SSE2,AES+PCLMUL VectorSize=256
// Job: NativeAOT 10.0(IterationCount=3, LaunchCount=1, MinIterationCount=50, WarmupCount=3)

OverheadJitting  1: 1 op, 209.00 ns, 209.0000 ns/op
WorkloadJitting  1: 1 op, 639301.00 ns, 639.3010 us/op

OverheadJitting  2: 16 op, 313.00 ns, 19.5625 ns/op
WorkloadJitting  2: 16 op, 9488719.00 ns, 593.0449 us/op

WorkloadPilot    1: 16 op, 7831722.00 ns, 489.4826 us/op
WorkloadPilot    2: 32 op, 14277316.00 ns, 446.1661 us/op
WorkloadPilot    3: 64 op, 28090862.00 ns, 438.9197 us/op
WorkloadPilot    4: 128 op, 53665393.00 ns, 419.2609 us/op
WorkloadPilot    5: 256 op, 106287924.00 ns, 415.1872 us/op
WorkloadPilot    6: 512 op, 213046884.00 ns, 416.1072 us/op
WorkloadPilot    7: 1024 op, 423637116.00 ns, 413.7081 us/op
WorkloadPilot    8: 2048 op, 849114736.00 ns, 414.6068 us/op

OverheadWarmup   1: 2048 op, 5507.00 ns, 2.6890 ns/op
OverheadWarmup   2: 2048 op, 5194.00 ns, 2.5361 ns/op
OverheadWarmup   3: 2048 op, 5176.00 ns, 2.5273 ns/op
OverheadWarmup   4: 2048 op, 5153.00 ns, 2.5161 ns/op
OverheadWarmup   5: 2048 op, 5158.00 ns, 2.5186 ns/op
OverheadWarmup   6: 2048 op, 5255.00 ns, 2.5659 ns/op
OverheadWarmup   7: 2048 op, 5147.00 ns, 2.5132 ns/op
OverheadWarmup   8: 2048 op, 11325.00 ns, 5.5298 ns/op
OverheadWarmup   9: 2048 op, 5152.00 ns, 2.5156 ns/op

OverheadActual   1: 2048 op, 5163.00 ns, 2.5210 ns/op
OverheadActual   2: 2048 op, 5149.00 ns, 2.5142 ns/op
OverheadActual   3: 2048 op, 5138.00 ns, 2.5088 ns/op
OverheadActual   4: 2048 op, 5196.00 ns, 2.5371 ns/op
OverheadActual   5: 2048 op, 5305.00 ns, 2.5903 ns/op
OverheadActual   6: 2048 op, 5265.00 ns, 2.5708 ns/op
OverheadActual   7: 2048 op, 5270.00 ns, 2.5732 ns/op
OverheadActual   8: 2048 op, 5502.00 ns, 2.6865 ns/op
OverheadActual   9: 2048 op, 5260.00 ns, 2.5684 ns/op
OverheadActual  10: 2048 op, 5487.00 ns, 2.6792 ns/op
OverheadActual  11: 2048 op, 5145.00 ns, 2.5122 ns/op
OverheadActual  12: 2048 op, 5250.00 ns, 2.5635 ns/op
OverheadActual  13: 2048 op, 5253.00 ns, 2.5649 ns/op
OverheadActual  14: 2048 op, 5352.00 ns, 2.6133 ns/op
OverheadActual  15: 2048 op, 5249.00 ns, 2.5630 ns/op
OverheadActual  16: 2048 op, 5149.00 ns, 2.5142 ns/op
OverheadActual  17: 2048 op, 5151.00 ns, 2.5151 ns/op
OverheadActual  18: 2048 op, 5267.00 ns, 2.5718 ns/op
OverheadActual  19: 2048 op, 5251.00 ns, 2.5640 ns/op
OverheadActual  20: 2048 op, 5259.00 ns, 2.5679 ns/op

WorkloadWarmup   1: 2048 op, 849226073.00 ns, 414.6612 us/op
WorkloadWarmup   2: 2048 op, 848064832.00 ns, 414.0942 us/op
WorkloadWarmup   3: 2048 op, 849686751.00 ns, 414.8861 us/op

// BeforeActualRun
WorkloadActual   1: 2048 op, 856478797.00 ns, 418.2025 us/op
WorkloadActual   2: 2048 op, 853234483.00 ns, 416.6184 us/op
WorkloadActual   3: 2048 op, 848591452.00 ns, 414.3513 us/op

// AfterActualRun
WorkloadResult   1: 2048 op, 856473545.00 ns, 418.2000 us/op
WorkloadResult   2: 2048 op, 853229231.00 ns, 416.6158 us/op
WorkloadResult   3: 2048 op, 848586200.00 ns, 414.3487 us/op
// GC:  164 52 0 1374389232 2048
// Threading:  0 0 2048

// AfterAll
// Benchmark Process 2301 has exited with code 0.

Mean = 416.388 us, StdErr = 1.118 us (0.27%), N = 3, StdDev = 1.936 us
Min = 414.349 us, Q1 = 415.482 us, Median = 416.616 us, Q3 = 417.408 us, Max = 418.200 us
IQR = 1.926 us, LowerFence = 412.594 us, UpperFence = 420.296 us
ConfidenceInterval = [381.074 us; 451.702 us] (CI 99.9%), Margin = 35.314 us (8.48% of Mean)
Skewness = -0.12, Kurtosis = 0.67, MValue = 2

// ** Remained 7 (7.9 %) benchmark(s) to run. Estimated finish 2026-10-08 2:21 (0h 0m from now) **
// **************************
// Benchmark: PlutusUseCasesBenchmarks.DecodeAndEval: NativeAOT 10.0(Runtime=NativeAOT 10.0, Toolchain=Latest ILCompiler, IterationCount=3, LaunchCount=1, MinIterationCount=50, WarmupCount=3) [Script=uniswap-1]
// *** Execute ***
// Launch: 1 / 1
// Execute: /bench/chrysalis/benchmarks/PlutusBench/bin/Release/net10.0/PlutusBench-NativeAOT 10.0-1/bin/Release/net10.0/linux-x64/publish/PlutusBench-NativeAOT 10.0-1 --anonymousPipes 113 114 --benchmarkName "PlutusUseCasesBenchmarks.DecodeAndEval(Script: \"uniswap-1\")" --job "NativeAOT 10.0" --benchmarkId 82 in 
// BeforeAnythingElse

// Benchmark Process Environment Information:
// BenchmarkDotNet v0.15.8
// Runtime=.NET 10.0.12, X64 NativeAOT x86-64-v4
// GC=Concurrent Workstation
// HardwareIntrinsics=AVX512 IFMA+VBMI,AVX512 F+BW+CD+DQ+VL,AVX2+BMI1+BMI2+F16C+FMA+LZCNT+MOVBE,AVX,SSE3+SSSE3+SSE4.1+SSE4.2+POPCNT,X86Base+SSE+SSE2,AES+PCLMUL VectorSize=256
// Job: NativeAOT 10.0(IterationCount=3, LaunchCount=1, MinIterationCount=50, WarmupCount=3)

OverheadJitting  1: 1 op, 206.00 ns, 206.0000 ns/op
WorkloadJitting  1: 1 op, 773510.00 ns, 773.5100 us/op

OverheadJitting  2: 16 op, 262.00 ns, 16.3750 ns/op
WorkloadJitting  2: 16 op, 11197311.00 ns, 699.8319 us/op

WorkloadPilot    1: 16 op, 9709552.00 ns, 606.8470 us/op
WorkloadPilot    2: 32 op, 17912596.00 ns, 559.7686 us/op
WorkloadPilot    3: 64 op, 35038323.00 ns, 547.4738 us/op
WorkloadPilot    4: 128 op, 67959108.00 ns, 530.9305 us/op
WorkloadPilot    5: 256 op, 136464996.00 ns, 533.0664 us/op
WorkloadPilot    6: 512 op, 273948775.00 ns, 535.0562 us/op
WorkloadPilot    7: 1024 op, 548423162.00 ns, 535.5695 us/op

OverheadWarmup   1: 1024 op, 2727.00 ns, 2.6631 ns/op
OverheadWarmup   2: 1024 op, 2543.00 ns, 2.4834 ns/op
OverheadWarmup   3: 1024 op, 2534.00 ns, 2.4746 ns/op
OverheadWarmup   4: 1024 op, 2522.00 ns, 2.4629 ns/op
OverheadWarmup   5: 1024 op, 2525.00 ns, 2.4658 ns/op
OverheadWarmup   6: 1024 op, 2499.00 ns, 2.4404 ns/op
OverheadWarmup   7: 1024 op, 2565.00 ns, 2.5049 ns/op
OverheadWarmup   8: 1024 op, 2674.00 ns, 2.6113 ns/op
OverheadWarmup   9: 1024 op, 2568.00 ns, 2.5078 ns/op

OverheadActual   1: 1024 op, 2658.00 ns, 2.5957 ns/op
OverheadActual   2: 1024 op, 2517.00 ns, 2.4580 ns/op
OverheadActual   3: 1024 op, 2566.00 ns, 2.5059 ns/op
OverheadActual   4: 1024 op, 2596.00 ns, 2.5352 ns/op
OverheadActual   5: 1024 op, 2565.00 ns, 2.5049 ns/op
OverheadActual   6: 1024 op, 2560.00 ns, 2.5000 ns/op
OverheadActual   7: 1024 op, 2564.00 ns, 2.5039 ns/op
OverheadActual   8: 1024 op, 2574.00 ns, 2.5137 ns/op
OverheadActual   9: 1024 op, 2656.00 ns, 2.5938 ns/op
OverheadActual  10: 1024 op, 2547.00 ns, 2.4873 ns/op
OverheadActual  11: 1024 op, 2545.00 ns, 2.4854 ns/op
OverheadActual  12: 1024 op, 2557.00 ns, 2.4971 ns/op
OverheadActual  13: 1024 op, 2617.00 ns, 2.5557 ns/op
OverheadActual  14: 1024 op, 2570.00 ns, 2.5098 ns/op
OverheadActual  15: 1024 op, 2553.00 ns, 2.4932 ns/op
OverheadActual  16: 1024 op, 2542.00 ns, 2.4824 ns/op
OverheadActual  17: 1024 op, 2662.00 ns, 2.5996 ns/op
OverheadActual  18: 1024 op, 2556.00 ns, 2.4961 ns/op
OverheadActual  19: 1024 op, 2658.00 ns, 2.5957 ns/op
OverheadActual  20: 1024 op, 2560.00 ns, 2.5000 ns/op

WorkloadWarmup   1: 1024 op, 548855159.00 ns, 535.9914 us/op
WorkloadWarmup   2: 1024 op, 550722253.00 ns, 537.8147 us/op
WorkloadWarmup   3: 1024 op, 546880996.00 ns, 534.0635 us/op

// BeforeActualRun
WorkloadActual   1: 1024 op, 544633167.00 ns, 531.8683 us/op
WorkloadActual   2: 1024 op, 546328163.00 ns, 533.5236 us/op
WorkloadActual   3: 1024 op, 618581757.00 ns, 604.0837 us/op

// AfterActualRun
WorkloadResult   1: 1024 op, 544630602.50 ns, 531.8658 us/op
WorkloadResult   2: 1024 op, 546325598.50 ns, 533.5211 us/op
WorkloadResult   3: 1024 op, 618579192.50 ns, 604.0812 us/op
// GC:  94 31 0 790373072 1024
// Threading:  0 0 1024

// AfterAll
// Benchmark Process 2304 has exited with code 0.

Mean = 556.489 us, StdErr = 23.801 us (4.28%), N = 3, StdDev = 41.224 us
Min = 531.866 us, Q1 = 532.693 us, Median = 533.521 us, Q3 = 568.801 us, Max = 604.081 us
IQR = 36.108 us, LowerFence = 478.532 us, UpperFence = 622.963 us
ConfidenceInterval = [-195.591 us; 1,308.570 us] (CI 99.9%), Margin = 752.080 us (135.15% of Mean)
Skewness = 0.38, Kurtosis = 0.67, MValue = 2

// ** Remained 6 (6.7 %) benchmark(s) to run. Estimated finish 2026-10-08 2:21 (0h 0m from now) **
// **************************
// Benchmark: PlutusUseCasesBenchmarks.DecodeAndEval: NativeAOT 10.0(Runtime=NativeAOT 10.0, Toolchain=Latest ILCompiler, IterationCount=3, LaunchCount=1, MinIterationCount=50, WarmupCount=3) [Script=uniswap-2]
// *** Execute ***
// Launch: 1 / 1
// Execute: /bench/chrysalis/benchmarks/PlutusBench/bin/Release/net10.0/PlutusBench-NativeAOT 10.0-1/bin/Release/net10.0/linux-x64/publish/PlutusBench-NativeAOT 10.0-1 --anonymousPipes 113 114 --benchmarkName "PlutusUseCasesBenchmarks.DecodeAndEval(Script: \"uniswap-2\")" --job "NativeAOT 10.0" --benchmarkId 83 in 
// BeforeAnythingElse

// Benchmark Process Environment Information:
// BenchmarkDotNet v0.15.8
// Runtime=.NET 10.0.12, X64 NativeAOT x86-64-v4
// GC=Concurrent Workstation
// HardwareIntrinsics=AVX512 IFMA+VBMI,AVX512 F+BW+CD+DQ+VL,AVX2+BMI1+BMI2+F16C+FMA+LZCNT+MOVBE,AVX,SSE3+SSSE3+SSE4.1+SSE4.2+POPCNT,X86Base+SSE+SSE2,AES+PCLMUL VectorSize=256
// Job: NativeAOT 10.0(IterationCount=3, LaunchCount=1, MinIterationCount=50, WarmupCount=3)

OverheadJitting  1: 1 op, 283.00 ns, 283.0000 ns/op
WorkloadJitting  1: 1 op, 626834.00 ns, 626.8340 us/op

OverheadJitting  2: 16 op, 332.00 ns, 20.7500 ns/op
WorkloadJitting  2: 16 op, 8482089.00 ns, 530.1306 us/op

WorkloadPilot    1: 16 op, 5987456.00 ns, 374.2160 us/op
WorkloadPilot    2: 32 op, 11687987.00 ns, 365.2496 us/op
WorkloadPilot    3: 64 op, 26766285.00 ns, 418.2232 us/op
WorkloadPilot    4: 128 op, 48983476.00 ns, 382.6834 us/op
WorkloadPilot    5: 256 op, 98174785.00 ns, 383.4953 us/op
WorkloadPilot    6: 512 op, 195216750.00 ns, 381.2827 us/op
WorkloadPilot    7: 1024 op, 389995962.00 ns, 380.8554 us/op
WorkloadPilot    8: 2048 op, 664620452.00 ns, 324.5217 us/op

OverheadWarmup   1: 2048 op, 5402.00 ns, 2.6377 ns/op
OverheadWarmup   2: 2048 op, 5169.00 ns, 2.5239 ns/op
OverheadWarmup   3: 2048 op, 5254.00 ns, 2.5654 ns/op
OverheadWarmup   4: 2048 op, 5253.00 ns, 2.5649 ns/op
OverheadWarmup   5: 2048 op, 5161.00 ns, 2.5200 ns/op
OverheadWarmup   6: 2048 op, 5129.00 ns, 2.5044 ns/op
OverheadWarmup   7: 2048 op, 5179.00 ns, 2.5288 ns/op
OverheadWarmup   8: 2048 op, 5246.00 ns, 2.5615 ns/op
OverheadWarmup   9: 2048 op, 5238.00 ns, 2.5576 ns/op

OverheadActual   1: 2048 op, 5517.00 ns, 2.6938 ns/op
OverheadActual   2: 2048 op, 5444.00 ns, 2.6582 ns/op
OverheadActual   3: 2048 op, 5478.00 ns, 2.6748 ns/op
OverheadActual   4: 2048 op, 5458.00 ns, 2.6650 ns/op
OverheadActual   5: 2048 op, 5449.00 ns, 2.6606 ns/op
OverheadActual   6: 2048 op, 5458.00 ns, 2.6650 ns/op
OverheadActual   7: 2048 op, 5171.00 ns, 2.5249 ns/op
OverheadActual   8: 2048 op, 5234.00 ns, 2.5557 ns/op
OverheadActual   9: 2048 op, 5157.00 ns, 2.5181 ns/op
OverheadActual  10: 2048 op, 5172.00 ns, 2.5254 ns/op
OverheadActual  11: 2048 op, 5459.00 ns, 2.6655 ns/op
OverheadActual  12: 2048 op, 5441.00 ns, 2.6567 ns/op
OverheadActual  13: 2048 op, 5445.00 ns, 2.6587 ns/op
OverheadActual  14: 2048 op, 5460.00 ns, 2.6660 ns/op
OverheadActual  15: 2048 op, 5236.00 ns, 2.5566 ns/op
OverheadActual  16: 2048 op, 5230.00 ns, 2.5537 ns/op
OverheadActual  17: 2048 op, 5184.00 ns, 2.5313 ns/op
OverheadActual  18: 2048 op, 5454.00 ns, 2.6631 ns/op
OverheadActual  19: 2048 op, 5471.00 ns, 2.6714 ns/op
OverheadActual  20: 2048 op, 5253.00 ns, 2.5649 ns/op

WorkloadWarmup   1: 2048 op, 635128079.00 ns, 310.1211 us/op
WorkloadWarmup   2: 2048 op, 634075058.00 ns, 309.6070 us/op
WorkloadWarmup   3: 2048 op, 634955494.00 ns, 310.0369 us/op

// BeforeActualRun
WorkloadActual   1: 2048 op, 631831511.00 ns, 308.5115 us/op
WorkloadActual   2: 2048 op, 632851507.00 ns, 309.0095 us/op
WorkloadActual   3: 2048 op, 629581148.00 ns, 307.4127 us/op

// AfterActualRun
WorkloadResult   1: 2048 op, 631826066.50 ns, 308.5088 us/op
WorkloadResult   2: 2048 op, 632846062.50 ns, 309.0069 us/op
WorkloadResult   3: 2048 op, 629575703.50 ns, 307.4100 us/op
// GC:  125 40 0 1052820464 2048
// Threading:  0 0 2048

// AfterAll
// Benchmark Process 2306 has exited with code 0.

Mean = 308.309 us, StdErr = 0.472 us (0.15%), N = 3, StdDev = 0.817 us
Min = 307.410 us, Q1 = 307.959 us, Median = 308.509 us, Q3 = 308.758 us, Max = 309.007 us
IQR = 0.798 us, LowerFence = 306.762 us, UpperFence = 309.955 us
ConfidenceInterval = [293.403 us; 323.215 us] (CI 99.9%), Margin = 14.906 us (4.83% of Mean)
Skewness = -0.23, Kurtosis = 0.67, MValue = 2

// ** Remained 5 (5.6 %) benchmark(s) to run. Estimated finish 2026-10-08 2:21 (0h 0m from now) **
// **************************
// Benchmark: PlutusUseCasesBenchmarks.DecodeAndEval: NativeAOT 10.0(Runtime=NativeAOT 10.0, Toolchain=Latest ILCompiler, IterationCount=3, LaunchCount=1, MinIterationCount=50, WarmupCount=3) [Script=uniswap-3]
// *** Execute ***
// Launch: 1 / 1
// Execute: /bench/chrysalis/benchmarks/PlutusBench/bin/Release/net10.0/PlutusBench-NativeAOT 10.0-1/bin/Release/net10.0/linux-x64/publish/PlutusBench-NativeAOT 10.0-1 --anonymousPipes 113 114 --benchmarkName "PlutusUseCasesBenchmarks.DecodeAndEval(Script: \"uniswap-3\")" --job "NativeAOT 10.0" --benchmarkId 84 in 
// BeforeAnythingElse

// Benchmark Process Environment Information:
// BenchmarkDotNet v0.15.8
// Runtime=.NET 10.0.12, X64 NativeAOT x86-64-v4
// GC=Concurrent Workstation
// HardwareIntrinsics=AVX512 IFMA+VBMI,AVX512 F+BW+CD+DQ+VL,AVX2+BMI1+BMI2+F16C+FMA+LZCNT+MOVBE,AVX,SSE3+SSSE3+SSE4.1+SSE4.2+POPCNT,X86Base+SSE+SSE2,AES+PCLMUL VectorSize=256
// Job: NativeAOT 10.0(IterationCount=3, LaunchCount=1, MinIterationCount=50, WarmupCount=3)

OverheadJitting  1: 1 op, 222.00 ns, 222.0000 ns/op
WorkloadJitting  1: 1 op, 2679739.00 ns, 2.6797 ms/op

OverheadJitting  2: 16 op, 279.00 ns, 17.4375 ns/op
WorkloadJitting  2: 16 op, 36105200.00 ns, 2.2566 ms/op

WorkloadPilot    1: 16 op, 34709948.00 ns, 2.1694 ms/op
WorkloadPilot    2: 32 op, 65733158.00 ns, 2.0542 ms/op
WorkloadPilot    3: 64 op, 131392023.00 ns, 2.0530 ms/op
WorkloadPilot    4: 128 op, 261324345.00 ns, 2.0416 ms/op
WorkloadPilot    5: 256 op, 524769411.00 ns, 2.0499 ms/op

OverheadWarmup   1: 256 op, 948.00 ns, 3.7031 ns/op
OverheadWarmup   2: 256 op, 756.00 ns, 2.9531 ns/op
OverheadWarmup   3: 256 op, 749.00 ns, 2.9258 ns/op
OverheadWarmup   4: 256 op, 739.00 ns, 2.8867 ns/op
OverheadWarmup   5: 256 op, 766.00 ns, 2.9922 ns/op
OverheadWarmup   6: 256 op, 746.00 ns, 2.9141 ns/op
OverheadWarmup   7: 256 op, 869.00 ns, 3.3945 ns/op
OverheadWarmup   8: 256 op, 758.00 ns, 2.9609 ns/op

OverheadActual   1: 256 op, 887.00 ns, 3.4648 ns/op
OverheadActual   2: 256 op, 746.00 ns, 2.9141 ns/op
OverheadActual   3: 256 op, 743.00 ns, 2.9023 ns/op
OverheadActual   4: 256 op, 795.00 ns, 3.1055 ns/op
OverheadActual   5: 256 op, 736.00 ns, 2.8750 ns/op
OverheadActual   6: 256 op, 715.00 ns, 2.7930 ns/op
OverheadActual   7: 256 op, 747.00 ns, 2.9180 ns/op
OverheadActual   8: 256 op, 758.00 ns, 2.9609 ns/op
OverheadActual   9: 256 op, 764.00 ns, 2.9844 ns/op
OverheadActual  10: 256 op, 728.00 ns, 2.8438 ns/op
OverheadActual  11: 256 op, 922.00 ns, 3.6016 ns/op
OverheadActual  12: 256 op, 799.00 ns, 3.1211 ns/op
OverheadActual  13: 256 op, 741.00 ns, 2.8945 ns/op
OverheadActual  14: 256 op, 760.00 ns, 2.9688 ns/op
OverheadActual  15: 256 op, 747.00 ns, 2.9180 ns/op
OverheadActual  16: 256 op, 791.00 ns, 3.0898 ns/op
OverheadActual  17: 256 op, 767.00 ns, 2.9961 ns/op
OverheadActual  18: 256 op, 758.00 ns, 2.9609 ns/op
OverheadActual  19: 256 op, 763.00 ns, 2.9805 ns/op
OverheadActual  20: 256 op, 761.00 ns, 2.9727 ns/op

WorkloadWarmup   1: 256 op, 529350765.00 ns, 2.0678 ms/op
WorkloadWarmup   2: 256 op, 532750464.00 ns, 2.0811 ms/op
WorkloadWarmup   3: 256 op, 525049047.00 ns, 2.0510 ms/op

// BeforeActualRun
WorkloadActual   1: 256 op, 527668833.00 ns, 2.0612 ms/op
WorkloadActual   2: 256 op, 525580983.00 ns, 2.0531 ms/op
WorkloadActual   3: 256 op, 525801249.00 ns, 2.0539 ms/op

// AfterActualRun
WorkloadResult   1: 256 op, 527668074.00 ns, 2.0612 ms/op
WorkloadResult   2: 256 op, 525580224.00 ns, 2.0530 ms/op
WorkloadResult   3: 256 op, 525800490.00 ns, 2.0539 ms/op
// GC:  78 38 0 659375088 256
// Threading:  0 0 256

// AfterAll
// Benchmark Process 2308 has exited with code 0.

Mean = 2.056 ms, StdErr = 0.003 ms (0.13%), N = 3, StdDev = 0.004 ms
Min = 2.053 ms, Q1 = 2.053 ms, Median = 2.054 ms, Q3 = 2.058 ms, Max = 2.061 ms
IQR = 0.004 ms, LowerFence = 2.047 ms, UpperFence = 2.064 ms
ConfidenceInterval = [1.974 ms; 2.138 ms] (CI 99.9%), Margin = 0.082 ms (3.98% of Mean)
Skewness = 0.37, Kurtosis = 0.67, MValue = 2

// ** Remained 4 (4.5 %) benchmark(s) to run. Estimated finish 2026-10-08 2:21 (0h 0m from now) **
// **************************
// Benchmark: PlutusUseCasesBenchmarks.DecodeAndEval: NativeAOT 10.0(Runtime=NativeAOT 10.0, Toolchain=Latest ILCompiler, IterationCount=3, LaunchCount=1, MinIterationCount=50, WarmupCount=3) [Script=uniswap-4]
// *** Execute ***
// Launch: 1 / 1
// Execute: /bench/chrysalis/benchmarks/PlutusBench/bin/Release/net10.0/PlutusBench-NativeAOT 10.0-1/bin/Release/net10.0/linux-x64/publish/PlutusBench-NativeAOT 10.0-1 --anonymousPipes 113 114 --benchmarkName "PlutusUseCasesBenchmarks.DecodeAndEval(Script: \"uniswap-4\")" --job "NativeAOT 10.0" --benchmarkId 85 in 
// BeforeAnythingElse

// Benchmark Process Environment Information:
// BenchmarkDotNet v0.15.8
// Runtime=.NET 10.0.12, X64 NativeAOT x86-64-v4
// GC=Concurrent Workstation
// HardwareIntrinsics=AVX512 IFMA+VBMI,AVX512 F+BW+CD+DQ+VL,AVX2+BMI1+BMI2+F16C+FMA+LZCNT+MOVBE,AVX,SSE3+SSSE3+SSE4.1+SSE4.2+POPCNT,X86Base+SSE+SSE2,AES+PCLMUL VectorSize=256
// Job: NativeAOT 10.0(IterationCount=3, LaunchCount=1, MinIterationCount=50, WarmupCount=3)

OverheadJitting  1: 1 op, 221.00 ns, 221.0000 ns/op
WorkloadJitting  1: 1 op, 615080.00 ns, 615.0800 us/op

OverheadJitting  2: 16 op, 253.00 ns, 15.8125 ns/op
WorkloadJitting  2: 16 op, 8566994.00 ns, 535.4371 us/op

WorkloadPilot    1: 16 op, 7300320.00 ns, 456.2700 us/op
WorkloadPilot    2: 32 op, 13067473.00 ns, 408.3585 us/op
WorkloadPilot    3: 64 op, 25371731.00 ns, 396.4333 us/op
WorkloadPilot    4: 128 op, 48028863.00 ns, 375.2255 us/op
WorkloadPilot    5: 256 op, 95138009.00 ns, 371.6328 us/op
WorkloadPilot    6: 512 op, 191073711.00 ns, 373.1908 us/op
WorkloadPilot    7: 1024 op, 383520000.00 ns, 374.5313 us/op
WorkloadPilot    8: 2048 op, 762167924.00 ns, 372.1523 us/op

OverheadWarmup   1: 2048 op, 5515.00 ns, 2.6929 ns/op
OverheadWarmup   2: 2048 op, 5214.00 ns, 2.5459 ns/op
OverheadWarmup   3: 2048 op, 5187.00 ns, 2.5327 ns/op
OverheadWarmup   4: 2048 op, 5277.00 ns, 2.5767 ns/op
OverheadWarmup   5: 2048 op, 5170.00 ns, 2.5244 ns/op
OverheadWarmup   6: 2048 op, 5221.00 ns, 2.5493 ns/op
OverheadWarmup   7: 2048 op, 5088.00 ns, 2.4844 ns/op

OverheadActual   1: 2048 op, 5419.00 ns, 2.6460 ns/op
OverheadActual   2: 2048 op, 5099.00 ns, 2.4897 ns/op
OverheadActual   3: 2048 op, 5155.00 ns, 2.5171 ns/op
OverheadActual   4: 2048 op, 5484.00 ns, 2.6777 ns/op
OverheadActual   5: 2048 op, 5181.00 ns, 2.5298 ns/op
OverheadActual   6: 2048 op, 5197.00 ns, 2.5376 ns/op
OverheadActual   7: 2048 op, 5194.00 ns, 2.5361 ns/op
OverheadActual   8: 2048 op, 5391.00 ns, 2.6323 ns/op
OverheadActual   9: 2048 op, 5439.00 ns, 2.6558 ns/op
OverheadActual  10: 2048 op, 5424.00 ns, 2.6484 ns/op
OverheadActual  11: 2048 op, 5196.00 ns, 2.5371 ns/op
OverheadActual  12: 2048 op, 5258.00 ns, 2.5674 ns/op
OverheadActual  13: 2048 op, 5268.00 ns, 2.5723 ns/op
OverheadActual  14: 2048 op, 5159.00 ns, 2.5190 ns/op
OverheadActual  15: 2048 op, 5502.00 ns, 2.6865 ns/op
OverheadActual  16: 2048 op, 5492.00 ns, 2.6816 ns/op
OverheadActual  17: 2048 op, 5471.00 ns, 2.6714 ns/op
OverheadActual  18: 2048 op, 5508.00 ns, 2.6895 ns/op
OverheadActual  19: 2048 op, 5256.00 ns, 2.5664 ns/op
OverheadActual  20: 2048 op, 5390.00 ns, 2.6318 ns/op

WorkloadWarmup   1: 2048 op, 763767679.00 ns, 372.9334 us/op
WorkloadWarmup   2: 2048 op, 766566909.00 ns, 374.3002 us/op
WorkloadWarmup   3: 2048 op, 762322013.00 ns, 372.2275 us/op

// BeforeActualRun
WorkloadActual   1: 2048 op, 762491566.00 ns, 372.3103 us/op
WorkloadActual   2: 2048 op, 760866617.00 ns, 371.5169 us/op
WorkloadActual   3: 2048 op, 761876481.00 ns, 372.0100 us/op

// AfterActualRun
WorkloadResult   1: 2048 op, 762486237.00 ns, 372.3077 us/op
WorkloadResult   2: 2048 op, 760861288.00 ns, 371.5143 us/op
WorkloadResult   3: 2048 op, 761871152.00 ns, 372.0074 us/op
// GC:  164 48 0 1378059248 2048
// Threading:  0 0 2048

// AfterAll
// Benchmark Process 2310 has exited with code 0.

Mean = 371.943 us, StdErr = 0.231 us (0.06%), N = 3, StdDev = 0.401 us
Min = 371.514 us, Q1 = 371.761 us, Median = 372.007 us, Q3 = 372.158 us, Max = 372.308 us
IQR = 0.397 us, LowerFence = 371.166 us, UpperFence = 372.753 us
ConfidenceInterval = [364.635 us; 379.252 us] (CI 99.9%), Margin = 7.308 us (1.96% of Mean)
Skewness = -0.16, Kurtosis = 0.67, MValue = 2

// ** Remained 3 (3.4 %) benchmark(s) to run. Estimated finish 2026-10-08 2:21 (0h 0m from now) **
// **************************
// Benchmark: PlutusUseCasesBenchmarks.DecodeAndEval: NativeAOT 10.0(Runtime=NativeAOT 10.0, Toolchain=Latest ILCompiler, IterationCount=3, LaunchCount=1, MinIterationCount=50, WarmupCount=3) [Script=uniswap-5]
// *** Execute ***
// Launch: 1 / 1
// Execute: /bench/chrysalis/benchmarks/PlutusBench/bin/Release/net10.0/PlutusBench-NativeAOT 10.0-1/bin/Release/net10.0/linux-x64/publish/PlutusBench-NativeAOT 10.0-1 --anonymousPipes 113 114 --benchmarkName "PlutusUseCasesBenchmarks.DecodeAndEval(Script: \"uniswap-5\")" --job "NativeAOT 10.0" --benchmarkId 86 in 
// BeforeAnythingElse

// Benchmark Process Environment Information:
// BenchmarkDotNet v0.15.8
// Runtime=.NET 10.0.12, X64 NativeAOT x86-64-v4
// GC=Concurrent Workstation
// HardwareIntrinsics=AVX512 IFMA+VBMI,AVX512 F+BW+CD+DQ+VL,AVX2+BMI1+BMI2+F16C+FMA+LZCNT+MOVBE,AVX,SSE3+SSSE3+SSE4.1+SSE4.2+POPCNT,X86Base+SSE+SSE2,AES+PCLMUL VectorSize=256
// Job: NativeAOT 10.0(IterationCount=3, LaunchCount=1, MinIterationCount=50, WarmupCount=3)

OverheadJitting  1: 1 op, 203.00 ns, 203.0000 ns/op
WorkloadJitting  1: 1 op, 1893880.00 ns, 1.8939 ms/op

OverheadJitting  2: 16 op, 272.00 ns, 17.0000 ns/op
WorkloadJitting  2: 16 op, 26450265.00 ns, 1.6531 ms/op

WorkloadPilot    1: 16 op, 24046596.00 ns, 1.5029 ms/op
WorkloadPilot    2: 32 op, 44229526.00 ns, 1.3822 ms/op
WorkloadPilot    3: 64 op, 88018056.00 ns, 1.3753 ms/op
WorkloadPilot    4: 128 op, 175431782.00 ns, 1.3706 ms/op
WorkloadPilot    5: 256 op, 352778182.00 ns, 1.3780 ms/op
WorkloadPilot    6: 512 op, 705773505.00 ns, 1.3785 ms/op

OverheadWarmup   1: 512 op, 1505.00 ns, 2.9395 ns/op
OverheadWarmup   2: 512 op, 1376.00 ns, 2.6875 ns/op
OverheadWarmup   3: 512 op, 1340.00 ns, 2.6172 ns/op
OverheadWarmup   4: 512 op, 1340.00 ns, 2.6172 ns/op
OverheadWarmup   5: 512 op, 1349.00 ns, 2.6348 ns/op
OverheadWarmup   6: 512 op, 1329.00 ns, 2.5957 ns/op
OverheadWarmup   7: 512 op, 1351.00 ns, 2.6387 ns/op

OverheadActual   1: 512 op, 1376.00 ns, 2.6875 ns/op
OverheadActual   2: 512 op, 1322.00 ns, 2.5820 ns/op
OverheadActual   3: 512 op, 1337.00 ns, 2.6113 ns/op
OverheadActual   4: 512 op, 1336.00 ns, 2.6094 ns/op
OverheadActual   5: 512 op, 1329.00 ns, 2.5957 ns/op
OverheadActual   6: 512 op, 1340.00 ns, 2.6172 ns/op
OverheadActual   7: 512 op, 1323.00 ns, 2.5840 ns/op
OverheadActual   8: 512 op, 1320.00 ns, 2.5781 ns/op
OverheadActual   9: 512 op, 1271.00 ns, 2.4824 ns/op
OverheadActual  10: 512 op, 1306.00 ns, 2.5508 ns/op
OverheadActual  11: 512 op, 1287.00 ns, 2.5137 ns/op
OverheadActual  12: 512 op, 1290.00 ns, 2.5195 ns/op
OverheadActual  13: 512 op, 1306.00 ns, 2.5508 ns/op
OverheadActual  14: 512 op, 1320.00 ns, 2.5781 ns/op
OverheadActual  15: 512 op, 1342.00 ns, 2.6211 ns/op
OverheadActual  16: 512 op, 1328.00 ns, 2.5938 ns/op
OverheadActual  17: 512 op, 1373.00 ns, 2.6816 ns/op
OverheadActual  18: 512 op, 1375.00 ns, 2.6855 ns/op
OverheadActual  19: 512 op, 1318.00 ns, 2.5742 ns/op
OverheadActual  20: 512 op, 1318.00 ns, 2.5742 ns/op

WorkloadWarmup   1: 512 op, 708868262.00 ns, 1.3845 ms/op
WorkloadWarmup   2: 512 op, 706580564.00 ns, 1.3800 ms/op
WorkloadWarmup   3: 512 op, 704454357.00 ns, 1.3759 ms/op

// BeforeActualRun
WorkloadActual   1: 512 op, 705371544.00 ns, 1.3777 ms/op
WorkloadActual   2: 512 op, 704223622.00 ns, 1.3754 ms/op
WorkloadActual   3: 512 op, 706125614.00 ns, 1.3792 ms/op

// AfterActualRun
WorkloadResult   1: 512 op, 705370221.50 ns, 1.3777 ms/op
WorkloadResult   2: 512 op, 704222299.50 ns, 1.3754 ms/op
WorkloadResult   3: 512 op, 706124291.50 ns, 1.3791 ms/op
// GC:  115 50 0 965247984 512
// Threading:  0 0 512

// AfterAll
// Benchmark Process 2312 has exited with code 0.

Mean = 1.377 ms, StdErr = 0.001 ms (0.08%), N = 3, StdDev = 0.002 ms
Min = 1.375 ms, Q1 = 1.377 ms, Median = 1.378 ms, Q3 = 1.378 ms, Max = 1.379 ms
IQR = 0.002 ms, LowerFence = 1.374 ms, UpperFence = 1.381 ms
ConfidenceInterval = [1.343 ms; 1.412 ms] (CI 99.9%), Margin = 0.034 ms (2.48% of Mean)
Skewness = -0.13, Kurtosis = 0.67, MValue = 2

// ** Remained 2 (2.2 %) benchmark(s) to run. Estimated finish 2026-10-08 2:21 (0h 0m from now) **
// **************************
// Benchmark: PlutusUseCasesBenchmarks.DecodeAndEval: NativeAOT 10.0(Runtime=NativeAOT 10.0, Toolchain=Latest ILCompiler, IterationCount=3, LaunchCount=1, MinIterationCount=50, WarmupCount=3) [Script=uniswap-6]
// *** Execute ***
// Launch: 1 / 1
// Execute: /bench/chrysalis/benchmarks/PlutusBench/bin/Release/net10.0/PlutusBench-NativeAOT 10.0-1/bin/Release/net10.0/linux-x64/publish/PlutusBench-NativeAOT 10.0-1 --anonymousPipes 113 114 --benchmarkName "PlutusUseCasesBenchmarks.DecodeAndEval(Script: \"uniswap-6\")" --job "NativeAOT 10.0" --benchmarkId 87 in 
// BeforeAnythingElse

// Benchmark Process Environment Information:
// BenchmarkDotNet v0.15.8
// Runtime=.NET 10.0.12, X64 NativeAOT x86-64-v4
// GC=Concurrent Workstation
// HardwareIntrinsics=AVX512 IFMA+VBMI,AVX512 F+BW+CD+DQ+VL,AVX2+BMI1+BMI2+F16C+FMA+LZCNT+MOVBE,AVX,SSE3+SSSE3+SSE4.1+SSE4.2+POPCNT,X86Base+SSE+SSE2,AES+PCLMUL VectorSize=256
// Job: NativeAOT 10.0(IterationCount=3, LaunchCount=1, MinIterationCount=50, WarmupCount=3)

OverheadJitting  1: 1 op, 206.00 ns, 206.0000 ns/op
WorkloadJitting  1: 1 op, 554284.00 ns, 554.2840 us/op

OverheadJitting  2: 16 op, 302.00 ns, 18.8750 ns/op
WorkloadJitting  2: 16 op, 8448981.00 ns, 528.0613 us/op

WorkloadPilot    1: 16 op, 7161511.00 ns, 447.5944 us/op
WorkloadPilot    2: 32 op, 12923858.00 ns, 403.8706 us/op
WorkloadPilot    3: 64 op, 24194561.00 ns, 378.0400 us/op
WorkloadPilot    4: 128 op, 47370332.00 ns, 370.0807 us/op
WorkloadPilot    5: 256 op, 94173430.00 ns, 367.8650 us/op
WorkloadPilot    6: 512 op, 190404734.00 ns, 371.8842 us/op
WorkloadPilot    7: 1024 op, 374879506.00 ns, 366.0933 us/op
WorkloadPilot    8: 2048 op, 746178336.00 ns, 364.3449 us/op

OverheadWarmup   1: 2048 op, 5435.00 ns, 2.6538 ns/op
OverheadWarmup   2: 2048 op, 5197.00 ns, 2.5376 ns/op
OverheadWarmup   3: 2048 op, 5157.00 ns, 2.5181 ns/op
OverheadWarmup   4: 2048 op, 5147.00 ns, 2.5132 ns/op
OverheadWarmup   5: 2048 op, 5104.00 ns, 2.4922 ns/op
OverheadWarmup   6: 2048 op, 5130.00 ns, 2.5049 ns/op
OverheadWarmup   7: 2048 op, 5216.00 ns, 2.5469 ns/op
OverheadWarmup   8: 2048 op, 5256.00 ns, 2.5664 ns/op
OverheadWarmup   9: 2048 op, 5197.00 ns, 2.5376 ns/op
OverheadWarmup  10: 2048 op, 5138.00 ns, 2.5088 ns/op

OverheadActual   1: 2048 op, 5061.00 ns, 2.4712 ns/op
OverheadActual   2: 2048 op, 5233.00 ns, 2.5552 ns/op
OverheadActual   3: 2048 op, 5260.00 ns, 2.5684 ns/op
OverheadActual   4: 2048 op, 5176.00 ns, 2.5273 ns/op
OverheadActual   5: 2048 op, 5224.00 ns, 2.5508 ns/op
OverheadActual   6: 2048 op, 5229.00 ns, 2.5532 ns/op
OverheadActual   7: 2048 op, 5245.00 ns, 2.5610 ns/op
OverheadActual   8: 2048 op, 5250.00 ns, 2.5635 ns/op
OverheadActual   9: 2048 op, 5274.00 ns, 2.5752 ns/op
OverheadActual  10: 2048 op, 5469.00 ns, 2.6704 ns/op
OverheadActual  11: 2048 op, 5491.00 ns, 2.6812 ns/op
OverheadActual  12: 2048 op, 5226.00 ns, 2.5518 ns/op
OverheadActual  13: 2048 op, 5233.00 ns, 2.5552 ns/op
OverheadActual  14: 2048 op, 5434.00 ns, 2.6533 ns/op
OverheadActual  15: 2048 op, 5453.00 ns, 2.6626 ns/op
OverheadActual  16: 2048 op, 5219.00 ns, 2.5483 ns/op
OverheadActual  17: 2048 op, 5236.00 ns, 2.5566 ns/op
OverheadActual  18: 2048 op, 5153.00 ns, 2.5161 ns/op
OverheadActual  19: 2048 op, 5183.00 ns, 2.5308 ns/op
OverheadActual  20: 2048 op, 5227.00 ns, 2.5522 ns/op

WorkloadWarmup   1: 2048 op, 751214457.00 ns, 366.8039 us/op
WorkloadWarmup   2: 2048 op, 751621925.00 ns, 367.0029 us/op
WorkloadWarmup   3: 2048 op, 751180209.00 ns, 366.7872 us/op

// BeforeActualRun
WorkloadActual   1: 2048 op, 745450776.00 ns, 363.9896 us/op
WorkloadActual   2: 2048 op, 746813611.00 ns, 364.6551 us/op
WorkloadActual   3: 2048 op, 747351680.00 ns, 364.9178 us/op

// AfterActualRun
WorkloadResult   1: 2048 op, 745445543.00 ns, 363.9871 us/op
WorkloadResult   2: 2048 op, 746808378.00 ns, 364.6525 us/op
WorkloadResult   3: 2048 op, 747346447.00 ns, 364.9153 us/op
// GC:  158 47 0 1327416304 2048
// Threading:  0 0 2048

// AfterAll
// Benchmark Process 2314 has exited with code 0.

Mean = 364.518 us, StdErr = 0.276 us (0.08%), N = 3, StdDev = 0.478 us
Min = 363.987 us, Q1 = 364.320 us, Median = 364.653 us, Q3 = 364.784 us, Max = 364.915 us
IQR = 0.464 us, LowerFence = 363.624 us, UpperFence = 365.480 us
ConfidenceInterval = [355.790 us; 373.247 us] (CI 99.9%), Margin = 8.728 us (2.39% of Mean)
Skewness = -0.26, Kurtosis = 0.67, MValue = 2

// ** Remained 1 (1.1 %) benchmark(s) to run. Estimated finish 2026-10-08 2:21 (0h 0m from now) **
// **************************
// Benchmark: PlutusUseCasesBenchmarks.DecodeAndEval: NativeAOT 10.0(Runtime=NativeAOT 10.0, Toolchain=Latest ILCompiler, IterationCount=3, LaunchCount=1, MinIterationCount=50, WarmupCount=3) [Script=vesting-1]
// *** Execute ***
// Launch: 1 / 1
// Execute: /bench/chrysalis/benchmarks/PlutusBench/bin/Release/net10.0/PlutusBench-NativeAOT 10.0-1/bin/Release/net10.0/linux-x64/publish/PlutusBench-NativeAOT 10.0-1 --anonymousPipes 113 114 --benchmarkName "PlutusUseCasesBenchmarks.DecodeAndEval(Script: \"vesting-1\")" --job "NativeAOT 10.0" --benchmarkId 88 in 
// BeforeAnythingElse

// Benchmark Process Environment Information:
// BenchmarkDotNet v0.15.8
// Runtime=.NET 10.0.12, X64 NativeAOT x86-64-v4
// GC=Concurrent Workstation
// HardwareIntrinsics=AVX512 IFMA+VBMI,AVX512 F+BW+CD+DQ+VL,AVX2+BMI1+BMI2+F16C+FMA+LZCNT+MOVBE,AVX,SSE3+SSSE3+SSE4.1+SSE4.2+POPCNT,X86Base+SSE+SSE2,AES+PCLMUL VectorSize=256
// Job: NativeAOT 10.0(IterationCount=3, LaunchCount=1, MinIterationCount=50, WarmupCount=3)

OverheadJitting  1: 1 op, 208.00 ns, 208.0000 ns/op
WorkloadJitting  1: 1 op, 692937.00 ns, 692.9370 us/op

OverheadJitting  2: 16 op, 268.00 ns, 16.7500 ns/op
WorkloadJitting  2: 16 op, 9988569.00 ns, 624.2856 us/op

WorkloadPilot    1: 16 op, 8710170.00 ns, 544.3856 us/op
WorkloadPilot    2: 32 op, 16035545.00 ns, 501.1108 us/op
WorkloadPilot    3: 64 op, 31047010.00 ns, 485.1095 us/op
WorkloadPilot    4: 128 op, 60777725.00 ns, 474.8260 us/op
WorkloadPilot    5: 256 op, 120166354.00 ns, 469.3998 us/op
WorkloadPilot    6: 512 op, 240565118.00 ns, 469.8537 us/op
WorkloadPilot    7: 1024 op, 480282316.00 ns, 469.0257 us/op
WorkloadPilot    8: 2048 op, 961147456.00 ns, 469.3103 us/op

OverheadWarmup   1: 2048 op, 4983.00 ns, 2.4331 ns/op
OverheadWarmup   2: 2048 op, 4834.00 ns, 2.3604 ns/op
OverheadWarmup   3: 2048 op, 4778.00 ns, 2.3330 ns/op
OverheadWarmup   4: 2048 op, 4807.00 ns, 2.3472 ns/op
OverheadWarmup   5: 2048 op, 4816.00 ns, 2.3516 ns/op
OverheadWarmup   6: 2048 op, 4772.00 ns, 2.3301 ns/op
OverheadWarmup   7: 2048 op, 4772.00 ns, 2.3301 ns/op
OverheadWarmup   8: 2048 op, 4796.00 ns, 2.3418 ns/op

OverheadActual   1: 2048 op, 4886.00 ns, 2.3857 ns/op
OverheadActual   2: 2048 op, 4902.00 ns, 2.3936 ns/op
OverheadActual   3: 2048 op, 12950.00 ns, 6.3232 ns/op
OverheadActual   4: 2048 op, 4867.00 ns, 2.3765 ns/op
OverheadActual   5: 2048 op, 4850.00 ns, 2.3682 ns/op
OverheadActual   6: 2048 op, 4852.00 ns, 2.3691 ns/op
OverheadActual   7: 2048 op, 4847.00 ns, 2.3667 ns/op
OverheadActual   8: 2048 op, 4866.00 ns, 2.3760 ns/op
OverheadActual   9: 2048 op, 5053.00 ns, 2.4673 ns/op
OverheadActual  10: 2048 op, 5070.00 ns, 2.4756 ns/op
OverheadActual  11: 2048 op, 5092.00 ns, 2.4863 ns/op
OverheadActual  12: 2048 op, 5099.00 ns, 2.4897 ns/op
OverheadActual  13: 2048 op, 5112.00 ns, 2.4961 ns/op
OverheadActual  14: 2048 op, 5086.00 ns, 2.4834 ns/op
OverheadActual  15: 2048 op, 5077.00 ns, 2.4790 ns/op
OverheadActual  16: 2048 op, 5089.00 ns, 2.4849 ns/op
OverheadActual  17: 2048 op, 5087.00 ns, 2.4839 ns/op
OverheadActual  18: 2048 op, 5130.00 ns, 2.5049 ns/op
OverheadActual  19: 2048 op, 5097.00 ns, 2.4888 ns/op
OverheadActual  20: 2048 op, 5160.00 ns, 2.5195 ns/op

WorkloadWarmup   1: 2048 op, 1008006671.00 ns, 492.1908 us/op
WorkloadWarmup   2: 2048 op, 1192446085.00 ns, 582.2491 us/op
WorkloadWarmup   3: 2048 op, 1090556142.00 ns, 532.4981 us/op

// BeforeActualRun
WorkloadActual   1: 2048 op, 961852268.00 ns, 469.6544 us/op
WorkloadActual   2: 2048 op, 960683702.00 ns, 469.0838 us/op
WorkloadActual   3: 2048 op, 963331006.00 ns, 470.3765 us/op

// AfterActualRun
WorkloadResult   1: 2048 op, 961847186.50 ns, 469.6519 us/op
WorkloadResult   2: 2048 op, 960678620.50 ns, 469.0814 us/op
WorkloadResult   3: 2048 op, 963325924.50 ns, 470.3740 us/op
// GC:  178 59 0 1493910512 2048
// Threading:  0 0 2048

// AfterAll
// Benchmark Process 2316 has exited with code 0.

Mean = 469.702 us, StdErr = 0.374 us (0.08%), N = 3, StdDev = 0.648 us
Min = 469.081 us, Q1 = 469.367 us, Median = 469.652 us, Q3 = 470.013 us, Max = 470.374 us
IQR = 0.646 us, LowerFence = 468.397 us, UpperFence = 470.982 us
ConfidenceInterval = [457.884 us; 481.521 us] (CI 99.9%), Margin = 11.818 us (2.52% of Mean)
Skewness = 0.08, Kurtosis = 0.67, MValue = 2

// ** Remained 0 (0.0 %) benchmark(s) to run. Estimated finish 2026-10-08 2:21 (0h 0m from now) **
// ***** BenchmarkRunner: Finish  *****

// * Export *
  BenchmarkDotNet.Artifacts/results/PlutusUseCasesBenchmarks-report.csv
  BenchmarkDotNet.Artifacts/results/PlutusUseCasesBenchmarks-report-github.md
  BenchmarkDotNet.Artifacts/results/PlutusUseCasesBenchmarks-report.html
  BenchmarkDotNet.Artifacts/results/PlutusUseCasesBenchmarks-report-full-compressed.json

// * Detailed results *
PlutusUseCasesBenchmarks.DecodeAndEval: NativeAOT 10.0(Runtime=NativeAOT 10.0, Toolchain=Latest ILCompiler, IterationCount=3, LaunchCount=1, MinIterationCount=50, WarmupCount=3) [Script=auction_1-1]
Runtime = .NET 10.0.12, X64 NativeAOT x86-64-v4; GC = Concurrent Workstation
Mean = 232.865 us, StdErr = 0.131 us (0.06%), N = 3, StdDev = 0.226 us
Min = 232.723 us, Q1 = 232.735 us, Median = 232.746 us, Q3 = 232.936 us, Max = 233.126 us
IQR = 0.201 us, LowerFence = 232.433 us, UpperFence = 233.238 us
ConfidenceInterval = [228.739 us; 236.991 us] (CI 99.9%), Margin = 4.126 us (1.77% of Mean)
Skewness = 0.38, Kurtosis = 0.67, MValue = 2
-------------------- Histogram --------------------
[232.719 us ; 233.130 us) | @@@
---------------------------------------------------

PlutusUseCasesBenchmarks.DecodeAndEval: NativeAOT 10.0(Runtime=NativeAOT 10.0, Toolchain=Latest ILCompiler, IterationCount=3, LaunchCount=1, MinIterationCount=50, WarmupCount=3) [Script=auction_1-2]
Runtime = .NET 10.0.12, X64 NativeAOT x86-64-v4; GC = Concurrent Workstation
Mean = 862.035 us, StdErr = 0.408 us (0.05%), N = 3, StdDev = 0.707 us
Min = 861.337 us, Q1 = 861.677 us, Median = 862.017 us, Q3 = 862.384 us, Max = 862.751 us
IQR = 0.707 us, LowerFence = 860.616 us, UpperFence = 863.445 us
ConfidenceInterval = [849.128 us; 874.942 us] (CI 99.9%), Margin = 12.907 us (1.50% of Mean)
Skewness = 0.03, Kurtosis = 0.67, MValue = 2
-------------------- Histogram --------------------
[860.693 us ; 863.395 us) | @@@
---------------------------------------------------

PlutusUseCasesBenchmarks.DecodeAndEval: NativeAOT 10.0(Runtime=NativeAOT 10.0, Toolchain=Latest ILCompiler, IterationCount=3, LaunchCount=1, MinIterationCount=50, WarmupCount=3) [Script=auction_1-3]
Runtime = .NET 10.0.12, X64 NativeAOT x86-64-v4; GC = Concurrent Workstation
Mean = 874.804 us, StdErr = 0.636 us (0.07%), N = 3, StdDev = 1.102 us
Min = 873.533 us, Q1 = 874.450 us, Median = 875.367 us, Q3 = 875.439 us, Max = 875.510 us
IQR = 0.988 us, LowerFence = 872.967 us, UpperFence = 876.921 us
ConfidenceInterval = [854.693 us; 894.914 us] (CI 99.9%), Margin = 20.111 us (2.30% of Mean)
Skewness = -0.38, Kurtosis = 0.67, MValue = 2
-------------------- Histogram --------------------
[873.519 us ; 875.525 us) | @@@
---------------------------------------------------

PlutusUseCasesBenchmarks.DecodeAndEval: NativeAOT 10.0(Runtime=NativeAOT 10.0, Toolchain=Latest ILCompiler, IterationCount=3, LaunchCount=1, MinIterationCount=50, WarmupCount=3) [Script=auction_1-4]
Runtime = .NET 10.0.12, X64 NativeAOT x86-64-v4; GC = Concurrent Workstation
Mean = 276.969 us, StdErr = 0.144 us (0.05%), N = 3, StdDev = 0.250 us
Min = 276.683 us, Q1 = 276.882 us, Median = 277.081 us, Q3 = 277.112 us, Max = 277.143 us
IQR = 0.230 us, LowerFence = 276.537 us, UpperFence = 277.457 us
ConfidenceInterval = [272.416 us; 281.522 us] (CI 99.9%), Margin = 4.553 us (1.64% of Mean)
Skewness = -0.36, Kurtosis = 0.67, MValue = 2
-------------------- Histogram --------------------
[276.456 us ; 277.371 us) | @@@
---------------------------------------------------

PlutusUseCasesBenchmarks.DecodeAndEval: NativeAOT 10.0(Runtime=NativeAOT 10.0, Toolchain=Latest ILCompiler, IterationCount=3, LaunchCount=1, MinIterationCount=50, WarmupCount=3) [Script=auction_2-1]
Runtime = .NET 10.0.12, X64 NativeAOT x86-64-v4; GC = Concurrent Workstation
Mean = 231.559 us, StdErr = 0.081 us (0.04%), N = 3, StdDev = 0.141 us
Min = 231.439 us, Q1 = 231.482 us, Median = 231.524 us, Q3 = 231.619 us, Max = 231.715 us
IQR = 0.138 us, LowerFence = 231.275 us, UpperFence = 231.826 us
ConfidenceInterval = [228.985 us; 234.134 us] (CI 99.9%), Margin = 2.574 us (1.11% of Mean)
Skewness = 0.24, Kurtosis = 0.67, MValue = 2
-------------------- Histogram --------------------
[231.311 us ; 231.843 us) | @@@
---------------------------------------------------

PlutusUseCasesBenchmarks.DecodeAndEval: NativeAOT 10.0(Runtime=NativeAOT 10.0, Toolchain=Latest ILCompiler, IterationCount=3, LaunchCount=1, MinIterationCount=50, WarmupCount=3) [Script=auction_2-2]
Runtime = .NET 10.0.12, X64 NativeAOT x86-64-v4; GC = Concurrent Workstation
Mean = 854.834 us, StdErr = 0.907 us (0.11%), N = 3, StdDev = 1.571 us
Min = 853.560 us, Q1 = 853.956 us, Median = 854.352 us, Q3 = 855.470 us, Max = 856.589 us
IQR = 1.514 us, LowerFence = 851.684 us, UpperFence = 857.742 us
ConfidenceInterval = [826.176 us; 883.492 us] (CI 99.9%), Margin = 28.658 us (3.35% of Mean)
Skewness = 0.28, Kurtosis = 0.67, MValue = 2
-------------------- Histogram --------------------
[852.131 us ; 858.019 us) | @@@
---------------------------------------------------

PlutusUseCasesBenchmarks.DecodeAndEval: NativeAOT 10.0(Runtime=NativeAOT 10.0, Toolchain=Latest ILCompiler, IterationCount=3, LaunchCount=1, MinIterationCount=50, WarmupCount=3) [Script=auction_2-3]
Runtime = .NET 10.0.12, X64 NativeAOT x86-64-v4; GC = Concurrent Workstation
Mean = 1.095 ms, StdErr = 0.001 ms (0.09%), N = 3, StdDev = 0.002 ms
Min = 1.093 ms, Q1 = 1.094 ms, Median = 1.096 ms, Q3 = 1.096 ms, Max = 1.097 ms
IQR = 0.002 ms, LowerFence = 1.092 ms, UpperFence = 1.098 ms
ConfidenceInterval = [1.066 ms; 1.125 ms] (CI 99.9%), Margin = 0.030 ms (2.71% of Mean)
Skewness = -0.18, Kurtosis = 0.67, MValue = 2
-------------------- Histogram --------------------
[1.092 ms ; 1.098 ms) | @@@
---------------------------------------------------

PlutusUseCasesBenchmarks.DecodeAndEval: NativeAOT 10.0(Runtime=NativeAOT 10.0, Toolchain=Latest ILCompiler, IterationCount=3, LaunchCount=1, MinIterationCount=50, WarmupCount=3) [Script=auction_2-4]
Runtime = .NET 10.0.12, X64 NativeAOT x86-64-v4; GC = Concurrent Workstation
Mean = 875.277 us, StdErr = 0.095 us (0.01%), N = 3, StdDev = 0.164 us
Min = 875.088 us, Q1 = 875.228 us, Median = 875.368 us, Q3 = 875.372 us, Max = 875.376 us
IQR = 0.144 us, LowerFence = 875.013 us, UpperFence = 875.587 us
ConfidenceInterval = [872.290 us; 878.265 us] (CI 99.9%), Margin = 2.987 us (0.34% of Mean)
Skewness = -0.38, Kurtosis = 0.67, MValue = 2
-------------------- Histogram --------------------
[875.083 us ; 875.381 us) | @@@
---------------------------------------------------

PlutusUseCasesBenchmarks.DecodeAndEval: NativeAOT 10.0(Runtime=NativeAOT 10.0, Toolchain=Latest ILCompiler, IterationCount=3, LaunchCount=1, MinIterationCount=50, WarmupCount=3) [Script=auction_2-5]
Runtime = .NET 10.0.12, X64 NativeAOT x86-64-v4; GC = Concurrent Workstation
Mean = 278.023 us, StdErr = 0.259 us (0.09%), N = 3, StdDev = 0.449 us
Min = 277.758 us, Q1 = 277.764 us, Median = 277.771 us, Q3 = 278.156 us, Max = 278.541 us
IQR = 0.392 us, LowerFence = 277.177 us, UpperFence = 278.743 us
ConfidenceInterval = [269.840 us; 286.207 us] (CI 99.9%), Margin = 8.184 us (2.94% of Mean)
Skewness = 0.38, Kurtosis = 0.67, MValue = 2
-------------------- Histogram --------------------
[277.741 us ; 278.558 us) | @@@
---------------------------------------------------

PlutusUseCasesBenchmarks.DecodeAndEval: NativeAOT 10.0(Runtime=NativeAOT 10.0, Toolchain=Latest ILCompiler, IterationCount=3, LaunchCount=1, MinIterationCount=50, WarmupCount=3) [Script=coop-1]
Runtime = .NET 10.0.12, X64 NativeAOT x86-64-v4; GC = Concurrent Workstation
Mean = 271.607 us, StdErr = 20.286 us (7.47%), N = 3, StdDev = 35.137 us
Min = 232.115 us, Q1 = 257.705 us, Median = 283.295 us, Q3 = 291.353 us, Max = 299.411 us
IQR = 33.648 us, LowerFence = 207.233 us, UpperFence = 341.824 us
ConfidenceInterval = [-369.426 us; 912.639 us] (CI 99.9%), Margin = 641.033 us (236.01% of Mean)
Skewness = -0.3, Kurtosis = 0.67, MValue = 2
-------------------- Histogram --------------------
[200.139 us ; 259.376 us) | @
[259.376 us ; 331.387 us) | @@
---------------------------------------------------

PlutusUseCasesBenchmarks.DecodeAndEval: NativeAOT 10.0(Runtime=NativeAOT 10.0, Toolchain=Latest ILCompiler, IterationCount=3, LaunchCount=1, MinIterationCount=50, WarmupCount=3) [Script=coop-2]
Runtime = .NET 10.0.12, X64 NativeAOT x86-64-v4; GC = Concurrent Workstation
Mean = 729.667 us, StdErr = 0.348 us (0.05%), N = 3, StdDev = 0.603 us
Min = 728.994 us, Q1 = 729.424 us, Median = 729.854 us, Q3 = 730.004 us, Max = 730.155 us
IQR = 0.581 us, LowerFence = 728.553 us, UpperFence = 730.875 us
ConfidenceInterval = [718.674 us; 740.661 us] (CI 99.9%), Margin = 10.993 us (1.51% of Mean)
Skewness = -0.28, Kurtosis = 0.67, MValue = 2
-------------------- Histogram --------------------
[728.445 us ; 730.703 us) | @@@
---------------------------------------------------

PlutusUseCasesBenchmarks.DecodeAndEval: NativeAOT 10.0(Runtime=NativeAOT 10.0, Toolchain=Latest ILCompiler, IterationCount=3, LaunchCount=1, MinIterationCount=50, WarmupCount=3) [Script=coop-3]
Runtime = .NET 10.0.12, X64 NativeAOT x86-64-v4; GC = Concurrent Workstation
Mean = 2.316 ms, StdErr = 0.003 ms (0.14%), N = 3, StdDev = 0.006 ms
Min = 2.311 ms, Q1 = 2.313 ms, Median = 2.314 ms, Q3 = 2.318 ms, Max = 2.322 ms
IQR = 0.005 ms, LowerFence = 2.305 ms, UpperFence = 2.326 ms
ConfidenceInterval = [2.214 ms; 2.417 ms] (CI 99.9%), Margin = 0.101 ms (4.38% of Mean)
Skewness = 0.25, Kurtosis = 0.67, MValue = 2
-------------------- Histogram --------------------
[2.306 ms ; 2.327 ms) | @@@
---------------------------------------------------

PlutusUseCasesBenchmarks.DecodeAndEval: NativeAOT 10.0(Runtime=NativeAOT 10.0, Toolchain=Latest ILCompiler, IterationCount=3, LaunchCount=1, MinIterationCount=50, WarmupCount=3) [Script=coop-4]
Runtime = .NET 10.0.12, X64 NativeAOT x86-64-v4; GC = Concurrent Workstation
Mean = 942.358 us, StdErr = 0.831 us (0.09%), N = 3, StdDev = 1.439 us
Min = 941.028 us, Q1 = 941.594 us, Median = 942.160 us, Q3 = 943.023 us, Max = 943.886 us
IQR = 1.429 us, LowerFence = 939.451 us, UpperFence = 945.167 us
ConfidenceInterval = [916.099 us; 968.617 us] (CI 99.9%), Margin = 26.259 us (2.79% of Mean)
Skewness = 0.13, Kurtosis = 0.67, MValue = 2
-------------------- Histogram --------------------
[939.718 us ; 945.196 us) | @@@
---------------------------------------------------

PlutusUseCasesBenchmarks.DecodeAndEval: NativeAOT 10.0(Runtime=NativeAOT 10.0, Toolchain=Latest ILCompiler, IterationCount=3, LaunchCount=1, MinIterationCount=50, WarmupCount=3) [Script=coop-5]
Runtime = .NET 10.0.12, X64 NativeAOT x86-64-v4; GC = Concurrent Workstation
Mean = 460.232 us, StdErr = 0.776 us (0.17%), N = 3, StdDev = 1.345 us
Min = 459.254 us, Q1 = 459.465 us, Median = 459.677 us, Q3 = 460.721 us, Max = 461.766 us
IQR = 1.256 us, LowerFence = 457.581 us, UpperFence = 462.605 us
ConfidenceInterval = [435.698 us; 484.766 us] (CI 99.9%), Margin = 24.534 us (5.33% of Mean)
Skewness = 0.34, Kurtosis = 0.67, MValue = 2
-------------------- Histogram --------------------
[458.030 us ; 462.989 us) | @@@
---------------------------------------------------

PlutusUseCasesBenchmarks.DecodeAndEval: NativeAOT 10.0(Runtime=NativeAOT 10.0, Toolchain=Latest ILCompiler, IterationCount=3, LaunchCount=1, MinIterationCount=50, WarmupCount=3) [Script=coop-6]
Runtime = .NET 10.0.12, X64 NativeAOT x86-64-v4; GC = Concurrent Workstation
Mean = 710.000 us, StdErr = 50.259 us (7.08%), N = 3, StdDev = 87.050 us
Min = 616.023 us, Q1 = 671.061 us, Median = 726.100 us, Q3 = 756.988 us, Max = 787.876 us
IQR = 85.927 us, LowerFence = 542.172 us, UpperFence = 885.878 us
ConfidenceInterval = [-878.125 us; 2,298.125 us] (CI 99.9%), Margin = 1,588.125 us (223.68% of Mean)
Skewness = -0.18, Kurtosis = 0.67, MValue = 2
-------------------- Histogram --------------------
[536.804 us ; 677.769 us) | @
[677.769 us ; 867.095 us) | @@
---------------------------------------------------

PlutusUseCasesBenchmarks.DecodeAndEval: NativeAOT 10.0(Runtime=NativeAOT 10.0, Toolchain=Latest ILCompiler, IterationCount=3, LaunchCount=1, MinIterationCount=50, WarmupCount=3) [Script=coop-7]
Runtime = .NET 10.0.12, X64 NativeAOT x86-64-v4; GC = Concurrent Workstation
Mean = 318.910 us, StdErr = 0.381 us (0.12%), N = 3, StdDev = 0.660 us
Min = 318.474 us, Q1 = 318.531 us, Median = 318.588 us, Q3 = 319.128 us, Max = 319.669 us
IQR = 0.598 us, LowerFence = 317.634 us, UpperFence = 320.025 us
ConfidenceInterval = [306.871 us; 330.949 us] (CI 99.9%), Margin = 12.039 us (3.78% of Mean)
Skewness = 0.37, Kurtosis = 0.67, MValue = 2
-------------------- Histogram --------------------
[318.471 us ; 319.672 us) | @@@
---------------------------------------------------

PlutusUseCasesBenchmarks.DecodeAndEval: NativeAOT 10.0(Runtime=NativeAOT 10.0, Toolchain=Latest ILCompiler, IterationCount=3, LaunchCount=1, MinIterationCount=50, WarmupCount=3) [Script=crowdfunding-success-1]
Runtime = .NET 10.0.12, X64 NativeAOT x86-64-v4; GC = Concurrent Workstation
Mean = 273.986 us, StdErr = 0.968 us (0.35%), N = 3, StdDev = 1.677 us
Min = 272.836 us, Q1 = 273.024 us, Median = 273.211 us, Q3 = 274.561 us, Max = 275.910 us
IQR = 1.537 us, LowerFence = 270.718 us, UpperFence = 276.866 us
ConfidenceInterval = [243.391 us; 304.581 us] (CI 99.9%), Margin = 30.595 us (11.17% of Mean)
Skewness = 0.36, Kurtosis = 0.67, MValue = 2
-------------------- Histogram --------------------
[271.310 us ; 277.436 us) | @@@
---------------------------------------------------

PlutusUseCasesBenchmarks.DecodeAndEval: NativeAOT 10.0(Runtime=NativeAOT 10.0, Toolchain=Latest ILCompiler, IterationCount=3, LaunchCount=1, MinIterationCount=50, WarmupCount=3) [Script=crowdfunding-success-2]
Runtime = .NET 10.0.12, X64 NativeAOT x86-64-v4; GC = Concurrent Workstation
Mean = 265.960 us, StdErr = 0.643 us (0.24%), N = 3, StdDev = 1.114 us
Min = 265.071 us, Q1 = 265.336 us, Median = 265.601 us, Q3 = 266.405 us, Max = 267.209 us
IQR = 1.069 us, LowerFence = 263.732 us, UpperFence = 268.009 us
ConfidenceInterval = [245.645 us; 286.276 us] (CI 99.9%), Margin = 20.315 us (7.64% of Mean)
Skewness = 0.29, Kurtosis = 0.67, MValue = 2
-------------------- Histogram --------------------
[264.057 us ; 268.222 us) | @@@
---------------------------------------------------

PlutusUseCasesBenchmarks.DecodeAndEval: NativeAOT 10.0(Runtime=NativeAOT 10.0, Toolchain=Latest ILCompiler, IterationCount=3, LaunchCount=1, MinIterationCount=50, WarmupCount=3) [Script=crowdfunding-success-3]
Runtime = .NET 10.0.12, X64 NativeAOT x86-64-v4; GC = Concurrent Workstation
Mean = 266.408 us, StdErr = 0.676 us (0.25%), N = 3, StdDev = 1.170 us
Min = 265.566 us, Q1 = 265.740 us, Median = 265.914 us, Q3 = 266.829 us, Max = 267.744 us
IQR = 1.089 us, LowerFence = 264.106 us, UpperFence = 268.463 us
ConfidenceInterval = [245.058 us; 287.758 us] (CI 99.9%), Margin = 21.350 us (8.01% of Mean)
Skewness = 0.35, Kurtosis = 0.67, MValue = 2
-------------------- Histogram --------------------
[264.501 us ; 268.809 us) | @@@
---------------------------------------------------

PlutusUseCasesBenchmarks.DecodeAndEval: NativeAOT 10.0(Runtime=NativeAOT 10.0, Toolchain=Latest ILCompiler, IterationCount=3, LaunchCount=1, MinIterationCount=50, WarmupCount=3) [Script=currency-1]
Runtime = .NET 10.0.12, X64 NativeAOT x86-64-v4; GC = Concurrent Workstation
Mean = 340.915 us, StdErr = 0.196 us (0.06%), N = 3, StdDev = 0.340 us
Min = 340.529 us, Q1 = 340.790 us, Median = 341.050 us, Q3 = 341.109 us, Max = 341.167 us
IQR = 0.319 us, LowerFence = 340.310 us, UpperFence = 341.588 us
ConfidenceInterval = [334.712 us; 347.119 us] (CI 99.9%), Margin = 6.204 us (1.82% of Mean)
Skewness = -0.33, Kurtosis = 0.67, MValue = 2
-------------------- Histogram --------------------
[340.219 us ; 341.477 us) | @@@
---------------------------------------------------

PlutusUseCasesBenchmarks.DecodeAndEval: NativeAOT 10.0(Runtime=NativeAOT 10.0, Toolchain=Latest ILCompiler, IterationCount=3, LaunchCount=1, MinIterationCount=50, WarmupCount=3) [Script=escrow-redeem_1-1]
Runtime = .NET 10.0.12, X64 NativeAOT x86-64-v4; GC = Concurrent Workstation
Mean = 453.870 us, StdErr = 0.358 us (0.08%), N = 3, StdDev = 0.619 us
Min = 453.183 us, Q1 = 453.612 us, Median = 454.042 us, Q3 = 454.213 us, Max = 454.385 us
IQR = 0.601 us, LowerFence = 452.710 us, UpperFence = 455.115 us
ConfidenceInterval = [442.569 us; 465.170 us] (CI 99.9%), Margin = 11.301 us (2.49% of Mean)
Skewness = -0.26, Kurtosis = 0.67, MValue = 2
-------------------- Histogram --------------------
[452.619 us ; 454.949 us) | @@@
---------------------------------------------------

PlutusUseCasesBenchmarks.DecodeAndEval: NativeAOT 10.0(Runtime=NativeAOT 10.0, Toolchain=Latest ILCompiler, IterationCount=3, LaunchCount=1, MinIterationCount=50, WarmupCount=3) [Script=escrow-redeem_1-2]
Runtime = .NET 10.0.12, X64 NativeAOT x86-64-v4; GC = Concurrent Workstation
Mean = 454.586 us, StdErr = 0.308 us (0.07%), N = 3, StdDev = 0.534 us
Min = 454.003 us, Q1 = 454.355 us, Median = 454.707 us, Q3 = 454.878 us, Max = 455.049 us
IQR = 0.523 us, LowerFence = 453.570 us, UpperFence = 455.663 us
ConfidenceInterval = [444.851 us; 464.322 us] (CI 99.9%), Margin = 9.736 us (2.14% of Mean)
Skewness = -0.22, Kurtosis = 0.67, MValue = 2
-------------------- Histogram --------------------
[453.517 us ; 455.535 us) | @@@
---------------------------------------------------

PlutusUseCasesBenchmarks.DecodeAndEval: NativeAOT 10.0(Runtime=NativeAOT 10.0, Toolchain=Latest ILCompiler, IterationCount=3, LaunchCount=1, MinIterationCount=50, WarmupCount=3) [Script=escrow-redeem_2-1]
Runtime = .NET 10.0.12, X64 NativeAOT x86-64-v4; GC = Concurrent Workstation
Mean = 515.541 us, StdErr = 0.749 us (0.15%), N = 3, StdDev = 1.298 us
Min = 514.639 us, Q1 = 514.798 us, Median = 514.956 us, Q3 = 515.992 us, Max = 517.029 us
IQR = 1.195 us, LowerFence = 513.005 us, UpperFence = 517.784 us
ConfidenceInterval = [491.862 us; 539.220 us] (CI 99.9%), Margin = 23.679 us (4.59% of Mean)
Skewness = 0.36, Kurtosis = 0.67, MValue = 2
-------------------- Histogram --------------------
[513.458 us ; 518.210 us) | @@@
---------------------------------------------------

PlutusUseCasesBenchmarks.DecodeAndEval: NativeAOT 10.0(Runtime=NativeAOT 10.0, Toolchain=Latest ILCompiler, IterationCount=3, LaunchCount=1, MinIterationCount=50, WarmupCount=3) [Script=escrow-redeem_2-2]
Runtime = .NET 10.0.12, X64 NativeAOT x86-64-v4; GC = Concurrent Workstation
Mean = 513.308 us, StdErr = 0.590 us (0.12%), N = 3, StdDev = 1.023 us
Min = 512.552 us, Q1 = 512.726 us, Median = 512.900 us, Q3 = 513.686 us, Max = 514.471 us
IQR = 0.960 us, LowerFence = 511.286 us, UpperFence = 515.125 us
ConfidenceInterval = [494.651 us; 531.964 us] (CI 99.9%), Margin = 18.656 us (3.63% of Mean)
Skewness = 0.34, Kurtosis = 0.67, MValue = 2
-------------------- Histogram --------------------
[511.621 us ; 515.402 us) | @@@
---------------------------------------------------

PlutusUseCasesBenchmarks.DecodeAndEval: NativeAOT 10.0(Runtime=NativeAOT 10.0, Toolchain=Latest ILCompiler, IterationCount=3, LaunchCount=1, MinIterationCount=50, WarmupCount=3) [Script=escrow-redeem_2-3]
Runtime = .NET 10.0.12, X64 NativeAOT x86-64-v4; GC = Concurrent Workstation
Mean = 583.819 us, StdErr = 37.481 us (6.42%), N = 3, StdDev = 64.919 us
Min = 523.535 us, Q1 = 549.455 us, Median = 575.375 us, Q3 = 613.961 us, Max = 652.547 us
IQR = 64.506 us, LowerFence = 452.696 us, UpperFence = 710.719 us
ConfidenceInterval = [-600.546 us; 1,768.183 us] (CI 99.9%), Margin = 1,184.364 us (202.87% of Mean)
Skewness = 0.13, Kurtosis = 0.67, MValue = 2
-------------------- Histogram --------------------
[490.376 us ; 608.534 us) | @@
[608.534 us ; 711.625 us) | @
---------------------------------------------------

PlutusUseCasesBenchmarks.DecodeAndEval: NativeAOT 10.0(Runtime=NativeAOT 10.0, Toolchain=Latest ILCompiler, IterationCount=3, LaunchCount=1, MinIterationCount=50, WarmupCount=3) [Script=escrow-refund-1]
Runtime = .NET 10.0.12, X64 NativeAOT x86-64-v4; GC = Concurrent Workstation
Mean = 244.402 us, StdErr = 0.345 us (0.14%), N = 3, StdDev = 0.598 us
Min = 243.929 us, Q1 = 244.066 us, Median = 244.202 us, Q3 = 244.638 us, Max = 245.074 us
IQR = 0.573 us, LowerFence = 243.206 us, UpperFence = 245.498 us
ConfidenceInterval = [233.485 us; 255.319 us] (CI 99.9%), Margin = 10.917 us (4.47% of Mean)
Skewness = 0.3, Kurtosis = 0.67, MValue = 2
-------------------- Histogram --------------------
[243.384 us ; 245.619 us) | @@@
---------------------------------------------------

PlutusUseCasesBenchmarks.DecodeAndEval: NativeAOT 10.0(Runtime=NativeAOT 10.0, Toolchain=Latest ILCompiler, IterationCount=3, LaunchCount=1, MinIterationCount=50, WarmupCount=3) [Script=future-increase-margin-1]
Runtime = .NET 10.0.12, X64 NativeAOT x86-64-v4; GC = Concurrent Workstation
Mean = 340.092 us, StdErr = 0.300 us (0.09%), N = 3, StdDev = 0.520 us
Min = 339.673 us, Q1 = 339.801 us, Median = 339.928 us, Q3 = 340.301 us, Max = 340.673 us
IQR = 0.500 us, LowerFence = 339.050 us, UpperFence = 341.051 us
ConfidenceInterval = [330.609 us; 349.574 us] (CI 99.9%), Margin = 9.482 us (2.79% of Mean)
Skewness = 0.28, Kurtosis = 0.67, MValue = 2
-------------------- Histogram --------------------
[339.200 us ; 341.146 us) | @@@
---------------------------------------------------

PlutusUseCasesBenchmarks.DecodeAndEval: NativeAOT 10.0(Runtime=NativeAOT 10.0, Toolchain=Latest ILCompiler, IterationCount=3, LaunchCount=1, MinIterationCount=50, WarmupCount=3) [Script=future-increase-margin-2]
Runtime = .NET 10.0.12, X64 NativeAOT x86-64-v4; GC = Concurrent Workstation
Mean = 667.290 us, StdErr = 0.473 us (0.07%), N = 3, StdDev = 0.819 us
Min = 666.556 us, Q1 = 666.848 us, Median = 667.140 us, Q3 = 667.656 us, Max = 668.173 us
IQR = 0.808 us, LowerFence = 665.636 us, UpperFence = 668.869 us
ConfidenceInterval = [652.354 us; 682.225 us] (CI 99.9%), Margin = 14.935 us (2.24% of Mean)
Skewness = 0.18, Kurtosis = 0.67, MValue = 2
-------------------- Histogram --------------------
[665.811 us ; 668.918 us) | @@@
---------------------------------------------------

PlutusUseCasesBenchmarks.DecodeAndEval: NativeAOT 10.0(Runtime=NativeAOT 10.0, Toolchain=Latest ILCompiler, IterationCount=3, LaunchCount=1, MinIterationCount=50, WarmupCount=3) [Script=future-increase-margin-3]
Runtime = .NET 10.0.12, X64 NativeAOT x86-64-v4; GC = Concurrent Workstation
Mean = 666.266 us, StdErr = 1.137 us (0.17%), N = 3, StdDev = 1.969 us
Min = 664.010 us, Q1 = 665.582 us, Median = 667.154 us, Q3 = 667.394 us, Max = 667.634 us
IQR = 1.812 us, LowerFence = 662.864 us, UpperFence = 670.112 us
ConfidenceInterval = [630.353 us; 702.180 us] (CI 99.9%), Margin = 35.914 us (5.39% of Mean)
Skewness = -0.36, Kurtosis = 0.67, MValue = 2
-------------------- Histogram --------------------
[662.218 us ; 669.425 us) | @@@
---------------------------------------------------

PlutusUseCasesBenchmarks.DecodeAndEval: NativeAOT 10.0(Runtime=NativeAOT 10.0, Toolchain=Latest ILCompiler, IterationCount=3, LaunchCount=1, MinIterationCount=50, WarmupCount=3) [Script=future-increase-margin-4]
Runtime = .NET 10.0.12, X64 NativeAOT x86-64-v4; GC = Concurrent Workstation
Mean = 750.971 us, StdErr = 0.844 us (0.11%), N = 3, StdDev = 1.462 us
Min = 749.288 us, Q1 = 750.496 us, Median = 751.703 us, Q3 = 751.813 us, Max = 751.922 us
IQR = 1.317 us, LowerFence = 748.520 us, UpperFence = 753.788 us
ConfidenceInterval = [724.305 us; 777.638 us] (CI 99.9%), Margin = 26.667 us (3.55% of Mean)
Skewness = -0.38, Kurtosis = 0.67, MValue = 2
-------------------- Histogram --------------------
[749.275 us ; 751.935 us) | @@@
---------------------------------------------------

PlutusUseCasesBenchmarks.DecodeAndEval: NativeAOT 10.0(Runtime=NativeAOT 10.0, Toolchain=Latest ILCompiler, IterationCount=3, LaunchCount=1, MinIterationCount=50, WarmupCount=3) [Script=future-increase-margin-5]
Runtime = .NET 10.0.12, X64 NativeAOT x86-64-v4; GC = Concurrent Workstation
Mean = 1.152 ms, StdErr = 0.001 ms (0.05%), N = 3, StdDev = 0.001 ms
Min = 1.151 ms, Q1 = 1.151 ms, Median = 1.152 ms, Q3 = 1.152 ms, Max = 1.153 ms
IQR = 0.001 ms, LowerFence = 1.150 ms, UpperFence = 1.154 ms
ConfidenceInterval = [1.133 ms; 1.171 ms] (CI 99.9%), Margin = 0.019 ms (1.65% of Mean)
Skewness = 0.01, Kurtosis = 0.67, MValue = 2
-------------------- Histogram --------------------
[1.150 ms ; 1.154 ms) | @@@
---------------------------------------------------

PlutusUseCasesBenchmarks.DecodeAndEval: NativeAOT 10.0(Runtime=NativeAOT 10.0, Toolchain=Latest ILCompiler, IterationCount=3, LaunchCount=1, MinIterationCount=50, WarmupCount=3) [Script=future-pay-out-1]
Runtime = .NET 10.0.12, X64 NativeAOT x86-64-v4; GC = Concurrent Workstation
Mean = 341.577 us, StdErr = 0.481 us (0.14%), N = 3, StdDev = 0.833 us
Min = 340.776 us, Q1 = 341.146 us, Median = 341.516 us, Q3 = 341.977 us, Max = 342.438 us
IQR = 0.831 us, LowerFence = 339.899 us, UpperFence = 343.224 us
ConfidenceInterval = [326.384 us; 356.770 us] (CI 99.9%), Margin = 15.193 us (4.45% of Mean)
Skewness = 0.07, Kurtosis = 0.67, MValue = 2
-------------------- Histogram --------------------
[340.018 us ; 343.196 us) | @@@
---------------------------------------------------

PlutusUseCasesBenchmarks.DecodeAndEval: NativeAOT 10.0(Runtime=NativeAOT 10.0, Toolchain=Latest ILCompiler, IterationCount=3, LaunchCount=1, MinIterationCount=50, WarmupCount=3) [Script=future-pay-out-2]
Runtime = .NET 10.0.12, X64 NativeAOT x86-64-v4; GC = Concurrent Workstation
Mean = 664.406 us, StdErr = 0.682 us (0.10%), N = 3, StdDev = 1.182 us
Min = 663.423 us, Q1 = 663.751 us, Median = 664.080 us, Q3 = 664.898 us, Max = 665.717 us
IQR = 1.147 us, LowerFence = 662.030 us, UpperFence = 666.619 us
ConfidenceInterval = [642.850 us; 685.963 us] (CI 99.9%), Margin = 21.556 us (3.24% of Mean)
Skewness = 0.26, Kurtosis = 0.67, MValue = 2
-------------------- Histogram --------------------
[662.347 us ; 666.792 us) | @@@
---------------------------------------------------

PlutusUseCasesBenchmarks.DecodeAndEval: NativeAOT 10.0(Runtime=NativeAOT 10.0, Toolchain=Latest ILCompiler, IterationCount=3, LaunchCount=1, MinIterationCount=50, WarmupCount=3) [Script=future-pay-out-3]
Runtime = .NET 10.0.12, X64 NativeAOT x86-64-v4; GC = Concurrent Workstation
Mean = 760.068 us, StdErr = 45.644 us (6.01%), N = 3, StdDev = 79.058 us
Min = 669.383 us, Q1 = 732.857 us, Median = 796.331 us, Q3 = 805.410 us, Max = 814.489 us
IQR = 72.553 us, LowerFence = 624.027 us, UpperFence = 914.240 us
ConfidenceInterval = [-682.251 us; 2,202.386 us] (CI 99.9%), Margin = 1,442.318 us (189.76% of Mean)
Skewness = -0.36, Kurtosis = 0.67, MValue = 2
-------------------- Histogram --------------------
[597.437 us ; 733.464 us) | @
[733.464 us ; 886.435 us) | @@
---------------------------------------------------

PlutusUseCasesBenchmarks.DecodeAndEval: NativeAOT 10.0(Runtime=NativeAOT 10.0, Toolchain=Latest ILCompiler, IterationCount=3, LaunchCount=1, MinIterationCount=50, WarmupCount=3) [Script=future-pay-out-4]
Runtime = .NET 10.0.12, X64 NativeAOT x86-64-v4; GC = Concurrent Workstation
Mean = 1.152 ms, StdErr = 0.000 ms (0.04%), N = 3, StdDev = 0.001 ms
Min = 1.151 ms, Q1 = 1.152 ms, Median = 1.153 ms, Q3 = 1.153 ms, Max = 1.153 ms
IQR = 0.001 ms, LowerFence = 1.151 ms, UpperFence = 1.154 ms
ConfidenceInterval = [1.138 ms; 1.167 ms] (CI 99.9%), Margin = 0.014 ms (1.24% of Mean)
Skewness = -0.26, Kurtosis = 0.67, MValue = 2
-------------------- Histogram --------------------
[1.151 ms ; 1.154 ms) | @@@
---------------------------------------------------

PlutusUseCasesBenchmarks.DecodeAndEval: NativeAOT 10.0(Runtime=NativeAOT 10.0, Toolchain=Latest ILCompiler, IterationCount=3, LaunchCount=1, MinIterationCount=50, WarmupCount=3) [Script=future-settle-early-1]
Runtime = .NET 10.0.12, X64 NativeAOT x86-64-v4; GC = Concurrent Workstation
Mean = 340.680 us, StdErr = 0.383 us (0.11%), N = 3, StdDev = 0.663 us
Min = 340.224 us, Q1 = 340.300 us, Median = 340.375 us, Q3 = 340.908 us, Max = 341.440 us
IQR = 0.608 us, LowerFence = 339.388 us, UpperFence = 341.819 us
ConfidenceInterval = [328.591 us; 352.768 us] (CI 99.9%), Margin = 12.088 us (3.55% of Mean)
Skewness = 0.36, Kurtosis = 0.67, MValue = 2
-------------------- Histogram --------------------
[339.621 us ; 342.043 us) | @@@
---------------------------------------------------

PlutusUseCasesBenchmarks.DecodeAndEval: NativeAOT 10.0(Runtime=NativeAOT 10.0, Toolchain=Latest ILCompiler, IterationCount=3, LaunchCount=1, MinIterationCount=50, WarmupCount=3) [Script=future-settle-early-2]
Runtime = .NET 10.0.12, X64 NativeAOT x86-64-v4; GC = Concurrent Workstation
Mean = 666.199 us, StdErr = 0.355 us (0.05%), N = 3, StdDev = 0.615 us
Min = 665.501 us, Q1 = 665.968 us, Median = 666.435 us, Q3 = 666.548 us, Max = 666.661 us
IQR = 0.580 us, LowerFence = 665.098 us, UpperFence = 667.418 us
ConfidenceInterval = [654.978 us; 677.420 us] (CI 99.9%), Margin = 11.221 us (1.68% of Mean)
Skewness = -0.33, Kurtosis = 0.67, MValue = 2
-------------------- Histogram --------------------
[664.941 us ; 667.221 us) | @@@
---------------------------------------------------

PlutusUseCasesBenchmarks.DecodeAndEval: NativeAOT 10.0(Runtime=NativeAOT 10.0, Toolchain=Latest ILCompiler, IterationCount=3, LaunchCount=1, MinIterationCount=50, WarmupCount=3) [Script=future-settle-early-3]
Runtime = .NET 10.0.12, X64 NativeAOT x86-64-v4; GC = Concurrent Workstation
Mean = 719.243 us, StdErr = 52.881 us (7.35%), N = 3, StdDev = 91.592 us
Min = 663.578 us, Q1 = 666.387 us, Median = 669.197 us, Q3 = 747.076 us, Max = 824.954 us
IQR = 80.688 us, LowerFence = 545.355 us, UpperFence = 868.109 us
ConfidenceInterval = [-951.734 us; 2,390.220 us] (CI 99.9%), Margin = 1,670.977 us (232.32% of Mean)
Skewness = 0.38, Kurtosis = 0.67, MValue = 2
-------------------- Histogram --------------------
[660.914 us ; 827.618 us) | @@@
---------------------------------------------------

PlutusUseCasesBenchmarks.DecodeAndEval: NativeAOT 10.0(Runtime=NativeAOT 10.0, Toolchain=Latest ILCompiler, IterationCount=3, LaunchCount=1, MinIterationCount=50, WarmupCount=3) [Script=future-settle-early-4]
Runtime = .NET 10.0.12, X64 NativeAOT x86-64-v4; GC = Concurrent Workstation
Mean = 911.223 us, StdErr = 0.035 us (0.00%), N = 3, StdDev = 0.060 us
Min = 911.184 us, Q1 = 911.188 us, Median = 911.192 us, Q3 = 911.242 us, Max = 911.292 us
IQR = 0.054 us, LowerFence = 911.108 us, UpperFence = 911.323 us
ConfidenceInterval = [910.128 us; 912.318 us] (CI 99.9%), Margin = 1.095 us (0.12% of Mean)
Skewness = 0.38, Kurtosis = 0.67, MValue = 2
-------------------- Histogram --------------------
[911.184 us ; 911.293 us) | @@@
---------------------------------------------------

PlutusUseCasesBenchmarks.DecodeAndEval: NativeAOT 10.0(Runtime=NativeAOT 10.0, Toolchain=Latest ILCompiler, IterationCount=3, LaunchCount=1, MinIterationCount=50, WarmupCount=3) [Script=game-sm-success_1-1]
Runtime = .NET 10.0.12, X64 NativeAOT x86-64-v4; GC = Concurrent Workstation
Mean = 572.490 us, StdErr = 0.243 us (0.04%), N = 3, StdDev = 0.420 us
Min = 572.010 us, Q1 = 572.338 us, Median = 572.666 us, Q3 = 572.729 us, Max = 572.793 us
IQR = 0.391 us, LowerFence = 571.751 us, UpperFence = 573.316 us
ConfidenceInterval = [564.825 us; 580.154 us] (CI 99.9%), Margin = 7.665 us (1.34% of Mean)
Skewness = -0.35, Kurtosis = 0.67, MValue = 2
-------------------- Histogram --------------------
[571.628 us ; 573.175 us) | @@@
---------------------------------------------------

PlutusUseCasesBenchmarks.DecodeAndEval: NativeAOT 10.0(Runtime=NativeAOT 10.0, Toolchain=Latest ILCompiler, IterationCount=3, LaunchCount=1, MinIterationCount=50, WarmupCount=3) [Script=game-sm-success_1-2]
Runtime = .NET 10.0.12, X64 NativeAOT x86-64-v4; GC = Concurrent Workstation
Mean = 239.151 us, StdErr = 0.154 us (0.06%), N = 3, StdDev = 0.267 us
Min = 238.989 us, Q1 = 238.997 us, Median = 239.006 us, Q3 = 239.232 us, Max = 239.459 us
IQR = 0.235 us, LowerFence = 238.645 us, UpperFence = 239.585 us
ConfidenceInterval = [234.288 us; 244.014 us] (CI 99.9%), Margin = 4.863 us (2.03% of Mean)
Skewness = 0.38, Kurtosis = 0.67, MValue = 2
-------------------- Histogram --------------------
[238.981 us ; 239.466 us) | @@@
---------------------------------------------------

PlutusUseCasesBenchmarks.DecodeAndEval: NativeAOT 10.0(Runtime=NativeAOT 10.0, Toolchain=Latest ILCompiler, IterationCount=3, LaunchCount=1, MinIterationCount=50, WarmupCount=3) [Script=game-sm-success_1-3]
Runtime = .NET 10.0.12, X64 NativeAOT x86-64-v4; GC = Concurrent Workstation
Mean = 856.253 us, StdErr = 0.111 us (0.01%), N = 3, StdDev = 0.192 us
Min = 856.129 us, Q1 = 856.142 us, Median = 856.155 us, Q3 = 856.314 us, Max = 856.474 us
IQR = 0.173 us, LowerFence = 855.883 us, UpperFence = 856.574 us
ConfidenceInterval = [852.742 us; 859.763 us] (CI 99.9%), Margin = 3.511 us (0.41% of Mean)
Skewness = 0.38, Kurtosis = 0.67, MValue = 2
-------------------- Histogram --------------------
[856.127 us ; 856.477 us) | @@@
---------------------------------------------------

PlutusUseCasesBenchmarks.DecodeAndEval: NativeAOT 10.0(Runtime=NativeAOT 10.0, Toolchain=Latest ILCompiler, IterationCount=3, LaunchCount=1, MinIterationCount=50, WarmupCount=3) [Script=game-sm-success_1-4]
Runtime = .NET 10.0.12, X64 NativeAOT x86-64-v4; GC = Concurrent Workstation
Mean = 279.457 us, StdErr = 10.482 us (3.75%), N = 3, StdDev = 18.155 us
Min = 268.927 us, Q1 = 268.975 us, Median = 269.024 us, Q3 = 284.722 us, Max = 300.420 us
IQR = 15.747 us, LowerFence = 245.355 us, UpperFence = 308.342 us
ConfidenceInterval = [-51.755 us; 610.669 us] (CI 99.9%), Margin = 331.212 us (118.52% of Mean)
Skewness = 0.38, Kurtosis = 0.67, MValue = 2
-------------------- Histogram --------------------
[268.152 us ; 301.195 us) | @@@
---------------------------------------------------

PlutusUseCasesBenchmarks.DecodeAndEval: NativeAOT 10.0(Runtime=NativeAOT 10.0, Toolchain=Latest ILCompiler, IterationCount=3, LaunchCount=1, MinIterationCount=50, WarmupCount=3) [Script=game-sm-success_2-1]
Runtime = .NET 10.0.12, X64 NativeAOT x86-64-v4; GC = Concurrent Workstation
Mean = 561.324 us, StdErr = 0.388 us (0.07%), N = 3, StdDev = 0.673 us
Min = 560.739 us, Q1 = 560.956 us, Median = 561.174 us, Q3 = 561.616 us, Max = 562.059 us
IQR = 0.660 us, LowerFence = 559.966 us, UpperFence = 562.607 us
ConfidenceInterval = [549.049 us; 573.599 us] (CI 99.9%), Margin = 12.275 us (2.19% of Mean)
Skewness = 0.21, Kurtosis = 0.67, MValue = 2
-------------------- Histogram --------------------
[560.126 us ; 562.671 us) | @@@
---------------------------------------------------

PlutusUseCasesBenchmarks.DecodeAndEval: NativeAOT 10.0(Runtime=NativeAOT 10.0, Toolchain=Latest ILCompiler, IterationCount=3, LaunchCount=1, MinIterationCount=50, WarmupCount=3) [Script=game-sm-success_2-2]
Runtime = .NET 10.0.12, X64 NativeAOT x86-64-v4; GC = Concurrent Workstation
Mean = 238.158 us, StdErr = 0.228 us (0.10%), N = 3, StdDev = 0.395 us
Min = 237.750 us, Q1 = 237.967 us, Median = 238.185 us, Q3 = 238.362 us, Max = 238.538 us
IQR = 0.394 us, LowerFence = 237.376 us, UpperFence = 238.953 us
ConfidenceInterval = [230.955 us; 245.360 us] (CI 99.9%), Margin = 7.202 us (3.02% of Mean)
Skewness = -0.07, Kurtosis = 0.67, MValue = 2
-------------------- Histogram --------------------
[237.391 us ; 238.897 us) | @@@
---------------------------------------------------

PlutusUseCasesBenchmarks.DecodeAndEval: NativeAOT 10.0(Runtime=NativeAOT 10.0, Toolchain=Latest ILCompiler, IterationCount=3, LaunchCount=1, MinIterationCount=50, WarmupCount=3) [Script=game-sm-success_2-3]
Runtime = .NET 10.0.12, X64 NativeAOT x86-64-v4; GC = Concurrent Workstation
Mean = 919.567 us, StdErr = 58.369 us (6.35%), N = 3, StdDev = 101.097 us
Min = 859.425 us, Q1 = 861.207 us, Median = 862.989 us, Q3 = 949.638 us, Max = 1,036.286 us
IQR = 88.430 us, LowerFence = 728.562 us, UpperFence = 1,082.283 us
ConfidenceInterval = [-924.826 us; 2,763.959 us] (CI 99.9%), Margin = 1,844.393 us (200.57% of Mean)
Skewness = 0.38, Kurtosis = 0.67, MValue = 2
-------------------- Histogram --------------------
[855.853 us ; 1,039.858 us) | @@@
---------------------------------------------------

PlutusUseCasesBenchmarks.DecodeAndEval: NativeAOT 10.0(Runtime=NativeAOT 10.0, Toolchain=Latest ILCompiler, IterationCount=3, LaunchCount=1, MinIterationCount=50, WarmupCount=3) [Script=game-sm-success_2-4]
Runtime = .NET 10.0.12, X64 NativeAOT x86-64-v4; GC = Concurrent Workstation
Mean = 268.526 us, StdErr = 0.214 us (0.08%), N = 3, StdDev = 0.370 us
Min = 268.136 us, Q1 = 268.352 us, Median = 268.568 us, Q3 = 268.721 us, Max = 268.873 us
IQR = 0.368 us, LowerFence = 267.800 us, UpperFence = 269.273 us
ConfidenceInterval = [261.773 us; 275.278 us] (CI 99.9%), Margin = 6.752 us (2.51% of Mean)
Skewness = -0.11, Kurtosis = 0.67, MValue = 2
-------------------- Histogram --------------------
[267.799 us ; 269.210 us) | @@@
---------------------------------------------------

PlutusUseCasesBenchmarks.DecodeAndEval: NativeAOT 10.0(Runtime=NativeAOT 10.0, Toolchain=Latest ILCompiler, IterationCount=3, LaunchCount=1, MinIterationCount=50, WarmupCount=3) [Script=game-sm-success_2-5]
Runtime = .NET 10.0.12, X64 NativeAOT x86-64-v4; GC = Concurrent Workstation
Mean = 877.718 us, StdErr = 0.630 us (0.07%), N = 3, StdDev = 1.091 us
Min = 876.471 us, Q1 = 877.327 us, Median = 878.184 us, Q3 = 878.341 us, Max = 878.498 us
IQR = 1.014 us, LowerFence = 875.807 us, UpperFence = 879.861 us
ConfidenceInterval = [857.811 us; 897.624 us] (CI 99.9%), Margin = 19.906 us (2.27% of Mean)
Skewness = -0.35, Kurtosis = 0.67, MValue = 2
-------------------- Histogram --------------------
[875.478 us ; 879.491 us) | @@@
---------------------------------------------------

PlutusUseCasesBenchmarks.DecodeAndEval: NativeAOT 10.0(Runtime=NativeAOT 10.0, Toolchain=Latest ILCompiler, IterationCount=3, LaunchCount=1, MinIterationCount=50, WarmupCount=3) [Script=game-sm-success_2-6]
Runtime = .NET 10.0.12, X64 NativeAOT x86-64-v4; GC = Concurrent Workstation
Mean = 268.696 us, StdErr = 0.293 us (0.11%), N = 3, StdDev = 0.508 us
Min = 268.155 us, Q1 = 268.463 us, Median = 268.771 us, Q3 = 268.967 us, Max = 269.163 us
IQR = 0.504 us, LowerFence = 267.708 us, UpperFence = 269.722 us
ConfidenceInterval = [259.432 us; 277.961 us] (CI 99.9%), Margin = 9.265 us (3.45% of Mean)
Skewness = -0.14, Kurtosis = 0.67, MValue = 2
-------------------- Histogram --------------------
[267.693 us ; 269.625 us) | @@@
---------------------------------------------------

PlutusUseCasesBenchmarks.DecodeAndEval: NativeAOT 10.0(Runtime=NativeAOT 10.0, Toolchain=Latest ILCompiler, IterationCount=3, LaunchCount=1, MinIterationCount=50, WarmupCount=3) [Script=guardrail-sorted-large]
Runtime = .NET 10.0.12, X64 NativeAOT x86-64-v4; GC = Concurrent Workstation
Mean = 500.295 us, StdErr = 0.422 us (0.08%), N = 3, StdDev = 0.730 us
Min = 499.674 us, Q1 = 499.893 us, Median = 500.112 us, Q3 = 500.605 us, Max = 501.099 us
IQR = 0.713 us, LowerFence = 498.824 us, UpperFence = 501.674 us
ConfidenceInterval = [486.975 us; 513.614 us] (CI 99.9%), Margin = 13.320 us (2.66% of Mean)
Skewness = 0.24, Kurtosis = 0.67, MValue = 2
-------------------- Histogram --------------------
[499.009 us ; 501.763 us) | @@@
---------------------------------------------------

PlutusUseCasesBenchmarks.DecodeAndEval: NativeAOT 10.0(Runtime=NativeAOT 10.0, Toolchain=Latest ILCompiler, IterationCount=3, LaunchCount=1, MinIterationCount=50, WarmupCount=3) [Script=guardrail-sorted-small]
Runtime = .NET 10.0.12, X64 NativeAOT x86-64-v4; GC = Concurrent Workstation
Mean = 112.985 us, StdErr = 0.186 us (0.16%), N = 3, StdDev = 0.322 us
Min = 112.633 us, Q1 = 112.845 us, Median = 113.058 us, Q3 = 113.161 us, Max = 113.264 us
IQR = 0.316 us, LowerFence = 112.372 us, UpperFence = 113.634 us
ConfidenceInterval = [107.114 us; 118.856 us] (CI 99.9%), Margin = 5.871 us (5.20% of Mean)
Skewness = -0.21, Kurtosis = 0.67, MValue = 2
-------------------- Histogram --------------------
[112.340 us ; 113.557 us) | @@@
---------------------------------------------------

PlutusUseCasesBenchmarks.DecodeAndEval: NativeAOT 10.0(Runtime=NativeAOT 10.0, Toolchain=Latest ILCompiler, IterationCount=3, LaunchCount=1, MinIterationCount=50, WarmupCount=3) [Script=guardrail-unsorted-large]
Runtime = .NET 10.0.12, X64 NativeAOT x86-64-v4; GC = Concurrent Workstation
Mean = 665.644 us, StdErr = 2.664 us (0.40%), N = 3, StdDev = 4.615 us
Min = 662.481 us, Q1 = 662.996 us, Median = 663.512 us, Q3 = 667.225 us, Max = 670.939 us
IQR = 4.229 us, LowerFence = 656.652 us, UpperFence = 673.569 us
ConfidenceInterval = [581.452 us; 749.836 us] (CI 99.9%), Margin = 84.192 us (12.65% of Mean)
Skewness = 0.36, Kurtosis = 0.67, MValue = 2
-------------------- Histogram --------------------
[658.281 us ; 675.139 us) | @@@
---------------------------------------------------

PlutusUseCasesBenchmarks.DecodeAndEval: NativeAOT 10.0(Runtime=NativeAOT 10.0, Toolchain=Latest ILCompiler, IterationCount=3, LaunchCount=1, MinIterationCount=50, WarmupCount=3) [Script=guardrail-unsorted-small]
Runtime = .NET 10.0.12, X64 NativeAOT x86-64-v4; GC = Concurrent Workstation
Mean = 110.425 us, StdErr = 0.133 us (0.12%), N = 3, StdDev = 0.230 us
Min = 110.240 us, Q1 = 110.296 us, Median = 110.351 us, Q3 = 110.517 us, Max = 110.683 us
IQR = 0.221 us, LowerFence = 109.963 us, UpperFence = 110.849 us
ConfidenceInterval = [106.220 us; 114.629 us] (CI 99.9%), Margin = 4.205 us (3.81% of Mean)
Skewness = 0.29, Kurtosis = 0.67, MValue = 2
-------------------- Histogram --------------------
[110.030 us ; 110.893 us) | @@@
---------------------------------------------------

PlutusUseCasesBenchmarks.DecodeAndEval: NativeAOT 10.0(Runtime=NativeAOT 10.0, Toolchain=Latest ILCompiler, IterationCount=3, LaunchCount=1, MinIterationCount=50, WarmupCount=3) [Script=multisig-sm-01]
Runtime = .NET 10.0.12, X64 NativeAOT x86-64-v4; GC = Concurrent Workstation
Mean = 611.220 us, StdErr = 0.504 us (0.08%), N = 3, StdDev = 0.872 us
Min = 610.484 us, Q1 = 610.739 us, Median = 610.993 us, Q3 = 611.589 us, Max = 612.184 us
IQR = 0.850 us, LowerFence = 609.464 us, UpperFence = 612.864 us
ConfidenceInterval = [595.304 us; 627.137 us] (CI 99.9%), Margin = 15.917 us (2.60% of Mean)
Skewness = 0.24, Kurtosis = 0.67, MValue = 2
-------------------- Histogram --------------------
[609.690 us ; 612.978 us) | @@@
---------------------------------------------------

PlutusUseCasesBenchmarks.DecodeAndEval: NativeAOT 10.0(Runtime=NativeAOT 10.0, Toolchain=Latest ILCompiler, IterationCount=3, LaunchCount=1, MinIterationCount=50, WarmupCount=3) [Script=multisig-sm-02]
Runtime = .NET 10.0.12, X64 NativeAOT x86-64-v4; GC = Concurrent Workstation
Mean = 594.954 us, StdErr = 0.160 us (0.03%), N = 3, StdDev = 0.278 us
Min = 594.642 us, Q1 = 594.843 us, Median = 595.043 us, Q3 = 595.109 us, Max = 595.175 us
IQR = 0.267 us, LowerFence = 594.443 us, UpperFence = 595.509 us
ConfidenceInterval = [589.890 us; 600.018 us] (CI 99.9%), Margin = 5.064 us (0.85% of Mean)
Skewness = -0.29, Kurtosis = 0.67, MValue = 2
-------------------- Histogram --------------------
[594.390 us ; 595.428 us) | @@@
---------------------------------------------------

PlutusUseCasesBenchmarks.DecodeAndEval: NativeAOT 10.0(Runtime=NativeAOT 10.0, Toolchain=Latest ILCompiler, IterationCount=3, LaunchCount=1, MinIterationCount=50, WarmupCount=3) [Script=multisig-sm-03]
Runtime = .NET 10.0.12, X64 NativeAOT x86-64-v4; GC = Concurrent Workstation
Mean = 610.976 us, StdErr = 0.265 us (0.04%), N = 3, StdDev = 0.459 us
Min = 610.583 us, Q1 = 610.724 us, Median = 610.866 us, Q3 = 611.173 us, Max = 611.480 us
IQR = 0.449 us, LowerFence = 610.051 us, UpperFence = 611.846 us
ConfidenceInterval = [602.607 us; 619.346 us] (CI 99.9%), Margin = 8.369 us (1.37% of Mean)
Skewness = 0.23, Kurtosis = 0.67, MValue = 2
-------------------- Histogram --------------------
[610.165 us ; 611.898 us) | @@@
---------------------------------------------------

PlutusUseCasesBenchmarks.DecodeAndEval: NativeAOT 10.0(Runtime=NativeAOT 10.0, Toolchain=Latest ILCompiler, IterationCount=3, LaunchCount=1, MinIterationCount=50, WarmupCount=3) [Script=multisig-sm-04]
Runtime = .NET 10.0.12, X64 NativeAOT x86-64-v4; GC = Concurrent Workstation
Mean = 617.001 us, StdErr = 0.151 us (0.02%), N = 3, StdDev = 0.262 us
Min = 616.799 us, Q1 = 616.853 us, Median = 616.906 us, Q3 = 617.102 us, Max = 617.298 us
IQR = 0.249 us, LowerFence = 616.479 us, UpperFence = 617.476 us
ConfidenceInterval = [612.216 us; 621.786 us] (CI 99.9%), Margin = 4.785 us (0.78% of Mean)
Skewness = 0.31, Kurtosis = 0.67, MValue = 2
-------------------- Histogram --------------------
[616.561 us ; 617.536 us) | @@@
---------------------------------------------------

PlutusUseCasesBenchmarks.DecodeAndEval: NativeAOT 10.0(Runtime=NativeAOT 10.0, Toolchain=Latest ILCompiler, IterationCount=3, LaunchCount=1, MinIterationCount=50, WarmupCount=3) [Script=multisig-sm-05]
Runtime = .NET 10.0.12, X64 NativeAOT x86-64-v4; GC = Concurrent Workstation
Mean = 806.332 us, StdErr = 0.991 us (0.12%), N = 3, StdDev = 1.716 us
Min = 805.014 us, Q1 = 805.362 us, Median = 805.710 us, Q3 = 806.991 us, Max = 808.272 us
IQR = 1.629 us, LowerFence = 802.918 us, UpperFence = 809.435 us
ConfidenceInterval = [775.024 us; 837.640 us] (CI 99.9%), Margin = 31.308 us (3.88% of Mean)
Skewness = 0.31, Kurtosis = 0.67, MValue = 2
-------------------- Histogram --------------------
[803.452 us ; 809.834 us) | @@@
---------------------------------------------------

PlutusUseCasesBenchmarks.DecodeAndEval: NativeAOT 10.0(Runtime=NativeAOT 10.0, Toolchain=Latest ILCompiler, IterationCount=3, LaunchCount=1, MinIterationCount=50, WarmupCount=3) [Script=multisig-sm-06]
Runtime = .NET 10.0.12, X64 NativeAOT x86-64-v4; GC = Concurrent Workstation
Mean = 607.490 us, StdErr = 0.536 us (0.09%), N = 3, StdDev = 0.929 us
Min = 606.620 us, Q1 = 607.001 us, Median = 607.383 us, Q3 = 607.925 us, Max = 608.468 us
IQR = 0.924 us, LowerFence = 605.615 us, UpperFence = 609.312 us
ConfidenceInterval = [590.542 us; 624.438 us] (CI 99.9%), Margin = 16.948 us (2.79% of Mean)
Skewness = 0.11, Kurtosis = 0.67, MValue = 2
-------------------- Histogram --------------------
[605.774 us ; 609.314 us) | @@@
---------------------------------------------------

PlutusUseCasesBenchmarks.DecodeAndEval: NativeAOT 10.0(Runtime=NativeAOT 10.0, Toolchain=Latest ILCompiler, IterationCount=3, LaunchCount=1, MinIterationCount=50, WarmupCount=3) [Script=multisig-sm-07]
Runtime = .NET 10.0.12, X64 NativeAOT x86-64-v4; GC = Concurrent Workstation
Mean = 597.909 us, StdErr = 0.697 us (0.12%), N = 3, StdDev = 1.207 us
Min = 597.173 us, Q1 = 597.213 us, Median = 597.252 us, Q3 = 598.277 us, Max = 599.301 us
IQR = 1.064 us, LowerFence = 595.616 us, UpperFence = 599.873 us
ConfidenceInterval = [575.896 us; 619.922 us] (CI 99.9%), Margin = 22.013 us (3.68% of Mean)
Skewness = 0.38, Kurtosis = 0.67, MValue = 2
-------------------- Histogram --------------------
[597.139 us ; 599.335 us) | @@@
---------------------------------------------------

PlutusUseCasesBenchmarks.DecodeAndEval: NativeAOT 10.0(Runtime=NativeAOT 10.0, Toolchain=Latest ILCompiler, IterationCount=3, LaunchCount=1, MinIterationCount=50, WarmupCount=3) [Script=multisig-sm-08]
Runtime = .NET 10.0.12, X64 NativeAOT x86-64-v4; GC = Concurrent Workstation
Mean = 599.701 us, StdErr = 0.430 us (0.07%), N = 3, StdDev = 0.744 us
Min = 598.850 us, Q1 = 599.435 us, Median = 600.019 us, Q3 = 600.126 us, Max = 600.232 us
IQR = 0.691 us, LowerFence = 598.398 us, UpperFence = 601.162 us
ConfidenceInterval = [586.124 us; 613.278 us] (CI 99.9%), Margin = 13.577 us (2.26% of Mean)
Skewness = -0.35, Kurtosis = 0.67, MValue = 2
-------------------- Histogram --------------------
[598.173 us ; 600.910 us) | @@@
---------------------------------------------------

PlutusUseCasesBenchmarks.DecodeAndEval: NativeAOT 10.0(Runtime=NativeAOT 10.0, Toolchain=Latest ILCompiler, IterationCount=3, LaunchCount=1, MinIterationCount=50, WarmupCount=3) [Script=multisig-sm-09]
Runtime = .NET 10.0.12, X64 NativeAOT x86-64-v4; GC = Concurrent Workstation
Mean = 604.265 us, StdErr = 0.443 us (0.07%), N = 3, StdDev = 0.767 us
Min = 603.421 us, Q1 = 603.938 us, Median = 604.456 us, Q3 = 604.687 us, Max = 604.918 us
IQR = 0.749 us, LowerFence = 602.815 us, UpperFence = 605.810 us
ConfidenceInterval = [590.278 us; 618.252 us] (CI 99.9%), Margin = 13.987 us (2.31% of Mean)
Skewness = -0.23, Kurtosis = 0.67, MValue = 2
-------------------- Histogram --------------------
[602.723 us ; 605.616 us) | @@@
---------------------------------------------------

PlutusUseCasesBenchmarks.DecodeAndEval: NativeAOT 10.0(Runtime=NativeAOT 10.0, Toolchain=Latest ILCompiler, IterationCount=3, LaunchCount=1, MinIterationCount=50, WarmupCount=3) [Script=multisig-sm-10]
Runtime = .NET 10.0.12, X64 NativeAOT x86-64-v4; GC = Concurrent Workstation
Mean = 798.615 us, StdErr = 0.542 us (0.07%), N = 3, StdDev = 0.938 us
Min = 797.688 us, Q1 = 798.140 us, Median = 798.593 us, Q3 = 799.078 us, Max = 799.564 us
IQR = 0.938 us, LowerFence = 796.733 us, UpperFence = 800.486 us
ConfidenceInterval = [781.497 us; 815.733 us] (CI 99.9%), Margin = 17.118 us (2.14% of Mean)
Skewness = 0.02, Kurtosis = 0.67, MValue = 2
-------------------- Histogram --------------------
[796.834 us ; 800.418 us) | @@@
---------------------------------------------------

PlutusUseCasesBenchmarks.DecodeAndEval: NativeAOT 10.0(Runtime=NativeAOT 10.0, Toolchain=Latest ILCompiler, IterationCount=3, LaunchCount=1, MinIterationCount=50, WarmupCount=3) [Script=ping-pong_2-1]
Runtime = .NET 10.0.12, X64 NativeAOT x86-64-v4; GC = Concurrent Workstation
Mean = 351.908 us, StdErr = 0.277 us (0.08%), N = 3, StdDev = 0.480 us
Min = 351.356 us, Q1 = 351.747 us, Median = 352.138 us, Q3 = 352.184 us, Max = 352.230 us
IQR = 0.437 us, LowerFence = 351.092 us, UpperFence = 352.839 us
ConfidenceInterval = [343.150 us; 360.666 us] (CI 99.9%), Margin = 8.758 us (2.49% of Mean)
Skewness = -0.37, Kurtosis = 0.67, MValue = 2
-------------------- Histogram --------------------
[351.356 us ; 352.230 us) | @@@
---------------------------------------------------

PlutusUseCasesBenchmarks.DecodeAndEval: NativeAOT 10.0(Runtime=NativeAOT 10.0, Toolchain=Latest ILCompiler, IterationCount=3, LaunchCount=1, MinIterationCount=50, WarmupCount=3) [Script=ping-pong-1]
Runtime = .NET 10.0.12, X64 NativeAOT x86-64-v4; GC = Concurrent Workstation
Mean = 527.361 us, StdErr = 32.298 us (6.12%), N = 3, StdDev = 55.942 us
Min = 494.336 us, Q1 = 495.065 us, Median = 495.795 us, Q3 = 543.874 us, Max = 591.952 us
IQR = 48.808 us, LowerFence = 421.853 us, UpperFence = 617.086 us
ConfidenceInterval = [-493.238 us; 1,547.960 us] (CI 99.9%), Margin = 1,020.599 us (193.53% of Mean)
Skewness = 0.38, Kurtosis = 0.67, MValue = 2
-------------------- Histogram --------------------
[492.234 us ; 594.054 us) | @@@
---------------------------------------------------

PlutusUseCasesBenchmarks.DecodeAndEval: NativeAOT 10.0(Runtime=NativeAOT 10.0, Toolchain=Latest ILCompiler, IterationCount=3, LaunchCount=1, MinIterationCount=50, WarmupCount=3) [Script=ping-pong-2]
Runtime = .NET 10.0.12, X64 NativeAOT x86-64-v4; GC = Concurrent Workstation
Mean = 495.918 us, StdErr = 0.279 us (0.06%), N = 3, StdDev = 0.484 us
Min = 495.563 us, Q1 = 495.643 us, Median = 495.722 us, Q3 = 496.096 us, Max = 496.469 us
IQR = 0.453 us, LowerFence = 494.963 us, UpperFence = 496.775 us
ConfidenceInterval = [487.093 us; 504.744 us] (CI 99.9%), Margin = 8.825 us (1.78% of Mean)
Skewness = 0.34, Kurtosis = 0.67, MValue = 2
-------------------- Histogram --------------------
[495.123 us ; 496.909 us) | @@@
---------------------------------------------------

PlutusUseCasesBenchmarks.DecodeAndEval: NativeAOT 10.0(Runtime=NativeAOT 10.0, Toolchain=Latest ILCompiler, IterationCount=3, LaunchCount=1, MinIterationCount=50, WarmupCount=3) [Script=prism-1]
Runtime = .NET 10.0.12, X64 NativeAOT x86-64-v4; GC = Concurrent Workstation
Mean = 204.919 us, StdErr = 0.064 us (0.03%), N = 3, StdDev = 0.111 us
Min = 204.795 us, Q1 = 204.874 us, Median = 204.953 us, Q3 = 204.981 us, Max = 205.008 us
IQR = 0.107 us, LowerFence = 204.714 us, UpperFence = 205.141 us
ConfidenceInterval = [202.894 us; 206.943 us] (CI 99.9%), Margin = 2.024 us (0.99% of Mean)
Skewness = -0.28, Kurtosis = 0.67, MValue = 2
-------------------- Histogram --------------------
[204.694 us ; 205.109 us) | @@@
---------------------------------------------------

PlutusUseCasesBenchmarks.DecodeAndEval: NativeAOT 10.0(Runtime=NativeAOT 10.0, Toolchain=Latest ILCompiler, IterationCount=3, LaunchCount=1, MinIterationCount=50, WarmupCount=3) [Script=prism-2]
Runtime = .NET 10.0.12, X64 NativeAOT x86-64-v4; GC = Concurrent Workstation
Mean = 591.401 us, StdErr = 0.988 us (0.17%), N = 3, StdDev = 1.711 us
Min = 590.141 us, Q1 = 590.427 us, Median = 590.712 us, Q3 = 592.031 us, Max = 593.349 us
IQR = 1.604 us, LowerFence = 588.020 us, UpperFence = 594.437 us
ConfidenceInterval = [560.177 us; 622.624 us] (CI 99.9%), Margin = 31.224 us (5.28% of Mean)
Skewness = 0.34, Kurtosis = 0.67, MValue = 2
-------------------- Histogram --------------------
[588.583 us ; 594.907 us) | @@@
---------------------------------------------------

PlutusUseCasesBenchmarks.DecodeAndEval: NativeAOT 10.0(Runtime=NativeAOT 10.0, Toolchain=Latest ILCompiler, IterationCount=3, LaunchCount=1, MinIterationCount=50, WarmupCount=3) [Script=prism-3]
Runtime = .NET 10.0.12, X64 NativeAOT x86-64-v4; GC = Concurrent Workstation
Mean = 471.623 us, StdErr = 1.153 us (0.24%), N = 3, StdDev = 1.997 us
Min = 469.402 us, Q1 = 470.799 us, Median = 472.196 us, Q3 = 472.734 us, Max = 473.272 us
IQR = 1.935 us, LowerFence = 467.897 us, UpperFence = 475.636 us
ConfidenceInterval = [435.185 us; 508.061 us] (CI 99.9%), Margin = 36.438 us (7.73% of Mean)
Skewness = -0.26, Kurtosis = 0.67, MValue = 2
-------------------- Histogram --------------------
[467.585 us ; 475.089 us) | @@@
---------------------------------------------------

PlutusUseCasesBenchmarks.DecodeAndEval: NativeAOT 10.0(Runtime=NativeAOT 10.0, Toolchain=Latest ILCompiler, IterationCount=3, LaunchCount=1, MinIterationCount=50, WarmupCount=3) [Script=pubkey-1]
Runtime = .NET 10.0.12, X64 NativeAOT x86-64-v4; GC = Concurrent Workstation
Mean = 181.675 us, StdErr = 0.049 us (0.03%), N = 3, StdDev = 0.085 us
Min = 181.585 us, Q1 = 181.635 us, Median = 181.684 us, Q3 = 181.720 us, Max = 181.756 us
IQR = 0.085 us, LowerFence = 181.507 us, UpperFence = 181.847 us
ConfidenceInterval = [180.117 us; 183.233 us] (CI 99.9%), Margin = 1.558 us (0.86% of Mean)
Skewness = -0.1, Kurtosis = 0.67, MValue = 2
-------------------- Histogram --------------------
[181.508 us ; 181.833 us) | @@@
---------------------------------------------------

PlutusUseCasesBenchmarks.DecodeAndEval: NativeAOT 10.0(Runtime=NativeAOT 10.0, Toolchain=Latest ILCompiler, IterationCount=3, LaunchCount=1, MinIterationCount=50, WarmupCount=3) [Script=stablecoin_1-1]
Runtime = .NET 10.0.12, X64 NativeAOT x86-64-v4; GC = Concurrent Workstation
Mean = 1.334 ms, StdErr = 0.000 ms (0.03%), N = 3, StdDev = 0.001 ms
Min = 1.333 ms, Q1 = 1.333 ms, Median = 1.334 ms, Q3 = 1.334 ms, Max = 1.334 ms
IQR = 0.001 ms, LowerFence = 1.332 ms, UpperFence = 1.335 ms
ConfidenceInterval = [1.321 ms; 1.346 ms] (CI 99.9%), Margin = 0.012 ms (0.94% of Mean)
Skewness = -0.08, Kurtosis = 0.67, MValue = 2
-------------------- Histogram --------------------
[1.332 ms ; 1.335 ms) | @@@
---------------------------------------------------

PlutusUseCasesBenchmarks.DecodeAndEval: NativeAOT 10.0(Runtime=NativeAOT 10.0, Toolchain=Latest ILCompiler, IterationCount=3, LaunchCount=1, MinIterationCount=50, WarmupCount=3) [Script=stablecoin_1-2]
Runtime = .NET 10.0.12, X64 NativeAOT x86-64-v4; GC = Concurrent Workstation
Mean = 234.205 us, StdErr = 0.031 us (0.01%), N = 3, StdDev = 0.053 us
Min = 234.151 us, Q1 = 234.180 us, Median = 234.208 us, Q3 = 234.233 us, Max = 234.257 us
IQR = 0.053 us, LowerFence = 234.100 us, UpperFence = 234.312 us
ConfidenceInterval = [233.239 us; 235.172 us] (CI 99.9%), Margin = 0.967 us (0.41% of Mean)
Skewness = -0.05, Kurtosis = 0.67, MValue = 2
-------------------- Histogram --------------------
[234.103 us ; 234.305 us) | @@@
---------------------------------------------------

PlutusUseCasesBenchmarks.DecodeAndEval: NativeAOT 10.0(Runtime=NativeAOT 10.0, Toolchain=Latest ILCompiler, IterationCount=3, LaunchCount=1, MinIterationCount=50, WarmupCount=3) [Script=stablecoin_1-3]
Runtime = .NET 10.0.12, X64 NativeAOT x86-64-v4; GC = Concurrent Workstation
Mean = 1.503 ms, StdErr = 0.002 ms (0.12%), N = 3, StdDev = 0.003 ms
Min = 1.500 ms, Q1 = 1.501 ms, Median = 1.502 ms, Q3 = 1.504 ms, Max = 1.506 ms
IQR = 0.003 ms, LowerFence = 1.496 ms, UpperFence = 1.508 ms
ConfidenceInterval = [1.448 ms; 1.557 ms] (CI 99.9%), Margin = 0.055 ms (3.65% of Mean)
Skewness = 0.19, Kurtosis = 0.67, MValue = 2
-------------------- Histogram --------------------
[1.497 ms ; 1.509 ms) | @@@
---------------------------------------------------

PlutusUseCasesBenchmarks.DecodeAndEval: NativeAOT 10.0(Runtime=NativeAOT 10.0, Toolchain=Latest ILCompiler, IterationCount=3, LaunchCount=1, MinIterationCount=50, WarmupCount=3) [Script=stablecoin_1-4]
Runtime = .NET 10.0.12, X64 NativeAOT x86-64-v4; GC = Concurrent Workstation
Mean = 283.833 us, StdErr = 19.720 us (6.95%), N = 3, StdDev = 34.157 us
Min = 246.427 us, Q1 = 269.066 us, Median = 291.704 us, Q3 = 302.535 us, Max = 313.366 us
IQR = 33.469 us, LowerFence = 218.862 us, UpperFence = 352.739 us
ConfidenceInterval = [-339.312 us; 906.978 us] (CI 99.9%), Margin = 623.145 us (219.55% of Mean)
Skewness = -0.22, Kurtosis = 0.67, MValue = 2
-------------------- Histogram --------------------
[215.343 us ; 271.451 us) | @
[271.451 us ; 344.450 us) | @@
---------------------------------------------------

PlutusUseCasesBenchmarks.DecodeAndEval: NativeAOT 10.0(Runtime=NativeAOT 10.0, Toolchain=Latest ILCompiler, IterationCount=3, LaunchCount=1, MinIterationCount=50, WarmupCount=3) [Script=stablecoin_1-5]
Runtime = .NET 10.0.12, X64 NativeAOT x86-64-v4; GC = Concurrent Workstation
Mean = 1.874 ms, StdErr = 0.001 ms (0.06%), N = 3, StdDev = 0.002 ms
Min = 1.872 ms, Q1 = 1.873 ms, Median = 1.874 ms, Q3 = 1.875 ms, Max = 1.875 ms
IQR = 0.002 ms, LowerFence = 1.870 ms, UpperFence = 1.878 ms
ConfidenceInterval = [1.839 ms; 1.908 ms] (CI 99.9%), Margin = 0.035 ms (1.84% of Mean)
Skewness = -0.26, Kurtosis = 0.67, MValue = 2
-------------------- Histogram --------------------
[1.870 ms ; 1.877 ms) | @@@
---------------------------------------------------

PlutusUseCasesBenchmarks.DecodeAndEval: NativeAOT 10.0(Runtime=NativeAOT 10.0, Toolchain=Latest ILCompiler, IterationCount=3, LaunchCount=1, MinIterationCount=50, WarmupCount=3) [Script=stablecoin_1-6]
Runtime = .NET 10.0.12, X64 NativeAOT x86-64-v4; GC = Concurrent Workstation
Mean = 291.118 us, StdErr = 0.121 us (0.04%), N = 3, StdDev = 0.209 us
Min = 290.956 us, Q1 = 291.000 us, Median = 291.043 us, Q3 = 291.198 us, Max = 291.354 us
IQR = 0.199 us, LowerFence = 290.701 us, UpperFence = 291.497 us
ConfidenceInterval = [287.300 us; 294.935 us] (CI 99.9%), Margin = 3.818 us (1.31% of Mean)
Skewness = 0.31, Kurtosis = 0.67, MValue = 2
-------------------- Histogram --------------------
[290.766 us ; 291.545 us) | @@@
---------------------------------------------------

PlutusUseCasesBenchmarks.DecodeAndEval: NativeAOT 10.0(Runtime=NativeAOT 10.0, Toolchain=Latest ILCompiler, IterationCount=3, LaunchCount=1, MinIterationCount=50, WarmupCount=3) [Script=stablecoin_2-1]
Runtime = .NET 10.0.12, X64 NativeAOT x86-64-v4; GC = Concurrent Workstation
Mean = 1.335 ms, StdErr = 0.001 ms (0.05%), N = 3, StdDev = 0.001 ms
Min = 1.333 ms, Q1 = 1.334 ms, Median = 1.335 ms, Q3 = 1.335 ms, Max = 1.336 ms
IQR = 0.001 ms, LowerFence = 1.332 ms, UpperFence = 1.337 ms
ConfidenceInterval = [1.315 ms; 1.354 ms] (CI 99.9%), Margin = 0.019 ms (1.43% of Mean)
Skewness = 0.02, Kurtosis = 0.67, MValue = 2
-------------------- Histogram --------------------
[1.333 ms ; 1.337 ms) | @@@
---------------------------------------------------

PlutusUseCasesBenchmarks.DecodeAndEval: NativeAOT 10.0(Runtime=NativeAOT 10.0, Toolchain=Latest ILCompiler, IterationCount=3, LaunchCount=1, MinIterationCount=50, WarmupCount=3) [Script=stablecoin_2-2]
Runtime = .NET 10.0.12, X64 NativeAOT x86-64-v4; GC = Concurrent Workstation
Mean = 232.924 us, StdErr = 0.258 us (0.11%), N = 3, StdDev = 0.447 us
Min = 232.480 us, Q1 = 232.698 us, Median = 232.917 us, Q3 = 233.146 us, Max = 233.375 us
IQR = 0.447 us, LowerFence = 232.027 us, UpperFence = 233.817 us
ConfidenceInterval = [224.760 us; 241.088 us] (CI 99.9%), Margin = 8.164 us (3.50% of Mean)
Skewness = 0.02, Kurtosis = 0.67, MValue = 2
-------------------- Histogram --------------------
[232.073 us ; 233.782 us) | @@@
---------------------------------------------------

PlutusUseCasesBenchmarks.DecodeAndEval: NativeAOT 10.0(Runtime=NativeAOT 10.0, Toolchain=Latest ILCompiler, IterationCount=3, LaunchCount=1, MinIterationCount=50, WarmupCount=3) [Script=stablecoin_2-3]
Runtime = .NET 10.0.12, X64 NativeAOT x86-64-v4; GC = Concurrent Workstation
Mean = 1.762 ms, StdErr = 0.072 ms (4.08%), N = 3, StdDev = 0.125 ms
Min = 1.619 ms, Q1 = 1.720 ms, Median = 1.821 ms, Q3 = 1.834 ms, Max = 1.847 ms
IQR = 0.114 ms, LowerFence = 1.550 ms, UpperFence = 2.005 ms
ConfidenceInterval = [-0.512 ms; 4.037 ms] (CI 99.9%), Margin = 2.274 ms (129.05% of Mean)
Skewness = -0.37, Kurtosis = 0.67, MValue = 2
-------------------- Histogram --------------------
[1.506 ms ; 1.720 ms) | @
[1.720 ms ; 1.960 ms) | @@
---------------------------------------------------

PlutusUseCasesBenchmarks.DecodeAndEval: NativeAOT 10.0(Runtime=NativeAOT 10.0, Toolchain=Latest ILCompiler, IterationCount=3, LaunchCount=1, MinIterationCount=50, WarmupCount=3) [Script=stablecoin_2-4]
Runtime = .NET 10.0.12, X64 NativeAOT x86-64-v4; GC = Concurrent Workstation
Mean = 248.163 us, StdErr = 1.175 us (0.47%), N = 3, StdDev = 2.036 us
Min = 245.815 us, Q1 = 247.533 us, Median = 249.251 us, Q3 = 249.337 us, Max = 249.424 us
IQR = 1.805 us, LowerFence = 244.826 us, UpperFence = 252.044 us
ConfidenceInterval = [211.026 us; 285.301 us] (CI 99.9%), Margin = 37.137 us (14.96% of Mean)
Skewness = -0.38, Kurtosis = 0.67, MValue = 2
-------------------- Histogram --------------------
[245.767 us ; 249.472 us) | @@@
---------------------------------------------------

PlutusUseCasesBenchmarks.DecodeAndEval: NativeAOT 10.0(Runtime=NativeAOT 10.0, Toolchain=Latest ILCompiler, IterationCount=3, LaunchCount=1, MinIterationCount=50, WarmupCount=3) [Script=token-account-1]
Runtime = .NET 10.0.12, X64 NativeAOT x86-64-v4; GC = Concurrent Workstation
Mean = 272.876 us, StdErr = 0.256 us (0.09%), N = 3, StdDev = 0.443 us
Min = 272.514 us, Q1 = 272.628 us, Median = 272.742 us, Q3 = 273.056 us, Max = 273.370 us
IQR = 0.428 us, LowerFence = 271.987 us, UpperFence = 273.698 us
ConfidenceInterval = [264.791 us; 280.960 us] (CI 99.9%), Margin = 8.084 us (2.96% of Mean)
Skewness = 0.27, Kurtosis = 0.67, MValue = 2
-------------------- Histogram --------------------
[272.111 us ; 273.773 us) | @@@
---------------------------------------------------

PlutusUseCasesBenchmarks.DecodeAndEval: NativeAOT 10.0(Runtime=NativeAOT 10.0, Toolchain=Latest ILCompiler, IterationCount=3, LaunchCount=1, MinIterationCount=50, WarmupCount=3) [Script=token-account-2]
Runtime = .NET 10.0.12, X64 NativeAOT x86-64-v4; GC = Concurrent Workstation
Mean = 416.388 us, StdErr = 1.118 us (0.27%), N = 3, StdDev = 1.936 us
Min = 414.349 us, Q1 = 415.482 us, Median = 416.616 us, Q3 = 417.408 us, Max = 418.200 us
IQR = 1.926 us, LowerFence = 412.594 us, UpperFence = 420.296 us
ConfidenceInterval = [381.074 us; 451.702 us] (CI 99.9%), Margin = 35.314 us (8.48% of Mean)
Skewness = -0.12, Kurtosis = 0.67, MValue = 2
-------------------- Histogram --------------------
[412.587 us ; 419.962 us) | @@@
---------------------------------------------------

PlutusUseCasesBenchmarks.DecodeAndEval: NativeAOT 10.0(Runtime=NativeAOT 10.0, Toolchain=Latest ILCompiler, IterationCount=3, LaunchCount=1, MinIterationCount=50, WarmupCount=3) [Script=uniswap-1]
Runtime = .NET 10.0.12, X64 NativeAOT x86-64-v4; GC = Concurrent Workstation
Mean = 556.489 us, StdErr = 23.801 us (4.28%), N = 3, StdDev = 41.224 us
Min = 531.866 us, Q1 = 532.693 us, Median = 533.521 us, Q3 = 568.801 us, Max = 604.081 us
IQR = 36.108 us, LowerFence = 478.532 us, UpperFence = 622.963 us
ConfidenceInterval = [-195.591 us; 1,308.570 us] (CI 99.9%), Margin = 752.080 us (135.15% of Mean)
Skewness = 0.38, Kurtosis = 0.67, MValue = 2
-------------------- Histogram --------------------
[530.458 us ; 605.489 us) | @@@
---------------------------------------------------

PlutusUseCasesBenchmarks.DecodeAndEval: NativeAOT 10.0(Runtime=NativeAOT 10.0, Toolchain=Latest ILCompiler, IterationCount=3, LaunchCount=1, MinIterationCount=50, WarmupCount=3) [Script=uniswap-2]
Runtime = .NET 10.0.12, X64 NativeAOT x86-64-v4; GC = Concurrent Workstation
Mean = 308.309 us, StdErr = 0.472 us (0.15%), N = 3, StdDev = 0.817 us
Min = 307.410 us, Q1 = 307.959 us, Median = 308.509 us, Q3 = 308.758 us, Max = 309.007 us
IQR = 0.798 us, LowerFence = 306.762 us, UpperFence = 309.955 us
ConfidenceInterval = [293.403 us; 323.215 us] (CI 99.9%), Margin = 14.906 us (4.83% of Mean)
Skewness = -0.23, Kurtosis = 0.67, MValue = 2
-------------------- Histogram --------------------
[306.666 us ; 309.750 us) | @@@
---------------------------------------------------

PlutusUseCasesBenchmarks.DecodeAndEval: NativeAOT 10.0(Runtime=NativeAOT 10.0, Toolchain=Latest ILCompiler, IterationCount=3, LaunchCount=1, MinIterationCount=50, WarmupCount=3) [Script=uniswap-3]
Runtime = .NET 10.0.12, X64 NativeAOT x86-64-v4; GC = Concurrent Workstation
Mean = 2.056 ms, StdErr = 0.003 ms (0.13%), N = 3, StdDev = 0.004 ms
Min = 2.053 ms, Q1 = 2.053 ms, Median = 2.054 ms, Q3 = 2.058 ms, Max = 2.061 ms
IQR = 0.004 ms, LowerFence = 2.047 ms, UpperFence = 2.064 ms
ConfidenceInterval = [1.974 ms; 2.138 ms] (CI 99.9%), Margin = 0.082 ms (3.98% of Mean)
Skewness = 0.37, Kurtosis = 0.67, MValue = 2
-------------------- Histogram --------------------
[2.053 ms ; 2.061 ms) | @@@
---------------------------------------------------

PlutusUseCasesBenchmarks.DecodeAndEval: NativeAOT 10.0(Runtime=NativeAOT 10.0, Toolchain=Latest ILCompiler, IterationCount=3, LaunchCount=1, MinIterationCount=50, WarmupCount=3) [Script=uniswap-4]
Runtime = .NET 10.0.12, X64 NativeAOT x86-64-v4; GC = Concurrent Workstation
Mean = 371.943 us, StdErr = 0.231 us (0.06%), N = 3, StdDev = 0.401 us
Min = 371.514 us, Q1 = 371.761 us, Median = 372.007 us, Q3 = 372.158 us, Max = 372.308 us
IQR = 0.397 us, LowerFence = 371.166 us, UpperFence = 372.753 us
ConfidenceInterval = [364.635 us; 379.252 us] (CI 99.9%), Margin = 7.308 us (1.96% of Mean)
Skewness = -0.16, Kurtosis = 0.67, MValue = 2
-------------------- Histogram --------------------
[371.150 us ; 372.672 us) | @@@
---------------------------------------------------

PlutusUseCasesBenchmarks.DecodeAndEval: NativeAOT 10.0(Runtime=NativeAOT 10.0, Toolchain=Latest ILCompiler, IterationCount=3, LaunchCount=1, MinIterationCount=50, WarmupCount=3) [Script=uniswap-5]
Runtime = .NET 10.0.12, X64 NativeAOT x86-64-v4; GC = Concurrent Workstation
Mean = 1.377 ms, StdErr = 0.001 ms (0.08%), N = 3, StdDev = 0.002 ms
Min = 1.375 ms, Q1 = 1.377 ms, Median = 1.378 ms, Q3 = 1.378 ms, Max = 1.379 ms
IQR = 0.002 ms, LowerFence = 1.374 ms, UpperFence = 1.381 ms
ConfidenceInterval = [1.343 ms; 1.412 ms] (CI 99.9%), Margin = 0.034 ms (2.48% of Mean)
Skewness = -0.13, Kurtosis = 0.67, MValue = 2
-------------------- Histogram --------------------
[1.374 ms ; 1.381 ms) | @@@
---------------------------------------------------

PlutusUseCasesBenchmarks.DecodeAndEval: NativeAOT 10.0(Runtime=NativeAOT 10.0, Toolchain=Latest ILCompiler, IterationCount=3, LaunchCount=1, MinIterationCount=50, WarmupCount=3) [Script=uniswap-6]
Runtime = .NET 10.0.12, X64 NativeAOT x86-64-v4; GC = Concurrent Workstation
Mean = 364.518 us, StdErr = 0.276 us (0.08%), N = 3, StdDev = 0.478 us
Min = 363.987 us, Q1 = 364.320 us, Median = 364.653 us, Q3 = 364.784 us, Max = 364.915 us
IQR = 0.464 us, LowerFence = 363.624 us, UpperFence = 365.480 us
ConfidenceInterval = [355.790 us; 373.247 us] (CI 99.9%), Margin = 8.728 us (2.39% of Mean)
Skewness = -0.26, Kurtosis = 0.67, MValue = 2
-------------------- Histogram --------------------
[363.552 us ; 365.351 us) | @@@
---------------------------------------------------

PlutusUseCasesBenchmarks.DecodeAndEval: NativeAOT 10.0(Runtime=NativeAOT 10.0, Toolchain=Latest ILCompiler, IterationCount=3, LaunchCount=1, MinIterationCount=50, WarmupCount=3) [Script=vesting-1]
Runtime = .NET 10.0.12, X64 NativeAOT x86-64-v4; GC = Concurrent Workstation
Mean = 469.702 us, StdErr = 0.374 us (0.08%), N = 3, StdDev = 0.648 us
Min = 469.081 us, Q1 = 469.367 us, Median = 469.652 us, Q3 = 470.013 us, Max = 470.374 us
IQR = 0.646 us, LowerFence = 468.397 us, UpperFence = 470.982 us
ConfidenceInterval = [457.884 us; 481.521 us] (CI 99.9%), Margin = 11.818 us (2.52% of Mean)
Skewness = 0.08, Kurtosis = 0.67, MValue = 2
-------------------- Histogram --------------------
[468.492 us ; 470.964 us) | @@@
---------------------------------------------------

// * Summary *

BenchmarkDotNet v0.15.8, Linux Ubuntu 24.04.5 LTS (Noble Numbat)
11th Gen Intel Core i9-11900 2.50GHz (Max: 0.80GHz), 1 CPU, 16 logical and 8 physical cores
.NET SDK 10.0.401
  [Host]         : .NET 10.0.12 (10.0.12, 10.0.1226.42308), X64 RyuJIT x86-64-v4
  NativeAOT 10.0 : .NET 10.0.12, X64 NativeAOT x86-64-v4

Job=NativeAOT 10.0  Runtime=NativeAOT 10.0  Toolchain=Latest ILCompiler  
IterationCount=3  LaunchCount=1  MinIterationCount=50  
WarmupCount=3  

| Method        | Script                   | Mean       | Error       | StdDev    | Gen0     | Gen1     | Allocated  |
|-------------- |------------------------- |-----------:|------------:|----------:|---------:|---------:|-----------:|
| DecodeAndEval | auction_1-1              |   232.9 us |     4.13 us |   0.23 us |  51.7578 |  13.6719 |     424 KB |
| DecodeAndEval | auction_1-2              |   862.0 us |    12.91 us |   0.71 us | 142.5781 |  70.3125 | 1168.85 KB |
| DecodeAndEval | auction_1-3              |   874.8 us |    20.11 us |   1.10 us | 144.5313 |  64.4531 | 1184.21 KB |
| DecodeAndEval | auction_1-4              |   277.0 us |     4.55 us |   0.25 us |  61.5234 |  18.0664 |  506.31 KB |
| DecodeAndEval | auction_2-1              |   231.6 us |     2.57 us |   0.14 us |  51.7578 |  13.6719 |     424 KB |
| DecodeAndEval | auction_2-2              |   854.8 us |    28.66 us |   1.57 us | 142.5781 |  71.2891 | 1168.85 KB |
| DecodeAndEval | auction_2-3              | 1,095.2 us |    29.66 us |   1.63 us | 173.8281 |  80.0781 | 1425.36 KB |
| DecodeAndEval | auction_2-4              |   875.3 us |     2.99 us |   0.16 us | 144.5313 |  64.4531 | 1184.21 KB |
| DecodeAndEval | auction_2-5              |   278.0 us |     8.18 us |   0.45 us |  61.5234 |  18.0664 |  506.31 KB |
| DecodeAndEval | coop-1                   |   271.6 us |   641.03 us |  35.14 us |  59.5703 |  15.8691 |  488.11 KB |
| DecodeAndEval | coop-2                   |   729.7 us |    10.99 us |   0.60 us | 164.0625 |  63.4766 | 1346.75 KB |
| DecodeAndEval | coop-3                   | 2,315.7 us |   101.36 us |   5.56 us | 410.1563 | 136.7188 | 3378.13 KB |
| DecodeAndEval | coop-4                   |   942.4 us |    26.26 us |   1.44 us | 186.5234 |  64.4531 | 1528.18 KB |
| DecodeAndEval | coop-5                   |   460.2 us |    24.53 us |   1.34 us | 102.0508 |  33.2031 |  834.97 KB |
| DecodeAndEval | coop-6                   |   710.0 us | 1,588.13 us |  87.05 us | 146.4844 |  46.8750 | 1200.69 KB |
| DecodeAndEval | coop-7                   |   318.9 us |    12.04 us |   0.66 us |  79.5898 |  23.4375 |  650.66 KB |
| DecodeAndEval | crowdfunding-success-1   |   274.0 us |    30.59 us |   1.68 us |  61.0352 |  18.0664 |  502.38 KB |
| DecodeAndEval | crowdfunding-success-2   |   266.0 us |    20.32 us |   1.11 us |  61.0352 |  18.0664 |  502.38 KB |
| DecodeAndEval | crowdfunding-success-3   |   266.4 us |    21.35 us |   1.17 us |  61.0352 |  18.0664 |  502.38 KB |
| DecodeAndEval | currency-1               |   340.9 us |     6.20 us |   0.34 us |  64.4531 |  20.0195 |  530.18 KB |
| DecodeAndEval | escrow-redeem_1-1        |   453.9 us |    11.30 us |   0.62 us |  88.3789 |  29.2969 |  722.87 KB |
| DecodeAndEval | escrow-redeem_1-2        |   454.6 us |     9.74 us |   0.53 us |  88.3789 |  29.2969 |  722.87 KB |
| DecodeAndEval | escrow-redeem_2-1        |   515.5 us |    23.68 us |   1.30 us |  97.6563 |  31.2500 |  802.93 KB |
| DecodeAndEval | escrow-redeem_2-2        |   513.3 us |    18.66 us |   1.02 us |  97.6563 |  31.2500 |  802.93 KB |
| DecodeAndEval | escrow-redeem_2-3        |   583.8 us | 1,184.36 us |  64.92 us |  97.6563 |  31.2500 |  802.93 KB |
| DecodeAndEval | escrow-refund-1          |   244.4 us |    10.92 us |   0.60 us |  56.8848 |  18.0664 |  464.69 KB |
| DecodeAndEval | future-increase-margin-1 |   340.1 us |     9.48 us |   0.52 us |  64.4531 |  20.0195 |  529.98 KB |
| DecodeAndEval | future-increase-margin-2 |   667.3 us |    14.94 us |   0.82 us | 119.1406 |  38.0859 |  978.23 KB |
| DecodeAndEval | future-increase-margin-3 |   666.3 us |    35.91 us |   1.97 us | 119.1406 |  38.0859 |  978.23 KB |
| DecodeAndEval | future-increase-margin-4 |   751.0 us |    26.67 us |   1.46 us | 128.9063 |  58.5938 | 1057.01 KB |
| DecodeAndEval | future-increase-margin-5 | 1,151.9 us |    18.96 us |   1.04 us | 169.9219 |  74.2188 | 1394.03 KB |
| DecodeAndEval | future-pay-out-1         |   341.6 us |    15.19 us |   0.83 us |  64.4531 |  20.0195 |  529.98 KB |
| DecodeAndEval | future-pay-out-2         |   664.4 us |    21.56 us |   1.18 us | 119.1406 |  38.0859 |  978.23 KB |
| DecodeAndEval | future-pay-out-3         |   760.1 us | 1,442.32 us |  79.06 us | 119.1406 |  38.0859 |  978.23 KB |
| DecodeAndEval | future-pay-out-4         | 1,152.4 us |    14.27 us |   0.78 us | 169.9219 |  78.1250 | 1392.14 KB |
| DecodeAndEval | future-settle-early-1    |   340.7 us |    12.09 us |   0.66 us |  64.4531 |  20.0195 |  529.98 KB |
| DecodeAndEval | future-settle-early-2    |   666.2 us |    11.22 us |   0.62 us | 119.1406 |  39.0625 |  978.23 KB |
| DecodeAndEval | future-settle-early-3    |   719.2 us | 1,670.98 us |  91.59 us | 119.1406 |  38.0859 |  978.23 KB |
| DecodeAndEval | future-settle-early-4    |   911.2 us |     1.09 us |   0.06 us | 139.6484 |  60.5469 | 1145.59 KB |
| DecodeAndEval | game-sm-success_1-1      |   572.5 us |     7.66 us |   0.42 us | 104.4922 |  51.7578 |  859.27 KB |
| DecodeAndEval | game-sm-success_1-2      |   239.2 us |     4.86 us |   0.27 us |  54.1992 |  16.6016 |   444.3 KB |
| DecodeAndEval | game-sm-success_1-3      |   856.3 us |     3.51 us |   0.19 us | 143.5547 |  65.4297 |  1180.3 KB |
| DecodeAndEval | game-sm-success_1-4      |   279.5 us |   331.21 us |  18.15 us |  60.5469 |  18.0664 |  495.73 KB |
| DecodeAndEval | game-sm-success_2-1      |   561.3 us |    12.28 us |   0.67 us | 104.4922 |  51.7578 |  859.27 KB |
| DecodeAndEval | game-sm-success_2-2      |   238.2 us |     7.20 us |   0.39 us |  54.1992 |  16.6016 |   444.3 KB |
| DecodeAndEval | game-sm-success_2-3      |   919.6 us | 1,844.39 us | 101.10 us | 143.5547 |  65.4297 |  1180.3 KB |
| DecodeAndEval | game-sm-success_2-4      |   268.5 us |     6.75 us |   0.37 us |  60.5469 |  18.0664 |  495.73 KB |
| DecodeAndEval | game-sm-success_2-5      |   877.7 us |    19.91 us |   1.09 us | 143.5547 |  65.4297 | 1180.31 KB |
| DecodeAndEval | game-sm-success_2-6      |   268.7 us |     9.26 us |   0.51 us |  60.5469 |  18.0664 |  495.73 KB |
| DecodeAndEval | guardrail-sorted-large   |   500.3 us |    13.32 us |   0.73 us | 103.5156 |  31.2500 |  852.97 KB |
| DecodeAndEval | guardrail-sorted-small   |   113.0 us |     5.87 us |   0.32 us |  28.0762 |   6.9580 |  229.61 KB |
| DecodeAndEval | guardrail-unsorted-large |   665.6 us |    84.19 us |   4.61 us | 132.8125 |  41.0156 | 1087.63 KB |
| DecodeAndEval | guardrail-unsorted-small |   110.4 us |     4.20 us |   0.23 us |  27.7100 |   5.9814 |  226.67 KB |
| DecodeAndEval | multisig-sm-01           |   611.2 us |    15.92 us |   0.87 us | 108.3984 |  43.9453 |  892.99 KB |
| DecodeAndEval | multisig-sm-02           |   595.0 us |     5.06 us |   0.28 us | 107.4219 |  44.9219 |  879.58 KB |
| DecodeAndEval | multisig-sm-03           |   611.0 us |     8.37 us |   0.46 us | 107.4219 |  48.8281 |  884.81 KB |
| DecodeAndEval | multisig-sm-04           |   617.0 us |     4.78 us |   0.26 us | 108.3984 |  45.8984 |  890.03 KB |
| DecodeAndEval | multisig-sm-05           |   806.3 us |    31.31 us |   1.72 us | 132.8125 |  65.4297 | 1087.99 KB |
| DecodeAndEval | multisig-sm-06           |   607.5 us |    16.95 us |   0.93 us | 108.3984 |  45.8984 |  892.77 KB |
| DecodeAndEval | multisig-sm-07           |   597.9 us |    22.01 us |   1.21 us | 107.4219 |  44.9219 |  879.36 KB |
| DecodeAndEval | multisig-sm-08           |   599.7 us |    13.58 us |   0.74 us | 107.4219 |  49.8047 |  884.59 KB |
| DecodeAndEval | multisig-sm-09           |   604.3 us |    13.99 us |   0.77 us | 108.3984 |  46.8750 |  889.81 KB |
| DecodeAndEval | multisig-sm-10           |   798.6 us |    17.12 us |   0.94 us | 132.8125 |  65.4297 | 1087.88 KB |
| DecodeAndEval | ping-pong_2-1            |   351.9 us |     8.76 us |   0.48 us |  74.2188 |  30.2734 |  609.12 KB |
| DecodeAndEval | ping-pong-1              |   527.4 us | 1,020.60 us |  55.94 us |  92.7734 |  35.1563 |  764.09 KB |
| DecodeAndEval | ping-pong-2              |   495.9 us |     8.83 us |   0.48 us |  92.7734 |  35.1563 |  764.09 KB |
| DecodeAndEval | prism-1                  |   204.9 us |     2.02 us |   0.11 us |  47.8516 |  13.9160 |  391.36 KB |
| DecodeAndEval | prism-2                  |   591.4 us |    31.22 us |   1.71 us | 109.3750 |  46.8750 |  900.77 KB |
| DecodeAndEval | prism-3                  |   471.6 us |    36.44 us |   2.00 us |  86.4258 |  27.8320 |   707.7 KB |
| DecodeAndEval | pubkey-1                 |   181.7 us |     1.56 us |   0.09 us |  43.7012 |  11.9629 |  357.77 KB |
| DecodeAndEval | stablecoin_1-1           | 1,333.7 us |    12.50 us |   0.69 us | 177.7344 |  76.1719 | 1467.15 KB |
| DecodeAndEval | stablecoin_1-2           |   234.2 us |     0.97 us |   0.05 us |  53.7109 |  14.4043 |   438.8 KB |
| DecodeAndEval | stablecoin_1-3           | 1,502.5 us |    54.91 us |   3.01 us | 197.2656 |  87.8906 |  1623.5 KB |
| DecodeAndEval | stablecoin_1-4           |   283.8 us |   623.15 us |  34.16 us |  55.6641 |  15.6250 |  456.85 KB |
| DecodeAndEval | stablecoin_1-5           | 1,873.9 us |    34.57 us |   1.90 us | 238.2813 | 107.4219 | 1952.45 KB |
| DecodeAndEval | stablecoin_1-6           |   291.1 us |     3.82 us |   0.21 us |  64.9414 |  19.5313 |  532.12 KB |
| DecodeAndEval | stablecoin_2-1           | 1,334.5 us |    19.04 us |   1.04 us | 177.7344 |  76.1719 | 1467.15 KB |
| DecodeAndEval | stablecoin_2-2           |   232.9 us |     8.16 us |   0.45 us |  53.7109 |  14.4043 |   438.8 KB |
| DecodeAndEval | stablecoin_2-3           | 1,762.3 us | 2,274.28 us | 124.66 us | 197.2656 |  87.8906 |  1623.5 KB |
| DecodeAndEval | stablecoin_2-4           |   248.2 us |    37.14 us |   2.04 us |  55.6641 |  15.6250 |  456.85 KB |
| DecodeAndEval | token-account-1          |   272.9 us |     8.08 us |   0.44 us |  54.6875 |  17.0898 |  449.13 KB |
| DecodeAndEval | token-account-2          |   416.4 us |    35.31 us |   1.94 us |  80.0781 |  25.3906 |  655.36 KB |
| DecodeAndEval | uniswap-1                |   556.5 us |   752.08 us |  41.22 us |  91.7969 |  30.2734 |  753.76 KB |
| DecodeAndEval | uniswap-2                |   308.3 us |    14.91 us |   0.82 us |  61.0352 |  19.5313 |  502.02 KB |
| DecodeAndEval | uniswap-3                | 2,056.1 us |    81.75 us |   4.48 us | 304.6875 | 148.4375 | 2515.32 KB |
| DecodeAndEval | uniswap-4                |   371.9 us |     7.31 us |   0.40 us |  80.0781 |  23.4375 |  657.11 KB |
| DecodeAndEval | uniswap-5                | 1,377.4 us |    34.13 us |   1.87 us | 224.6094 |  97.6563 | 1841.06 KB |
| DecodeAndEval | uniswap-6                |   364.5 us |     8.73 us |   0.48 us |  77.1484 |  22.9492 |  632.96 KB |
| DecodeAndEval | vesting-1                |   469.7 us |    11.82 us |   0.65 us |  86.9141 |  28.8086 |  712.35 KB |

// * Legends *
  Script    : Value of the 'Script' parameter
  Mean      : Arithmetic mean of all measurements
  Error     : Half of 99.9% confidence interval
  StdDev    : Standard deviation of all measurements
  Gen0      : GC Generation 0 collects per 1000 operations
  Gen1      : GC Generation 1 collects per 1000 operations
  Allocated : Allocated memory per single operation (managed only, inclusive, 1KB = 1024B)
  1 us      : 1 Microsecond (0.000001 sec)

// * Diagnostic Output - MemoryDiagnoser *


// ***** BenchmarkRunner: End *****
Run time: 00:09:49 (589.66 sec), executed benchmarks: 89

Global total time: 00:10:53 (653.94 sec), executed benchmarks: 89
// * Artifacts cleanup *
Artifacts cleanup is finished
