
Welcome to .NET 10.0!
---------------------
SDK Version: 10.0.401

Telemetry
---------
The .NET tools collect usage data in order to help us improve your experience. It is collected by Microsoft and shared with the community. You can opt-out of telemetry by setting the DOTNET_CLI_TELEMETRY_OPTOUT environment variable to '1' or 'true' using your favorite shell.

Read more about .NET CLI Tools telemetry: https://aka.ms/dotnet-cli-telemetry

----------------
Installed an ASP.NET Core HTTPS development certificate.
To trust the certificate, run 'dotnet dev-certs https --trust'
Learn about HTTPS: https://aka.ms/dotnet-https

----------------
Write your first app: https://aka.ms/dotnet-hello-world
Find out what's new: https://aka.ms/dotnet-whats-new
Explore documentation: https://aka.ms/dotnet-docs
Report issues and find source on GitHub: https://github.com/dotnet/core
Use 'dotnet --help' to see available commands or visit: https://aka.ms/dotnet-cli
--------------------------------------------------------------------------------------
An issue was encountered verifying workloads. For more information, run "dotnet workload update".
// Validating benchmarks:
// ***** BenchmarkRunner: Start   *****
// ***** Found 89 benchmark(s) in total *****
// ***** Building 1 exe(s) in Parallel: Start   *****
// start dotnet  restore --nodeReuse:false /p:UseSharedCompilation=false /p:Deterministic=true /p:Optimize=true /p:ArtifactsPath="/bench/chrysalis/benchmarks/PlutusBench/bin/Release/net10.0/PlutusBench-ShortRun-1/" /p:OutDir="/bench/chrysalis/benchmarks/PlutusBench/bin/Release/net10.0/PlutusBench-ShortRun-1/bin/Release/net10.0/" /p:OutputPath="/bench/chrysalis/benchmarks/PlutusBench/bin/Release/net10.0/PlutusBench-ShortRun-1/bin/Release/net10.0/" /p:PublishDir="/bench/chrysalis/benchmarks/PlutusBench/bin/Release/net10.0/PlutusBench-ShortRun-1/publish/" in /bench/chrysalis/benchmarks/PlutusBench/bin/Release/net10.0/PlutusBench-ShortRun-1
// command took 0.87 sec and exited with 0
// start dotnet  build -c Release --no-restore --nodeReuse:false /p:UseSharedCompilation=false /p:Deterministic=true /p:Optimize=true /p:ArtifactsPath="/bench/chrysalis/benchmarks/PlutusBench/bin/Release/net10.0/PlutusBench-ShortRun-1/" /p:OutDir="/bench/chrysalis/benchmarks/PlutusBench/bin/Release/net10.0/PlutusBench-ShortRun-1/bin/Release/net10.0/" /p:OutputPath="/bench/chrysalis/benchmarks/PlutusBench/bin/Release/net10.0/PlutusBench-ShortRun-1/bin/Release/net10.0/" /p:PublishDir="/bench/chrysalis/benchmarks/PlutusBench/bin/Release/net10.0/PlutusBench-ShortRun-1/publish/" --output "/bench/chrysalis/benchmarks/PlutusBench/bin/Release/net10.0/PlutusBench-ShortRun-1/bin/Release/net10.0/" in /bench/chrysalis/benchmarks/PlutusBench/bin/Release/net10.0/PlutusBench-ShortRun-1
// command took 11.48 sec and exited with 0
// ***** Done, took 00:00:12 (12.43 sec)   *****
// Found 89 benchmarks:
//   PlutusUseCasesBenchmarks.DecodeAndEval: ShortRun(IterationCount=3, LaunchCount=1, MinIterationCount=50, WarmupCount=3) [Script=auction_1-1]
//   PlutusUseCasesBenchmarks.DecodeAndEval: ShortRun(IterationCount=3, LaunchCount=1, MinIterationCount=50, WarmupCount=3) [Script=auction_1-2]
//   PlutusUseCasesBenchmarks.DecodeAndEval: ShortRun(IterationCount=3, LaunchCount=1, MinIterationCount=50, WarmupCount=3) [Script=auction_1-3]
//   PlutusUseCasesBenchmarks.DecodeAndEval: ShortRun(IterationCount=3, LaunchCount=1, MinIterationCount=50, WarmupCount=3) [Script=auction_1-4]
//   PlutusUseCasesBenchmarks.DecodeAndEval: ShortRun(IterationCount=3, LaunchCount=1, MinIterationCount=50, WarmupCount=3) [Script=auction_2-1]
//   PlutusUseCasesBenchmarks.DecodeAndEval: ShortRun(IterationCount=3, LaunchCount=1, MinIterationCount=50, WarmupCount=3) [Script=auction_2-2]
//   PlutusUseCasesBenchmarks.DecodeAndEval: ShortRun(IterationCount=3, LaunchCount=1, MinIterationCount=50, WarmupCount=3) [Script=auction_2-3]
//   PlutusUseCasesBenchmarks.DecodeAndEval: ShortRun(IterationCount=3, LaunchCount=1, MinIterationCount=50, WarmupCount=3) [Script=auction_2-4]
//   PlutusUseCasesBenchmarks.DecodeAndEval: ShortRun(IterationCount=3, LaunchCount=1, MinIterationCount=50, WarmupCount=3) [Script=auction_2-5]
//   PlutusUseCasesBenchmarks.DecodeAndEval: ShortRun(IterationCount=3, LaunchCount=1, MinIterationCount=50, WarmupCount=3) [Script=coop-1]
//   PlutusUseCasesBenchmarks.DecodeAndEval: ShortRun(IterationCount=3, LaunchCount=1, MinIterationCount=50, WarmupCount=3) [Script=coop-2]
//   PlutusUseCasesBenchmarks.DecodeAndEval: ShortRun(IterationCount=3, LaunchCount=1, MinIterationCount=50, WarmupCount=3) [Script=coop-3]
//   PlutusUseCasesBenchmarks.DecodeAndEval: ShortRun(IterationCount=3, LaunchCount=1, MinIterationCount=50, WarmupCount=3) [Script=coop-4]
//   PlutusUseCasesBenchmarks.DecodeAndEval: ShortRun(IterationCount=3, LaunchCount=1, MinIterationCount=50, WarmupCount=3) [Script=coop-5]
//   PlutusUseCasesBenchmarks.DecodeAndEval: ShortRun(IterationCount=3, LaunchCount=1, MinIterationCount=50, WarmupCount=3) [Script=coop-6]
//   PlutusUseCasesBenchmarks.DecodeAndEval: ShortRun(IterationCount=3, LaunchCount=1, MinIterationCount=50, WarmupCount=3) [Script=coop-7]
//   PlutusUseCasesBenchmarks.DecodeAndEval: ShortRun(IterationCount=3, LaunchCount=1, MinIterationCount=50, WarmupCount=3) [Script=crowdfunding-success-1]
//   PlutusUseCasesBenchmarks.DecodeAndEval: ShortRun(IterationCount=3, LaunchCount=1, MinIterationCount=50, WarmupCount=3) [Script=crowdfunding-success-2]
//   PlutusUseCasesBenchmarks.DecodeAndEval: ShortRun(IterationCount=3, LaunchCount=1, MinIterationCount=50, WarmupCount=3) [Script=crowdfunding-success-3]
//   PlutusUseCasesBenchmarks.DecodeAndEval: ShortRun(IterationCount=3, LaunchCount=1, MinIterationCount=50, WarmupCount=3) [Script=currency-1]
//   PlutusUseCasesBenchmarks.DecodeAndEval: ShortRun(IterationCount=3, LaunchCount=1, MinIterationCount=50, WarmupCount=3) [Script=escrow-redeem_1-1]
//   PlutusUseCasesBenchmarks.DecodeAndEval: ShortRun(IterationCount=3, LaunchCount=1, MinIterationCount=50, WarmupCount=3) [Script=escrow-redeem_1-2]
//   PlutusUseCasesBenchmarks.DecodeAndEval: ShortRun(IterationCount=3, LaunchCount=1, MinIterationCount=50, WarmupCount=3) [Script=escrow-redeem_2-1]
//   PlutusUseCasesBenchmarks.DecodeAndEval: ShortRun(IterationCount=3, LaunchCount=1, MinIterationCount=50, WarmupCount=3) [Script=escrow-redeem_2-2]
//   PlutusUseCasesBenchmarks.DecodeAndEval: ShortRun(IterationCount=3, LaunchCount=1, MinIterationCount=50, WarmupCount=3) [Script=escrow-redeem_2-3]
//   PlutusUseCasesBenchmarks.DecodeAndEval: ShortRun(IterationCount=3, LaunchCount=1, MinIterationCount=50, WarmupCount=3) [Script=escrow-refund-1]
//   PlutusUseCasesBenchmarks.DecodeAndEval: ShortRun(IterationCount=3, LaunchCount=1, MinIterationCount=50, WarmupCount=3) [Script=future-increase-margin-1]
//   PlutusUseCasesBenchmarks.DecodeAndEval: ShortRun(IterationCount=3, LaunchCount=1, MinIterationCount=50, WarmupCount=3) [Script=future-increase-margin-2]
//   PlutusUseCasesBenchmarks.DecodeAndEval: ShortRun(IterationCount=3, LaunchCount=1, MinIterationCount=50, WarmupCount=3) [Script=future-increase-margin-3]
//   PlutusUseCasesBenchmarks.DecodeAndEval: ShortRun(IterationCount=3, LaunchCount=1, MinIterationCount=50, WarmupCount=3) [Script=future-increase-margin-4]
//   PlutusUseCasesBenchmarks.DecodeAndEval: ShortRun(IterationCount=3, LaunchCount=1, MinIterationCount=50, WarmupCount=3) [Script=future-increase-margin-5]
//   PlutusUseCasesBenchmarks.DecodeAndEval: ShortRun(IterationCount=3, LaunchCount=1, MinIterationCount=50, WarmupCount=3) [Script=future-pay-out-1]
//   PlutusUseCasesBenchmarks.DecodeAndEval: ShortRun(IterationCount=3, LaunchCount=1, MinIterationCount=50, WarmupCount=3) [Script=future-pay-out-2]
//   PlutusUseCasesBenchmarks.DecodeAndEval: ShortRun(IterationCount=3, LaunchCount=1, MinIterationCount=50, WarmupCount=3) [Script=future-pay-out-3]
//   PlutusUseCasesBenchmarks.DecodeAndEval: ShortRun(IterationCount=3, LaunchCount=1, MinIterationCount=50, WarmupCount=3) [Script=future-pay-out-4]
//   PlutusUseCasesBenchmarks.DecodeAndEval: ShortRun(IterationCount=3, LaunchCount=1, MinIterationCount=50, WarmupCount=3) [Script=future-settle-early-1]
//   PlutusUseCasesBenchmarks.DecodeAndEval: ShortRun(IterationCount=3, LaunchCount=1, MinIterationCount=50, WarmupCount=3) [Script=future-settle-early-2]
//   PlutusUseCasesBenchmarks.DecodeAndEval: ShortRun(IterationCount=3, LaunchCount=1, MinIterationCount=50, WarmupCount=3) [Script=future-settle-early-3]
//   PlutusUseCasesBenchmarks.DecodeAndEval: ShortRun(IterationCount=3, LaunchCount=1, MinIterationCount=50, WarmupCount=3) [Script=future-settle-early-4]
//   PlutusUseCasesBenchmarks.DecodeAndEval: ShortRun(IterationCount=3, LaunchCount=1, MinIterationCount=50, WarmupCount=3) [Script=game-sm-success_1-1]
//   PlutusUseCasesBenchmarks.DecodeAndEval: ShortRun(IterationCount=3, LaunchCount=1, MinIterationCount=50, WarmupCount=3) [Script=game-sm-success_1-2]
//   PlutusUseCasesBenchmarks.DecodeAndEval: ShortRun(IterationCount=3, LaunchCount=1, MinIterationCount=50, WarmupCount=3) [Script=game-sm-success_1-3]
//   PlutusUseCasesBenchmarks.DecodeAndEval: ShortRun(IterationCount=3, LaunchCount=1, MinIterationCount=50, WarmupCount=3) [Script=game-sm-success_1-4]
//   PlutusUseCasesBenchmarks.DecodeAndEval: ShortRun(IterationCount=3, LaunchCount=1, MinIterationCount=50, WarmupCount=3) [Script=game-sm-success_2-1]
//   PlutusUseCasesBenchmarks.DecodeAndEval: ShortRun(IterationCount=3, LaunchCount=1, MinIterationCount=50, WarmupCount=3) [Script=game-sm-success_2-2]
//   PlutusUseCasesBenchmarks.DecodeAndEval: ShortRun(IterationCount=3, LaunchCount=1, MinIterationCount=50, WarmupCount=3) [Script=game-sm-success_2-3]
//   PlutusUseCasesBenchmarks.DecodeAndEval: ShortRun(IterationCount=3, LaunchCount=1, MinIterationCount=50, WarmupCount=3) [Script=game-sm-success_2-4]
//   PlutusUseCasesBenchmarks.DecodeAndEval: ShortRun(IterationCount=3, LaunchCount=1, MinIterationCount=50, WarmupCount=3) [Script=game-sm-success_2-5]
//   PlutusUseCasesBenchmarks.DecodeAndEval: ShortRun(IterationCount=3, LaunchCount=1, MinIterationCount=50, WarmupCount=3) [Script=game-sm-success_2-6]
//   PlutusUseCasesBenchmarks.DecodeAndEval: ShortRun(IterationCount=3, LaunchCount=1, MinIterationCount=50, WarmupCount=3) [Script=guardrail-sorted-large]
//   PlutusUseCasesBenchmarks.DecodeAndEval: ShortRun(IterationCount=3, LaunchCount=1, MinIterationCount=50, WarmupCount=3) [Script=guardrail-sorted-small]
//   PlutusUseCasesBenchmarks.DecodeAndEval: ShortRun(IterationCount=3, LaunchCount=1, MinIterationCount=50, WarmupCount=3) [Script=guardrail-unsorted-large]
//   PlutusUseCasesBenchmarks.DecodeAndEval: ShortRun(IterationCount=3, LaunchCount=1, MinIterationCount=50, WarmupCount=3) [Script=guardrail-unsorted-small]
//   PlutusUseCasesBenchmarks.DecodeAndEval: ShortRun(IterationCount=3, LaunchCount=1, MinIterationCount=50, WarmupCount=3) [Script=multisig-sm-01]
//   PlutusUseCasesBenchmarks.DecodeAndEval: ShortRun(IterationCount=3, LaunchCount=1, MinIterationCount=50, WarmupCount=3) [Script=multisig-sm-02]
//   PlutusUseCasesBenchmarks.DecodeAndEval: ShortRun(IterationCount=3, LaunchCount=1, MinIterationCount=50, WarmupCount=3) [Script=multisig-sm-03]
//   PlutusUseCasesBenchmarks.DecodeAndEval: ShortRun(IterationCount=3, LaunchCount=1, MinIterationCount=50, WarmupCount=3) [Script=multisig-sm-04]
//   PlutusUseCasesBenchmarks.DecodeAndEval: ShortRun(IterationCount=3, LaunchCount=1, MinIterationCount=50, WarmupCount=3) [Script=multisig-sm-05]
//   PlutusUseCasesBenchmarks.DecodeAndEval: ShortRun(IterationCount=3, LaunchCount=1, MinIterationCount=50, WarmupCount=3) [Script=multisig-sm-06]
//   PlutusUseCasesBenchmarks.DecodeAndEval: ShortRun(IterationCount=3, LaunchCount=1, MinIterationCount=50, WarmupCount=3) [Script=multisig-sm-07]
//   PlutusUseCasesBenchmarks.DecodeAndEval: ShortRun(IterationCount=3, LaunchCount=1, MinIterationCount=50, WarmupCount=3) [Script=multisig-sm-08]
//   PlutusUseCasesBenchmarks.DecodeAndEval: ShortRun(IterationCount=3, LaunchCount=1, MinIterationCount=50, WarmupCount=3) [Script=multisig-sm-09]
//   PlutusUseCasesBenchmarks.DecodeAndEval: ShortRun(IterationCount=3, LaunchCount=1, MinIterationCount=50, WarmupCount=3) [Script=multisig-sm-10]
//   PlutusUseCasesBenchmarks.DecodeAndEval: ShortRun(IterationCount=3, LaunchCount=1, MinIterationCount=50, WarmupCount=3) [Script=ping-pong_2-1]
//   PlutusUseCasesBenchmarks.DecodeAndEval: ShortRun(IterationCount=3, LaunchCount=1, MinIterationCount=50, WarmupCount=3) [Script=ping-pong-1]
//   PlutusUseCasesBenchmarks.DecodeAndEval: ShortRun(IterationCount=3, LaunchCount=1, MinIterationCount=50, WarmupCount=3) [Script=ping-pong-2]
//   PlutusUseCasesBenchmarks.DecodeAndEval: ShortRun(IterationCount=3, LaunchCount=1, MinIterationCount=50, WarmupCount=3) [Script=prism-1]
//   PlutusUseCasesBenchmarks.DecodeAndEval: ShortRun(IterationCount=3, LaunchCount=1, MinIterationCount=50, WarmupCount=3) [Script=prism-2]
//   PlutusUseCasesBenchmarks.DecodeAndEval: ShortRun(IterationCount=3, LaunchCount=1, MinIterationCount=50, WarmupCount=3) [Script=prism-3]
//   PlutusUseCasesBenchmarks.DecodeAndEval: ShortRun(IterationCount=3, LaunchCount=1, MinIterationCount=50, WarmupCount=3) [Script=pubkey-1]
//   PlutusUseCasesBenchmarks.DecodeAndEval: ShortRun(IterationCount=3, LaunchCount=1, MinIterationCount=50, WarmupCount=3) [Script=stablecoin_1-1]
//   PlutusUseCasesBenchmarks.DecodeAndEval: ShortRun(IterationCount=3, LaunchCount=1, MinIterationCount=50, WarmupCount=3) [Script=stablecoin_1-2]
//   PlutusUseCasesBenchmarks.DecodeAndEval: ShortRun(IterationCount=3, LaunchCount=1, MinIterationCount=50, WarmupCount=3) [Script=stablecoin_1-3]
//   PlutusUseCasesBenchmarks.DecodeAndEval: ShortRun(IterationCount=3, LaunchCount=1, MinIterationCount=50, WarmupCount=3) [Script=stablecoin_1-4]
//   PlutusUseCasesBenchmarks.DecodeAndEval: ShortRun(IterationCount=3, LaunchCount=1, MinIterationCount=50, WarmupCount=3) [Script=stablecoin_1-5]
//   PlutusUseCasesBenchmarks.DecodeAndEval: ShortRun(IterationCount=3, LaunchCount=1, MinIterationCount=50, WarmupCount=3) [Script=stablecoin_1-6]
//   PlutusUseCasesBenchmarks.DecodeAndEval: ShortRun(IterationCount=3, LaunchCount=1, MinIterationCount=50, WarmupCount=3) [Script=stablecoin_2-1]
//   PlutusUseCasesBenchmarks.DecodeAndEval: ShortRun(IterationCount=3, LaunchCount=1, MinIterationCount=50, WarmupCount=3) [Script=stablecoin_2-2]
//   PlutusUseCasesBenchmarks.DecodeAndEval: ShortRun(IterationCount=3, LaunchCount=1, MinIterationCount=50, WarmupCount=3) [Script=stablecoin_2-3]
//   PlutusUseCasesBenchmarks.DecodeAndEval: ShortRun(IterationCount=3, LaunchCount=1, MinIterationCount=50, WarmupCount=3) [Script=stablecoin_2-4]
//   PlutusUseCasesBenchmarks.DecodeAndEval: ShortRun(IterationCount=3, LaunchCount=1, MinIterationCount=50, WarmupCount=3) [Script=token-account-1]
//   PlutusUseCasesBenchmarks.DecodeAndEval: ShortRun(IterationCount=3, LaunchCount=1, MinIterationCount=50, WarmupCount=3) [Script=token-account-2]
//   PlutusUseCasesBenchmarks.DecodeAndEval: ShortRun(IterationCount=3, LaunchCount=1, MinIterationCount=50, WarmupCount=3) [Script=uniswap-1]
//   PlutusUseCasesBenchmarks.DecodeAndEval: ShortRun(IterationCount=3, LaunchCount=1, MinIterationCount=50, WarmupCount=3) [Script=uniswap-2]
//   PlutusUseCasesBenchmarks.DecodeAndEval: ShortRun(IterationCount=3, LaunchCount=1, MinIterationCount=50, WarmupCount=3) [Script=uniswap-3]
//   PlutusUseCasesBenchmarks.DecodeAndEval: ShortRun(IterationCount=3, LaunchCount=1, MinIterationCount=50, WarmupCount=3) [Script=uniswap-4]
//   PlutusUseCasesBenchmarks.DecodeAndEval: ShortRun(IterationCount=3, LaunchCount=1, MinIterationCount=50, WarmupCount=3) [Script=uniswap-5]
//   PlutusUseCasesBenchmarks.DecodeAndEval: ShortRun(IterationCount=3, LaunchCount=1, MinIterationCount=50, WarmupCount=3) [Script=uniswap-6]
//   PlutusUseCasesBenchmarks.DecodeAndEval: ShortRun(IterationCount=3, LaunchCount=1, MinIterationCount=50, WarmupCount=3) [Script=vesting-1]

// **************************
// Benchmark: PlutusUseCasesBenchmarks.DecodeAndEval: ShortRun(IterationCount=3, LaunchCount=1, MinIterationCount=50, WarmupCount=3) [Script=auction_1-1]
// *** Execute ***
// Launch: 1 / 1
// Execute: dotnet PlutusBench-ShortRun-1.dll --anonymousPipes 113 114 --benchmarkName "PlutusUseCasesBenchmarks.DecodeAndEval(Script: \"auction_1-1\")" --job ShortRun --benchmarkId 0 in /bench/chrysalis/benchmarks/PlutusBench/bin/Release/net10.0/PlutusBench-ShortRun-1/bin/Release/net10.0
// BeforeAnythingElse

// Benchmark Process Environment Information:
// BenchmarkDotNet v0.15.8
// Runtime=.NET 10.0.12 (10.0.12, 10.0.1226.42308), X64 RyuJIT x86-64-v4
// GC=Concurrent Workstation
// HardwareIntrinsics=AVX512 BITALG+VBMI2+VNNI+VPOPCNTDQ,AVX512 IFMA+VBMI,AVX512 F+BW+CD+DQ+VL,AVX2+BMI1+BMI2+F16C+FMA+LZCNT+MOVBE,AVX,SSE3+SSSE3+SSE4.1+SSE4.2+POPCNT,X86Base+SSE+SSE2,AES+PCLMUL VectorSize=256
// Job: ShortRun(IterationCount=3, LaunchCount=1, MinIterationCount=50, WarmupCount=3)

OverheadJitting  1: 1 op, 149019.00 ns, 149.0190 us/op
WorkloadJitting  1: 1 op, 15440155.00 ns, 15.4402 ms/op

OverheadJitting  2: 16 op, 332791.00 ns, 20.7994 us/op
WorkloadJitting  2: 16 op, 12176611.00 ns, 761.0382 us/op

WorkloadPilot    1: 16 op, 10580304.00 ns, 661.2690 us/op
WorkloadPilot    2: 32 op, 19667277.00 ns, 614.6024 us/op
WorkloadPilot    3: 64 op, 40536312.00 ns, 633.3799 us/op
WorkloadPilot    4: 128 op, 76105819.00 ns, 594.5767 us/op
WorkloadPilot    5: 256 op, 167802345.00 ns, 655.4779 us/op
WorkloadPilot    6: 512 op, 258167052.00 ns, 504.2325 us/op
WorkloadPilot    7: 1024 op, 211640856.00 ns, 206.6805 us/op
WorkloadPilot    8: 2048 op, 420653538.00 ns, 205.3972 us/op
WorkloadPilot    9: 4096 op, 840651814.00 ns, 205.2373 us/op

OverheadWarmup   1: 4096 op, 25152.00 ns, 6.1406 ns/op
OverheadWarmup   2: 4096 op, 15540.00 ns, 3.7939 ns/op
OverheadWarmup   3: 4096 op, 15585.00 ns, 3.8049 ns/op
OverheadWarmup   4: 4096 op, 15556.00 ns, 3.7979 ns/op
OverheadWarmup   5: 4096 op, 28764.00 ns, 7.0225 ns/op
OverheadWarmup   6: 4096 op, 15509.00 ns, 3.7864 ns/op

OverheadActual   1: 4096 op, 15106.00 ns, 3.6880 ns/op
OverheadActual   2: 4096 op, 15026.00 ns, 3.6685 ns/op
OverheadActual   3: 4096 op, 15032.00 ns, 3.6699 ns/op
OverheadActual   4: 4096 op, 16002.00 ns, 3.9067 ns/op
OverheadActual   5: 4096 op, 15015.00 ns, 3.6658 ns/op
OverheadActual   6: 4096 op, 15965.00 ns, 3.8977 ns/op
OverheadActual   7: 4096 op, 20711.00 ns, 5.0564 ns/op
OverheadActual   8: 4096 op, 15929.00 ns, 3.8889 ns/op
OverheadActual   9: 4096 op, 31834.00 ns, 7.7720 ns/op
OverheadActual  10: 4096 op, 15912.00 ns, 3.8848 ns/op
OverheadActual  11: 4096 op, 32423.00 ns, 7.9158 ns/op
OverheadActual  12: 4096 op, 15912.00 ns, 3.8848 ns/op
OverheadActual  13: 4096 op, 15925.00 ns, 3.8879 ns/op
OverheadActual  14: 4096 op, 15930.00 ns, 3.8892 ns/op
OverheadActual  15: 4096 op, 15544.00 ns, 3.7949 ns/op
OverheadActual  16: 4096 op, 15916.00 ns, 3.8857 ns/op
OverheadActual  17: 4096 op, 15889.00 ns, 3.8792 ns/op
OverheadActual  18: 4096 op, 15953.00 ns, 3.8948 ns/op
OverheadActual  19: 4096 op, 15631.00 ns, 3.8162 ns/op
OverheadActual  20: 4096 op, 15944.00 ns, 3.8926 ns/op

WorkloadWarmup   1: 4096 op, 843754324.00 ns, 205.9947 us/op
WorkloadWarmup   2: 4096 op, 843896841.00 ns, 206.0295 us/op
WorkloadWarmup   3: 4096 op, 839384870.00 ns, 204.9279 us/op

// BeforeActualRun
WorkloadActual   1: 4096 op, 839967521.00 ns, 205.0702 us/op
WorkloadActual   2: 4096 op, 844289526.00 ns, 206.1254 us/op
WorkloadActual   3: 4096 op, 846233611.00 ns, 206.6000 us/op

// AfterActualRun
WorkloadResult   1: 4096 op, 839951600.50 ns, 205.0663 us/op
WorkloadResult   2: 4096 op, 844273605.50 ns, 206.1215 us/op
WorkloadResult   3: 4096 op, 846217690.50 ns, 206.5961 us/op
// GC:  210 70 0 1757118464 4096
// Threading:  0 0 4096

// AfterAll
// Benchmark Process 611 has exited with code 0.

Mean = 205.928 us, StdErr = 0.452 us (0.22%), N = 3, StdDev = 0.783 us
Min = 205.066 us, Q1 = 205.594 us, Median = 206.121 us, Q3 = 206.359 us, Max = 206.596 us
IQR = 0.765 us, LowerFence = 204.447 us, UpperFence = 207.506 us
ConfidenceInterval = [191.642 us; 220.214 us] (CI 99.9%), Margin = 14.286 us (6.94% of Mean)
Skewness = -0.23, Kurtosis = 0.67, MValue = 2

// ** Remained 88 (98.9 %) benchmark(s) to run. Estimated finish 2026-10-08 2:12 (0h 11m from now) **
// **************************
// Benchmark: PlutusUseCasesBenchmarks.DecodeAndEval: ShortRun(IterationCount=3, LaunchCount=1, MinIterationCount=50, WarmupCount=3) [Script=auction_1-2]
// *** Execute ***
// Launch: 1 / 1
// Execute: dotnet PlutusBench-ShortRun-1.dll --anonymousPipes 113 114 --benchmarkName "PlutusUseCasesBenchmarks.DecodeAndEval(Script: \"auction_1-2\")" --job ShortRun --benchmarkId 1 in /bench/chrysalis/benchmarks/PlutusBench/bin/Release/net10.0/PlutusBench-ShortRun-1/bin/Release/net10.0
// BeforeAnythingElse

// Benchmark Process Environment Information:
// BenchmarkDotNet v0.15.8
// Runtime=.NET 10.0.12 (10.0.12, 10.0.1226.42308), X64 RyuJIT x86-64-v4
// GC=Concurrent Workstation
// HardwareIntrinsics=AVX512 BITALG+VBMI2+VNNI+VPOPCNTDQ,AVX512 IFMA+VBMI,AVX512 F+BW+CD+DQ+VL,AVX2+BMI1+BMI2+F16C+FMA+LZCNT+MOVBE,AVX,SSE3+SSSE3+SSE4.1+SSE4.2+POPCNT,X86Base+SSE+SSE2,AES+PCLMUL VectorSize=256
// Job: ShortRun(IterationCount=3, LaunchCount=1, MinIterationCount=50, WarmupCount=3)

OverheadJitting  1: 1 op, 149541.00 ns, 149.5410 us/op
WorkloadJitting  1: 1 op, 18869167.00 ns, 18.8692 ms/op

OverheadJitting  2: 16 op, 341986.00 ns, 21.3741 us/op
WorkloadJitting  2: 16 op, 37916045.00 ns, 2.3698 ms/op

WorkloadPilot    1: 16 op, 35827794.00 ns, 2.2392 ms/op
WorkloadPilot    2: 32 op, 66884963.00 ns, 2.0902 ms/op
WorkloadPilot    3: 64 op, 151824389.00 ns, 2.3723 ms/op
WorkloadPilot    4: 128 op, 207085841.00 ns, 1.6179 ms/op
WorkloadPilot    5: 256 op, 200154831.00 ns, 781.8548 us/op
WorkloadPilot    6: 512 op, 386851664.00 ns, 755.5697 us/op
WorkloadPilot    7: 1024 op, 770258807.00 ns, 752.2059 us/op

OverheadWarmup   1: 1024 op, 5622.00 ns, 5.4902 ns/op
OverheadWarmup   2: 1024 op, 4226.00 ns, 4.1270 ns/op
OverheadWarmup   3: 1024 op, 4167.00 ns, 4.0693 ns/op
OverheadWarmup   4: 1024 op, 4077.00 ns, 3.9814 ns/op
OverheadWarmup   5: 1024 op, 4670.00 ns, 4.5605 ns/op
OverheadWarmup   6: 1024 op, 4189.00 ns, 4.0908 ns/op
OverheadWarmup   7: 1024 op, 4156.00 ns, 4.0586 ns/op
OverheadWarmup   8: 1024 op, 4181.00 ns, 4.0830 ns/op
OverheadWarmup   9: 1024 op, 4243.00 ns, 4.1436 ns/op
OverheadWarmup  10: 1024 op, 4281.00 ns, 4.1807 ns/op

OverheadActual   1: 1024 op, 4334.00 ns, 4.2324 ns/op
OverheadActual   2: 1024 op, 4252.00 ns, 4.1523 ns/op
OverheadActual   3: 1024 op, 4064.00 ns, 3.9688 ns/op
OverheadActual   4: 1024 op, 4301.00 ns, 4.2002 ns/op
OverheadActual   5: 1024 op, 4086.00 ns, 3.9902 ns/op
OverheadActual   6: 1024 op, 4351.00 ns, 4.2490 ns/op
OverheadActual   7: 1024 op, 5070.00 ns, 4.9512 ns/op
OverheadActual   8: 1024 op, 4098.00 ns, 4.0020 ns/op
OverheadActual   9: 1024 op, 4801.00 ns, 4.6885 ns/op
OverheadActual  10: 1024 op, 4213.00 ns, 4.1143 ns/op
OverheadActual  11: 1024 op, 4186.00 ns, 4.0879 ns/op
OverheadActual  12: 1024 op, 4081.00 ns, 3.9854 ns/op
OverheadActual  13: 1024 op, 4150.00 ns, 4.0527 ns/op
OverheadActual  14: 1024 op, 4179.00 ns, 4.0811 ns/op
OverheadActual  15: 1024 op, 4177.00 ns, 4.0791 ns/op
OverheadActual  16: 1024 op, 4179.00 ns, 4.0811 ns/op
OverheadActual  17: 1024 op, 4180.00 ns, 4.0820 ns/op
OverheadActual  18: 1024 op, 4245.00 ns, 4.1455 ns/op
OverheadActual  19: 1024 op, 4162.00 ns, 4.0645 ns/op
OverheadActual  20: 1024 op, 4230.00 ns, 4.1309 ns/op

WorkloadWarmup   1: 1024 op, 772095016.00 ns, 753.9990 us/op
WorkloadWarmup   2: 1024 op, 793497982.00 ns, 774.9004 us/op
WorkloadWarmup   3: 1024 op, 768264161.00 ns, 750.2580 us/op

// BeforeActualRun
WorkloadActual   1: 1024 op, 766534950.00 ns, 748.5693 us/op
WorkloadActual   2: 1024 op, 783023279.00 ns, 764.6712 us/op
WorkloadActual   3: 1024 op, 979403124.00 ns, 956.4484 us/op

// AfterActualRun
WorkloadResult   1: 1024 op, 766530767.00 ns, 748.5652 us/op
WorkloadResult   2: 1024 op, 783019096.00 ns, 764.6671 us/op
WorkloadResult   3: 1024 op, 979398941.00 ns, 956.4443 us/op
// GC:  145 64 0 1218740224 1024
// Threading:  0 0 1024

// AfterAll
// Benchmark Process 620 has exited with code 0.

Mean = 823.226 us, StdErr = 66.771 us (8.11%), N = 3, StdDev = 115.651 us
Min = 748.565 us, Q1 = 756.616 us, Median = 764.667 us, Q3 = 860.556 us, Max = 956.444 us
IQR = 103.940 us, LowerFence = 600.707 us, UpperFence = 1,016.465 us
ConfidenceInterval = [-1,286.686 us; 2,933.138 us] (CI 99.9%), Margin = 2,109.912 us (256.30% of Mean)
Skewness = 0.38, Kurtosis = 0.67, MValue = 2

// ** Remained 87 (97.8 %) benchmark(s) to run. Estimated finish 2026-10-08 2:12 (0h 11m from now) **
// **************************
// Benchmark: PlutusUseCasesBenchmarks.DecodeAndEval: ShortRun(IterationCount=3, LaunchCount=1, MinIterationCount=50, WarmupCount=3) [Script=auction_1-3]
// *** Execute ***
// Launch: 1 / 1
// Execute: dotnet PlutusBench-ShortRun-1.dll --anonymousPipes 113 114 --benchmarkName "PlutusUseCasesBenchmarks.DecodeAndEval(Script: \"auction_1-3\")" --job ShortRun --benchmarkId 2 in /bench/chrysalis/benchmarks/PlutusBench/bin/Release/net10.0/PlutusBench-ShortRun-1/bin/Release/net10.0
// BeforeAnythingElse

// Benchmark Process Environment Information:
// BenchmarkDotNet v0.15.8
// Runtime=.NET 10.0.12 (10.0.12, 10.0.1226.42308), X64 RyuJIT x86-64-v4
// GC=Concurrent Workstation
// HardwareIntrinsics=AVX512 BITALG+VBMI2+VNNI+VPOPCNTDQ,AVX512 IFMA+VBMI,AVX512 F+BW+CD+DQ+VL,AVX2+BMI1+BMI2+F16C+FMA+LZCNT+MOVBE,AVX,SSE3+SSSE3+SSE4.1+SSE4.2+POPCNT,X86Base+SSE+SSE2,AES+PCLMUL VectorSize=256
// Job: ShortRun(IterationCount=3, LaunchCount=1, MinIterationCount=50, WarmupCount=3)

OverheadJitting  1: 1 op, 150119.00 ns, 150.1190 us/op
WorkloadJitting  1: 1 op, 17265934.00 ns, 17.2659 ms/op

OverheadJitting  2: 16 op, 357909.00 ns, 22.3693 us/op
WorkloadJitting  2: 16 op, 37770530.00 ns, 2.3607 ms/op

WorkloadPilot    1: 16 op, 36363463.00 ns, 2.2727 ms/op
WorkloadPilot    2: 32 op, 68267240.00 ns, 2.1334 ms/op
WorkloadPilot    3: 64 op, 133460385.00 ns, 2.0853 ms/op
WorkloadPilot    4: 128 op, 145564143.00 ns, 1.1372 ms/op
WorkloadPilot    5: 256 op, 228382565.00 ns, 892.1194 us/op
WorkloadPilot    6: 512 op, 403673649.00 ns, 788.4251 us/op
WorkloadPilot    7: 1024 op, 769532891.00 ns, 751.4970 us/op

OverheadWarmup   1: 1024 op, 4802.00 ns, 4.6895 ns/op
OverheadWarmup   2: 1024 op, 3981.00 ns, 3.8877 ns/op
OverheadWarmup   3: 1024 op, 34403.00 ns, 33.5967 ns/op
OverheadWarmup   4: 1024 op, 3970.00 ns, 3.8770 ns/op
OverheadWarmup   5: 1024 op, 3972.00 ns, 3.8789 ns/op
OverheadWarmup   6: 1024 op, 4123.00 ns, 4.0264 ns/op
OverheadWarmup   7: 1024 op, 4105.00 ns, 4.0088 ns/op

OverheadActual   1: 1024 op, 4060.00 ns, 3.9648 ns/op
OverheadActual   2: 1024 op, 3978.00 ns, 3.8848 ns/op
OverheadActual   3: 1024 op, 4141.00 ns, 4.0439 ns/op
OverheadActual   4: 1024 op, 4192.00 ns, 4.0938 ns/op
OverheadActual   5: 1024 op, 3974.00 ns, 3.8809 ns/op
OverheadActual   6: 1024 op, 3989.00 ns, 3.8955 ns/op
OverheadActual   7: 1024 op, 4125.00 ns, 4.0283 ns/op
OverheadActual   8: 1024 op, 4190.00 ns, 4.0918 ns/op
OverheadActual   9: 1024 op, 20199.00 ns, 19.7256 ns/op
OverheadActual  10: 1024 op, 4234.00 ns, 4.1348 ns/op
OverheadActual  11: 1024 op, 4289.00 ns, 4.1885 ns/op
OverheadActual  12: 1024 op, 4258.00 ns, 4.1582 ns/op
OverheadActual  13: 1024 op, 4166.00 ns, 4.0684 ns/op
OverheadActual  14: 1024 op, 4273.00 ns, 4.1729 ns/op
OverheadActual  15: 1024 op, 4186.00 ns, 4.0879 ns/op
OverheadActual  16: 1024 op, 4151.00 ns, 4.0537 ns/op
OverheadActual  17: 1024 op, 4169.00 ns, 4.0713 ns/op
OverheadActual  18: 1024 op, 4304.00 ns, 4.2031 ns/op
OverheadActual  19: 1024 op, 4282.00 ns, 4.1816 ns/op
OverheadActual  20: 1024 op, 4314.00 ns, 4.2129 ns/op

WorkloadWarmup   1: 1024 op, 779395380.00 ns, 761.1283 us/op
WorkloadWarmup   2: 1024 op, 772111826.00 ns, 754.0155 us/op
WorkloadWarmup   3: 1024 op, 770936278.00 ns, 752.8675 us/op

// BeforeActualRun
WorkloadActual   1: 1024 op, 771858773.00 ns, 753.7683 us/op
WorkloadActual   2: 1024 op, 773973084.00 ns, 755.8331 us/op
WorkloadActual   3: 1024 op, 775254892.00 ns, 757.0849 us/op

// AfterActualRun
WorkloadResult   1: 1024 op, 771854585.00 ns, 753.7642 us/op
WorkloadResult   2: 1024 op, 773968896.00 ns, 755.8290 us/op
WorkloadResult   3: 1024 op, 775250704.00 ns, 757.0808 us/op
// GC:  147 68 0 1234157568 1024
// Threading:  0 0 1024

// AfterAll
// Benchmark Process 630 has exited with code 0.

Mean = 755.558 us, StdErr = 0.967 us (0.13%), N = 3, StdDev = 1.675 us
Min = 753.764 us, Q1 = 754.797 us, Median = 755.829 us, Q3 = 756.455 us, Max = 757.081 us
IQR = 1.658 us, LowerFence = 752.309 us, UpperFence = 758.942 us
ConfidenceInterval = [725.004 us; 786.112 us] (CI 99.9%), Margin = 30.554 us (4.04% of Mean)
Skewness = -0.16, Kurtosis = 0.67, MValue = 2

// ** Remained 86 (96.6 %) benchmark(s) to run. Estimated finish 2026-10-08 2:11 (0h 11m from now) **
// **************************
// Benchmark: PlutusUseCasesBenchmarks.DecodeAndEval: ShortRun(IterationCount=3, LaunchCount=1, MinIterationCount=50, WarmupCount=3) [Script=auction_1-4]
// *** Execute ***
// Launch: 1 / 1
// Execute: dotnet PlutusBench-ShortRun-1.dll --anonymousPipes 113 114 --benchmarkName "PlutusUseCasesBenchmarks.DecodeAndEval(Script: \"auction_1-4\")" --job ShortRun --benchmarkId 3 in /bench/chrysalis/benchmarks/PlutusBench/bin/Release/net10.0/PlutusBench-ShortRun-1/bin/Release/net10.0
// BeforeAnythingElse

// Benchmark Process Environment Information:
// BenchmarkDotNet v0.15.8
// Runtime=.NET 10.0.12 (10.0.12, 10.0.1226.42308), X64 RyuJIT x86-64-v4
// GC=Concurrent Workstation
// HardwareIntrinsics=AVX512 BITALG+VBMI2+VNNI+VPOPCNTDQ,AVX512 IFMA+VBMI,AVX512 F+BW+CD+DQ+VL,AVX2+BMI1+BMI2+F16C+FMA+LZCNT+MOVBE,AVX,SSE3+SSSE3+SSE4.1+SSE4.2+POPCNT,X86Base+SSE+SSE2,AES+PCLMUL VectorSize=256
// Job: ShortRun(IterationCount=3, LaunchCount=1, MinIterationCount=50, WarmupCount=3)

OverheadJitting  1: 1 op, 152702.00 ns, 152.7020 us/op
WorkloadJitting  1: 1 op, 15499365.00 ns, 15.4994 ms/op

OverheadJitting  2: 16 op, 351549.00 ns, 21.9718 us/op
WorkloadJitting  2: 16 op, 14666386.00 ns, 916.6491 us/op

WorkloadPilot    1: 16 op, 12733070.00 ns, 795.8169 us/op
WorkloadPilot    2: 32 op, 25145484.00 ns, 785.7964 us/op
WorkloadPilot    3: 64 op, 45354772.00 ns, 708.6683 us/op
WorkloadPilot    4: 128 op, 89593907.00 ns, 699.9524 us/op
WorkloadPilot    5: 256 op, 123264360.00 ns, 481.5014 us/op
WorkloadPilot    6: 512 op, 200822393.00 ns, 392.2312 us/op
WorkloadPilot    7: 1024 op, 298742976.00 ns, 291.7412 us/op
WorkloadPilot    8: 2048 op, 500449487.00 ns, 244.3601 us/op

OverheadWarmup   1: 2048 op, 8537.00 ns, 4.1685 ns/op
OverheadWarmup   2: 2048 op, 7891.00 ns, 3.8530 ns/op
OverheadWarmup   3: 2048 op, 7881.00 ns, 3.8481 ns/op
OverheadWarmup   4: 2048 op, 7925.00 ns, 3.8696 ns/op
OverheadWarmup   5: 2048 op, 7923.00 ns, 3.8687 ns/op
OverheadWarmup   6: 2048 op, 7919.00 ns, 3.8667 ns/op
OverheadWarmup   7: 2048 op, 8432.00 ns, 4.1172 ns/op
OverheadWarmup   8: 2048 op, 8854.00 ns, 4.3232 ns/op
OverheadWarmup   9: 2048 op, 8070.00 ns, 3.9404 ns/op

OverheadActual   1: 2048 op, 8081.00 ns, 3.9458 ns/op
OverheadActual   2: 2048 op, 7669.00 ns, 3.7446 ns/op
OverheadActual   3: 2048 op, 7996.00 ns, 3.9043 ns/op
OverheadActual   4: 2048 op, 8125.00 ns, 3.9673 ns/op
OverheadActual   5: 2048 op, 8000.00 ns, 3.9063 ns/op
OverheadActual   6: 2048 op, 22797.00 ns, 11.1313 ns/op
OverheadActual   7: 2048 op, 8086.00 ns, 3.9482 ns/op
OverheadActual   8: 2048 op, 8100.00 ns, 3.9551 ns/op
OverheadActual   9: 2048 op, 8703.00 ns, 4.2495 ns/op
OverheadActual  10: 2048 op, 8570.00 ns, 4.1846 ns/op
OverheadActual  11: 2048 op, 9214.00 ns, 4.4990 ns/op
OverheadActual  12: 2048 op, 8168.00 ns, 3.9883 ns/op
OverheadActual  13: 2048 op, 8087.00 ns, 3.9487 ns/op
OverheadActual  14: 2048 op, 7932.00 ns, 3.8730 ns/op
OverheadActual  15: 2048 op, 8158.00 ns, 3.9834 ns/op
OverheadActual  16: 2048 op, 8099.00 ns, 3.9546 ns/op
OverheadActual  17: 2048 op, 7919.00 ns, 3.8667 ns/op
OverheadActual  18: 2048 op, 8128.00 ns, 3.9688 ns/op
OverheadActual  19: 2048 op, 8093.00 ns, 3.9517 ns/op
OverheadActual  20: 2048 op, 8076.00 ns, 3.9434 ns/op

WorkloadWarmup   1: 2048 op, 500177059.00 ns, 244.2271 us/op
WorkloadWarmup   2: 2048 op, 501139340.00 ns, 244.6969 us/op
WorkloadWarmup   3: 2048 op, 494764805.00 ns, 241.5844 us/op

// BeforeActualRun
WorkloadActual   1: 2048 op, 495691664.00 ns, 242.0369 us/op
WorkloadActual   2: 2048 op, 502555259.00 ns, 245.3883 us/op
WorkloadActual   3: 2048 op, 499007789.00 ns, 243.6561 us/op

// AfterActualRun
WorkloadResult   1: 2048 op, 495683568.00 ns, 242.0330 us/op
WorkloadResult   2: 2048 op, 502547163.00 ns, 245.3844 us/op
WorkloadResult   3: 2048 op, 498999693.00 ns, 243.6522 us/op
// GC:  125 40 0 1047117824 2048
// Threading:  0 0 2048

// AfterAll
// Benchmark Process 640 has exited with code 0.

Mean = 243.690 us, StdErr = 0.968 us (0.40%), N = 3, StdDev = 1.676 us
Min = 242.033 us, Q1 = 242.843 us, Median = 243.652 us, Q3 = 244.518 us, Max = 245.384 us
IQR = 1.676 us, LowerFence = 240.329 us, UpperFence = 247.032 us
ConfidenceInterval = [213.113 us; 274.266 us] (CI 99.9%), Margin = 30.576 us (12.55% of Mean)
Skewness = 0.02, Kurtosis = 0.67, MValue = 2

// ** Remained 85 (95.5 %) benchmark(s) to run. Estimated finish 2026-10-08 2:10 (0h 10m from now) **
// **************************
// Benchmark: PlutusUseCasesBenchmarks.DecodeAndEval: ShortRun(IterationCount=3, LaunchCount=1, MinIterationCount=50, WarmupCount=3) [Script=auction_2-1]
// *** Execute ***
// Launch: 1 / 1
// Execute: dotnet PlutusBench-ShortRun-1.dll --anonymousPipes 113 114 --benchmarkName "PlutusUseCasesBenchmarks.DecodeAndEval(Script: \"auction_2-1\")" --job ShortRun --benchmarkId 4 in /bench/chrysalis/benchmarks/PlutusBench/bin/Release/net10.0/PlutusBench-ShortRun-1/bin/Release/net10.0
// BeforeAnythingElse

// Benchmark Process Environment Information:
// BenchmarkDotNet v0.15.8
// Runtime=.NET 10.0.12 (10.0.12, 10.0.1226.42308), X64 RyuJIT x86-64-v4
// GC=Concurrent Workstation
// HardwareIntrinsics=AVX512 BITALG+VBMI2+VNNI+VPOPCNTDQ,AVX512 IFMA+VBMI,AVX512 F+BW+CD+DQ+VL,AVX2+BMI1+BMI2+F16C+FMA+LZCNT+MOVBE,AVX,SSE3+SSSE3+SSE4.1+SSE4.2+POPCNT,X86Base+SSE+SSE2,AES+PCLMUL VectorSize=256
// Job: ShortRun(IterationCount=3, LaunchCount=1, MinIterationCount=50, WarmupCount=3)

OverheadJitting  1: 1 op, 158063.00 ns, 158.0630 us/op
WorkloadJitting  1: 1 op, 15520522.00 ns, 15.5205 ms/op

OverheadJitting  2: 16 op, 321145.00 ns, 20.0716 us/op
WorkloadJitting  2: 16 op, 12261554.00 ns, 766.3471 us/op

WorkloadPilot    1: 16 op, 10707747.00 ns, 669.2342 us/op
WorkloadPilot    2: 32 op, 19532225.00 ns, 610.3820 us/op
WorkloadPilot    3: 64 op, 41154601.00 ns, 643.0406 us/op
WorkloadPilot    4: 128 op, 76616158.00 ns, 598.5637 us/op
WorkloadPilot    5: 256 op, 161323237.00 ns, 630.1689 us/op
WorkloadPilot    6: 512 op, 129299129.00 ns, 252.5374 us/op
WorkloadPilot    7: 1024 op, 208963105.00 ns, 204.0655 us/op
WorkloadPilot    8: 2048 op, 414424390.00 ns, 202.3557 us/op
WorkloadPilot    9: 4096 op, 834462009.00 ns, 203.7261 us/op

OverheadWarmup   1: 4096 op, 15634.00 ns, 3.8169 ns/op
OverheadWarmup   2: 4096 op, 15288.00 ns, 3.7324 ns/op
OverheadWarmup   3: 4096 op, 14886.00 ns, 3.6343 ns/op
OverheadWarmup   4: 4096 op, 14873.00 ns, 3.6311 ns/op
OverheadWarmup   5: 4096 op, 15553.00 ns, 3.7971 ns/op
OverheadWarmup   6: 4096 op, 15577.00 ns, 3.8030 ns/op
OverheadWarmup   7: 4096 op, 15554.00 ns, 3.7974 ns/op
OverheadWarmup   8: 4096 op, 29080.00 ns, 7.0996 ns/op
OverheadWarmup   9: 4096 op, 31535.00 ns, 7.6990 ns/op
OverheadWarmup  10: 4096 op, 15527.00 ns, 3.7908 ns/op

OverheadActual   1: 4096 op, 15028.00 ns, 3.6689 ns/op
OverheadActual   2: 4096 op, 15047.00 ns, 3.6736 ns/op
OverheadActual   3: 4096 op, 15075.00 ns, 3.6804 ns/op
OverheadActual   4: 4096 op, 45560.00 ns, 11.1230 ns/op
OverheadActual   5: 4096 op, 14982.00 ns, 3.6577 ns/op
OverheadActual   6: 4096 op, 15572.00 ns, 3.8018 ns/op
OverheadActual   7: 4096 op, 16217.00 ns, 3.9592 ns/op
OverheadActual   8: 4096 op, 15811.00 ns, 3.8601 ns/op
OverheadActual   9: 4096 op, 30241.00 ns, 7.3831 ns/op
OverheadActual  10: 4096 op, 15824.00 ns, 3.8633 ns/op
OverheadActual  11: 4096 op, 15516.00 ns, 3.7881 ns/op
OverheadActual  12: 4096 op, 15916.00 ns, 3.8857 ns/op
OverheadActual  13: 4096 op, 15876.00 ns, 3.8760 ns/op
OverheadActual  14: 4096 op, 15831.00 ns, 3.8650 ns/op
OverheadActual  15: 4096 op, 19498.00 ns, 4.7603 ns/op
OverheadActual  16: 4096 op, 15915.00 ns, 3.8855 ns/op
OverheadActual  17: 4096 op, 15838.00 ns, 3.8667 ns/op
OverheadActual  18: 4096 op, 16018.00 ns, 3.9106 ns/op
OverheadActual  19: 4096 op, 15947.00 ns, 3.8933 ns/op
OverheadActual  20: 4096 op, 15952.00 ns, 3.8945 ns/op

WorkloadWarmup   1: 4096 op, 829786318.00 ns, 202.5846 us/op
WorkloadWarmup   2: 4096 op, 841035465.00 ns, 205.3309 us/op
WorkloadWarmup   3: 4096 op, 830029547.00 ns, 202.6439 us/op

// BeforeActualRun
WorkloadActual   1: 4096 op, 834583698.00 ns, 203.7558 us/op
WorkloadActual   2: 4096 op, 834864247.00 ns, 203.8243 us/op
WorkloadActual   3: 4096 op, 833529208.00 ns, 203.4983 us/op

// AfterActualRun
WorkloadResult   1: 4096 op, 834567841.00 ns, 203.7519 us/op
WorkloadResult   2: 4096 op, 834848390.00 ns, 203.8204 us/op
WorkloadResult   3: 4096 op, 833513351.00 ns, 203.4945 us/op
// GC:  210 70 0 1757118464 4096
// Threading:  0 0 4096

// AfterAll
// Benchmark Process 647 has exited with code 0.

Mean = 203.689 us, StdErr = 0.099 us (0.05%), N = 3, StdDev = 0.172 us
Min = 203.494 us, Q1 = 203.623 us, Median = 203.752 us, Q3 = 203.786 us, Max = 203.820 us
IQR = 0.163 us, LowerFence = 203.379 us, UpperFence = 204.031 us
ConfidenceInterval = [200.554 us; 206.824 us] (CI 99.9%), Margin = 3.135 us (1.54% of Mean)
Skewness = -0.32, Kurtosis = 0.67, MValue = 2

// ** Remained 84 (94.4 %) benchmark(s) to run. Estimated finish 2026-10-08 2:10 (0h 10m from now) **
// **************************
// Benchmark: PlutusUseCasesBenchmarks.DecodeAndEval: ShortRun(IterationCount=3, LaunchCount=1, MinIterationCount=50, WarmupCount=3) [Script=auction_2-2]
// *** Execute ***
// Launch: 1 / 1
// Execute: dotnet PlutusBench-ShortRun-1.dll --anonymousPipes 113 114 --benchmarkName "PlutusUseCasesBenchmarks.DecodeAndEval(Script: \"auction_2-2\")" --job ShortRun --benchmarkId 5 in /bench/chrysalis/benchmarks/PlutusBench/bin/Release/net10.0/PlutusBench-ShortRun-1/bin/Release/net10.0
// BeforeAnythingElse

// Benchmark Process Environment Information:
// BenchmarkDotNet v0.15.8
// Runtime=.NET 10.0.12 (10.0.12, 10.0.1226.42308), X64 RyuJIT x86-64-v4
// GC=Concurrent Workstation
// HardwareIntrinsics=AVX512 BITALG+VBMI2+VNNI+VPOPCNTDQ,AVX512 IFMA+VBMI,AVX512 F+BW+CD+DQ+VL,AVX2+BMI1+BMI2+F16C+FMA+LZCNT+MOVBE,AVX,SSE3+SSSE3+SSE4.1+SSE4.2+POPCNT,X86Base+SSE+SSE2,AES+PCLMUL VectorSize=256
// Job: ShortRun(IterationCount=3, LaunchCount=1, MinIterationCount=50, WarmupCount=3)

OverheadJitting  1: 1 op, 150208.00 ns, 150.2080 us/op
WorkloadJitting  1: 1 op, 18539599.00 ns, 18.5396 ms/op

OverheadJitting  2: 16 op, 324078.00 ns, 20.2549 us/op
WorkloadJitting  2: 16 op, 38120823.00 ns, 2.3826 ms/op

WorkloadPilot    1: 16 op, 35970977.00 ns, 2.2482 ms/op
WorkloadPilot    2: 32 op, 68055279.00 ns, 2.1267 ms/op
WorkloadPilot    3: 64 op, 118593564.00 ns, 1.8530 ms/op
WorkloadPilot    4: 128 op, 111758476.00 ns, 873.1131 us/op
WorkloadPilot    5: 256 op, 203458914.00 ns, 794.7614 us/op
WorkloadPilot    6: 512 op, 384672775.00 ns, 751.3140 us/op
WorkloadPilot    7: 1024 op, 765424408.00 ns, 747.4848 us/op

OverheadWarmup   1: 1024 op, 4986.00 ns, 4.8691 ns/op
OverheadWarmup   2: 1024 op, 4167.00 ns, 4.0693 ns/op
OverheadWarmup   3: 1024 op, 3954.00 ns, 3.8613 ns/op
OverheadWarmup   4: 1024 op, 4184.00 ns, 4.0859 ns/op
OverheadWarmup   5: 1024 op, 13542.00 ns, 13.2246 ns/op
OverheadWarmup   6: 1024 op, 4242.00 ns, 4.1426 ns/op
OverheadWarmup   7: 1024 op, 4249.00 ns, 4.1494 ns/op
OverheadWarmup   8: 1024 op, 3790.00 ns, 3.7012 ns/op

OverheadActual   1: 1024 op, 4073.00 ns, 3.9775 ns/op
OverheadActual   2: 1024 op, 4061.00 ns, 3.9658 ns/op
OverheadActual   3: 1024 op, 4142.00 ns, 4.0449 ns/op
OverheadActual   4: 1024 op, 17074.00 ns, 16.6738 ns/op
OverheadActual   5: 1024 op, 4044.00 ns, 3.9492 ns/op
OverheadActual   6: 1024 op, 19788.00 ns, 19.3242 ns/op
OverheadActual   7: 1024 op, 4440.00 ns, 4.3359 ns/op
OverheadActual   8: 1024 op, 4260.00 ns, 4.1602 ns/op
OverheadActual   9: 1024 op, 4160.00 ns, 4.0625 ns/op
OverheadActual  10: 1024 op, 4180.00 ns, 4.0820 ns/op
OverheadActual  11: 1024 op, 4110.00 ns, 4.0137 ns/op
OverheadActual  12: 1024 op, 3927.00 ns, 3.8350 ns/op
OverheadActual  13: 1024 op, 4072.00 ns, 3.9766 ns/op
OverheadActual  14: 1024 op, 4129.00 ns, 4.0322 ns/op
OverheadActual  15: 1024 op, 4135.00 ns, 4.0381 ns/op
OverheadActual  16: 1024 op, 4099.00 ns, 4.0029 ns/op
OverheadActual  17: 1024 op, 4108.00 ns, 4.0117 ns/op
OverheadActual  18: 1024 op, 4215.00 ns, 4.1162 ns/op
OverheadActual  19: 1024 op, 4142.00 ns, 4.0449 ns/op
OverheadActual  20: 1024 op, 4267.00 ns, 4.1670 ns/op

WorkloadWarmup   1: 1024 op, 769264727.00 ns, 751.2351 us/op
WorkloadWarmup   2: 1024 op, 965502567.00 ns, 942.8736 us/op
WorkloadWarmup   3: 1024 op, 995967162.00 ns, 972.6242 us/op

// BeforeActualRun
WorkloadActual   1: 1024 op, 827663876.00 ns, 808.2655 us/op
WorkloadActual   2: 1024 op, 769513820.00 ns, 751.4783 us/op
WorkloadActual   3: 1024 op, 767913646.00 ns, 749.9157 us/op

// AfterActualRun
WorkloadResult   1: 1024 op, 827659737.50 ns, 808.2615 us/op
WorkloadResult   2: 1024 op, 769509681.50 ns, 751.4743 us/op
WorkloadResult   3: 1024 op, 767909507.50 ns, 749.9116 us/op
// GC:  145 64 0 1218740224 1024
// Threading:  0 0 1024

// AfterAll
// Benchmark Process 655 has exited with code 0.

Mean = 769.882 us, StdErr = 19.195 us (2.49%), N = 3, StdDev = 33.246 us
Min = 749.912 us, Q1 = 750.693 us, Median = 751.474 us, Q3 = 779.868 us, Max = 808.261 us
IQR = 29.175 us, LowerFence = 706.931 us, UpperFence = 823.630 us
ConfidenceInterval = [163.345 us; 1,376.420 us] (CI 99.9%), Margin = 606.538 us (78.78% of Mean)
Skewness = 0.38, Kurtosis = 0.67, MValue = 2

// ** Remained 83 (93.3 %) benchmark(s) to run. Estimated finish 2026-10-08 2:11 (0h 10m from now) **
// **************************
// Benchmark: PlutusUseCasesBenchmarks.DecodeAndEval: ShortRun(IterationCount=3, LaunchCount=1, MinIterationCount=50, WarmupCount=3) [Script=auction_2-3]
// *** Execute ***
// Launch: 1 / 1
// Execute: dotnet PlutusBench-ShortRun-1.dll --anonymousPipes 113 114 --benchmarkName "PlutusUseCasesBenchmarks.DecodeAndEval(Script: \"auction_2-3\")" --job ShortRun --benchmarkId 6 in /bench/chrysalis/benchmarks/PlutusBench/bin/Release/net10.0/PlutusBench-ShortRun-1/bin/Release/net10.0
// BeforeAnythingElse

// Benchmark Process Environment Information:
// BenchmarkDotNet v0.15.8
// Runtime=.NET 10.0.12 (10.0.12, 10.0.1226.42308), X64 RyuJIT x86-64-v4
// GC=Concurrent Workstation
// HardwareIntrinsics=AVX512 BITALG+VBMI2+VNNI+VPOPCNTDQ,AVX512 IFMA+VBMI,AVX512 F+BW+CD+DQ+VL,AVX2+BMI1+BMI2+F16C+FMA+LZCNT+MOVBE,AVX,SSE3+SSSE3+SSE4.1+SSE4.2+POPCNT,X86Base+SSE+SSE2,AES+PCLMUL VectorSize=256
// Job: ShortRun(IterationCount=3, LaunchCount=1, MinIterationCount=50, WarmupCount=3)

OverheadJitting  1: 1 op, 148743.00 ns, 148.7430 us/op
WorkloadJitting  1: 1 op, 19273057.00 ns, 19.2731 ms/op

OverheadJitting  2: 16 op, 326167.00 ns, 20.3854 us/op
WorkloadJitting  2: 16 op, 48244973.00 ns, 3.0153 ms/op

WorkloadPilot    1: 16 op, 45017117.00 ns, 2.8136 ms/op
WorkloadPilot    2: 32 op, 85397561.00 ns, 2.6687 ms/op
WorkloadPilot    3: 64 op, 104988566.00 ns, 1.6404 ms/op
WorkloadPilot    4: 128 op, 160876345.00 ns, 1.2568 ms/op
WorkloadPilot    5: 256 op, 270583799.00 ns, 1.0570 ms/op
WorkloadPilot    6: 512 op, 484708886.00 ns, 946.6970 us/op
WorkloadPilot    7: 1024 op, 966870191.00 ns, 944.2092 us/op

OverheadWarmup   1: 1024 op, 5061.00 ns, 4.9424 ns/op
OverheadWarmup   2: 1024 op, 4261.00 ns, 4.1611 ns/op
OverheadWarmup   3: 1024 op, 4128.00 ns, 4.0313 ns/op
OverheadWarmup   4: 1024 op, 4204.00 ns, 4.1055 ns/op
OverheadWarmup   5: 1024 op, 4184.00 ns, 4.0859 ns/op
OverheadWarmup   6: 1024 op, 4109.00 ns, 4.0127 ns/op
OverheadWarmup   7: 1024 op, 4100.00 ns, 4.0039 ns/op
OverheadWarmup   8: 1024 op, 4054.00 ns, 3.9590 ns/op
OverheadWarmup   9: 1024 op, 4158.00 ns, 4.0605 ns/op
OverheadWarmup  10: 1024 op, 4218.00 ns, 4.1191 ns/op

OverheadActual   1: 1024 op, 4111.00 ns, 4.0146 ns/op
OverheadActual   2: 1024 op, 4065.00 ns, 3.9697 ns/op
OverheadActual   3: 1024 op, 3966.00 ns, 3.8730 ns/op
OverheadActual   4: 1024 op, 4292.00 ns, 4.1914 ns/op
OverheadActual   5: 1024 op, 4042.00 ns, 3.9473 ns/op
OverheadActual   6: 1024 op, 4185.00 ns, 4.0869 ns/op
OverheadActual   7: 1024 op, 4177.00 ns, 4.0791 ns/op
OverheadActual   8: 1024 op, 4256.00 ns, 4.1563 ns/op
OverheadActual   9: 1024 op, 4155.00 ns, 4.0576 ns/op
OverheadActual  10: 1024 op, 4106.00 ns, 4.0098 ns/op
OverheadActual  11: 1024 op, 4189.00 ns, 4.0908 ns/op
OverheadActual  12: 1024 op, 4207.00 ns, 4.1084 ns/op
OverheadActual  13: 1024 op, 4229.00 ns, 4.1299 ns/op
OverheadActual  14: 1024 op, 4122.00 ns, 4.0254 ns/op
OverheadActual  15: 1024 op, 4192.00 ns, 4.0938 ns/op
OverheadActual  16: 1024 op, 4273.00 ns, 4.1729 ns/op
OverheadActual  17: 1024 op, 3992.00 ns, 3.8984 ns/op
OverheadActual  18: 1024 op, 4303.00 ns, 4.2021 ns/op
OverheadActual  19: 1024 op, 4157.00 ns, 4.0596 ns/op
OverheadActual  20: 1024 op, 4209.00 ns, 4.1104 ns/op

WorkloadWarmup   1: 1024 op, 976766881.00 ns, 953.8739 us/op
WorkloadWarmup   2: 1024 op, 970510297.00 ns, 947.7640 us/op
WorkloadWarmup   3: 1024 op, 966436173.00 ns, 943.7853 us/op

// BeforeActualRun
WorkloadActual   1: 1024 op, 970039129.00 ns, 947.3038 us/op
WorkloadActual   2: 1024 op, 971856980.00 ns, 949.0791 us/op
WorkloadActual   3: 1024 op, 972639533.00 ns, 949.8433 us/op

// AfterActualRun
WorkloadResult   1: 1024 op, 970034948.00 ns, 947.2998 us/op
WorkloadResult   2: 1024 op, 971852799.00 ns, 949.0750 us/op
WorkloadResult   3: 1024 op, 972635352.00 ns, 949.8392 us/op
// GC:  177 84 0 1486299136 1024
// Threading:  0 0 1024

// AfterAll
// Benchmark Process 663 has exited with code 0.

Mean = 948.738 us, StdErr = 0.752 us (0.08%), N = 3, StdDev = 1.303 us
Min = 947.300 us, Q1 = 948.187 us, Median = 949.075 us, Q3 = 949.457 us, Max = 949.839 us
IQR = 1.270 us, LowerFence = 946.283 us, UpperFence = 951.362 us
ConfidenceInterval = [924.969 us; 972.507 us] (CI 99.9%), Margin = 23.769 us (2.51% of Mean)
Skewness = -0.24, Kurtosis = 0.67, MValue = 2

// ** Remained 82 (92.1 %) benchmark(s) to run. Estimated finish 2026-10-08 2:11 (0h 10m from now) **
// **************************
// Benchmark: PlutusUseCasesBenchmarks.DecodeAndEval: ShortRun(IterationCount=3, LaunchCount=1, MinIterationCount=50, WarmupCount=3) [Script=auction_2-4]
// *** Execute ***
// Launch: 1 / 1
// Execute: dotnet PlutusBench-ShortRun-1.dll --anonymousPipes 113 114 --benchmarkName "PlutusUseCasesBenchmarks.DecodeAndEval(Script: \"auction_2-4\")" --job ShortRun --benchmarkId 7 in /bench/chrysalis/benchmarks/PlutusBench/bin/Release/net10.0/PlutusBench-ShortRun-1/bin/Release/net10.0
// BeforeAnythingElse

// Benchmark Process Environment Information:
// BenchmarkDotNet v0.15.8
// Runtime=.NET 10.0.12 (10.0.12, 10.0.1226.42308), X64 RyuJIT x86-64-v4
// GC=Concurrent Workstation
// HardwareIntrinsics=AVX512 BITALG+VBMI2+VNNI+VPOPCNTDQ,AVX512 IFMA+VBMI,AVX512 F+BW+CD+DQ+VL,AVX2+BMI1+BMI2+F16C+FMA+LZCNT+MOVBE,AVX,SSE3+SSSE3+SSE4.1+SSE4.2+POPCNT,X86Base+SSE+SSE2,AES+PCLMUL VectorSize=256
// Job: ShortRun(IterationCount=3, LaunchCount=1, MinIterationCount=50, WarmupCount=3)

OverheadJitting  1: 1 op, 150814.00 ns, 150.8140 us/op
WorkloadJitting  1: 1 op, 17623146.00 ns, 17.6231 ms/op

OverheadJitting  2: 16 op, 324442.00 ns, 20.2776 us/op
WorkloadJitting  2: 16 op, 38842494.00 ns, 2.4277 ms/op

WorkloadPilot    1: 16 op, 37391620.00 ns, 2.3370 ms/op
WorkloadPilot    2: 32 op, 67679096.00 ns, 2.1150 ms/op
WorkloadPilot    3: 64 op, 109546827.00 ns, 1.7117 ms/op
WorkloadPilot    4: 128 op, 137691375.00 ns, 1.0757 ms/op
WorkloadPilot    5: 256 op, 242486105.00 ns, 947.2113 us/op
WorkloadPilot    6: 512 op, 388984722.00 ns, 759.7358 us/op
WorkloadPilot    7: 1024 op, 775490666.00 ns, 757.3151 us/op

OverheadWarmup   1: 1024 op, 4842.00 ns, 4.7285 ns/op
OverheadWarmup   2: 1024 op, 4282.00 ns, 4.1816 ns/op
OverheadWarmup   3: 1024 op, 4125.00 ns, 4.0283 ns/op
OverheadWarmup   4: 1024 op, 3919.00 ns, 3.8271 ns/op
OverheadWarmup   5: 1024 op, 4072.00 ns, 3.9766 ns/op
OverheadWarmup   6: 1024 op, 19335.00 ns, 18.8818 ns/op
OverheadWarmup   7: 1024 op, 4076.00 ns, 3.9805 ns/op
OverheadWarmup   8: 1024 op, 4156.00 ns, 4.0586 ns/op
OverheadWarmup   9: 1024 op, 19929.00 ns, 19.4619 ns/op
OverheadWarmup  10: 1024 op, 4231.00 ns, 4.1318 ns/op

OverheadActual   1: 1024 op, 4179.00 ns, 4.0811 ns/op
OverheadActual   2: 1024 op, 4100.00 ns, 4.0039 ns/op
OverheadActual   3: 1024 op, 4088.00 ns, 3.9922 ns/op
OverheadActual   4: 1024 op, 4211.00 ns, 4.1123 ns/op
OverheadActual   5: 1024 op, 4274.00 ns, 4.1738 ns/op
OverheadActual   6: 1024 op, 4150.00 ns, 4.0527 ns/op
OverheadActual   7: 1024 op, 4110.00 ns, 4.0137 ns/op
OverheadActual   8: 1024 op, 4194.00 ns, 4.0957 ns/op
OverheadActual   9: 1024 op, 20790.00 ns, 20.3027 ns/op
OverheadActual  10: 1024 op, 4114.00 ns, 4.0176 ns/op
OverheadActual  11: 1024 op, 4186.00 ns, 4.0879 ns/op
OverheadActual  12: 1024 op, 4127.00 ns, 4.0303 ns/op
OverheadActual  13: 1024 op, 4252.00 ns, 4.1523 ns/op
OverheadActual  14: 1024 op, 4236.00 ns, 4.1367 ns/op
OverheadActual  15: 1024 op, 4235.00 ns, 4.1357 ns/op
OverheadActual  16: 1024 op, 4104.00 ns, 4.0078 ns/op
OverheadActual  17: 1024 op, 4224.00 ns, 4.1250 ns/op
OverheadActual  18: 1024 op, 4239.00 ns, 4.1396 ns/op
OverheadActual  19: 1024 op, 4202.00 ns, 4.1035 ns/op
OverheadActual  20: 1024 op, 4229.00 ns, 4.1299 ns/op

WorkloadWarmup   1: 1024 op, 777134924.00 ns, 758.9208 us/op
WorkloadWarmup   2: 1024 op, 778010370.00 ns, 759.7758 us/op
WorkloadWarmup   3: 1024 op, 772944925.00 ns, 754.8290 us/op

// BeforeActualRun
WorkloadActual   1: 1024 op, 776378504.00 ns, 758.1821 us/op
WorkloadActual   2: 1024 op, 776316482.00 ns, 758.1216 us/op
WorkloadActual   3: 1024 op, 780537011.00 ns, 762.2432 us/op

// AfterActualRun
WorkloadResult   1: 1024 op, 776374306.00 ns, 758.1780 us/op
WorkloadResult   2: 1024 op, 776312284.00 ns, 758.1175 us/op
WorkloadResult   3: 1024 op, 780532813.00 ns, 762.2391 us/op
// GC:  147 68 0 1234157568 1024
// Threading:  0 0 1024

// AfterAll
// Benchmark Process 677 has exited with code 0.

Mean = 759.512 us, StdErr = 1.364 us (0.18%), N = 3, StdDev = 2.362 us
Min = 758.117 us, Q1 = 758.148 us, Median = 758.178 us, Q3 = 760.209 us, Max = 762.239 us
IQR = 2.061 us, LowerFence = 755.057 us, UpperFence = 763.300 us
ConfidenceInterval = [716.414 us; 802.609 us] (CI 99.9%), Margin = 43.098 us (5.67% of Mean)
Skewness = 0.38, Kurtosis = 0.67, MValue = 2

// ** Remained 81 (91.0 %) benchmark(s) to run. Estimated finish 2026-10-08 2:11 (0h 10m from now) **
// **************************
// Benchmark: PlutusUseCasesBenchmarks.DecodeAndEval: ShortRun(IterationCount=3, LaunchCount=1, MinIterationCount=50, WarmupCount=3) [Script=auction_2-5]
// *** Execute ***
// Launch: 1 / 1
// Execute: dotnet PlutusBench-ShortRun-1.dll --anonymousPipes 113 114 --benchmarkName "PlutusUseCasesBenchmarks.DecodeAndEval(Script: \"auction_2-5\")" --job ShortRun --benchmarkId 8 in /bench/chrysalis/benchmarks/PlutusBench/bin/Release/net10.0/PlutusBench-ShortRun-1/bin/Release/net10.0
// BeforeAnythingElse

// Benchmark Process Environment Information:
// BenchmarkDotNet v0.15.8
// Runtime=.NET 10.0.12 (10.0.12, 10.0.1226.42308), X64 RyuJIT x86-64-v4
// GC=Concurrent Workstation
// HardwareIntrinsics=AVX512 BITALG+VBMI2+VNNI+VPOPCNTDQ,AVX512 IFMA+VBMI,AVX512 F+BW+CD+DQ+VL,AVX2+BMI1+BMI2+F16C+FMA+LZCNT+MOVBE,AVX,SSE3+SSSE3+SSE4.1+SSE4.2+POPCNT,X86Base+SSE+SSE2,AES+PCLMUL VectorSize=256
// Job: ShortRun(IterationCount=3, LaunchCount=1, MinIterationCount=50, WarmupCount=3)

OverheadJitting  1: 1 op, 158012.00 ns, 158.0120 us/op
WorkloadJitting  1: 1 op, 15584959.00 ns, 15.5850 ms/op

OverheadJitting  2: 16 op, 349004.00 ns, 21.8128 us/op
WorkloadJitting  2: 16 op, 14702795.00 ns, 918.9247 us/op

WorkloadPilot    1: 16 op, 12839147.00 ns, 802.4467 us/op
WorkloadPilot    2: 32 op, 25034339.00 ns, 782.3231 us/op
WorkloadPilot    3: 64 op, 45191638.00 ns, 706.1193 us/op
WorkloadPilot    4: 128 op, 89829377.00 ns, 701.7920 us/op
WorkloadPilot    5: 256 op, 139242518.00 ns, 543.9161 us/op
WorkloadPilot    6: 512 op, 201078934.00 ns, 392.7323 us/op
WorkloadPilot    7: 1024 op, 263899455.00 ns, 257.7143 us/op
WorkloadPilot    8: 2048 op, 503280678.00 ns, 245.7425 us/op

OverheadWarmup   1: 2048 op, 8216.00 ns, 4.0117 ns/op
OverheadWarmup   2: 2048 op, 7304.00 ns, 3.5664 ns/op
OverheadWarmup   3: 2048 op, 7564.00 ns, 3.6934 ns/op
OverheadWarmup   4: 2048 op, 7899.00 ns, 3.8569 ns/op
OverheadWarmup   5: 2048 op, 7887.00 ns, 3.8511 ns/op
OverheadWarmup   6: 2048 op, 7890.00 ns, 3.8525 ns/op
OverheadWarmup   7: 2048 op, 7877.00 ns, 3.8462 ns/op

OverheadActual   1: 2048 op, 7524.00 ns, 3.6738 ns/op
OverheadActual   2: 2048 op, 7711.00 ns, 3.7651 ns/op
OverheadActual   3: 2048 op, 7765.00 ns, 3.7915 ns/op
OverheadActual   4: 2048 op, 22236.00 ns, 10.8574 ns/op
OverheadActual   5: 2048 op, 7686.00 ns, 3.7529 ns/op
OverheadActual   6: 2048 op, 7940.00 ns, 3.8770 ns/op
OverheadActual   7: 2048 op, 7926.00 ns, 3.8701 ns/op
OverheadActual   8: 2048 op, 7927.00 ns, 3.8706 ns/op
OverheadActual   9: 2048 op, 25051.00 ns, 12.2319 ns/op
OverheadActual  10: 2048 op, 8153.00 ns, 3.9810 ns/op
OverheadActual  11: 2048 op, 8091.00 ns, 3.9507 ns/op
OverheadActual  12: 2048 op, 21349.00 ns, 10.4243 ns/op
OverheadActual  13: 2048 op, 8114.00 ns, 3.9619 ns/op
OverheadActual  14: 2048 op, 7947.00 ns, 3.8804 ns/op
OverheadActual  15: 2048 op, 7930.00 ns, 3.8721 ns/op
OverheadActual  16: 2048 op, 7886.00 ns, 3.8506 ns/op
OverheadActual  17: 2048 op, 8050.00 ns, 3.9307 ns/op
OverheadActual  18: 2048 op, 8177.00 ns, 3.9927 ns/op
OverheadActual  19: 2048 op, 21416.00 ns, 10.4570 ns/op
OverheadActual  20: 2048 op, 8073.00 ns, 3.9419 ns/op

WorkloadWarmup   1: 2048 op, 508260571.00 ns, 248.1741 us/op
WorkloadWarmup   2: 2048 op, 506106313.00 ns, 247.1222 us/op
WorkloadWarmup   3: 2048 op, 502122718.00 ns, 245.1771 us/op

// BeforeActualRun
WorkloadActual   1: 2048 op, 505499267.00 ns, 246.8258 us/op
WorkloadActual   2: 2048 op, 506433890.00 ns, 247.2822 us/op
WorkloadActual   3: 2048 op, 506088509.00 ns, 247.1135 us/op

// AfterActualRun
WorkloadResult   1: 2048 op, 505491268.50 ns, 246.8219 us/op
WorkloadResult   2: 2048 op, 506425891.50 ns, 247.2783 us/op
WorkloadResult   3: 2048 op, 506080510.50 ns, 247.1096 us/op
// GC:  125 40 0 1047117824 2048
// Threading:  0 0 2048

// AfterAll
// Benchmark Process 685 has exited with code 0.

Mean = 247.070 us, StdErr = 0.133 us (0.05%), N = 3, StdDev = 0.231 us
Min = 246.822 us, Q1 = 246.966 us, Median = 247.110 us, Q3 = 247.194 us, Max = 247.278 us
IQR = 0.228 us, LowerFence = 246.623 us, UpperFence = 247.536 us
ConfidenceInterval = [242.860 us; 251.280 us] (CI 99.9%), Margin = 4.210 us (1.70% of Mean)
Skewness = -0.17, Kurtosis = 0.67, MValue = 2

// ** Remained 80 (89.9 %) benchmark(s) to run. Estimated finish 2026-10-08 2:10 (0h 9m from now) **
// **************************
// Benchmark: PlutusUseCasesBenchmarks.DecodeAndEval: ShortRun(IterationCount=3, LaunchCount=1, MinIterationCount=50, WarmupCount=3) [Script=coop-1]
// *** Execute ***
// Launch: 1 / 1
// Execute: dotnet PlutusBench-ShortRun-1.dll --anonymousPipes 113 114 --benchmarkName "PlutusUseCasesBenchmarks.DecodeAndEval(Script: \"coop-1\")" --job ShortRun --benchmarkId 9 in /bench/chrysalis/benchmarks/PlutusBench/bin/Release/net10.0/PlutusBench-ShortRun-1/bin/Release/net10.0
// BeforeAnythingElse

// Benchmark Process Environment Information:
// BenchmarkDotNet v0.15.8
// Runtime=.NET 10.0.12 (10.0.12, 10.0.1226.42308), X64 RyuJIT x86-64-v4
// GC=Concurrent Workstation
// HardwareIntrinsics=AVX512 BITALG+VBMI2+VNNI+VPOPCNTDQ,AVX512 IFMA+VBMI,AVX512 F+BW+CD+DQ+VL,AVX2+BMI1+BMI2+F16C+FMA+LZCNT+MOVBE,AVX,SSE3+SSSE3+SSE4.1+SSE4.2+POPCNT,X86Base+SSE+SSE2,AES+PCLMUL VectorSize=256
// Job: ShortRun(IterationCount=3, LaunchCount=1, MinIterationCount=50, WarmupCount=3)

OverheadJitting  1: 1 op, 149549.00 ns, 149.5490 us/op
WorkloadJitting  1: 1 op, 17185952.00 ns, 17.1860 ms/op

OverheadJitting  2: 16 op, 321956.00 ns, 20.1223 us/op
WorkloadJitting  2: 16 op, 13203549.00 ns, 825.2218 us/op

WorkloadPilot    1: 16 op, 11820609.00 ns, 738.7881 us/op
WorkloadPilot    2: 32 op, 21628616.00 ns, 675.8943 us/op
WorkloadPilot    3: 64 op, 42322653.00 ns, 661.2915 us/op
WorkloadPilot    4: 128 op, 82470749.00 ns, 644.3027 us/op
WorkloadPilot    5: 256 op, 198489451.00 ns, 775.3494 us/op
WorkloadPilot    6: 512 op, 195445584.00 ns, 381.7297 us/op
WorkloadPilot    7: 1024 op, 210165389.00 ns, 205.2396 us/op
WorkloadPilot    8: 2048 op, 414029289.00 ns, 202.1627 us/op
WorkloadPilot    9: 4096 op, 834627246.00 ns, 203.7664 us/op

OverheadWarmup   1: 4096 op, 24720.00 ns, 6.0352 ns/op
OverheadWarmup   2: 4096 op, 28516.00 ns, 6.9619 ns/op
OverheadWarmup   3: 4096 op, 15832.00 ns, 3.8652 ns/op
OverheadWarmup   4: 4096 op, 22801.00 ns, 5.5667 ns/op
OverheadWarmup   5: 4096 op, 15588.00 ns, 3.8057 ns/op

OverheadActual   1: 4096 op, 14780.00 ns, 3.6084 ns/op
OverheadActual   2: 4096 op, 14744.00 ns, 3.5996 ns/op
OverheadActual   3: 4096 op, 14769.00 ns, 3.6057 ns/op
OverheadActual   4: 4096 op, 15638.00 ns, 3.8179 ns/op
OverheadActual   5: 4096 op, 14743.00 ns, 3.5994 ns/op
OverheadActual   6: 4096 op, 45635.00 ns, 11.1414 ns/op
OverheadActual   7: 4096 op, 14974.00 ns, 3.6558 ns/op
OverheadActual   8: 4096 op, 15567.00 ns, 3.8005 ns/op
OverheadActual   9: 4096 op, 15538.00 ns, 3.7935 ns/op
OverheadActual  10: 4096 op, 15572.00 ns, 3.8018 ns/op
OverheadActual  11: 4096 op, 15638.00 ns, 3.8179 ns/op
OverheadActual  12: 4096 op, 16225.00 ns, 3.9612 ns/op
OverheadActual  13: 4096 op, 15550.00 ns, 3.7964 ns/op
OverheadActual  14: 4096 op, 15530.00 ns, 3.7915 ns/op
OverheadActual  15: 4096 op, 15542.00 ns, 3.7944 ns/op
OverheadActual  16: 4096 op, 15528.00 ns, 3.7910 ns/op
OverheadActual  17: 4096 op, 15536.00 ns, 3.7930 ns/op
OverheadActual  18: 4096 op, 15647.00 ns, 3.8201 ns/op
OverheadActual  19: 4096 op, 15625.00 ns, 3.8147 ns/op
OverheadActual  20: 4096 op, 15598.00 ns, 3.8081 ns/op

WorkloadWarmup   1: 4096 op, 829701302.00 ns, 202.5638 us/op
WorkloadWarmup   2: 4096 op, 832195747.00 ns, 203.1728 us/op
WorkloadWarmup   3: 4096 op, 831174690.00 ns, 202.9235 us/op

// BeforeActualRun
WorkloadActual   1: 4096 op, 828493204.00 ns, 202.2688 us/op
WorkloadActual   2: 4096 op, 833395619.00 ns, 203.4657 us/op
WorkloadActual   3: 4096 op, 833304760.00 ns, 203.4435 us/op

// AfterActualRun
WorkloadResult   1: 4096 op, 828477658.00 ns, 202.2651 us/op
WorkloadResult   2: 4096 op, 833380073.00 ns, 203.4619 us/op
WorkloadResult   3: 4096 op, 833289214.00 ns, 203.4397 us/op
// GC:  242 72 0 2027192320 4096
// Threading:  0 0 4096

// AfterAll
// Benchmark Process 693 has exited with code 0.

Mean = 203.056 us, StdErr = 0.395 us (0.19%), N = 3, StdDev = 0.685 us
Min = 202.265 us, Q1 = 202.852 us, Median = 203.440 us, Q3 = 203.451 us, Max = 203.462 us
IQR = 0.598 us, LowerFence = 201.955 us, UpperFence = 204.348 us
ConfidenceInterval = [190.564 us; 215.547 us] (CI 99.9%), Margin = 12.492 us (6.15% of Mean)
Skewness = -0.38, Kurtosis = 0.67, MValue = 2

// ** Remained 79 (88.8 %) benchmark(s) to run. Estimated finish 2026-10-08 2:11 (0h 9m from now) **
// **************************
// Benchmark: PlutusUseCasesBenchmarks.DecodeAndEval: ShortRun(IterationCount=3, LaunchCount=1, MinIterationCount=50, WarmupCount=3) [Script=coop-2]
// *** Execute ***
// Launch: 1 / 1
// Execute: dotnet PlutusBench-ShortRun-1.dll --anonymousPipes 113 114 --benchmarkName "PlutusUseCasesBenchmarks.DecodeAndEval(Script: \"coop-2\")" --job ShortRun --benchmarkId 10 in /bench/chrysalis/benchmarks/PlutusBench/bin/Release/net10.0/PlutusBench-ShortRun-1/bin/Release/net10.0
// BeforeAnythingElse

// Benchmark Process Environment Information:
// BenchmarkDotNet v0.15.8
// Runtime=.NET 10.0.12 (10.0.12, 10.0.1226.42308), X64 RyuJIT x86-64-v4
// GC=Concurrent Workstation
// HardwareIntrinsics=AVX512 BITALG+VBMI2+VNNI+VPOPCNTDQ,AVX512 IFMA+VBMI,AVX512 F+BW+CD+DQ+VL,AVX2+BMI1+BMI2+F16C+FMA+LZCNT+MOVBE,AVX,SSE3+SSSE3+SSE4.1+SSE4.2+POPCNT,X86Base+SSE+SSE2,AES+PCLMUL VectorSize=256
// Job: ShortRun(IterationCount=3, LaunchCount=1, MinIterationCount=50, WarmupCount=3)

OverheadJitting  1: 1 op, 154833.00 ns, 154.8330 us/op
WorkloadJitting  1: 1 op, 28176603.00 ns, 28.1766 ms/op

OverheadJitting  2: 16 op, 372424.00 ns, 23.2765 us/op
WorkloadJitting  2: 16 op, 35696835.00 ns, 2.2311 ms/op

WorkloadPilot    1: 16 op, 33784028.00 ns, 2.1115 ms/op
WorkloadPilot    2: 32 op, 63802466.00 ns, 1.9938 ms/op
WorkloadPilot    3: 64 op, 145760809.00 ns, 2.2775 ms/op
WorkloadPilot    4: 128 op, 208257574.00 ns, 1.6270 ms/op
WorkloadPilot    5: 256 op, 167264503.00 ns, 653.3770 us/op
WorkloadPilot    6: 512 op, 428712686.00 ns, 837.3295 us/op
WorkloadPilot    7: 1024 op, 926582466.00 ns, 904.8657 us/op

OverheadWarmup   1: 1024 op, 5208.00 ns, 5.0859 ns/op
OverheadWarmup   2: 1024 op, 4026.00 ns, 3.9316 ns/op
OverheadWarmup   3: 1024 op, 3968.00 ns, 3.8750 ns/op
OverheadWarmup   4: 1024 op, 4152.00 ns, 4.0547 ns/op
OverheadWarmup   5: 1024 op, 3866.00 ns, 3.7754 ns/op
OverheadWarmup   6: 1024 op, 3857.00 ns, 3.7666 ns/op
OverheadWarmup   7: 1024 op, 3774.00 ns, 3.6855 ns/op
OverheadWarmup   8: 1024 op, 3836.00 ns, 3.7461 ns/op
OverheadWarmup   9: 1024 op, 3919.00 ns, 3.8271 ns/op
OverheadWarmup  10: 1024 op, 3853.00 ns, 3.7627 ns/op

OverheadActual   1: 1024 op, 4080.00 ns, 3.9844 ns/op
OverheadActual   2: 1024 op, 4004.00 ns, 3.9102 ns/op
OverheadActual   3: 1024 op, 4007.00 ns, 3.9131 ns/op
OverheadActual   4: 1024 op, 4058.00 ns, 3.9629 ns/op
OverheadActual   5: 1024 op, 4012.00 ns, 3.9180 ns/op
OverheadActual   6: 1024 op, 3872.00 ns, 3.7813 ns/op
OverheadActual   7: 1024 op, 3845.00 ns, 3.7549 ns/op
OverheadActual   8: 1024 op, 3840.00 ns, 3.7500 ns/op
OverheadActual   9: 1024 op, 3846.00 ns, 3.7559 ns/op
OverheadActual  10: 1024 op, 3873.00 ns, 3.7822 ns/op
OverheadActual  11: 1024 op, 3865.00 ns, 3.7744 ns/op
OverheadActual  12: 1024 op, 3854.00 ns, 3.7637 ns/op
OverheadActual  13: 1024 op, 3952.00 ns, 3.8594 ns/op
OverheadActual  14: 1024 op, 3890.00 ns, 3.7988 ns/op
OverheadActual  15: 1024 op, 3865.00 ns, 3.7744 ns/op
OverheadActual  16: 1024 op, 3909.00 ns, 3.8174 ns/op
OverheadActual  17: 1024 op, 3850.00 ns, 3.7598 ns/op
OverheadActual  18: 1024 op, 3969.00 ns, 3.8760 ns/op
OverheadActual  19: 1024 op, 3814.00 ns, 3.7246 ns/op
OverheadActual  20: 1024 op, 3948.00 ns, 3.8555 ns/op

WorkloadWarmup   1: 1024 op, 898668536.00 ns, 877.6060 us/op
WorkloadWarmup   2: 1024 op, 672725605.00 ns, 656.9586 us/op
WorkloadWarmup   3: 1024 op, 666211356.00 ns, 650.5970 us/op

// BeforeActualRun
WorkloadActual   1: 1024 op, 663395846.00 ns, 647.8475 us/op
WorkloadActual   2: 1024 op, 668688550.00 ns, 653.0162 us/op
WorkloadActual   3: 1024 op, 668234643.00 ns, 652.5729 us/op

// AfterActualRun
WorkloadResult   1: 1024 op, 663391964.50 ns, 647.8437 us/op
WorkloadResult   2: 1024 op, 668684668.50 ns, 653.0124 us/op
WorkloadResult   3: 1024 op, 668230761.50 ns, 652.5691 us/op
// GC:  167 61 0 1397317632 1024
// Threading:  0 0 1024

// AfterAll
// Benchmark Process 703 has exited with code 0.

Mean = 651.142 us, StdErr = 1.654 us (0.25%), N = 3, StdDev = 2.865 us
Min = 647.844 us, Q1 = 650.206 us, Median = 652.569 us, Q3 = 652.791 us, Max = 653.012 us
IQR = 2.584 us, LowerFence = 646.330 us, UpperFence = 656.667 us
ConfidenceInterval = [598.878 us; 703.405 us] (CI 99.9%), Margin = 52.264 us (8.03% of Mean)
Skewness = -0.37, Kurtosis = 0.67, MValue = 2

// ** Remained 78 (87.6 %) benchmark(s) to run. Estimated finish 2026-10-08 2:11 (0h 9m from now) **
// **************************
// Benchmark: PlutusUseCasesBenchmarks.DecodeAndEval: ShortRun(IterationCount=3, LaunchCount=1, MinIterationCount=50, WarmupCount=3) [Script=coop-3]
// *** Execute ***
// Launch: 1 / 1
// Execute: dotnet PlutusBench-ShortRun-1.dll --anonymousPipes 113 114 --benchmarkName "PlutusUseCasesBenchmarks.DecodeAndEval(Script: \"coop-3\")" --job ShortRun --benchmarkId 11 in /bench/chrysalis/benchmarks/PlutusBench/bin/Release/net10.0/PlutusBench-ShortRun-1/bin/Release/net10.0
// BeforeAnythingElse

// Benchmark Process Environment Information:
// BenchmarkDotNet v0.15.8
// Runtime=.NET 10.0.12 (10.0.12, 10.0.1226.42308), X64 RyuJIT x86-64-v4
// GC=Concurrent Workstation
// HardwareIntrinsics=AVX512 BITALG+VBMI2+VNNI+VPOPCNTDQ,AVX512 IFMA+VBMI,AVX512 F+BW+CD+DQ+VL,AVX2+BMI1+BMI2+F16C+FMA+LZCNT+MOVBE,AVX,SSE3+SSSE3+SSE4.1+SSE4.2+POPCNT,X86Base+SSE+SSE2,AES+PCLMUL VectorSize=256
// Job: ShortRun(IterationCount=3, LaunchCount=1, MinIterationCount=50, WarmupCount=3)

OverheadJitting  1: 1 op, 149983.00 ns, 149.9830 us/op
WorkloadJitting  1: 1 op, 23794175.00 ns, 23.7942 ms/op

OverheadJitting  2: 16 op, 335216.00 ns, 20.9510 us/op
WorkloadJitting  2: 16 op, 100589498.00 ns, 6.2868 ms/op

WorkloadPilot    1: 16 op, 97582894.00 ns, 6.0989 ms/op
WorkloadPilot    2: 32 op, 150277854.00 ns, 4.6962 ms/op
WorkloadPilot    3: 64 op, 149337790.00 ns, 2.3334 ms/op
WorkloadPilot    4: 128 op, 281307394.00 ns, 2.1977 ms/op
WorkloadPilot    5: 256 op, 506128199.00 ns, 1.9771 ms/op

OverheadWarmup   1: 256 op, 2171.00 ns, 8.4805 ns/op
OverheadWarmup   2: 256 op, 1208.00 ns, 4.7188 ns/op
OverheadWarmup   3: 256 op, 1218.00 ns, 4.7578 ns/op
OverheadWarmup   4: 256 op, 1183.00 ns, 4.6211 ns/op
OverheadWarmup   5: 256 op, 1485.00 ns, 5.8008 ns/op
OverheadWarmup   6: 256 op, 1250.00 ns, 4.8828 ns/op

OverheadActual   1: 256 op, 1311.00 ns, 5.1211 ns/op
OverheadActual   2: 256 op, 1294.00 ns, 5.0547 ns/op
OverheadActual   3: 256 op, 1348.00 ns, 5.2656 ns/op
OverheadActual   4: 256 op, 1333.00 ns, 5.2070 ns/op
OverheadActual   5: 256 op, 1273.00 ns, 4.9727 ns/op
OverheadActual   6: 256 op, 1238.00 ns, 4.8359 ns/op
OverheadActual   7: 256 op, 1422.00 ns, 5.5547 ns/op
OverheadActual   8: 256 op, 1229.00 ns, 4.8008 ns/op
OverheadActual   9: 256 op, 16749.00 ns, 65.4258 ns/op
OverheadActual  10: 256 op, 1255.00 ns, 4.9023 ns/op
OverheadActual  11: 256 op, 1265.00 ns, 4.9414 ns/op
OverheadActual  12: 256 op, 1238.00 ns, 4.8359 ns/op
OverheadActual  13: 256 op, 1226.00 ns, 4.7891 ns/op
OverheadActual  14: 256 op, 1263.00 ns, 4.9336 ns/op
OverheadActual  15: 256 op, 1214.00 ns, 4.7422 ns/op
OverheadActual  16: 256 op, 1248.00 ns, 4.8750 ns/op
OverheadActual  17: 256 op, 1180.00 ns, 4.6094 ns/op
OverheadActual  18: 256 op, 1309.00 ns, 5.1133 ns/op
OverheadActual  19: 256 op, 1268.00 ns, 4.9531 ns/op
OverheadActual  20: 256 op, 1246.00 ns, 4.8672 ns/op

WorkloadWarmup   1: 256 op, 511124839.00 ns, 1.9966 ms/op
WorkloadWarmup   2: 256 op, 510616621.00 ns, 1.9946 ms/op
WorkloadWarmup   3: 256 op, 507678583.00 ns, 1.9831 ms/op

// BeforeActualRun
WorkloadActual   1: 256 op, 508620626.00 ns, 1.9868 ms/op
WorkloadActual   2: 256 op, 509641630.00 ns, 1.9908 ms/op
WorkloadActual   3: 256 op, 509932326.00 ns, 1.9919 ms/op

// AfterActualRun
WorkloadResult   1: 256 op, 508619362.00 ns, 1.9868 ms/op
WorkloadResult   2: 256 op, 509640366.00 ns, 1.9908 ms/op
WorkloadResult   3: 256 op, 509931062.00 ns, 1.9919 ms/op
// GC:  105 35 0 882874368 256
// Threading:  0 0 256

// AfterAll
// Benchmark Process 714 has exited with code 0.

Mean = 1.990 ms, StdErr = 0.002 ms (0.08%), N = 3, StdDev = 0.003 ms
Min = 1.987 ms, Q1 = 1.989 ms, Median = 1.991 ms, Q3 = 1.991 ms, Max = 1.992 ms
IQR = 0.003 ms, LowerFence = 1.985 ms, UpperFence = 1.995 ms
ConfidenceInterval = [1.941 ms; 2.039 ms] (CI 99.9%), Margin = 0.049 ms (2.47% of Mean)
Skewness = -0.31, Kurtosis = 0.67, MValue = 2

// ** Remained 77 (86.5 %) benchmark(s) to run. Estimated finish 2026-10-08 2:10 (0h 9m from now) **
// **************************
// Benchmark: PlutusUseCasesBenchmarks.DecodeAndEval: ShortRun(IterationCount=3, LaunchCount=1, MinIterationCount=50, WarmupCount=3) [Script=coop-4]
// *** Execute ***
// Launch: 1 / 1
// Execute: dotnet PlutusBench-ShortRun-1.dll --anonymousPipes 113 114 --benchmarkName "PlutusUseCasesBenchmarks.DecodeAndEval(Script: \"coop-4\")" --job ShortRun --benchmarkId 12 in /bench/chrysalis/benchmarks/PlutusBench/bin/Release/net10.0/PlutusBench-ShortRun-1/bin/Release/net10.0
// BeforeAnythingElse

// Benchmark Process Environment Information:
// BenchmarkDotNet v0.15.8
// Runtime=.NET 10.0.12 (10.0.12, 10.0.1226.42308), X64 RyuJIT x86-64-v4
// GC=Concurrent Workstation
// HardwareIntrinsics=AVX512 BITALG+VBMI2+VNNI+VPOPCNTDQ,AVX512 IFMA+VBMI,AVX512 F+BW+CD+DQ+VL,AVX2+BMI1+BMI2+F16C+FMA+LZCNT+MOVBE,AVX,SSE3+SSSE3+SSE4.1+SSE4.2+POPCNT,X86Base+SSE+SSE2,AES+PCLMUL VectorSize=256
// Job: ShortRun(IterationCount=3, LaunchCount=1, MinIterationCount=50, WarmupCount=3)

OverheadJitting  1: 1 op, 153096.00 ns, 153.0960 us/op
WorkloadJitting  1: 1 op, 28480766.00 ns, 28.4808 ms/op

OverheadJitting  2: 16 op, 350394.00 ns, 21.8996 us/op
WorkloadJitting  2: 16 op, 42511298.00 ns, 2.6570 ms/op

WorkloadPilot    1: 16 op, 40249328.00 ns, 2.5156 ms/op
WorkloadPilot    2: 32 op, 80426935.00 ns, 2.5133 ms/op
WorkloadPilot    3: 64 op, 157248132.00 ns, 2.4570 ms/op
WorkloadPilot    4: 128 op, 128961572.00 ns, 1.0075 ms/op
WorkloadPilot    5: 256 op, 216511342.00 ns, 845.7474 us/op
WorkloadPilot    6: 512 op, 423656501.00 ns, 827.4541 us/op
WorkloadPilot    7: 1024 op, 847068128.00 ns, 827.2150 us/op

OverheadWarmup   1: 1024 op, 5361.00 ns, 5.2354 ns/op
OverheadWarmup   2: 1024 op, 4204.00 ns, 4.1055 ns/op
OverheadWarmup   3: 1024 op, 4166.00 ns, 4.0684 ns/op
OverheadWarmup   4: 1024 op, 4329.00 ns, 4.2275 ns/op
OverheadWarmup   5: 1024 op, 4456.00 ns, 4.3516 ns/op
OverheadWarmup   6: 1024 op, 4502.00 ns, 4.3965 ns/op
OverheadWarmup   7: 1024 op, 4144.00 ns, 4.0469 ns/op
OverheadWarmup   8: 1024 op, 4261.00 ns, 4.1611 ns/op
OverheadWarmup   9: 1024 op, 4343.00 ns, 4.2412 ns/op
OverheadWarmup  10: 1024 op, 4430.00 ns, 4.3262 ns/op

OverheadActual   1: 1024 op, 4540.00 ns, 4.4336 ns/op
OverheadActual   2: 1024 op, 4158.00 ns, 4.0605 ns/op
OverheadActual   3: 1024 op, 4281.00 ns, 4.1807 ns/op
OverheadActual   4: 1024 op, 4574.00 ns, 4.4668 ns/op
OverheadActual   5: 1024 op, 4487.00 ns, 4.3818 ns/op
OverheadActual   6: 1024 op, 4445.00 ns, 4.3408 ns/op
OverheadActual   7: 1024 op, 4350.00 ns, 4.2480 ns/op
OverheadActual   8: 1024 op, 4122.00 ns, 4.0254 ns/op
OverheadActual   9: 1024 op, 4408.00 ns, 4.3047 ns/op
OverheadActual  10: 1024 op, 4483.00 ns, 4.3779 ns/op
OverheadActual  11: 1024 op, 4304.00 ns, 4.2031 ns/op
OverheadActual  12: 1024 op, 4953.00 ns, 4.8369 ns/op
OverheadActual  13: 1024 op, 4651.00 ns, 4.5420 ns/op
OverheadActual  14: 1024 op, 4416.00 ns, 4.3125 ns/op
OverheadActual  15: 1024 op, 4448.00 ns, 4.3438 ns/op
OverheadActual  16: 1024 op, 4621.00 ns, 4.5127 ns/op
OverheadActual  17: 1024 op, 4410.00 ns, 4.3066 ns/op
OverheadActual  18: 1024 op, 4543.00 ns, 4.4365 ns/op
OverheadActual  19: 1024 op, 17197.00 ns, 16.7939 ns/op
OverheadActual  20: 1024 op, 4470.00 ns, 4.3652 ns/op

WorkloadWarmup   1: 1024 op, 853288178.00 ns, 833.2892 us/op
WorkloadWarmup   2: 1024 op, 849759379.00 ns, 829.8431 us/op
WorkloadWarmup   3: 1024 op, 844889803.00 ns, 825.0877 us/op

// BeforeActualRun
WorkloadActual   1: 1024 op, 844467305.00 ns, 824.6751 us/op
WorkloadActual   2: 1024 op, 855973023.00 ns, 835.9112 us/op
WorkloadActual   3: 1024 op, 847985956.00 ns, 828.1113 us/op

// AfterActualRun
WorkloadResult   1: 1024 op, 844462846.00 ns, 824.6707 us/op
WorkloadResult   2: 1024 op, 855968564.00 ns, 835.9068 us/op
WorkloadResult   3: 1024 op, 847981497.00 ns, 828.1069 us/op
// GC:  190 73 0 1589657600 1024
// Threading:  0 0 1024

// AfterAll
// Benchmark Process 722 has exited with code 0.

Mean = 829.561 us, StdErr = 3.324 us (0.40%), N = 3, StdDev = 5.758 us
Min = 824.671 us, Q1 = 826.389 us, Median = 828.107 us, Q3 = 832.007 us, Max = 835.907 us
IQR = 5.618 us, LowerFence = 817.962 us, UpperFence = 840.434 us
ConfidenceInterval = [724.523 us; 934.600 us] (CI 99.9%), Margin = 105.039 us (12.66% of Mean)
Skewness = 0.24, Kurtosis = 0.67, MValue = 2

// ** Remained 76 (85.4 %) benchmark(s) to run. Estimated finish 2026-10-08 2:10 (0h 9m from now) **
// **************************
// Benchmark: PlutusUseCasesBenchmarks.DecodeAndEval: ShortRun(IterationCount=3, LaunchCount=1, MinIterationCount=50, WarmupCount=3) [Script=coop-5]
// *** Execute ***
// Launch: 1 / 1
// Execute: dotnet PlutusBench-ShortRun-1.dll --anonymousPipes 113 114 --benchmarkName "PlutusUseCasesBenchmarks.DecodeAndEval(Script: \"coop-5\")" --job ShortRun --benchmarkId 13 in /bench/chrysalis/benchmarks/PlutusBench/bin/Release/net10.0/PlutusBench-ShortRun-1/bin/Release/net10.0
// BeforeAnythingElse

// Benchmark Process Environment Information:
// BenchmarkDotNet v0.15.8
// Runtime=.NET 10.0.12 (10.0.12, 10.0.1226.42308), X64 RyuJIT x86-64-v4
// GC=Concurrent Workstation
// HardwareIntrinsics=AVX512 BITALG+VBMI2+VNNI+VPOPCNTDQ,AVX512 IFMA+VBMI,AVX512 F+BW+CD+DQ+VL,AVX2+BMI1+BMI2+F16C+FMA+LZCNT+MOVBE,AVX,SSE3+SSSE3+SSE4.1+SSE4.2+POPCNT,X86Base+SSE+SSE2,AES+PCLMUL VectorSize=256
// Job: ShortRun(IterationCount=3, LaunchCount=1, MinIterationCount=50, WarmupCount=3)

OverheadJitting  1: 1 op, 153866.00 ns, 153.8660 us/op
WorkloadJitting  1: 1 op, 18011269.00 ns, 18.0113 ms/op

OverheadJitting  2: 16 op, 335434.00 ns, 20.9646 us/op
WorkloadJitting  2: 16 op, 23027617.00 ns, 1.4392 ms/op

WorkloadPilot    1: 16 op, 21225883.00 ns, 1.3266 ms/op
WorkloadPilot    2: 32 op, 41122754.00 ns, 1.2851 ms/op
WorkloadPilot    3: 64 op, 78434116.00 ns, 1.2255 ms/op
WorkloadPilot    4: 128 op, 184329951.00 ns, 1.4401 ms/op
WorkloadPilot    5: 256 op, 122984941.00 ns, 480.4099 us/op
WorkloadPilot    6: 512 op, 212089534.00 ns, 414.2374 us/op
WorkloadPilot    7: 1024 op, 418430638.00 ns, 408.6237 us/op
WorkloadPilot    8: 2048 op, 834981022.00 ns, 407.7056 us/op

OverheadWarmup   1: 2048 op, 8462.00 ns, 4.1318 ns/op
OverheadWarmup   2: 2048 op, 8042.00 ns, 3.9268 ns/op
OverheadWarmup   3: 2048 op, 7629.00 ns, 3.7251 ns/op
OverheadWarmup   4: 2048 op, 7610.00 ns, 3.7158 ns/op
OverheadWarmup   5: 2048 op, 7652.00 ns, 3.7363 ns/op
OverheadWarmup   6: 2048 op, 7591.00 ns, 3.7065 ns/op
OverheadWarmup   7: 2048 op, 7657.00 ns, 3.7388 ns/op
OverheadWarmup   8: 2048 op, 7628.00 ns, 3.7246 ns/op

OverheadActual   1: 2048 op, 7788.00 ns, 3.8027 ns/op
OverheadActual   2: 2048 op, 7804.00 ns, 3.8105 ns/op
OverheadActual   3: 2048 op, 7846.00 ns, 3.8311 ns/op
OverheadActual   4: 2048 op, 7699.00 ns, 3.7593 ns/op
OverheadActual   5: 2048 op, 25099.00 ns, 12.2554 ns/op
OverheadActual   6: 2048 op, 8041.00 ns, 3.9263 ns/op
OverheadActual   7: 2048 op, 7705.00 ns, 3.7622 ns/op
OverheadActual   8: 2048 op, 7995.00 ns, 3.9038 ns/op
OverheadActual   9: 2048 op, 8240.00 ns, 4.0234 ns/op
OverheadActual  10: 2048 op, 7836.00 ns, 3.8262 ns/op
OverheadActual  11: 2048 op, 8576.00 ns, 4.1875 ns/op
OverheadActual  12: 2048 op, 8217.00 ns, 4.0122 ns/op
OverheadActual  13: 2048 op, 8054.00 ns, 3.9326 ns/op
OverheadActual  14: 2048 op, 8810.00 ns, 4.3018 ns/op
OverheadActual  15: 2048 op, 8012.00 ns, 3.9121 ns/op
OverheadActual  16: 2048 op, 8037.00 ns, 3.9243 ns/op
OverheadActual  17: 2048 op, 8272.00 ns, 4.0391 ns/op
OverheadActual  18: 2048 op, 7770.00 ns, 3.7939 ns/op
OverheadActual  19: 2048 op, 8084.00 ns, 3.9473 ns/op
OverheadActual  20: 2048 op, 8131.00 ns, 3.9702 ns/op

WorkloadWarmup   1: 2048 op, 838057891.00 ns, 409.2080 us/op
WorkloadWarmup   2: 2048 op, 852306051.00 ns, 416.1651 us/op
WorkloadWarmup   3: 2048 op, 834083172.00 ns, 407.2672 us/op

// BeforeActualRun
WorkloadActual   1: 2048 op, 835932541.00 ns, 408.1702 us/op
WorkloadActual   2: 2048 op, 983877776.00 ns, 480.4091 us/op
WorkloadActual   3: 2048 op, 1104057815.00 ns, 539.0907 us/op

// AfterActualRun
WorkloadResult   1: 2048 op, 835924502.00 ns, 408.1663 us/op
WorkloadResult   2: 2048 op, 983869737.00 ns, 480.4051 us/op
WorkloadResult   3: 2048 op, 1104049776.00 ns, 539.0868 us/op
// GC:  207 63 0 1737605120 2048
// Threading:  0 0 2048

// AfterAll
// Benchmark Process 730 has exited with code 0.

Mean = 475.886 us, StdErr = 37.861 us (7.96%), N = 3, StdDev = 65.577 us
Min = 408.166 us, Q1 = 444.286 us, Median = 480.405 us, Q3 = 509.746 us, Max = 539.087 us
IQR = 65.460 us, LowerFence = 346.095 us, UpperFence = 607.936 us
ConfidenceInterval = [-720.485 us; 1,672.258 us] (CI 99.9%), Margin = 1,196.371 us (251.40% of Mean)
Skewness = -0.07, Kurtosis = 0.67, MValue = 2

// ** Remained 75 (84.3 %) benchmark(s) to run. Estimated finish 2026-10-08 2:10 (0h 9m from now) **
// **************************
// Benchmark: PlutusUseCasesBenchmarks.DecodeAndEval: ShortRun(IterationCount=3, LaunchCount=1, MinIterationCount=50, WarmupCount=3) [Script=coop-6]
// *** Execute ***
// Launch: 1 / 1
// Execute: dotnet PlutusBench-ShortRun-1.dll --anonymousPipes 113 114 --benchmarkName "PlutusUseCasesBenchmarks.DecodeAndEval(Script: \"coop-6\")" --job ShortRun --benchmarkId 14 in /bench/chrysalis/benchmarks/PlutusBench/bin/Release/net10.0/PlutusBench-ShortRun-1/bin/Release/net10.0
// BeforeAnythingElse

// Benchmark Process Environment Information:
// BenchmarkDotNet v0.15.8
// Runtime=.NET 10.0.12 (10.0.12, 10.0.1226.42308), X64 RyuJIT x86-64-v4
// GC=Concurrent Workstation
// HardwareIntrinsics=AVX512 BITALG+VBMI2+VNNI+VPOPCNTDQ,AVX512 IFMA+VBMI,AVX512 F+BW+CD+DQ+VL,AVX2+BMI1+BMI2+F16C+FMA+LZCNT+MOVBE,AVX,SSE3+SSSE3+SSE4.1+SSE4.2+POPCNT,X86Base+SSE+SSE2,AES+PCLMUL VectorSize=256
// Job: ShortRun(IterationCount=3, LaunchCount=1, MinIterationCount=50, WarmupCount=3)

OverheadJitting  1: 1 op, 153139.00 ns, 153.1390 us/op
WorkloadJitting  1: 1 op, 27892135.00 ns, 27.8921 ms/op

OverheadJitting  2: 16 op, 328915.00 ns, 20.5572 us/op
WorkloadJitting  2: 16 op, 31730923.00 ns, 1.9832 ms/op

WorkloadPilot    1: 16 op, 30690365.00 ns, 1.9181 ms/op
WorkloadPilot    2: 32 op, 57968461.00 ns, 1.8115 ms/op
WorkloadPilot    3: 64 op, 111960696.00 ns, 1.7494 ms/op
WorkloadPilot    4: 128 op, 113929871.00 ns, 890.0771 us/op
WorkloadPilot    5: 256 op, 153167807.00 ns, 598.3117 us/op
WorkloadPilot    6: 512 op, 276425184.00 ns, 539.8929 us/op
WorkloadPilot    7: 1024 op, 549250356.00 ns, 536.3773 us/op

OverheadWarmup   1: 1024 op, 4633.00 ns, 4.5244 ns/op
OverheadWarmup   2: 1024 op, 4128.00 ns, 4.0313 ns/op
OverheadWarmup   3: 1024 op, 4084.00 ns, 3.9883 ns/op
OverheadWarmup   4: 1024 op, 4119.00 ns, 4.0225 ns/op
OverheadWarmup   5: 1024 op, 4199.00 ns, 4.1006 ns/op
OverheadWarmup   6: 1024 op, 4064.00 ns, 3.9688 ns/op
OverheadWarmup   7: 1024 op, 4087.00 ns, 3.9912 ns/op
OverheadWarmup   8: 1024 op, 4091.00 ns, 3.9951 ns/op
OverheadWarmup   9: 1024 op, 4150.00 ns, 4.0527 ns/op
OverheadWarmup  10: 1024 op, 4214.00 ns, 4.1152 ns/op

OverheadActual   1: 1024 op, 4050.00 ns, 3.9551 ns/op
OverheadActual   2: 1024 op, 4041.00 ns, 3.9463 ns/op
OverheadActual   3: 1024 op, 4048.00 ns, 3.9531 ns/op
OverheadActual   4: 1024 op, 4017.00 ns, 3.9229 ns/op
OverheadActual   5: 1024 op, 4213.00 ns, 4.1143 ns/op
OverheadActual   6: 1024 op, 4167.00 ns, 4.0693 ns/op
OverheadActual   7: 1024 op, 16713.00 ns, 16.3213 ns/op
OverheadActual   8: 1024 op, 4167.00 ns, 4.0693 ns/op
OverheadActual   9: 1024 op, 4131.00 ns, 4.0342 ns/op
OverheadActual  10: 1024 op, 4134.00 ns, 4.0371 ns/op
OverheadActual  11: 1024 op, 4134.00 ns, 4.0371 ns/op
OverheadActual  12: 1024 op, 4097.00 ns, 4.0010 ns/op
OverheadActual  13: 1024 op, 4153.00 ns, 4.0557 ns/op
OverheadActual  14: 1024 op, 4110.00 ns, 4.0137 ns/op
OverheadActual  15: 1024 op, 4136.00 ns, 4.0391 ns/op
OverheadActual  16: 1024 op, 4201.00 ns, 4.1025 ns/op
OverheadActual  17: 1024 op, 19740.00 ns, 19.2773 ns/op
OverheadActual  18: 1024 op, 4213.00 ns, 4.1143 ns/op
OverheadActual  19: 1024 op, 4256.00 ns, 4.1563 ns/op
OverheadActual  20: 1024 op, 4227.00 ns, 4.1279 ns/op

WorkloadWarmup   1: 1024 op, 555430767.00 ns, 542.4129 us/op
WorkloadWarmup   2: 1024 op, 553191347.00 ns, 540.2259 us/op
WorkloadWarmup   3: 1024 op, 550628787.00 ns, 537.7234 us/op

// BeforeActualRun
WorkloadActual   1: 1024 op, 550215353.00 ns, 537.3197 us/op
WorkloadActual   2: 1024 op, 553722981.00 ns, 540.7451 us/op
WorkloadActual   3: 1024 op, 554478656.00 ns, 541.4831 us/op

// AfterActualRun
WorkloadResult   1: 1024 op, 550211208.50 ns, 537.3156 us/op
WorkloadResult   2: 1024 op, 553718836.50 ns, 540.7411 us/op
WorkloadResult   3: 1024 op, 554474511.50 ns, 541.4790 us/op
// GC:  148 48 0 1244454912 1024
// Threading:  0 0 1024

// AfterAll
// Benchmark Process 738 has exited with code 0.

Mean = 539.845 us, StdErr = 1.283 us (0.24%), N = 3, StdDev = 2.222 us
Min = 537.316 us, Q1 = 539.028 us, Median = 540.741 us, Q3 = 541.110 us, Max = 541.479 us
IQR = 2.082 us, LowerFence = 535.906 us, UpperFence = 544.233 us
ConfidenceInterval = [499.316 us; 580.375 us] (CI 99.9%), Margin = 40.529 us (7.51% of Mean)
Skewness = -0.34, Kurtosis = 0.67, MValue = 2

// ** Remained 74 (83.1 %) benchmark(s) to run. Estimated finish 2026-10-08 2:10 (0h 8m from now) **
// **************************
// Benchmark: PlutusUseCasesBenchmarks.DecodeAndEval: ShortRun(IterationCount=3, LaunchCount=1, MinIterationCount=50, WarmupCount=3) [Script=coop-7]
// *** Execute ***
// Launch: 1 / 1
// Execute: dotnet PlutusBench-ShortRun-1.dll --anonymousPipes 113 114 --benchmarkName "PlutusUseCasesBenchmarks.DecodeAndEval(Script: \"coop-7\")" --job ShortRun --benchmarkId 15 in /bench/chrysalis/benchmarks/PlutusBench/bin/Release/net10.0/PlutusBench-ShortRun-1/bin/Release/net10.0
// BeforeAnythingElse

// Benchmark Process Environment Information:
// BenchmarkDotNet v0.15.8
// Runtime=.NET 10.0.12 (10.0.12, 10.0.1226.42308), X64 RyuJIT x86-64-v4
// GC=Concurrent Workstation
// HardwareIntrinsics=AVX512 BITALG+VBMI2+VNNI+VPOPCNTDQ,AVX512 IFMA+VBMI,AVX512 F+BW+CD+DQ+VL,AVX2+BMI1+BMI2+F16C+FMA+LZCNT+MOVBE,AVX,SSE3+SSSE3+SSE4.1+SSE4.2+POPCNT,X86Base+SSE+SSE2,AES+PCLMUL VectorSize=256
// Job: ShortRun(IterationCount=3, LaunchCount=1, MinIterationCount=50, WarmupCount=3)

OverheadJitting  1: 1 op, 149266.00 ns, 149.2660 us/op
WorkloadJitting  1: 1 op, 17569107.00 ns, 17.5691 ms/op

OverheadJitting  2: 16 op, 340355.00 ns, 21.2722 us/op
WorkloadJitting  2: 16 op, 17683135.00 ns, 1.1052 ms/op

WorkloadPilot    1: 16 op, 15694886.00 ns, 980.9304 us/op
WorkloadPilot    2: 32 op, 29993325.00 ns, 937.2914 us/op
WorkloadPilot    3: 64 op, 57533461.00 ns, 898.9603 us/op
WorkloadPilot    4: 128 op, 118095514.00 ns, 922.6212 us/op
WorkloadPilot    5: 256 op, 169807513.00 ns, 663.3106 us/op
WorkloadPilot    6: 512 op, 210031373.00 ns, 410.2175 us/op
WorkloadPilot    7: 1024 op, 277531250.00 ns, 271.0266 us/op
WorkloadPilot    8: 2048 op, 556093540.00 ns, 271.5300 us/op

OverheadWarmup   1: 2048 op, 8280.00 ns, 4.0430 ns/op
OverheadWarmup   2: 2048 op, 7972.00 ns, 3.8926 ns/op
OverheadWarmup   3: 2048 op, 7862.00 ns, 3.8389 ns/op
OverheadWarmup   4: 2048 op, 8035.00 ns, 3.9233 ns/op
OverheadWarmup   5: 2048 op, 7689.00 ns, 3.7544 ns/op
OverheadWarmup   6: 2048 op, 7977.00 ns, 3.8950 ns/op
OverheadWarmup   7: 2048 op, 7678.00 ns, 3.7490 ns/op

OverheadActual   1: 2048 op, 7750.00 ns, 3.7842 ns/op
OverheadActual   2: 2048 op, 7523.00 ns, 3.6733 ns/op
OverheadActual   3: 2048 op, 7684.00 ns, 3.7520 ns/op
OverheadActual   4: 2048 op, 7916.00 ns, 3.8652 ns/op
OverheadActual   5: 2048 op, 8044.00 ns, 3.9277 ns/op
OverheadActual   6: 2048 op, 7918.00 ns, 3.8662 ns/op
OverheadActual   7: 2048 op, 7911.00 ns, 3.8628 ns/op
OverheadActual   8: 2048 op, 20511.00 ns, 10.0151 ns/op
OverheadActual   9: 2048 op, 23780.00 ns, 11.6113 ns/op
OverheadActual  10: 2048 op, 8009.00 ns, 3.9106 ns/op
OverheadActual  11: 2048 op, 7894.00 ns, 3.8545 ns/op
OverheadActual  12: 2048 op, 7927.00 ns, 3.8706 ns/op
OverheadActual  13: 2048 op, 7866.00 ns, 3.8408 ns/op
OverheadActual  14: 2048 op, 7846.00 ns, 3.8311 ns/op
OverheadActual  15: 2048 op, 7889.00 ns, 3.8521 ns/op
OverheadActual  16: 2048 op, 7849.00 ns, 3.8325 ns/op
OverheadActual  17: 2048 op, 7894.00 ns, 3.8545 ns/op
OverheadActual  18: 2048 op, 8011.00 ns, 3.9116 ns/op
OverheadActual  19: 2048 op, 7929.00 ns, 3.8716 ns/op
OverheadActual  20: 2048 op, 7985.00 ns, 3.8989 ns/op

WorkloadWarmup   1: 2048 op, 557700232.00 ns, 272.3146 us/op
WorkloadWarmup   2: 2048 op, 561808797.00 ns, 274.3207 us/op
WorkloadWarmup   3: 2048 op, 553421319.00 ns, 270.2253 us/op

// BeforeActualRun
WorkloadActual   1: 2048 op, 559315624.00 ns, 273.1033 us/op
WorkloadActual   2: 2048 op, 559212296.00 ns, 273.0529 us/op
WorkloadActual   3: 2048 op, 559542812.00 ns, 273.2143 us/op

// AfterActualRun
WorkloadResult   1: 2048 op, 559307710.50 ns, 273.0995 us/op
WorkloadResult   2: 2048 op, 559204382.50 ns, 273.0490 us/op
WorkloadResult   3: 2048 op, 559534898.50 ns, 273.2104 us/op
// GC:  161 49 0 1349582848 2048
// Threading:  0 0 2048

// AfterAll
// Benchmark Process 749 has exited with code 0.

Mean = 273.120 us, StdErr = 0.048 us (0.02%), N = 3, StdDev = 0.083 us
Min = 273.049 us, Q1 = 273.074 us, Median = 273.099 us, Q3 = 273.155 us, Max = 273.210 us
IQR = 0.081 us, LowerFence = 272.953 us, UpperFence = 273.276 us
ConfidenceInterval = [271.613 us; 274.626 us] (CI 99.9%), Margin = 1.506 us (0.55% of Mean)
Skewness = 0.23, Kurtosis = 0.67, MValue = 2

// ** Remained 73 (82.0 %) benchmark(s) to run. Estimated finish 2026-10-08 2:10 (0h 8m from now) **
// **************************
// Benchmark: PlutusUseCasesBenchmarks.DecodeAndEval: ShortRun(IterationCount=3, LaunchCount=1, MinIterationCount=50, WarmupCount=3) [Script=crowdfunding-success-1]
// *** Execute ***
// Launch: 1 / 1
// Execute: dotnet PlutusBench-ShortRun-1.dll --anonymousPipes 113 114 --benchmarkName "PlutusUseCasesBenchmarks.DecodeAndEval(Script: \"crowdfunding-success-1\")" --job ShortRun --benchmarkId 16 in /bench/chrysalis/benchmarks/PlutusBench/bin/Release/net10.0/PlutusBench-ShortRun-1/bin/Release/net10.0
// BeforeAnythingElse

// Benchmark Process Environment Information:
// BenchmarkDotNet v0.15.8
// Runtime=.NET 10.0.12 (10.0.12, 10.0.1226.42308), X64 RyuJIT x86-64-v4
// GC=Concurrent Workstation
// HardwareIntrinsics=AVX512 BITALG+VBMI2+VNNI+VPOPCNTDQ,AVX512 IFMA+VBMI,AVX512 F+BW+CD+DQ+VL,AVX2+BMI1+BMI2+F16C+FMA+LZCNT+MOVBE,AVX,SSE3+SSSE3+SSE4.1+SSE4.2+POPCNT,X86Base+SSE+SSE2,AES+PCLMUL VectorSize=256
// Job: ShortRun(IterationCount=3, LaunchCount=1, MinIterationCount=50, WarmupCount=3)

OverheadJitting  1: 1 op, 154404.00 ns, 154.4040 us/op
WorkloadJitting  1: 1 op, 15696259.00 ns, 15.6963 ms/op

OverheadJitting  2: 16 op, 322729.00 ns, 20.1706 us/op
WorkloadJitting  2: 16 op, 13669877.00 ns, 854.3673 us/op

WorkloadPilot    1: 16 op, 11957273.00 ns, 747.3296 us/op
WorkloadPilot    2: 32 op, 22032886.00 ns, 688.5277 us/op
WorkloadPilot    3: 64 op, 44937405.00 ns, 702.1470 us/op
WorkloadPilot    4: 128 op, 83525420.00 ns, 652.5423 us/op
WorkloadPilot    5: 256 op, 104911944.00 ns, 409.8123 us/op
WorkloadPilot    6: 512 op, 127311352.00 ns, 248.6550 us/op
WorkloadPilot    7: 1024 op, 249890538.00 ns, 244.0337 us/op
WorkloadPilot    8: 2048 op, 492077059.00 ns, 240.2720 us/op
WorkloadPilot    9: 4096 op, 992164684.00 ns, 242.2277 us/op

OverheadWarmup   1: 4096 op, 16789.00 ns, 4.0989 ns/op
OverheadWarmup   2: 4096 op, 15845.00 ns, 3.8684 ns/op
OverheadWarmup   3: 4096 op, 16918.00 ns, 4.1304 ns/op
OverheadWarmup   4: 4096 op, 15821.00 ns, 3.8625 ns/op
OverheadWarmup   5: 4096 op, 15884.00 ns, 3.8779 ns/op
OverheadWarmup   6: 4096 op, 22259.00 ns, 5.4343 ns/op
OverheadWarmup   7: 4096 op, 16228.00 ns, 3.9619 ns/op

OverheadActual   1: 4096 op, 15925.00 ns, 3.8879 ns/op
OverheadActual   2: 4096 op, 16281.00 ns, 3.9749 ns/op
OverheadActual   3: 4096 op, 15898.00 ns, 3.8813 ns/op
OverheadActual   4: 4096 op, 24347.00 ns, 5.9441 ns/op
OverheadActual   5: 4096 op, 16214.00 ns, 3.9585 ns/op
OverheadActual   6: 4096 op, 17474.00 ns, 4.2661 ns/op
OverheadActual   7: 4096 op, 31463.00 ns, 7.6814 ns/op
OverheadActual   8: 4096 op, 17350.00 ns, 4.2358 ns/op
OverheadActual   9: 4096 op, 35141.00 ns, 8.5793 ns/op
OverheadActual  10: 4096 op, 29690.00 ns, 7.2485 ns/op
OverheadActual  11: 4096 op, 17126.00 ns, 4.1812 ns/op
OverheadActual  12: 4096 op, 17670.00 ns, 4.3140 ns/op
OverheadActual  13: 4096 op, 18019.00 ns, 4.3992 ns/op
OverheadActual  14: 4096 op, 16480.00 ns, 4.0234 ns/op
OverheadActual  15: 4096 op, 17431.00 ns, 4.2556 ns/op
OverheadActual  16: 4096 op, 17369.00 ns, 4.2405 ns/op
OverheadActual  17: 4096 op, 47024.00 ns, 11.4805 ns/op
OverheadActual  18: 4096 op, 16894.00 ns, 4.1245 ns/op
OverheadActual  19: 4096 op, 17732.00 ns, 4.3291 ns/op
OverheadActual  20: 4096 op, 17184.00 ns, 4.1953 ns/op

WorkloadWarmup   1: 4096 op, 992157959.00 ns, 242.2261 us/op
WorkloadWarmup   2: 4096 op, 989104056.00 ns, 241.4805 us/op
WorkloadWarmup   3: 4096 op, 987267021.00 ns, 241.0320 us/op

// BeforeActualRun
WorkloadActual   1: 4096 op, 987003267.00 ns, 240.9676 us/op
WorkloadActual   2: 4096 op, 992533234.00 ns, 242.3177 us/op
WorkloadActual   3: 4096 op, 989623508.00 ns, 241.6073 us/op

// AfterActualRun
WorkloadResult   1: 4096 op, 986985867.00 ns, 240.9633 us/op
WorkloadResult   2: 4096 op, 992515834.00 ns, 242.3134 us/op
WorkloadResult   3: 4096 op, 989606108.00 ns, 241.6031 us/op
// GC:  248 79 0 2080997376 4096
// Threading:  0 0 4096

// AfterAll
// Benchmark Process 757 has exited with code 0.

Mean = 241.627 us, StdErr = 0.390 us (0.16%), N = 3, StdDev = 0.675 us
Min = 240.963 us, Q1 = 241.283 us, Median = 241.603 us, Q3 = 241.958 us, Max = 242.313 us
IQR = 0.675 us, LowerFence = 240.271 us, UpperFence = 242.971 us
ConfidenceInterval = [229.306 us; 253.948 us] (CI 99.9%), Margin = 12.321 us (5.10% of Mean)
Skewness = 0.03, Kurtosis = 0.67, MValue = 2

// ** Remained 72 (80.9 %) benchmark(s) to run. Estimated finish 2026-10-08 2:10 (0h 8m from now) **
// **************************
// Benchmark: PlutusUseCasesBenchmarks.DecodeAndEval: ShortRun(IterationCount=3, LaunchCount=1, MinIterationCount=50, WarmupCount=3) [Script=crowdfunding-success-2]
// *** Execute ***
// Launch: 1 / 1
// Execute: dotnet PlutusBench-ShortRun-1.dll --anonymousPipes 113 114 --benchmarkName "PlutusUseCasesBenchmarks.DecodeAndEval(Script: \"crowdfunding-success-2\")" --job ShortRun --benchmarkId 17 in /bench/chrysalis/benchmarks/PlutusBench/bin/Release/net10.0/PlutusBench-ShortRun-1/bin/Release/net10.0
// BeforeAnythingElse

// Benchmark Process Environment Information:
// BenchmarkDotNet v0.15.8
// Runtime=.NET 10.0.12 (10.0.12, 10.0.1226.42308), X64 RyuJIT x86-64-v4
// GC=Concurrent Workstation
// HardwareIntrinsics=AVX512 BITALG+VBMI2+VNNI+VPOPCNTDQ,AVX512 IFMA+VBMI,AVX512 F+BW+CD+DQ+VL,AVX2+BMI1+BMI2+F16C+FMA+LZCNT+MOVBE,AVX,SSE3+SSSE3+SSE4.1+SSE4.2+POPCNT,X86Base+SSE+SSE2,AES+PCLMUL VectorSize=256
// Job: ShortRun(IterationCount=3, LaunchCount=1, MinIterationCount=50, WarmupCount=3)

OverheadJitting  1: 1 op, 151628.00 ns, 151.6280 us/op
WorkloadJitting  1: 1 op, 15637315.00 ns, 15.6373 ms/op

OverheadJitting  2: 16 op, 349678.00 ns, 21.8549 us/op
WorkloadJitting  2: 16 op, 13753291.00 ns, 859.5807 us/op

WorkloadPilot    1: 16 op, 11743869.00 ns, 733.9918 us/op
WorkloadPilot    2: 32 op, 21902471.00 ns, 684.4522 us/op
WorkloadPilot    3: 64 op, 42352212.00 ns, 661.7533 us/op
WorkloadPilot    4: 128 op, 83203178.00 ns, 650.0248 us/op
WorkloadPilot    5: 256 op, 104875722.00 ns, 409.6708 us/op
WorkloadPilot    6: 512 op, 126146987.00 ns, 246.3808 us/op
WorkloadPilot    7: 1024 op, 241613299.00 ns, 235.9505 us/op
WorkloadPilot    8: 2048 op, 484623561.00 ns, 236.6326 us/op
WorkloadPilot    9: 4096 op, 966999989.00 ns, 236.0840 us/op

OverheadWarmup   1: 4096 op, 15910.00 ns, 3.8843 ns/op
OverheadWarmup   2: 4096 op, 31641.00 ns, 7.7249 ns/op
OverheadWarmup   3: 4096 op, 15009.00 ns, 3.6643 ns/op
OverheadWarmup   4: 4096 op, 28186.00 ns, 6.8813 ns/op
OverheadWarmup   5: 4096 op, 45631.00 ns, 11.1404 ns/op
OverheadWarmup   6: 4096 op, 15622.00 ns, 3.8140 ns/op

OverheadActual   1: 4096 op, 14940.00 ns, 3.6475 ns/op
OverheadActual   2: 4096 op, 14937.00 ns, 3.6467 ns/op
OverheadActual   3: 4096 op, 14979.00 ns, 3.6570 ns/op
OverheadActual   4: 4096 op, 46283.00 ns, 11.2996 ns/op
OverheadActual   5: 4096 op, 14949.00 ns, 3.6497 ns/op
OverheadActual   6: 4096 op, 30866.00 ns, 7.5356 ns/op
OverheadActual   7: 4096 op, 15111.00 ns, 3.6892 ns/op
OverheadActual   8: 4096 op, 14888.00 ns, 3.6348 ns/op
OverheadActual   9: 4096 op, 15485.00 ns, 3.7805 ns/op
OverheadActual  10: 4096 op, 29072.00 ns, 7.0977 ns/op
OverheadActual  11: 4096 op, 16298.00 ns, 3.9790 ns/op
OverheadActual  12: 4096 op, 15819.00 ns, 3.8621 ns/op
OverheadActual  13: 4096 op, 19680.00 ns, 4.8047 ns/op
OverheadActual  14: 4096 op, 15674.00 ns, 3.8267 ns/op
OverheadActual  15: 4096 op, 15636.00 ns, 3.8174 ns/op
OverheadActual  16: 4096 op, 16119.00 ns, 3.9353 ns/op
OverheadActual  17: 4096 op, 28861.00 ns, 7.0461 ns/op
OverheadActual  18: 4096 op, 16214.00 ns, 3.9585 ns/op
OverheadActual  19: 4096 op, 15786.00 ns, 3.8540 ns/op
OverheadActual  20: 4096 op, 15806.00 ns, 3.8589 ns/op

WorkloadWarmup   1: 4096 op, 966964631.00 ns, 236.0753 us/op
WorkloadWarmup   2: 4096 op, 967008298.00 ns, 236.0860 us/op
WorkloadWarmup   3: 4096 op, 962983404.00 ns, 235.1034 us/op

// BeforeActualRun
WorkloadActual   1: 4096 op, 965272607.00 ns, 235.6623 us/op
WorkloadActual   2: 4096 op, 970752267.00 ns, 237.0001 us/op
WorkloadActual   3: 4096 op, 967337996.00 ns, 236.1665 us/op

// AfterActualRun
WorkloadResult   1: 4096 op, 965256811.00 ns, 235.6584 us/op
WorkloadResult   2: 4096 op, 970736471.00 ns, 236.9962 us/op
WorkloadResult   3: 4096 op, 967322200.00 ns, 236.1626 us/op
// GC:  248 79 0 2080997376 4096
// Threading:  0 0 4096

// AfterAll
// Benchmark Process 765 has exited with code 0.

Mean = 236.272 us, StdErr = 0.390 us (0.17%), N = 3, StdDev = 0.676 us
Min = 235.658 us, Q1 = 235.911 us, Median = 236.163 us, Q3 = 236.579 us, Max = 236.996 us
IQR = 0.669 us, LowerFence = 234.907 us, UpperFence = 237.583 us
ConfidenceInterval = [223.946 us; 248.598 us] (CI 99.9%), Margin = 12.326 us (5.22% of Mean)
Skewness = 0.16, Kurtosis = 0.67, MValue = 2

// ** Remained 71 (79.8 %) benchmark(s) to run. Estimated finish 2026-10-08 2:10 (0h 8m from now) **
// **************************
// Benchmark: PlutusUseCasesBenchmarks.DecodeAndEval: ShortRun(IterationCount=3, LaunchCount=1, MinIterationCount=50, WarmupCount=3) [Script=crowdfunding-success-3]
// *** Execute ***
// Launch: 1 / 1
// Execute: dotnet PlutusBench-ShortRun-1.dll --anonymousPipes 113 114 --benchmarkName "PlutusUseCasesBenchmarks.DecodeAndEval(Script: \"crowdfunding-success-3\")" --job ShortRun --benchmarkId 18 in /bench/chrysalis/benchmarks/PlutusBench/bin/Release/net10.0/PlutusBench-ShortRun-1/bin/Release/net10.0
// BeforeAnythingElse

// Benchmark Process Environment Information:
// BenchmarkDotNet v0.15.8
// Runtime=.NET 10.0.12 (10.0.12, 10.0.1226.42308), X64 RyuJIT x86-64-v4
// GC=Concurrent Workstation
// HardwareIntrinsics=AVX512 BITALG+VBMI2+VNNI+VPOPCNTDQ,AVX512 IFMA+VBMI,AVX512 F+BW+CD+DQ+VL,AVX2+BMI1+BMI2+F16C+FMA+LZCNT+MOVBE,AVX,SSE3+SSSE3+SSE4.1+SSE4.2+POPCNT,X86Base+SSE+SSE2,AES+PCLMUL VectorSize=256
// Job: ShortRun(IterationCount=3, LaunchCount=1, MinIterationCount=50, WarmupCount=3)

OverheadJitting  1: 1 op, 151681.00 ns, 151.6810 us/op
WorkloadJitting  1: 1 op, 15728972.00 ns, 15.7290 ms/op

OverheadJitting  2: 16 op, 326498.00 ns, 20.4061 us/op
WorkloadJitting  2: 16 op, 13625576.00 ns, 851.5985 us/op

WorkloadPilot    1: 16 op, 11798219.00 ns, 737.3887 us/op
WorkloadPilot    2: 32 op, 22027643.00 ns, 688.3638 us/op
WorkloadPilot    3: 64 op, 45382918.00 ns, 709.1081 us/op
WorkloadPilot    4: 128 op, 84031834.00 ns, 656.4987 us/op
WorkloadPilot    5: 256 op, 104906962.00 ns, 409.7928 us/op
WorkloadPilot    6: 512 op, 140198556.00 ns, 273.8253 us/op
WorkloadPilot    7: 1024 op, 252723571.00 ns, 246.8004 us/op
WorkloadPilot    8: 2048 op, 484615849.00 ns, 236.6288 us/op
WorkloadPilot    9: 4096 op, 969805954.00 ns, 236.7690 us/op

OverheadWarmup   1: 4096 op, 16941.00 ns, 4.1360 ns/op
OverheadWarmup   2: 4096 op, 16290.00 ns, 3.9771 ns/op
OverheadWarmup   3: 4096 op, 37364.00 ns, 9.1221 ns/op
OverheadWarmup   4: 4096 op, 16824.00 ns, 4.1074 ns/op
OverheadWarmup   5: 4096 op, 17252.00 ns, 4.2119 ns/op
OverheadWarmup   6: 4096 op, 36538.00 ns, 8.9204 ns/op
OverheadWarmup   7: 4096 op, 17034.00 ns, 4.1587 ns/op

OverheadActual   1: 4096 op, 16077.00 ns, 3.9250 ns/op
OverheadActual   2: 4096 op, 15266.00 ns, 3.7271 ns/op
OverheadActual   3: 4096 op, 15452.00 ns, 3.7725 ns/op
OverheadActual   4: 4096 op, 16263.00 ns, 3.9705 ns/op
OverheadActual   5: 4096 op, 16073.00 ns, 3.9241 ns/op
OverheadActual   6: 4096 op, 16342.00 ns, 3.9897 ns/op
OverheadActual   7: 4096 op, 17428.00 ns, 4.2549 ns/op
OverheadActual   8: 4096 op, 16341.00 ns, 3.9895 ns/op
OverheadActual   9: 4096 op, 16693.00 ns, 4.0754 ns/op
OverheadActual  10: 4096 op, 17549.00 ns, 4.2844 ns/op
OverheadActual  11: 4096 op, 29768.00 ns, 7.2676 ns/op
OverheadActual  12: 4096 op, 34445.00 ns, 8.4094 ns/op
OverheadActual  13: 4096 op, 48301.00 ns, 11.7922 ns/op
OverheadActual  14: 4096 op, 17293.00 ns, 4.2219 ns/op
OverheadActual  15: 4096 op, 17105.00 ns, 4.1760 ns/op
OverheadActual  16: 4096 op, 16768.00 ns, 4.0938 ns/op
OverheadActual  17: 4096 op, 17837.00 ns, 4.3547 ns/op
OverheadActual  18: 4096 op, 17050.00 ns, 4.1626 ns/op
OverheadActual  19: 4096 op, 17711.00 ns, 4.3240 ns/op
OverheadActual  20: 4096 op, 17215.00 ns, 4.2029 ns/op

WorkloadWarmup   1: 4096 op, 1009810224.00 ns, 246.5357 us/op
WorkloadWarmup   2: 4096 op, 1253669869.00 ns, 306.0717 us/op
WorkloadWarmup   3: 4096 op, 1117573422.00 ns, 272.8451 us/op

// BeforeActualRun
WorkloadActual   1: 4096 op, 974441163.00 ns, 237.9007 us/op
WorkloadActual   2: 4096 op, 975611567.00 ns, 238.1864 us/op
WorkloadActual   3: 4096 op, 975154939.00 ns, 238.0749 us/op

// AfterActualRun
WorkloadResult   1: 4096 op, 974424085.50 ns, 237.8965 us/op
WorkloadResult   2: 4096 op, 975594489.50 ns, 238.1822 us/op
WorkloadResult   3: 4096 op, 975137861.50 ns, 238.0708 us/op
// GC:  248 79 0 2080997376 4096
// Threading:  0 0 4096

// AfterAll
// Benchmark Process 773 has exited with code 0.

Mean = 238.050 us, StdErr = 0.083 us (0.03%), N = 3, StdDev = 0.144 us
Min = 237.897 us, Q1 = 237.984 us, Median = 238.071 us, Q3 = 238.127 us, Max = 238.182 us
IQR = 0.143 us, LowerFence = 237.769 us, UpperFence = 238.341 us
ConfidenceInterval = [235.422 us; 240.677 us] (CI 99.9%), Margin = 2.627 us (1.10% of Mean)
Skewness = -0.14, Kurtosis = 0.67, MValue = 2

// ** Remained 70 (78.7 %) benchmark(s) to run. Estimated finish 2026-10-08 2:11 (0h 8m from now) **
// **************************
// Benchmark: PlutusUseCasesBenchmarks.DecodeAndEval: ShortRun(IterationCount=3, LaunchCount=1, MinIterationCount=50, WarmupCount=3) [Script=currency-1]
// *** Execute ***
// Launch: 1 / 1
// Execute: dotnet PlutusBench-ShortRun-1.dll --anonymousPipes 113 114 --benchmarkName "PlutusUseCasesBenchmarks.DecodeAndEval(Script: \"currency-1\")" --job ShortRun --benchmarkId 19 in /bench/chrysalis/benchmarks/PlutusBench/bin/Release/net10.0/PlutusBench-ShortRun-1/bin/Release/net10.0
// BeforeAnythingElse

// Benchmark Process Environment Information:
// BenchmarkDotNet v0.15.8
// Runtime=.NET 10.0.12 (10.0.12, 10.0.1226.42308), X64 RyuJIT x86-64-v4
// GC=Concurrent Workstation
// HardwareIntrinsics=AVX512 BITALG+VBMI2+VNNI+VPOPCNTDQ,AVX512 IFMA+VBMI,AVX512 F+BW+CD+DQ+VL,AVX2+BMI1+BMI2+F16C+FMA+LZCNT+MOVBE,AVX,SSE3+SSSE3+SSE4.1+SSE4.2+POPCNT,X86Base+SSE+SSE2,AES+PCLMUL VectorSize=256
// Job: ShortRun(IterationCount=3, LaunchCount=1, MinIterationCount=50, WarmupCount=3)

OverheadJitting  1: 1 op, 153146.00 ns, 153.1460 us/op
WorkloadJitting  1: 1 op, 15650991.00 ns, 15.6510 ms/op

OverheadJitting  2: 16 op, 324181.00 ns, 20.2613 us/op
WorkloadJitting  2: 16 op, 17276864.00 ns, 1.0798 ms/op

WorkloadPilot    1: 16 op, 15073392.00 ns, 942.0870 us/op
WorkloadPilot    2: 32 op, 29515027.00 ns, 922.3446 us/op
WorkloadPilot    3: 64 op, 53993153.00 ns, 843.6430 us/op
WorkloadPilot    4: 128 op, 111751728.00 ns, 873.0604 us/op
WorkloadPilot    5: 256 op, 94737854.00 ns, 370.0697 us/op
WorkloadPilot    6: 512 op, 178908324.00 ns, 349.4303 us/op
WorkloadPilot    7: 1024 op, 306938192.00 ns, 299.7443 us/op
WorkloadPilot    8: 2048 op, 612503885.00 ns, 299.0742 us/op

OverheadWarmup   1: 2048 op, 9068.00 ns, 4.4277 ns/op
OverheadWarmup   2: 2048 op, 7750.00 ns, 3.7842 ns/op
OverheadWarmup   3: 2048 op, 7603.00 ns, 3.7124 ns/op
OverheadWarmup   4: 2048 op, 7621.00 ns, 3.7212 ns/op
OverheadWarmup   5: 2048 op, 7609.00 ns, 3.7153 ns/op
OverheadWarmup   6: 2048 op, 7615.00 ns, 3.7183 ns/op
OverheadWarmup   7: 2048 op, 7617.00 ns, 3.7192 ns/op
OverheadWarmup   8: 2048 op, 7943.00 ns, 3.8784 ns/op
OverheadWarmup   9: 2048 op, 8103.00 ns, 3.9565 ns/op
OverheadWarmup  10: 2048 op, 7926.00 ns, 3.8701 ns/op

OverheadActual   1: 2048 op, 7724.00 ns, 3.7715 ns/op
OverheadActual   2: 2048 op, 7741.00 ns, 3.7798 ns/op
OverheadActual   3: 2048 op, 7744.00 ns, 3.7813 ns/op
OverheadActual   4: 2048 op, 7956.00 ns, 3.8848 ns/op
OverheadActual   5: 2048 op, 7696.00 ns, 3.7578 ns/op
OverheadActual   6: 2048 op, 7997.00 ns, 3.9048 ns/op
OverheadActual   7: 2048 op, 8525.00 ns, 4.1626 ns/op
OverheadActual   8: 2048 op, 8103.00 ns, 3.9565 ns/op
OverheadActual   9: 2048 op, 9077.00 ns, 4.4321 ns/op
OverheadActual  10: 2048 op, 8765.00 ns, 4.2798 ns/op
OverheadActual  11: 2048 op, 7950.00 ns, 3.8818 ns/op
OverheadActual  12: 2048 op, 8106.00 ns, 3.9580 ns/op
OverheadActual  13: 2048 op, 7927.00 ns, 3.8706 ns/op
OverheadActual  14: 2048 op, 7859.00 ns, 3.8374 ns/op
OverheadActual  15: 2048 op, 8151.00 ns, 3.9800 ns/op
OverheadActual  16: 2048 op, 21524.00 ns, 10.5098 ns/op
OverheadActual  17: 2048 op, 7942.00 ns, 3.8779 ns/op
OverheadActual  18: 2048 op, 7990.00 ns, 3.9014 ns/op
OverheadActual  19: 2048 op, 7942.00 ns, 3.8779 ns/op
OverheadActual  20: 2048 op, 8088.00 ns, 3.9492 ns/op

WorkloadWarmup   1: 2048 op, 615564986.00 ns, 300.5688 us/op
WorkloadWarmup   2: 2048 op, 616142017.00 ns, 300.8506 us/op
WorkloadWarmup   3: 2048 op, 610992858.00 ns, 298.3364 us/op

// BeforeActualRun
WorkloadActual   1: 2048 op, 613049606.00 ns, 299.3406 us/op
WorkloadActual   2: 2048 op, 614481266.00 ns, 300.0397 us/op
WorkloadActual   3: 2048 op, 613507814.00 ns, 299.5644 us/op

// AfterActualRun
WorkloadResult   1: 2048 op, 613041633.00 ns, 299.3367 us/op
WorkloadResult   2: 2048 op, 614473293.00 ns, 300.0358 us/op
WorkloadResult   3: 2048 op, 613499841.00 ns, 299.5605 us/op
// GC:  131 39 0 1103659008 2048
// Threading:  0 0 2048

// AfterAll
// Benchmark Process 784 has exited with code 0.

Mean = 299.644 us, StdErr = 0.206 us (0.07%), N = 3, StdDev = 0.357 us
Min = 299.337 us, Q1 = 299.449 us, Median = 299.560 us, Q3 = 299.798 us, Max = 300.036 us
IQR = 0.350 us, LowerFence = 298.924 us, UpperFence = 300.322 us
ConfidenceInterval = [293.131 us; 306.157 us] (CI 99.9%), Margin = 6.513 us (2.17% of Mean)
Skewness = 0.22, Kurtosis = 0.67, MValue = 2

// ** Remained 69 (77.5 %) benchmark(s) to run. Estimated finish 2026-10-08 2:11 (0h 8m from now) **
// **************************
// Benchmark: PlutusUseCasesBenchmarks.DecodeAndEval: ShortRun(IterationCount=3, LaunchCount=1, MinIterationCount=50, WarmupCount=3) [Script=escrow-redeem_1-1]
// *** Execute ***
// Launch: 1 / 1
// Execute: dotnet PlutusBench-ShortRun-1.dll --anonymousPipes 113 114 --benchmarkName "PlutusUseCasesBenchmarks.DecodeAndEval(Script: \"escrow-redeem_1-1\")" --job ShortRun --benchmarkId 20 in /bench/chrysalis/benchmarks/PlutusBench/bin/Release/net10.0/PlutusBench-ShortRun-1/bin/Release/net10.0
// BeforeAnythingElse

// Benchmark Process Environment Information:
// BenchmarkDotNet v0.15.8
// Runtime=.NET 10.0.12 (10.0.12, 10.0.1226.42308), X64 RyuJIT x86-64-v4
// GC=Concurrent Workstation
// HardwareIntrinsics=AVX512 BITALG+VBMI2+VNNI+VPOPCNTDQ,AVX512 IFMA+VBMI,AVX512 F+BW+CD+DQ+VL,AVX2+BMI1+BMI2+F16C+FMA+LZCNT+MOVBE,AVX,SSE3+SSSE3+SSE4.1+SSE4.2+POPCNT,X86Base+SSE+SSE2,AES+PCLMUL VectorSize=256
// Job: ShortRun(IterationCount=3, LaunchCount=1, MinIterationCount=50, WarmupCount=3)

OverheadJitting  1: 1 op, 151876.00 ns, 151.8760 us/op
WorkloadJitting  1: 1 op, 16406628.00 ns, 16.4066 ms/op

OverheadJitting  2: 16 op, 324651.00 ns, 20.2907 us/op
WorkloadJitting  2: 16 op, 21153302.00 ns, 1.3221 ms/op

WorkloadPilot    1: 16 op, 19064429.00 ns, 1.1915 ms/op
WorkloadPilot    2: 32 op, 36670546.00 ns, 1.1460 ms/op
WorkloadPilot    3: 64 op, 71223127.00 ns, 1.1129 ms/op
WorkloadPilot    4: 128 op, 110408789.00 ns, 862.5687 us/op
WorkloadPilot    5: 256 op, 124759757.00 ns, 487.3428 us/op
WorkloadPilot    6: 512 op, 236078795.00 ns, 461.0914 us/op
WorkloadPilot    7: 1024 op, 403186053.00 ns, 393.7364 us/op
WorkloadPilot    8: 2048 op, 809727695.00 ns, 395.3749 us/op

OverheadWarmup   1: 2048 op, 8587.00 ns, 4.1929 ns/op
OverheadWarmup   2: 2048 op, 7890.00 ns, 3.8525 ns/op
OverheadWarmup   3: 2048 op, 7589.00 ns, 3.7056 ns/op
OverheadWarmup   4: 2048 op, 7549.00 ns, 3.6860 ns/op
OverheadWarmup   5: 2048 op, 7585.00 ns, 3.7036 ns/op
OverheadWarmup   6: 2048 op, 7561.00 ns, 3.6919 ns/op
OverheadWarmup   7: 2048 op, 7538.00 ns, 3.6807 ns/op
OverheadWarmup   8: 2048 op, 7531.00 ns, 3.6772 ns/op
OverheadWarmup   9: 2048 op, 7529.00 ns, 3.6763 ns/op
OverheadWarmup  10: 2048 op, 7543.00 ns, 3.6831 ns/op

OverheadActual   1: 2048 op, 7753.00 ns, 3.7856 ns/op
OverheadActual   2: 2048 op, 7693.00 ns, 3.7563 ns/op
OverheadActual   3: 2048 op, 23987.00 ns, 11.7124 ns/op
OverheadActual   4: 2048 op, 7946.00 ns, 3.8799 ns/op
OverheadActual   5: 2048 op, 7708.00 ns, 3.7637 ns/op
OverheadActual   6: 2048 op, 8159.00 ns, 3.9839 ns/op
OverheadActual   7: 2048 op, 7920.00 ns, 3.8672 ns/op
OverheadActual   8: 2048 op, 7894.00 ns, 3.8545 ns/op
OverheadActual   9: 2048 op, 7876.00 ns, 3.8457 ns/op
OverheadActual  10: 2048 op, 7838.00 ns, 3.8271 ns/op
OverheadActual  11: 2048 op, 23711.00 ns, 11.5776 ns/op
OverheadActual  12: 2048 op, 7876.00 ns, 3.8457 ns/op
OverheadActual  13: 2048 op, 23767.00 ns, 11.6050 ns/op
OverheadActual  14: 2048 op, 7937.00 ns, 3.8755 ns/op
OverheadActual  15: 2048 op, 7861.00 ns, 3.8384 ns/op
OverheadActual  16: 2048 op, 7876.00 ns, 3.8457 ns/op
OverheadActual  17: 2048 op, 7898.00 ns, 3.8564 ns/op
OverheadActual  18: 2048 op, 8038.00 ns, 3.9248 ns/op
OverheadActual  19: 2048 op, 7915.00 ns, 3.8647 ns/op
OverheadActual  20: 2048 op, 8093.00 ns, 3.9517 ns/op

WorkloadWarmup   1: 2048 op, 813274609.00 ns, 397.1067 us/op
WorkloadWarmup   2: 2048 op, 811919184.00 ns, 396.4449 us/op
WorkloadWarmup   3: 2048 op, 807363365.00 ns, 394.2204 us/op

// BeforeActualRun
WorkloadActual   1: 2048 op, 807370723.00 ns, 394.2240 us/op
WorkloadActual   2: 2048 op, 811374142.00 ns, 396.1788 us/op
WorkloadActual   3: 2048 op, 812408789.00 ns, 396.6840 us/op

// AfterActualRun
WorkloadResult   1: 2048 op, 807362816.50 ns, 394.2201 us/op
WorkloadResult   2: 2048 op, 811366235.50 ns, 396.1749 us/op
WorkloadResult   3: 2048 op, 812400882.50 ns, 396.6801 us/op
// GC:  179 58 0 1501921280 2048
// Threading:  0 0 2048

// AfterAll
// Benchmark Process 792 has exited with code 0.

Mean = 395.692 us, StdErr = 0.750 us (0.19%), N = 3, StdDev = 1.299 us
Min = 394.220 us, Q1 = 395.198 us, Median = 396.175 us, Q3 = 396.428 us, Max = 396.680 us
IQR = 1.230 us, LowerFence = 393.353 us, UpperFence = 398.273 us
ConfidenceInterval = [371.989 us; 419.395 us] (CI 99.9%), Margin = 23.703 us (5.99% of Mean)
Skewness = -0.32, Kurtosis = 0.67, MValue = 2

// ** Remained 68 (76.4 %) benchmark(s) to run. Estimated finish 2026-10-08 2:11 (0h 8m from now) **
// **************************
// Benchmark: PlutusUseCasesBenchmarks.DecodeAndEval: ShortRun(IterationCount=3, LaunchCount=1, MinIterationCount=50, WarmupCount=3) [Script=escrow-redeem_1-2]
// *** Execute ***
// Launch: 1 / 1
// Execute: dotnet PlutusBench-ShortRun-1.dll --anonymousPipes 113 114 --benchmarkName "PlutusUseCasesBenchmarks.DecodeAndEval(Script: \"escrow-redeem_1-2\")" --job ShortRun --benchmarkId 21 in /bench/chrysalis/benchmarks/PlutusBench/bin/Release/net10.0/PlutusBench-ShortRun-1/bin/Release/net10.0
// BeforeAnythingElse

// Benchmark Process Environment Information:
// BenchmarkDotNet v0.15.8
// Runtime=.NET 10.0.12 (10.0.12, 10.0.1226.42308), X64 RyuJIT x86-64-v4
// GC=Concurrent Workstation
// HardwareIntrinsics=AVX512 BITALG+VBMI2+VNNI+VPOPCNTDQ,AVX512 IFMA+VBMI,AVX512 F+BW+CD+DQ+VL,AVX2+BMI1+BMI2+F16C+FMA+LZCNT+MOVBE,AVX,SSE3+SSSE3+SSE4.1+SSE4.2+POPCNT,X86Base+SSE+SSE2,AES+PCLMUL VectorSize=256
// Job: ShortRun(IterationCount=3, LaunchCount=1, MinIterationCount=50, WarmupCount=3)

OverheadJitting  1: 1 op, 152174.00 ns, 152.1740 us/op
WorkloadJitting  1: 1 op, 16145270.00 ns, 16.1453 ms/op

OverheadJitting  2: 16 op, 325264.00 ns, 20.3290 us/op
WorkloadJitting  2: 16 op, 21241050.00 ns, 1.3276 ms/op

WorkloadPilot    1: 16 op, 19141497.00 ns, 1.1963 ms/op
WorkloadPilot    2: 32 op, 37353695.00 ns, 1.1673 ms/op
WorkloadPilot    3: 64 op, 69885935.00 ns, 1.0920 ms/op
WorkloadPilot    4: 128 op, 110758922.00 ns, 865.3041 us/op
WorkloadPilot    5: 256 op, 121981512.00 ns, 476.4903 us/op
WorkloadPilot    6: 512 op, 202359923.00 ns, 395.2342 us/op
WorkloadPilot    7: 1024 op, 398735703.00 ns, 389.3903 us/op
WorkloadPilot    8: 2048 op, 799075050.00 ns, 390.1734 us/op

OverheadWarmup   1: 2048 op, 8729.00 ns, 4.2622 ns/op
OverheadWarmup   2: 2048 op, 17016.00 ns, 8.3086 ns/op
OverheadWarmup   3: 2048 op, 7615.00 ns, 3.7183 ns/op
OverheadWarmup   4: 2048 op, 7874.00 ns, 3.8447 ns/op
OverheadWarmup   5: 2048 op, 7587.00 ns, 3.7046 ns/op

OverheadActual   1: 2048 op, 7379.00 ns, 3.6030 ns/op
OverheadActual   2: 2048 op, 7376.00 ns, 3.6016 ns/op
OverheadActual   3: 2048 op, 7480.00 ns, 3.6523 ns/op
OverheadActual   4: 2048 op, 7405.00 ns, 3.6157 ns/op
OverheadActual   5: 2048 op, 7497.00 ns, 3.6606 ns/op
OverheadActual   6: 2048 op, 7911.00 ns, 3.8628 ns/op
OverheadActual   7: 2048 op, 7349.00 ns, 3.5884 ns/op
OverheadActual   8: 2048 op, 23006.00 ns, 11.2334 ns/op
OverheadActual   9: 2048 op, 7702.00 ns, 3.7607 ns/op
OverheadActual  10: 2048 op, 7781.00 ns, 3.7993 ns/op
OverheadActual  11: 2048 op, 7507.00 ns, 3.6655 ns/op
OverheadActual  12: 2048 op, 7773.00 ns, 3.7954 ns/op
OverheadActual  13: 2048 op, 7932.00 ns, 3.8730 ns/op
OverheadActual  14: 2048 op, 7642.00 ns, 3.7314 ns/op
OverheadActual  15: 2048 op, 7674.00 ns, 3.7471 ns/op
OverheadActual  16: 2048 op, 7303.00 ns, 3.5659 ns/op
OverheadActual  17: 2048 op, 21098.00 ns, 10.3018 ns/op
OverheadActual  18: 2048 op, 7939.00 ns, 3.8765 ns/op
OverheadActual  19: 2048 op, 7659.00 ns, 3.7397 ns/op
OverheadActual  20: 2048 op, 7929.00 ns, 3.8716 ns/op

WorkloadWarmup   1: 2048 op, 824953642.00 ns, 402.8094 us/op
WorkloadWarmup   2: 2048 op, 798550091.00 ns, 389.9170 us/op
WorkloadWarmup   3: 2048 op, 796826142.00 ns, 389.0753 us/op

// BeforeActualRun
WorkloadActual   1: 2048 op, 799031757.00 ns, 390.1522 us/op
WorkloadActual   2: 2048 op, 1030938787.00 ns, 503.3881 us/op
WorkloadActual   3: 2048 op, 1028908163.00 ns, 502.3966 us/op

// AfterActualRun
WorkloadResult   1: 2048 op, 799024090.50 ns, 390.1485 us/op
WorkloadResult   2: 2048 op, 1030931120.50 ns, 503.3843 us/op
WorkloadResult   3: 2048 op, 1028900496.50 ns, 502.3928 us/op
// GC:  179 58 0 1501921280 2048
// Threading:  0 0 2048

// AfterAll
// Benchmark Process 800 has exited with code 0.

Mean = 465.309 us, StdErr = 37.581 us (8.08%), N = 3, StdDev = 65.092 us
Min = 390.148 us, Q1 = 446.271 us, Median = 502.393 us, Q3 = 502.889 us, Max = 503.384 us
IQR = 56.618 us, LowerFence = 361.344 us, UpperFence = 587.815 us
ConfidenceInterval = [-722.219 us; 1,652.836 us] (CI 99.9%), Margin = 1,187.528 us (255.21% of Mean)
Skewness = -0.38, Kurtosis = 0.67, MValue = 2

// ** Remained 67 (75.3 %) benchmark(s) to run. Estimated finish 2026-10-08 2:11 (0h 8m from now) **
// **************************
// Benchmark: PlutusUseCasesBenchmarks.DecodeAndEval: ShortRun(IterationCount=3, LaunchCount=1, MinIterationCount=50, WarmupCount=3) [Script=escrow-redeem_2-1]
// *** Execute ***
// Launch: 1 / 1
// Execute: dotnet PlutusBench-ShortRun-1.dll --anonymousPipes 113 114 --benchmarkName "PlutusUseCasesBenchmarks.DecodeAndEval(Script: \"escrow-redeem_2-1\")" --job ShortRun --benchmarkId 22 in /bench/chrysalis/benchmarks/PlutusBench/bin/Release/net10.0/PlutusBench-ShortRun-1/bin/Release/net10.0
// BeforeAnythingElse

// Benchmark Process Environment Information:
// BenchmarkDotNet v0.15.8
// Runtime=.NET 10.0.12 (10.0.12, 10.0.1226.42308), X64 RyuJIT x86-64-v4
// GC=Concurrent Workstation
// HardwareIntrinsics=AVX512 BITALG+VBMI2+VNNI+VPOPCNTDQ,AVX512 IFMA+VBMI,AVX512 F+BW+CD+DQ+VL,AVX2+BMI1+BMI2+F16C+FMA+LZCNT+MOVBE,AVX,SSE3+SSSE3+SSE4.1+SSE4.2+POPCNT,X86Base+SSE+SSE2,AES+PCLMUL VectorSize=256
// Job: ShortRun(IterationCount=3, LaunchCount=1, MinIterationCount=50, WarmupCount=3)

OverheadJitting  1: 1 op, 148924.00 ns, 148.9240 us/op
WorkloadJitting  1: 1 op, 16361653.00 ns, 16.3617 ms/op

OverheadJitting  2: 16 op, 327174.00 ns, 20.4484 us/op
WorkloadJitting  2: 16 op, 23790829.00 ns, 1.4869 ms/op

WorkloadPilot    1: 16 op, 21662250.00 ns, 1.3539 ms/op
WorkloadPilot    2: 32 op, 42059824.00 ns, 1.3144 ms/op
WorkloadPilot    3: 64 op, 81734605.00 ns, 1.2771 ms/op
WorkloadPilot    4: 128 op, 114662562.00 ns, 895.8013 us/op
WorkloadPilot    5: 256 op, 139763728.00 ns, 545.9521 us/op
WorkloadPilot    6: 512 op, 240126412.00 ns, 468.9969 us/op
WorkloadPilot    7: 1024 op, 473669819.00 ns, 462.5682 us/op
WorkloadPilot    8: 2048 op, 946661765.00 ns, 462.2372 us/op

OverheadWarmup   1: 2048 op, 8346.00 ns, 4.0752 ns/op
OverheadWarmup   2: 2048 op, 7891.00 ns, 3.8530 ns/op
OverheadWarmup   3: 2048 op, 7499.00 ns, 3.6616 ns/op
OverheadWarmup   4: 2048 op, 7514.00 ns, 3.6689 ns/op
OverheadWarmup   5: 2048 op, 7512.00 ns, 3.6680 ns/op
OverheadWarmup   6: 2048 op, 7607.00 ns, 3.7144 ns/op
OverheadWarmup   7: 2048 op, 7527.00 ns, 3.6753 ns/op

OverheadActual   1: 2048 op, 7727.00 ns, 3.7729 ns/op
OverheadActual   2: 2048 op, 7689.00 ns, 3.7544 ns/op
OverheadActual   3: 2048 op, 7757.00 ns, 3.7876 ns/op
OverheadActual   4: 2048 op, 7641.00 ns, 3.7310 ns/op
OverheadActual   5: 2048 op, 7689.00 ns, 3.7544 ns/op
OverheadActual   6: 2048 op, 7854.00 ns, 3.8350 ns/op
OverheadActual   7: 2048 op, 7915.00 ns, 3.8647 ns/op
OverheadActual   8: 2048 op, 7929.00 ns, 3.8716 ns/op
OverheadActual   9: 2048 op, 7900.00 ns, 3.8574 ns/op
OverheadActual  10: 2048 op, 7951.00 ns, 3.8823 ns/op
OverheadActual  11: 2048 op, 7963.00 ns, 3.8882 ns/op
OverheadActual  12: 2048 op, 7915.00 ns, 3.8647 ns/op
OverheadActual  13: 2048 op, 8135.00 ns, 3.9722 ns/op
OverheadActual  14: 2048 op, 12719.00 ns, 6.2104 ns/op
OverheadActual  15: 2048 op, 8098.00 ns, 3.9541 ns/op
OverheadActual  16: 2048 op, 20793.00 ns, 10.1528 ns/op
OverheadActual  17: 2048 op, 8036.00 ns, 3.9238 ns/op
OverheadActual  18: 2048 op, 7997.00 ns, 3.9048 ns/op
OverheadActual  19: 2048 op, 7969.00 ns, 3.8911 ns/op
OverheadActual  20: 2048 op, 8068.00 ns, 3.9395 ns/op

WorkloadWarmup   1: 2048 op, 949435348.00 ns, 463.5915 us/op
WorkloadWarmup   2: 2048 op, 945730496.00 ns, 461.7825 us/op
WorkloadWarmup   3: 2048 op, 945426648.00 ns, 461.6341 us/op

// BeforeActualRun
WorkloadActual   1: 2048 op, 944084541.00 ns, 460.9788 us/op
WorkloadActual   2: 2048 op, 947611277.00 ns, 462.7008 us/op
WorkloadActual   3: 2048 op, 947821779.00 ns, 462.8036 us/op

// AfterActualRun
WorkloadResult   1: 2048 op, 944076601.00 ns, 460.9749 us/op
WorkloadResult   2: 2048 op, 947603337.00 ns, 462.6969 us/op
WorkloadResult   3: 2048 op, 947813839.00 ns, 462.7997 us/op
// GC:  199 64 0 1667923968 2048
// Threading:  0 0 2048

// AfterAll
// Benchmark Process 808 has exited with code 0.

Mean = 462.157 us, StdErr = 0.592 us (0.13%), N = 3, StdDev = 1.025 us
Min = 460.975 us, Q1 = 461.836 us, Median = 462.697 us, Q3 = 462.748 us, Max = 462.800 us
IQR = 0.912 us, LowerFence = 460.467 us, UpperFence = 464.117 us
ConfidenceInterval = [443.454 us; 480.860 us] (CI 99.9%), Margin = 18.703 us (4.05% of Mean)
Skewness = -0.38, Kurtosis = 0.67, MValue = 2

// ** Remained 66 (74.2 %) benchmark(s) to run. Estimated finish 2026-10-08 2:11 (0h 8m from now) **
// **************************
// Benchmark: PlutusUseCasesBenchmarks.DecodeAndEval: ShortRun(IterationCount=3, LaunchCount=1, MinIterationCount=50, WarmupCount=3) [Script=escrow-redeem_2-2]
// *** Execute ***
// Launch: 1 / 1
// Execute: dotnet PlutusBench-ShortRun-1.dll --anonymousPipes 113 114 --benchmarkName "PlutusUseCasesBenchmarks.DecodeAndEval(Script: \"escrow-redeem_2-2\")" --job ShortRun --benchmarkId 23 in /bench/chrysalis/benchmarks/PlutusBench/bin/Release/net10.0/PlutusBench-ShortRun-1/bin/Release/net10.0
// BeforeAnythingElse

// Benchmark Process Environment Information:
// BenchmarkDotNet v0.15.8
// Runtime=.NET 10.0.12 (10.0.12, 10.0.1226.42308), X64 RyuJIT x86-64-v4
// GC=Concurrent Workstation
// HardwareIntrinsics=AVX512 BITALG+VBMI2+VNNI+VPOPCNTDQ,AVX512 IFMA+VBMI,AVX512 F+BW+CD+DQ+VL,AVX2+BMI1+BMI2+F16C+FMA+LZCNT+MOVBE,AVX,SSE3+SSSE3+SSE4.1+SSE4.2+POPCNT,X86Base+SSE+SSE2,AES+PCLMUL VectorSize=256
// Job: ShortRun(IterationCount=3, LaunchCount=1, MinIterationCount=50, WarmupCount=3)

OverheadJitting  1: 1 op, 155603.00 ns, 155.6030 us/op
WorkloadJitting  1: 1 op, 16768742.00 ns, 16.7687 ms/op

OverheadJitting  2: 16 op, 331167.00 ns, 20.6979 us/op
WorkloadJitting  2: 16 op, 23567848.00 ns, 1.4730 ms/op

WorkloadPilot    1: 16 op, 21401243.00 ns, 1.3376 ms/op
WorkloadPilot    2: 32 op, 41439942.00 ns, 1.2950 ms/op
WorkloadPilot    3: 64 op, 80665047.00 ns, 1.2604 ms/op
WorkloadPilot    4: 128 op, 132693925.00 ns, 1.0367 ms/op
WorkloadPilot    5: 256 op, 166695226.00 ns, 651.1532 us/op
WorkloadPilot    6: 512 op, 233955811.00 ns, 456.9449 us/op
WorkloadPilot    7: 1024 op, 464737518.00 ns, 453.8452 us/op
WorkloadPilot    8: 2048 op, 932404347.00 ns, 455.2756 us/op

OverheadWarmup   1: 2048 op, 8188.00 ns, 3.9980 ns/op
OverheadWarmup   2: 2048 op, 7579.00 ns, 3.7007 ns/op
OverheadWarmup   3: 2048 op, 7551.00 ns, 3.6870 ns/op
OverheadWarmup   4: 2048 op, 7891.00 ns, 3.8530 ns/op
OverheadWarmup   5: 2048 op, 7845.00 ns, 3.8306 ns/op
OverheadWarmup   6: 2048 op, 7472.00 ns, 3.6484 ns/op
OverheadWarmup   7: 2048 op, 7812.00 ns, 3.8145 ns/op
OverheadWarmup   8: 2048 op, 7765.00 ns, 3.7915 ns/op

OverheadActual   1: 2048 op, 7825.00 ns, 3.8208 ns/op
OverheadActual   2: 2048 op, 7505.00 ns, 3.6646 ns/op
OverheadActual   3: 2048 op, 7575.00 ns, 3.6987 ns/op
OverheadActual   4: 2048 op, 7962.00 ns, 3.8877 ns/op
OverheadActual   5: 2048 op, 7688.00 ns, 3.7539 ns/op
OverheadActual   6: 2048 op, 7649.00 ns, 3.7349 ns/op
OverheadActual   7: 2048 op, 23393.00 ns, 11.4224 ns/op
OverheadActual   8: 2048 op, 8119.00 ns, 3.9644 ns/op
OverheadActual   9: 2048 op, 7927.00 ns, 3.8706 ns/op
OverheadActual  10: 2048 op, 8001.00 ns, 3.9067 ns/op
OverheadActual  11: 2048 op, 7965.00 ns, 3.8892 ns/op
OverheadActual  12: 2048 op, 7914.00 ns, 3.8643 ns/op
OverheadActual  13: 2048 op, 7887.00 ns, 3.8511 ns/op
OverheadActual  14: 2048 op, 7895.00 ns, 3.8550 ns/op
OverheadActual  15: 2048 op, 7960.00 ns, 3.8867 ns/op
OverheadActual  16: 2048 op, 8094.00 ns, 3.9521 ns/op
OverheadActual  17: 2048 op, 7810.00 ns, 3.8135 ns/op
OverheadActual  18: 2048 op, 8006.00 ns, 3.9092 ns/op
OverheadActual  19: 2048 op, 8069.00 ns, 3.9399 ns/op
OverheadActual  20: 2048 op, 7928.00 ns, 3.8711 ns/op

WorkloadWarmup   1: 2048 op, 924192733.00 ns, 451.2660 us/op
WorkloadWarmup   2: 2048 op, 922860854.00 ns, 450.6157 us/op
WorkloadWarmup   3: 2048 op, 923086832.00 ns, 450.7260 us/op

// BeforeActualRun
WorkloadActual   1: 2048 op, 922536383.00 ns, 450.4572 us/op
WorkloadActual   2: 2048 op, 924862057.00 ns, 451.5928 us/op
WorkloadActual   3: 2048 op, 925621773.00 ns, 451.9638 us/op

// AfterActualRun
WorkloadResult   1: 2048 op, 922528455.50 ns, 450.4533 us/op
WorkloadResult   2: 2048 op, 924854129.50 ns, 451.5889 us/op
WorkloadResult   3: 2048 op, 925613845.50 ns, 451.9599 us/op
// GC:  199 64 0 1667923968 2048
// Threading:  0 0 2048

// AfterAll
// Benchmark Process 819 has exited with code 0.

Mean = 451.334 us, StdErr = 0.453 us (0.10%), N = 3, StdDev = 0.785 us
Min = 450.453 us, Q1 = 451.021 us, Median = 451.589 us, Q3 = 451.774 us, Max = 451.960 us
IQR = 0.753 us, LowerFence = 449.891 us, UpperFence = 452.904 us
ConfidenceInterval = [437.014 us; 465.654 us] (CI 99.9%), Margin = 14.320 us (3.17% of Mean)
Skewness = -0.29, Kurtosis = 0.67, MValue = 2

// ** Remained 65 (73.0 %) benchmark(s) to run. Estimated finish 2026-10-08 2:11 (0h 8m from now) **
// **************************
// Benchmark: PlutusUseCasesBenchmarks.DecodeAndEval: ShortRun(IterationCount=3, LaunchCount=1, MinIterationCount=50, WarmupCount=3) [Script=escrow-redeem_2-3]
// *** Execute ***
// Launch: 1 / 1
// Execute: dotnet PlutusBench-ShortRun-1.dll --anonymousPipes 113 114 --benchmarkName "PlutusUseCasesBenchmarks.DecodeAndEval(Script: \"escrow-redeem_2-3\")" --job ShortRun --benchmarkId 24 in /bench/chrysalis/benchmarks/PlutusBench/bin/Release/net10.0/PlutusBench-ShortRun-1/bin/Release/net10.0
// BeforeAnythingElse

// Benchmark Process Environment Information:
// BenchmarkDotNet v0.15.8
// Runtime=.NET 10.0.12 (10.0.12, 10.0.1226.42308), X64 RyuJIT x86-64-v4
// GC=Concurrent Workstation
// HardwareIntrinsics=AVX512 BITALG+VBMI2+VNNI+VPOPCNTDQ,AVX512 IFMA+VBMI,AVX512 F+BW+CD+DQ+VL,AVX2+BMI1+BMI2+F16C+FMA+LZCNT+MOVBE,AVX,SSE3+SSSE3+SSE4.1+SSE4.2+POPCNT,X86Base+SSE+SSE2,AES+PCLMUL VectorSize=256
// Job: ShortRun(IterationCount=3, LaunchCount=1, MinIterationCount=50, WarmupCount=3)

OverheadJitting  1: 1 op, 158363.00 ns, 158.3630 us/op
WorkloadJitting  1: 1 op, 16564639.00 ns, 16.5646 ms/op

OverheadJitting  2: 16 op, 354398.00 ns, 22.1499 us/op
WorkloadJitting  2: 16 op, 23348640.00 ns, 1.4593 ms/op

WorkloadPilot    1: 16 op, 21319170.00 ns, 1.3324 ms/op
WorkloadPilot    2: 32 op, 41465646.00 ns, 1.2958 ms/op
WorkloadPilot    3: 64 op, 80278094.00 ns, 1.2543 ms/op
WorkloadPilot    4: 128 op, 115842157.00 ns, 905.0169 us/op
WorkloadPilot    5: 256 op, 139177878.00 ns, 543.6636 us/op
WorkloadPilot    6: 512 op, 235647638.00 ns, 460.2493 us/op
WorkloadPilot    7: 1024 op, 455281051.00 ns, 444.6104 us/op
WorkloadPilot    8: 2048 op, 911440356.00 ns, 445.0392 us/op

OverheadWarmup   1: 2048 op, 8431.00 ns, 4.1167 ns/op
OverheadWarmup   2: 2048 op, 23365.00 ns, 11.4087 ns/op
OverheadWarmup   3: 2048 op, 7910.00 ns, 3.8623 ns/op
OverheadWarmup   4: 2048 op, 7887.00 ns, 3.8511 ns/op
OverheadWarmup   5: 2048 op, 7884.00 ns, 3.8496 ns/op
OverheadWarmup   6: 2048 op, 7830.00 ns, 3.8232 ns/op
OverheadWarmup   7: 2048 op, 7920.00 ns, 3.8672 ns/op
OverheadWarmup   8: 2048 op, 8026.00 ns, 3.9189 ns/op
OverheadWarmup   9: 2048 op, 7889.00 ns, 3.8521 ns/op

OverheadActual   1: 2048 op, 8118.00 ns, 3.9639 ns/op
OverheadActual   2: 2048 op, 7797.00 ns, 3.8071 ns/op
OverheadActual   3: 2048 op, 7767.00 ns, 3.7925 ns/op
OverheadActual   4: 2048 op, 7974.00 ns, 3.8936 ns/op
OverheadActual   5: 2048 op, 7706.00 ns, 3.7627 ns/op
OverheadActual   6: 2048 op, 7922.00 ns, 3.8682 ns/op
OverheadActual   7: 2048 op, 8054.00 ns, 3.9326 ns/op
OverheadActual   8: 2048 op, 24666.00 ns, 12.0439 ns/op
OverheadActual   9: 2048 op, 8059.00 ns, 3.9351 ns/op
OverheadActual  10: 2048 op, 8039.00 ns, 3.9253 ns/op
OverheadActual  11: 2048 op, 8191.00 ns, 3.9995 ns/op
OverheadActual  12: 2048 op, 7948.00 ns, 3.8809 ns/op
OverheadActual  13: 2048 op, 8056.00 ns, 3.9336 ns/op
OverheadActual  14: 2048 op, 8053.00 ns, 3.9321 ns/op
OverheadActual  15: 2048 op, 7883.00 ns, 3.8491 ns/op
OverheadActual  16: 2048 op, 7863.00 ns, 3.8394 ns/op
OverheadActual  17: 2048 op, 7881.00 ns, 3.8481 ns/op
OverheadActual  18: 2048 op, 8205.00 ns, 4.0063 ns/op
OverheadActual  19: 2048 op, 8124.00 ns, 3.9668 ns/op
OverheadActual  20: 2048 op, 8049.00 ns, 3.9302 ns/op

WorkloadWarmup   1: 2048 op, 913016112.00 ns, 445.8086 us/op
WorkloadWarmup   2: 2048 op, 916877247.00 ns, 447.6940 us/op
WorkloadWarmup   3: 2048 op, 913752290.00 ns, 446.1681 us/op

// BeforeActualRun
WorkloadActual   1: 2048 op, 910207227.00 ns, 444.4371 us/op
WorkloadActual   2: 2048 op, 914370231.00 ns, 446.4698 us/op
WorkloadActual   3: 2048 op, 914218033.00 ns, 446.3955 us/op

// AfterActualRun
WorkloadResult   1: 2048 op, 910199183.00 ns, 444.4332 us/op
WorkloadResult   2: 2048 op, 914362187.00 ns, 446.4659 us/op
WorkloadResult   3: 2048 op, 914209989.00 ns, 446.3916 us/op
// GC:  199 64 0 1667923968 2048
// Threading:  0 0 2048

// AfterAll
// Benchmark Process 827 has exited with code 0.

Mean = 445.764 us, StdErr = 0.666 us (0.15%), N = 3, StdDev = 1.153 us
Min = 444.433 us, Q1 = 445.412 us, Median = 446.392 us, Q3 = 446.429 us, Max = 446.466 us
IQR = 1.016 us, LowerFence = 443.888 us, UpperFence = 447.953 us
ConfidenceInterval = [424.733 us; 466.794 us] (CI 99.9%), Margin = 21.030 us (4.72% of Mean)
Skewness = -0.38, Kurtosis = 0.67, MValue = 2

// ** Remained 64 (71.9 %) benchmark(s) to run. Estimated finish 2026-10-08 2:11 (0h 8m from now) **
// **************************
// Benchmark: PlutusUseCasesBenchmarks.DecodeAndEval: ShortRun(IterationCount=3, LaunchCount=1, MinIterationCount=50, WarmupCount=3) [Script=escrow-refund-1]
// *** Execute ***
// Launch: 1 / 1
// Execute: dotnet PlutusBench-ShortRun-1.dll --anonymousPipes 113 114 --benchmarkName "PlutusUseCasesBenchmarks.DecodeAndEval(Script: \"escrow-refund-1\")" --job ShortRun --benchmarkId 25 in /bench/chrysalis/benchmarks/PlutusBench/bin/Release/net10.0/PlutusBench-ShortRun-1/bin/Release/net10.0
// BeforeAnythingElse

// Benchmark Process Environment Information:
// BenchmarkDotNet v0.15.8
// Runtime=.NET 10.0.12 (10.0.12, 10.0.1226.42308), X64 RyuJIT x86-64-v4
// GC=Concurrent Workstation
// HardwareIntrinsics=AVX512 BITALG+VBMI2+VNNI+VPOPCNTDQ,AVX512 IFMA+VBMI,AVX512 F+BW+CD+DQ+VL,AVX2+BMI1+BMI2+F16C+FMA+LZCNT+MOVBE,AVX,SSE3+SSSE3+SSE4.1+SSE4.2+POPCNT,X86Base+SSE+SSE2,AES+PCLMUL VectorSize=256
// Job: ShortRun(IterationCount=3, LaunchCount=1, MinIterationCount=50, WarmupCount=3)

OverheadJitting  1: 1 op, 151125.00 ns, 151.1250 us/op
WorkloadJitting  1: 1 op, 15567122.00 ns, 15.5671 ms/op

OverheadJitting  2: 16 op, 322213.00 ns, 20.1383 us/op
WorkloadJitting  2: 16 op, 12275727.00 ns, 767.2329 us/op

WorkloadPilot    1: 16 op, 10519780.00 ns, 657.4863 us/op
WorkloadPilot    2: 32 op, 19569778.00 ns, 611.5556 us/op
WorkloadPilot    3: 64 op, 37671970.00 ns, 588.6245 us/op
WorkloadPilot    4: 128 op, 72811051.00 ns, 568.8363 us/op
WorkloadPilot    5: 256 op, 115091066.00 ns, 449.5745 us/op
WorkloadPilot    6: 512 op, 150453854.00 ns, 293.8552 us/op
WorkloadPilot    7: 1024 op, 240955932.00 ns, 235.3085 us/op
WorkloadPilot    8: 2048 op, 454001168.00 ns, 221.6803 us/op
WorkloadPilot    9: 4096 op, 908879479.00 ns, 221.8944 us/op

OverheadWarmup   1: 4096 op, 15542.00 ns, 3.7944 ns/op
OverheadWarmup   2: 4096 op, 49402.00 ns, 12.0610 ns/op
OverheadWarmup   3: 4096 op, 14867.00 ns, 3.6296 ns/op
OverheadWarmup   4: 4096 op, 15467.00 ns, 3.7761 ns/op
OverheadWarmup   5: 4096 op, 15531.00 ns, 3.7917 ns/op
OverheadWarmup   6: 4096 op, 15503.00 ns, 3.7849 ns/op

OverheadActual   1: 4096 op, 14779.00 ns, 3.6082 ns/op
OverheadActual   2: 4096 op, 14731.00 ns, 3.5964 ns/op
OverheadActual   3: 4096 op, 14784.00 ns, 3.6094 ns/op
OverheadActual   4: 4096 op, 14965.00 ns, 3.6536 ns/op
OverheadActual   5: 4096 op, 14773.00 ns, 3.6067 ns/op
OverheadActual   6: 4096 op, 31044.00 ns, 7.5791 ns/op
OverheadActual   7: 4096 op, 15565.00 ns, 3.8000 ns/op
OverheadActual   8: 4096 op, 14925.00 ns, 3.6438 ns/op
OverheadActual   9: 4096 op, 15870.00 ns, 3.8745 ns/op
OverheadActual  10: 4096 op, 15841.00 ns, 3.8674 ns/op
OverheadActual  11: 4096 op, 16488.00 ns, 4.0254 ns/op
OverheadActual  12: 4096 op, 15910.00 ns, 3.8843 ns/op
OverheadActual  13: 4096 op, 21427.00 ns, 5.2312 ns/op
OverheadActual  14: 4096 op, 15549.00 ns, 3.7961 ns/op
OverheadActual  15: 4096 op, 15904.00 ns, 3.8828 ns/op
OverheadActual  16: 4096 op, 15844.00 ns, 3.8682 ns/op
OverheadActual  17: 4096 op, 15524.00 ns, 3.7900 ns/op
OverheadActual  18: 4096 op, 15908.00 ns, 3.8838 ns/op
OverheadActual  19: 4096 op, 15892.00 ns, 3.8799 ns/op
OverheadActual  20: 4096 op, 15929.00 ns, 3.8889 ns/op

WorkloadWarmup   1: 4096 op, 909250967.00 ns, 221.9851 us/op
WorkloadWarmup   2: 4096 op, 911398608.00 ns, 222.5094 us/op
WorkloadWarmup   3: 4096 op, 907281324.00 ns, 221.5042 us/op

// BeforeActualRun
WorkloadActual   1: 4096 op, 909090240.00 ns, 221.9459 us/op
WorkloadActual   2: 4096 op, 1140808730.00 ns, 278.5178 us/op
WorkloadActual   3: 4096 op, 1106988825.00 ns, 270.2609 us/op

// AfterActualRun
WorkloadResult   1: 4096 op, 909074397.50 ns, 221.9420 us/op
WorkloadResult   2: 4096 op, 1140792887.50 ns, 278.5139 us/op
WorkloadResult   3: 4096 op, 1106972982.50 ns, 270.2571 us/op
// GC:  230 76 0 1930788864 4096
// Threading:  0 0 4096

// AfterAll
// Benchmark Process 835 has exited with code 0.

Mean = 256.904 us, StdErr = 17.643 us (6.87%), N = 3, StdDev = 30.558 us
Min = 221.942 us, Q1 = 246.100 us, Median = 270.257 us, Q3 = 274.385 us, Max = 278.514 us
IQR = 28.286 us, LowerFence = 203.671 us, UpperFence = 316.814 us
ConfidenceInterval = [-300.595 us; 814.404 us] (CI 99.9%), Margin = 557.499 us (217.01% of Mean)
Skewness = -0.35, Kurtosis = 0.67, MValue = 2

// ** Remained 63 (70.8 %) benchmark(s) to run. Estimated finish 2026-10-08 2:11 (0h 7m from now) **
// **************************
// Benchmark: PlutusUseCasesBenchmarks.DecodeAndEval: ShortRun(IterationCount=3, LaunchCount=1, MinIterationCount=50, WarmupCount=3) [Script=future-increase-margin-1]
// *** Execute ***
// Launch: 1 / 1
// Execute: dotnet PlutusBench-ShortRun-1.dll --anonymousPipes 113 114 --benchmarkName "PlutusUseCasesBenchmarks.DecodeAndEval(Script: \"future-increase-margin-1\")" --job ShortRun --benchmarkId 26 in /bench/chrysalis/benchmarks/PlutusBench/bin/Release/net10.0/PlutusBench-ShortRun-1/bin/Release/net10.0
// BeforeAnythingElse

// Benchmark Process Environment Information:
// BenchmarkDotNet v0.15.8
// Runtime=.NET 10.0.12 (10.0.12, 10.0.1226.42308), X64 RyuJIT x86-64-v4
// GC=Concurrent Workstation
// HardwareIntrinsics=AVX512 BITALG+VBMI2+VNNI+VPOPCNTDQ,AVX512 IFMA+VBMI,AVX512 F+BW+CD+DQ+VL,AVX2+BMI1+BMI2+F16C+FMA+LZCNT+MOVBE,AVX,SSE3+SSSE3+SSE4.1+SSE4.2+POPCNT,X86Base+SSE+SSE2,AES+PCLMUL VectorSize=256
// Job: ShortRun(IterationCount=3, LaunchCount=1, MinIterationCount=50, WarmupCount=3)

OverheadJitting  1: 1 op, 150745.00 ns, 150.7450 us/op
WorkloadJitting  1: 1 op, 15905288.00 ns, 15.9053 ms/op

OverheadJitting  2: 16 op, 329226.00 ns, 20.5766 us/op
WorkloadJitting  2: 16 op, 17338477.00 ns, 1.0837 ms/op

WorkloadPilot    1: 16 op, 15079618.00 ns, 942.4761 us/op
WorkloadPilot    2: 32 op, 28778987.00 ns, 899.3433 us/op
WorkloadPilot    3: 64 op, 55058198.00 ns, 860.2843 us/op
WorkloadPilot    4: 128 op, 123730547.00 ns, 966.6449 us/op
WorkloadPilot    5: 256 op, 114703255.00 ns, 448.0596 us/op
WorkloadPilot    6: 512 op, 158479305.00 ns, 309.5299 us/op
WorkloadPilot    7: 1024 op, 302561203.00 ns, 295.4699 us/op
WorkloadPilot    8: 2048 op, 603279849.00 ns, 294.5702 us/op

OverheadWarmup   1: 2048 op, 8305.00 ns, 4.0552 ns/op
OverheadWarmup   2: 2048 op, 20673.00 ns, 10.0942 ns/op
OverheadWarmup   3: 2048 op, 7878.00 ns, 3.8467 ns/op
OverheadWarmup   4: 2048 op, 7876.00 ns, 3.8457 ns/op
OverheadWarmup   5: 2048 op, 7554.00 ns, 3.6885 ns/op
OverheadWarmup   6: 2048 op, 7878.00 ns, 3.8467 ns/op
OverheadWarmup   7: 2048 op, 7786.00 ns, 3.8018 ns/op

OverheadActual   1: 2048 op, 7792.00 ns, 3.8047 ns/op
OverheadActual   2: 2048 op, 7694.00 ns, 3.7568 ns/op
OverheadActual   3: 2048 op, 7754.00 ns, 3.7861 ns/op
OverheadActual   4: 2048 op, 7964.00 ns, 3.8887 ns/op
OverheadActual   5: 2048 op, 7566.00 ns, 3.6943 ns/op
OverheadActual   6: 2048 op, 7895.00 ns, 3.8550 ns/op
OverheadActual   7: 2048 op, 7714.00 ns, 3.7666 ns/op
OverheadActual   8: 2048 op, 7940.00 ns, 3.8770 ns/op
OverheadActual   9: 2048 op, 7855.00 ns, 3.8354 ns/op
OverheadActual  10: 2048 op, 7972.00 ns, 3.8926 ns/op
OverheadActual  11: 2048 op, 7960.00 ns, 3.8867 ns/op
OverheadActual  12: 2048 op, 8047.00 ns, 3.9292 ns/op
OverheadActual  13: 2048 op, 7596.00 ns, 3.7090 ns/op
OverheadActual  14: 2048 op, 8076.00 ns, 3.9434 ns/op
OverheadActual  15: 2048 op, 7839.00 ns, 3.8276 ns/op
OverheadActual  16: 2048 op, 7859.00 ns, 3.8374 ns/op
OverheadActual  17: 2048 op, 7853.00 ns, 3.8345 ns/op
OverheadActual  18: 2048 op, 7697.00 ns, 3.7583 ns/op
OverheadActual  19: 2048 op, 7848.00 ns, 3.8320 ns/op
OverheadActual  20: 2048 op, 7870.00 ns, 3.8428 ns/op

WorkloadWarmup   1: 2048 op, 609719690.00 ns, 297.7147 us/op
WorkloadWarmup   2: 2048 op, 609103195.00 ns, 297.4137 us/op
WorkloadWarmup   3: 2048 op, 605580410.00 ns, 295.6936 us/op

// BeforeActualRun
WorkloadActual   1: 2048 op, 605157825.00 ns, 295.4872 us/op
WorkloadActual   2: 2048 op, 605278339.00 ns, 295.5461 us/op
WorkloadActual   3: 2048 op, 604182875.00 ns, 295.0112 us/op

// AfterActualRun
WorkloadResult   1: 2048 op, 605149971.00 ns, 295.4834 us/op
WorkloadResult   2: 2048 op, 605270485.00 ns, 295.5422 us/op
WorkloadResult   3: 2048 op, 604175021.00 ns, 295.0073 us/op
// GC:  131 41 0 1103233024 2048
// Threading:  0 0 2048

// AfterAll
// Benchmark Process 846 has exited with code 0.

Mean = 295.344 us, StdErr = 0.169 us (0.06%), N = 3, StdDev = 0.293 us
Min = 295.007 us, Q1 = 295.245 us, Median = 295.483 us, Q3 = 295.513 us, Max = 295.542 us
IQR = 0.267 us, LowerFence = 294.844 us, UpperFence = 295.914 us
ConfidenceInterval = [289.993 us; 300.695 us] (CI 99.9%), Margin = 5.351 us (1.81% of Mean)
Skewness = -0.37, Kurtosis = 0.67, MValue = 2

// ** Remained 62 (69.7 %) benchmark(s) to run. Estimated finish 2026-10-08 2:11 (0h 7m from now) **
// **************************
// Benchmark: PlutusUseCasesBenchmarks.DecodeAndEval: ShortRun(IterationCount=3, LaunchCount=1, MinIterationCount=50, WarmupCount=3) [Script=future-increase-margin-2]
// *** Execute ***
// Launch: 1 / 1
// Execute: dotnet PlutusBench-ShortRun-1.dll --anonymousPipes 113 114 --benchmarkName "PlutusUseCasesBenchmarks.DecodeAndEval(Script: \"future-increase-margin-2\")" --job ShortRun --benchmarkId 27 in /bench/chrysalis/benchmarks/PlutusBench/bin/Release/net10.0/PlutusBench-ShortRun-1/bin/Release/net10.0
// BeforeAnythingElse

// Benchmark Process Environment Information:
// BenchmarkDotNet v0.15.8
// Runtime=.NET 10.0.12 (10.0.12, 10.0.1226.42308), X64 RyuJIT x86-64-v4
// GC=Concurrent Workstation
// HardwareIntrinsics=AVX512 BITALG+VBMI2+VNNI+VPOPCNTDQ,AVX512 IFMA+VBMI,AVX512 F+BW+CD+DQ+VL,AVX2+BMI1+BMI2+F16C+FMA+LZCNT+MOVBE,AVX,SSE3+SSSE3+SSE4.1+SSE4.2+POPCNT,X86Base+SSE+SSE2,AES+PCLMUL VectorSize=256
// Job: ShortRun(IterationCount=3, LaunchCount=1, MinIterationCount=50, WarmupCount=3)

OverheadJitting  1: 1 op, 148690.00 ns, 148.6900 us/op
WorkloadJitting  1: 1 op, 17032573.00 ns, 17.0326 ms/op

OverheadJitting  2: 16 op, 334627.00 ns, 20.9142 us/op
WorkloadJitting  2: 16 op, 29594003.00 ns, 1.8496 ms/op

WorkloadPilot    1: 16 op, 28383528.00 ns, 1.7740 ms/op
WorkloadPilot    2: 32 op, 53335100.00 ns, 1.6667 ms/op
WorkloadPilot    3: 64 op, 107478825.00 ns, 1.6794 ms/op
WorkloadPilot    4: 128 op, 97322199.00 ns, 760.3297 us/op
WorkloadPilot    5: 256 op, 168279887.00 ns, 657.3433 us/op
WorkloadPilot    6: 512 op, 312570844.00 ns, 610.4899 us/op
WorkloadPilot    7: 1024 op, 625677955.00 ns, 611.0136 us/op

OverheadWarmup   1: 1024 op, 5330.00 ns, 5.2051 ns/op
OverheadWarmup   2: 1024 op, 4069.00 ns, 3.9736 ns/op
OverheadWarmup   3: 1024 op, 10275.00 ns, 10.0342 ns/op
OverheadWarmup   4: 1024 op, 4053.00 ns, 3.9580 ns/op
OverheadWarmup   5: 1024 op, 4022.00 ns, 3.9277 ns/op
OverheadWarmup   6: 1024 op, 3842.00 ns, 3.7520 ns/op
OverheadWarmup   7: 1024 op, 3912.00 ns, 3.8203 ns/op
OverheadWarmup   8: 1024 op, 4329.00 ns, 4.2275 ns/op
OverheadWarmup   9: 1024 op, 4155.00 ns, 4.0576 ns/op

OverheadActual   1: 1024 op, 4079.00 ns, 3.9834 ns/op
OverheadActual   2: 1024 op, 4007.00 ns, 3.9131 ns/op
OverheadActual   3: 1024 op, 4083.00 ns, 3.9873 ns/op
OverheadActual   4: 1024 op, 4138.00 ns, 4.0410 ns/op
OverheadActual   5: 1024 op, 4012.00 ns, 3.9180 ns/op
OverheadActual   6: 1024 op, 4080.00 ns, 3.9844 ns/op
OverheadActual   7: 1024 op, 4019.00 ns, 3.9248 ns/op
OverheadActual   8: 1024 op, 4114.00 ns, 4.0176 ns/op
OverheadActual   9: 1024 op, 4066.00 ns, 3.9707 ns/op
OverheadActual  10: 1024 op, 4086.00 ns, 3.9902 ns/op
OverheadActual  11: 1024 op, 4092.00 ns, 3.9961 ns/op
OverheadActual  12: 1024 op, 4183.00 ns, 4.0850 ns/op
OverheadActual  13: 1024 op, 4185.00 ns, 4.0869 ns/op
OverheadActual  14: 1024 op, 4198.00 ns, 4.0996 ns/op
OverheadActual  15: 1024 op, 4109.00 ns, 4.0127 ns/op
OverheadActual  16: 1024 op, 4119.00 ns, 4.0225 ns/op
OverheadActual  17: 1024 op, 4123.00 ns, 4.0264 ns/op
OverheadActual  18: 1024 op, 4108.00 ns, 4.0117 ns/op
OverheadActual  19: 1024 op, 4098.00 ns, 4.0020 ns/op
OverheadActual  20: 1024 op, 22503.00 ns, 21.9756 ns/op

WorkloadWarmup   1: 1024 op, 626480224.00 ns, 611.7971 us/op
WorkloadWarmup   2: 1024 op, 631386608.00 ns, 616.5885 us/op
WorkloadWarmup   3: 1024 op, 627882330.00 ns, 613.1663 us/op

// BeforeActualRun
WorkloadActual   1: 1024 op, 623686504.00 ns, 609.0689 us/op
WorkloadActual   2: 1024 op, 626361255.00 ns, 611.6809 us/op
WorkloadActual   3: 1024 op, 624135080.00 ns, 609.5069 us/op

// AfterActualRun
WorkloadResult   1: 1024 op, 623682401.00 ns, 609.0648 us/op
WorkloadResult   2: 1024 op, 626357152.00 ns, 611.6769 us/op
WorkloadResult   3: 1024 op, 624130977.00 ns, 609.5029 us/op
// GC:  121 40 0 1016954880 1024
// Threading:  0 0 1024

// AfterAll
// Benchmark Process 854 has exited with code 0.

Mean = 610.082 us, StdErr = 0.808 us (0.13%), N = 3, StdDev = 1.399 us
Min = 609.065 us, Q1 = 609.284 us, Median = 609.503 us, Q3 = 610.590 us, Max = 611.677 us
IQR = 1.306 us, LowerFence = 607.325 us, UpperFence = 612.549 us
ConfidenceInterval = [584.561 us; 635.602 us] (CI 99.9%), Margin = 25.521 us (4.18% of Mean)
Skewness = 0.34, Kurtosis = 0.67, MValue = 2

// ** Remained 61 (68.5 %) benchmark(s) to run. Estimated finish 2026-10-08 2:11 (0h 7m from now) **
// **************************
// Benchmark: PlutusUseCasesBenchmarks.DecodeAndEval: ShortRun(IterationCount=3, LaunchCount=1, MinIterationCount=50, WarmupCount=3) [Script=future-increase-margin-3]
// *** Execute ***
// Launch: 1 / 1
// Execute: dotnet PlutusBench-ShortRun-1.dll --anonymousPipes 113 114 --benchmarkName "PlutusUseCasesBenchmarks.DecodeAndEval(Script: \"future-increase-margin-3\")" --job ShortRun --benchmarkId 28 in /bench/chrysalis/benchmarks/PlutusBench/bin/Release/net10.0/PlutusBench-ShortRun-1/bin/Release/net10.0
// BeforeAnythingElse

// Benchmark Process Environment Information:
// BenchmarkDotNet v0.15.8
// Runtime=.NET 10.0.12 (10.0.12, 10.0.1226.42308), X64 RyuJIT x86-64-v4
// GC=Concurrent Workstation
// HardwareIntrinsics=AVX512 BITALG+VBMI2+VNNI+VPOPCNTDQ,AVX512 IFMA+VBMI,AVX512 F+BW+CD+DQ+VL,AVX2+BMI1+BMI2+F16C+FMA+LZCNT+MOVBE,AVX,SSE3+SSSE3+SSE4.1+SSE4.2+POPCNT,X86Base+SSE+SSE2,AES+PCLMUL VectorSize=256
// Job: ShortRun(IterationCount=3, LaunchCount=1, MinIterationCount=50, WarmupCount=3)

OverheadJitting  1: 1 op, 149776.00 ns, 149.7760 us/op
WorkloadJitting  1: 1 op, 17073514.00 ns, 17.0735 ms/op

OverheadJitting  2: 16 op, 327380.00 ns, 20.4613 us/op
WorkloadJitting  2: 16 op, 29642951.00 ns, 1.8527 ms/op

WorkloadPilot    1: 16 op, 28709859.00 ns, 1.7944 ms/op
WorkloadPilot    2: 32 op, 53896393.00 ns, 1.6843 ms/op
WorkloadPilot    3: 64 op, 108042123.00 ns, 1.6882 ms/op
WorkloadPilot    4: 128 op, 104132913.00 ns, 813.5384 us/op
WorkloadPilot    5: 256 op, 160319880.00 ns, 626.2495 us/op
WorkloadPilot    6: 512 op, 298232050.00 ns, 582.4845 us/op
WorkloadPilot    7: 1024 op, 596077365.00 ns, 582.1068 us/op

OverheadWarmup   1: 1024 op, 4678.00 ns, 4.5684 ns/op
OverheadWarmup   2: 1024 op, 4111.00 ns, 4.0146 ns/op
OverheadWarmup   3: 1024 op, 3875.00 ns, 3.7842 ns/op
OverheadWarmup   4: 1024 op, 3972.00 ns, 3.8789 ns/op
OverheadWarmup   5: 1024 op, 19661.00 ns, 19.2002 ns/op
OverheadWarmup   6: 1024 op, 4083.00 ns, 3.9873 ns/op
OverheadWarmup   7: 1024 op, 4070.00 ns, 3.9746 ns/op
OverheadWarmup   8: 1024 op, 4117.00 ns, 4.0205 ns/op
OverheadWarmup   9: 1024 op, 4088.00 ns, 3.9922 ns/op

OverheadActual   1: 1024 op, 3977.00 ns, 3.8838 ns/op
OverheadActual   2: 1024 op, 3924.00 ns, 3.8320 ns/op
OverheadActual   3: 1024 op, 3916.00 ns, 3.8242 ns/op
OverheadActual   4: 1024 op, 4140.00 ns, 4.0430 ns/op
OverheadActual   5: 1024 op, 3901.00 ns, 3.8096 ns/op
OverheadActual   6: 1024 op, 4081.00 ns, 3.9854 ns/op
OverheadActual   7: 1024 op, 19567.00 ns, 19.1084 ns/op
OverheadActual   8: 1024 op, 4617.00 ns, 4.5088 ns/op
OverheadActual   9: 1024 op, 4146.00 ns, 4.0488 ns/op
OverheadActual  10: 1024 op, 4055.00 ns, 3.9600 ns/op
OverheadActual  11: 1024 op, 4137.00 ns, 4.0400 ns/op
OverheadActual  12: 1024 op, 4251.00 ns, 4.1514 ns/op
OverheadActual  13: 1024 op, 4307.00 ns, 4.2061 ns/op
OverheadActual  14: 1024 op, 4166.00 ns, 4.0684 ns/op
OverheadActual  15: 1024 op, 4256.00 ns, 4.1563 ns/op
OverheadActual  16: 1024 op, 4168.00 ns, 4.0703 ns/op
OverheadActual  17: 1024 op, 4201.00 ns, 4.1025 ns/op
OverheadActual  18: 1024 op, 4287.00 ns, 4.1865 ns/op
OverheadActual  19: 1024 op, 4188.00 ns, 4.0898 ns/op
OverheadActual  20: 1024 op, 4200.00 ns, 4.1016 ns/op

WorkloadWarmup   1: 1024 op, 603306500.00 ns, 589.1665 us/op
WorkloadWarmup   2: 1024 op, 599701097.00 ns, 585.6456 us/op
WorkloadWarmup   3: 1024 op, 593844868.00 ns, 579.9266 us/op

// BeforeActualRun
WorkloadActual   1: 1024 op, 595947366.00 ns, 581.9798 us/op
WorkloadActual   2: 1024 op, 598391708.00 ns, 584.3669 us/op
WorkloadActual   3: 1024 op, 597226608.00 ns, 583.2291 us/op

// AfterActualRun
WorkloadResult   1: 1024 op, 595943199.00 ns, 581.9758 us/op
WorkloadResult   2: 1024 op, 598387541.00 ns, 584.3628 us/op
WorkloadResult   3: 1024 op, 597222441.00 ns, 583.2250 us/op
// GC:  121 40 0 1016954880 1024
// Threading:  0 0 1024

// AfterAll
// Benchmark Process 862 has exited with code 0.

Mean = 583.188 us, StdErr = 0.689 us (0.12%), N = 3, StdDev = 1.194 us
Min = 581.976 us, Q1 = 582.600 us, Median = 583.225 us, Q3 = 583.794 us, Max = 584.363 us
IQR = 1.194 us, LowerFence = 580.810 us, UpperFence = 585.584 us
ConfidenceInterval = [561.406 us; 604.970 us] (CI 99.9%), Margin = 21.782 us (3.74% of Mean)
Skewness = -0.03, Kurtosis = 0.67, MValue = 2

// ** Remained 60 (67.4 %) benchmark(s) to run. Estimated finish 2026-10-08 2:11 (0h 7m from now) **
// **************************
// Benchmark: PlutusUseCasesBenchmarks.DecodeAndEval: ShortRun(IterationCount=3, LaunchCount=1, MinIterationCount=50, WarmupCount=3) [Script=future-increase-margin-4]
// *** Execute ***
// Launch: 1 / 1
// Execute: dotnet PlutusBench-ShortRun-1.dll --anonymousPipes 113 114 --benchmarkName "PlutusUseCasesBenchmarks.DecodeAndEval(Script: \"future-increase-margin-4\")" --job ShortRun --benchmarkId 29 in /bench/chrysalis/benchmarks/PlutusBench/bin/Release/net10.0/PlutusBench-ShortRun-1/bin/Release/net10.0
// BeforeAnythingElse

// Benchmark Process Environment Information:
// BenchmarkDotNet v0.15.8
// Runtime=.NET 10.0.12 (10.0.12, 10.0.1226.42308), X64 RyuJIT x86-64-v4
// GC=Concurrent Workstation
// HardwareIntrinsics=AVX512 BITALG+VBMI2+VNNI+VPOPCNTDQ,AVX512 IFMA+VBMI,AVX512 F+BW+CD+DQ+VL,AVX2+BMI1+BMI2+F16C+FMA+LZCNT+MOVBE,AVX,SSE3+SSSE3+SSE4.1+SSE4.2+POPCNT,X86Base+SSE+SSE2,AES+PCLMUL VectorSize=256
// Job: ShortRun(IterationCount=3, LaunchCount=1, MinIterationCount=50, WarmupCount=3)

OverheadJitting  1: 1 op, 152500.00 ns, 152.5000 us/op
WorkloadJitting  1: 1 op, 18322893.00 ns, 18.3229 ms/op

OverheadJitting  2: 16 op, 330488.00 ns, 20.6555 us/op
WorkloadJitting  2: 16 op, 33944911.00 ns, 2.1216 ms/op

WorkloadPilot    1: 16 op, 32179961.00 ns, 2.0112 ms/op
WorkloadPilot    2: 32 op, 59505872.00 ns, 1.8596 ms/op
WorkloadPilot    3: 64 op, 121703494.00 ns, 1.9016 ms/op
WorkloadPilot    4: 128 op, 159524605.00 ns, 1.2463 ms/op
WorkloadPilot    5: 256 op, 169915667.00 ns, 663.7331 us/op
WorkloadPilot    6: 512 op, 339671334.00 ns, 663.4206 us/op
WorkloadPilot    7: 1024 op, 680699989.00 ns, 664.7461 us/op

OverheadWarmup   1: 1024 op, 5266.00 ns, 5.1426 ns/op
OverheadWarmup   2: 1024 op, 4034.00 ns, 3.9395 ns/op
OverheadWarmup   3: 1024 op, 4046.00 ns, 3.9512 ns/op
OverheadWarmup   4: 1024 op, 19172.00 ns, 18.7227 ns/op
OverheadWarmup   5: 1024 op, 3963.00 ns, 3.8701 ns/op
OverheadWarmup   6: 1024 op, 3951.00 ns, 3.8584 ns/op
OverheadWarmup   7: 1024 op, 4063.00 ns, 3.9678 ns/op
OverheadWarmup   8: 1024 op, 19620.00 ns, 19.1602 ns/op
OverheadWarmup   9: 1024 op, 4108.00 ns, 4.0117 ns/op

OverheadActual   1: 1024 op, 4183.00 ns, 4.0850 ns/op
OverheadActual   2: 1024 op, 4084.00 ns, 3.9883 ns/op
OverheadActual   3: 1024 op, 4075.00 ns, 3.9795 ns/op
OverheadActual   4: 1024 op, 20024.00 ns, 19.5547 ns/op
OverheadActual   5: 1024 op, 4089.00 ns, 3.9932 ns/op
OverheadActual   6: 1024 op, 4102.00 ns, 4.0059 ns/op
OverheadActual   7: 1024 op, 4052.00 ns, 3.9570 ns/op
OverheadActual   8: 1024 op, 4129.00 ns, 4.0322 ns/op
OverheadActual   9: 1024 op, 4127.00 ns, 4.0303 ns/op
OverheadActual  10: 1024 op, 4094.00 ns, 3.9980 ns/op
OverheadActual  11: 1024 op, 4107.00 ns, 4.0107 ns/op
OverheadActual  12: 1024 op, 4137.00 ns, 4.0400 ns/op
OverheadActual  13: 1024 op, 4076.00 ns, 3.9805 ns/op
OverheadActual  14: 1024 op, 4097.00 ns, 4.0010 ns/op
OverheadActual  15: 1024 op, 4145.00 ns, 4.0479 ns/op
OverheadActual  16: 1024 op, 4123.00 ns, 4.0264 ns/op
OverheadActual  17: 1024 op, 4146.00 ns, 4.0488 ns/op
OverheadActual  18: 1024 op, 4254.00 ns, 4.1543 ns/op
OverheadActual  19: 1024 op, 4105.00 ns, 4.0088 ns/op
OverheadActual  20: 1024 op, 4095.00 ns, 3.9990 ns/op

WorkloadWarmup   1: 1024 op, 690190835.00 ns, 674.0145 us/op
WorkloadWarmup   2: 1024 op, 684742789.00 ns, 668.6941 us/op
WorkloadWarmup   3: 1024 op, 678673068.00 ns, 662.7667 us/op

// BeforeActualRun
WorkloadActual   1: 1024 op, 684522465.00 ns, 668.4790 us/op
WorkloadActual   2: 1024 op, 871040482.00 ns, 850.6255 us/op
WorkloadActual   3: 1024 op, 852553042.00 ns, 832.5713 us/op

// AfterActualRun
WorkloadResult   1: 1024 op, 684518359.00 ns, 668.4750 us/op
WorkloadResult   2: 1024 op, 871036376.00 ns, 850.6215 us/op
WorkloadResult   3: 1024 op, 852548936.00 ns, 832.5673 us/op
// GC:  131 59 0 1101529088 1024
// Threading:  0 0 1024

// AfterAll
// Benchmark Process 870 has exited with code 0.

Mean = 783.888 us, StdErr = 57.941 us (7.39%), N = 3, StdDev = 100.357 us
Min = 668.475 us, Q1 = 750.521 us, Median = 832.567 us, Q3 = 841.594 us, Max = 850.621 us
IQR = 91.073 us, LowerFence = 613.911 us, UpperFence = 978.204 us
ConfidenceInterval = [-1,047.004 us; 2,614.780 us] (CI 99.9%), Margin = 1,830.892 us (233.57% of Mean)
Skewness = -0.37, Kurtosis = 0.67, MValue = 2

// ** Remained 59 (66.3 %) benchmark(s) to run. Estimated finish 2026-10-08 2:11 (0h 7m from now) **
// **************************
// Benchmark: PlutusUseCasesBenchmarks.DecodeAndEval: ShortRun(IterationCount=3, LaunchCount=1, MinIterationCount=50, WarmupCount=3) [Script=future-increase-margin-5]
// *** Execute ***
// Launch: 1 / 1
// Execute: dotnet PlutusBench-ShortRun-1.dll --anonymousPipes 113 114 --benchmarkName "PlutusUseCasesBenchmarks.DecodeAndEval(Script: \"future-increase-margin-5\")" --job ShortRun --benchmarkId 30 in /bench/chrysalis/benchmarks/PlutusBench/bin/Release/net10.0/PlutusBench-ShortRun-1/bin/Release/net10.0
// BeforeAnythingElse

// Benchmark Process Environment Information:
// BenchmarkDotNet v0.15.8
// Runtime=.NET 10.0.12 (10.0.12, 10.0.1226.42308), X64 RyuJIT x86-64-v4
// GC=Concurrent Workstation
// HardwareIntrinsics=AVX512 BITALG+VBMI2+VNNI+VPOPCNTDQ,AVX512 IFMA+VBMI,AVX512 F+BW+CD+DQ+VL,AVX2+BMI1+BMI2+F16C+FMA+LZCNT+MOVBE,AVX,SSE3+SSSE3+SSE4.1+SSE4.2+POPCNT,X86Base+SSE+SSE2,AES+PCLMUL VectorSize=256
// Job: ShortRun(IterationCount=3, LaunchCount=1, MinIterationCount=50, WarmupCount=3)

OverheadJitting  1: 1 op, 156707.00 ns, 156.7070 us/op
WorkloadJitting  1: 1 op, 38187282.00 ns, 38.1873 ms/op

WorkloadPilot    1: 2 op, 6688396.00 ns, 3.3442 ms/op
WorkloadPilot    2: 3 op, 9201906.00 ns, 3.0673 ms/op
WorkloadPilot    3: 4 op, 11398855.00 ns, 2.8497 ms/op
WorkloadPilot    4: 5 op, 14916743.00 ns, 2.9833 ms/op
WorkloadPilot    5: 6 op, 17812869.00 ns, 2.9688 ms/op
WorkloadPilot    6: 7 op, 19844698.00 ns, 2.8350 ms/op
WorkloadPilot    7: 8 op, 22482117.00 ns, 2.8103 ms/op
WorkloadPilot    8: 9 op, 25092992.00 ns, 2.7881 ms/op
WorkloadPilot    9: 10 op, 27834755.00 ns, 2.7835 ms/op
WorkloadPilot   10: 11 op, 31254261.00 ns, 2.8413 ms/op
WorkloadPilot   11: 12 op, 24596762.00 ns, 2.0497 ms/op
WorkloadPilot   12: 13 op, 20550769.00 ns, 1.5808 ms/op
WorkloadPilot   13: 14 op, 21293212.00 ns, 1.5209 ms/op
WorkloadPilot   14: 15 op, 22516761.00 ns, 1.5011 ms/op
WorkloadPilot   15: 16 op, 23887951.00 ns, 1.4930 ms/op
WorkloadPilot   16: 32 op, 48470230.00 ns, 1.5147 ms/op
WorkloadPilot   17: 64 op, 92420468.00 ns, 1.4441 ms/op
WorkloadPilot   18: 128 op, 141752632.00 ns, 1.1074 ms/op
WorkloadPilot   19: 256 op, 266670675.00 ns, 1.0417 ms/op
WorkloadPilot   20: 512 op, 532889382.00 ns, 1.0408 ms/op

WorkloadWarmup   1: 512 op, 532611585.00 ns, 1.0403 ms/op
WorkloadWarmup   2: 512 op, 535937503.00 ns, 1.0468 ms/op
WorkloadWarmup   3: 512 op, 534293070.00 ns, 1.0435 ms/op

// BeforeActualRun
WorkloadActual   1: 512 op, 532773154.00 ns, 1.0406 ms/op
WorkloadActual   2: 512 op, 534471891.00 ns, 1.0439 ms/op
WorkloadActual   3: 512 op, 533678671.00 ns, 1.0423 ms/op

// AfterActualRun
WorkloadResult   1: 512 op, 532773154.00 ns, 1.0406 ms/op
WorkloadResult   2: 512 op, 534471891.00 ns, 1.0439 ms/op
WorkloadResult   3: 512 op, 533678671.00 ns, 1.0423 ms/op
// GC:  86 38 0 727011328 512
// Threading:  0 0 512

// AfterAll
// Benchmark Process 878 has exited with code 0.

Mean = 1.042 ms, StdErr = 0.001 ms (0.09%), N = 3, StdDev = 0.002 ms
Min = 1.041 ms, Q1 = 1.041 ms, Median = 1.042 ms, Q3 = 1.043 ms, Max = 1.044 ms
IQR = 0.002 ms, LowerFence = 1.039 ms, UpperFence = 1.046 ms
ConfidenceInterval = [1.012 ms; 1.073 ms] (CI 99.9%), Margin = 0.030 ms (2.91% of Mean)
Skewness = -0.04, Kurtosis = 0.67, MValue = 2

// ** Remained 58 (65.2 %) benchmark(s) to run. Estimated finish 2026-10-08 2:11 (0h 7m from now) **
// **************************
// Benchmark: PlutusUseCasesBenchmarks.DecodeAndEval: ShortRun(IterationCount=3, LaunchCount=1, MinIterationCount=50, WarmupCount=3) [Script=future-pay-out-1]
// *** Execute ***
// Launch: 1 / 1
// Execute: dotnet PlutusBench-ShortRun-1.dll --anonymousPipes 113 114 --benchmarkName "PlutusUseCasesBenchmarks.DecodeAndEval(Script: \"future-pay-out-1\")" --job ShortRun --benchmarkId 31 in /bench/chrysalis/benchmarks/PlutusBench/bin/Release/net10.0/PlutusBench-ShortRun-1/bin/Release/net10.0
// BeforeAnythingElse

// Benchmark Process Environment Information:
// BenchmarkDotNet v0.15.8
// Runtime=.NET 10.0.12 (10.0.12, 10.0.1226.42308), X64 RyuJIT x86-64-v4
// GC=Concurrent Workstation
// HardwareIntrinsics=AVX512 BITALG+VBMI2+VNNI+VPOPCNTDQ,AVX512 IFMA+VBMI,AVX512 F+BW+CD+DQ+VL,AVX2+BMI1+BMI2+F16C+FMA+LZCNT+MOVBE,AVX,SSE3+SSSE3+SSE4.1+SSE4.2+POPCNT,X86Base+SSE+SSE2,AES+PCLMUL VectorSize=256
// Job: ShortRun(IterationCount=3, LaunchCount=1, MinIterationCount=50, WarmupCount=3)

OverheadJitting  1: 1 op, 149623.00 ns, 149.6230 us/op
WorkloadJitting  1: 1 op, 16055869.00 ns, 16.0559 ms/op

OverheadJitting  2: 16 op, 342585.00 ns, 21.4116 us/op
WorkloadJitting  2: 16 op, 17120111.00 ns, 1.0700 ms/op

WorkloadPilot    1: 16 op, 14988485.00 ns, 936.7803 us/op
WorkloadPilot    2: 32 op, 28574580.00 ns, 892.9556 us/op
WorkloadPilot    3: 64 op, 55078228.00 ns, 860.5973 us/op
WorkloadPilot    4: 128 op, 112414546.00 ns, 878.2386 us/op
WorkloadPilot    5: 256 op, 124033258.00 ns, 484.5049 us/op
WorkloadPilot    6: 512 op, 168841657.00 ns, 329.7689 us/op
WorkloadPilot    7: 1024 op, 300901298.00 ns, 293.8489 us/op
WorkloadPilot    8: 2048 op, 603075559.00 ns, 294.4705 us/op

OverheadWarmup   1: 2048 op, 8422.00 ns, 4.1123 ns/op
OverheadWarmup   2: 2048 op, 7889.00 ns, 3.8521 ns/op
OverheadWarmup   3: 2048 op, 56157.00 ns, 27.4204 ns/op
OverheadWarmup   4: 2048 op, 7713.00 ns, 3.7661 ns/op
OverheadWarmup   5: 2048 op, 7798.00 ns, 3.8076 ns/op
OverheadWarmup   6: 2048 op, 7815.00 ns, 3.8159 ns/op
OverheadWarmup   7: 2048 op, 37845.00 ns, 18.4790 ns/op
OverheadWarmup   8: 2048 op, 7952.00 ns, 3.8828 ns/op

OverheadActual   1: 2048 op, 8163.00 ns, 3.9858 ns/op
OverheadActual   2: 2048 op, 7721.00 ns, 3.7700 ns/op
OverheadActual   3: 2048 op, 7742.00 ns, 3.7803 ns/op
OverheadActual   4: 2048 op, 7917.00 ns, 3.8657 ns/op
OverheadActual   5: 2048 op, 7499.00 ns, 3.6616 ns/op
OverheadActual   6: 2048 op, 7499.00 ns, 3.6616 ns/op
OverheadActual   7: 2048 op, 7862.00 ns, 3.8389 ns/op
OverheadActual   8: 2048 op, 7831.00 ns, 3.8237 ns/op
OverheadActual   9: 2048 op, 7829.00 ns, 3.8228 ns/op
OverheadActual  10: 2048 op, 7859.00 ns, 3.8374 ns/op
OverheadActual  11: 2048 op, 7909.00 ns, 3.8618 ns/op
OverheadActual  12: 2048 op, 8002.00 ns, 3.9072 ns/op
OverheadActual  13: 2048 op, 7843.00 ns, 3.8296 ns/op
OverheadActual  14: 2048 op, 8650.00 ns, 4.2236 ns/op
OverheadActual  15: 2048 op, 7849.00 ns, 3.8325 ns/op
OverheadActual  16: 2048 op, 7845.00 ns, 3.8306 ns/op
OverheadActual  17: 2048 op, 7967.00 ns, 3.8901 ns/op
OverheadActual  18: 2048 op, 7994.00 ns, 3.9033 ns/op
OverheadActual  19: 2048 op, 7948.00 ns, 3.8809 ns/op
OverheadActual  20: 2048 op, 7889.00 ns, 3.8521 ns/op

WorkloadWarmup   1: 2048 op, 607859581.00 ns, 296.8064 us/op
WorkloadWarmup   2: 2048 op, 606758946.00 ns, 296.2690 us/op
WorkloadWarmup   3: 2048 op, 604113690.00 ns, 294.9774 us/op

// BeforeActualRun
WorkloadActual   1: 2048 op, 602616202.00 ns, 294.2462 us/op
WorkloadActual   2: 2048 op, 605337934.00 ns, 295.5752 us/op
WorkloadActual   3: 2048 op, 605314636.00 ns, 295.5638 us/op

// AfterActualRun
WorkloadResult   1: 2048 op, 602608341.50 ns, 294.2424 us/op
WorkloadResult   2: 2048 op, 605330073.50 ns, 295.5713 us/op
WorkloadResult   3: 2048 op, 605306775.50 ns, 295.5599 us/op
// GC:  131 41 0 1103233024 2048
// Threading:  0 0 2048

// AfterAll
// Benchmark Process 889 has exited with code 0.

Mean = 295.125 us, StdErr = 0.441 us (0.15%), N = 3, StdDev = 0.764 us
Min = 294.242 us, Q1 = 294.901 us, Median = 295.560 us, Q3 = 295.566 us, Max = 295.571 us
IQR = 0.664 us, LowerFence = 293.904 us, UpperFence = 296.562 us
ConfidenceInterval = [281.186 us; 309.063 us] (CI 99.9%), Margin = 13.939 us (4.72% of Mean)
Skewness = -0.38, Kurtosis = 0.67, MValue = 2

// ** Remained 57 (64.0 %) benchmark(s) to run. Estimated finish 2026-10-08 2:10 (0h 6m from now) **
// **************************
// Benchmark: PlutusUseCasesBenchmarks.DecodeAndEval: ShortRun(IterationCount=3, LaunchCount=1, MinIterationCount=50, WarmupCount=3) [Script=future-pay-out-2]
// *** Execute ***
// Launch: 1 / 1
// Execute: dotnet PlutusBench-ShortRun-1.dll --anonymousPipes 113 114 --benchmarkName "PlutusUseCasesBenchmarks.DecodeAndEval(Script: \"future-pay-out-2\")" --job ShortRun --benchmarkId 32 in /bench/chrysalis/benchmarks/PlutusBench/bin/Release/net10.0/PlutusBench-ShortRun-1/bin/Release/net10.0
// BeforeAnythingElse

// Benchmark Process Environment Information:
// BenchmarkDotNet v0.15.8
// Runtime=.NET 10.0.12 (10.0.12, 10.0.1226.42308), X64 RyuJIT x86-64-v4
// GC=Concurrent Workstation
// HardwareIntrinsics=AVX512 BITALG+VBMI2+VNNI+VPOPCNTDQ,AVX512 IFMA+VBMI,AVX512 F+BW+CD+DQ+VL,AVX2+BMI1+BMI2+F16C+FMA+LZCNT+MOVBE,AVX,SSE3+SSSE3+SSE4.1+SSE4.2+POPCNT,X86Base+SSE+SSE2,AES+PCLMUL VectorSize=256
// Job: ShortRun(IterationCount=3, LaunchCount=1, MinIterationCount=50, WarmupCount=3)

OverheadJitting  1: 1 op, 149908.00 ns, 149.9080 us/op
WorkloadJitting  1: 1 op, 16729693.00 ns, 16.7297 ms/op

OverheadJitting  2: 16 op, 324493.00 ns, 20.2808 us/op
WorkloadJitting  2: 16 op, 29408367.00 ns, 1.8380 ms/op

WorkloadPilot    1: 16 op, 28271135.00 ns, 1.7669 ms/op
WorkloadPilot    2: 32 op, 54281858.00 ns, 1.6963 ms/op
WorkloadPilot    3: 64 op, 107251287.00 ns, 1.6758 ms/op
WorkloadPilot    4: 128 op, 109287633.00 ns, 853.8096 us/op
WorkloadPilot    5: 256 op, 200904676.00 ns, 784.7839 us/op
WorkloadPilot    6: 512 op, 305628576.00 ns, 596.9308 us/op
WorkloadPilot    7: 1024 op, 594302141.00 ns, 580.3732 us/op

OverheadWarmup   1: 1024 op, 4909.00 ns, 4.7939 ns/op
OverheadWarmup   2: 1024 op, 3838.00 ns, 3.7480 ns/op
OverheadWarmup   3: 1024 op, 3909.00 ns, 3.8174 ns/op
OverheadWarmup   4: 1024 op, 3925.00 ns, 3.8330 ns/op
OverheadWarmup   5: 1024 op, 3892.00 ns, 3.8008 ns/op
OverheadWarmup   6: 1024 op, 3895.00 ns, 3.8037 ns/op
OverheadWarmup   7: 1024 op, 3890.00 ns, 3.7988 ns/op

OverheadActual   1: 1024 op, 4023.00 ns, 3.9287 ns/op
OverheadActual   2: 1024 op, 4032.00 ns, 3.9375 ns/op
OverheadActual   3: 1024 op, 4115.00 ns, 4.0186 ns/op
OverheadActual   4: 1024 op, 3924.00 ns, 3.8320 ns/op
OverheadActual   5: 1024 op, 4043.00 ns, 3.9482 ns/op
OverheadActual   6: 1024 op, 4139.00 ns, 4.0420 ns/op
OverheadActual   7: 1024 op, 4098.00 ns, 4.0020 ns/op
OverheadActual   8: 1024 op, 4107.00 ns, 4.0107 ns/op
OverheadActual   9: 1024 op, 4134.00 ns, 4.0371 ns/op
OverheadActual  10: 1024 op, 4108.00 ns, 4.0117 ns/op
OverheadActual  11: 1024 op, 4106.00 ns, 4.0098 ns/op
OverheadActual  12: 1024 op, 4078.00 ns, 3.9824 ns/op
OverheadActual  13: 1024 op, 4073.00 ns, 3.9775 ns/op
OverheadActual  14: 1024 op, 4070.00 ns, 3.9746 ns/op
OverheadActual  15: 1024 op, 4069.00 ns, 3.9736 ns/op
OverheadActual  16: 1024 op, 4151.00 ns, 4.0537 ns/op
OverheadActual  17: 1024 op, 4172.00 ns, 4.0742 ns/op
OverheadActual  18: 1024 op, 4196.00 ns, 4.0977 ns/op
OverheadActual  19: 1024 op, 4088.00 ns, 3.9922 ns/op
OverheadActual  20: 1024 op, 4124.00 ns, 4.0273 ns/op

WorkloadWarmup   1: 1024 op, 601540751.00 ns, 587.4421 us/op
WorkloadWarmup   2: 1024 op, 599183754.00 ns, 585.1404 us/op
WorkloadWarmup   3: 1024 op, 595875082.00 ns, 581.9093 us/op

// BeforeActualRun
WorkloadActual   1: 1024 op, 595738052.00 ns, 581.7754 us/op
WorkloadActual   2: 1024 op, 603861053.00 ns, 589.7081 us/op
WorkloadActual   3: 1024 op, 599220777.00 ns, 585.1765 us/op

// AfterActualRun
WorkloadResult   1: 1024 op, 595733950.00 ns, 581.7714 us/op
WorkloadResult   2: 1024 op, 603856951.00 ns, 589.7041 us/op
WorkloadResult   3: 1024 op, 599216675.00 ns, 585.1725 us/op
// GC:  121 40 0 1016954880 1024
// Threading:  0 0 1024

// AfterAll
// Benchmark Process 897 has exited with code 0.

Mean = 585.549 us, StdErr = 2.298 us (0.39%), N = 3, StdDev = 3.980 us
Min = 581.771 us, Q1 = 583.472 us, Median = 585.173 us, Q3 = 587.438 us, Max = 589.704 us
IQR = 3.966 us, LowerFence = 577.523 us, UpperFence = 593.388 us
ConfidenceInterval = [512.945 us; 658.154 us] (CI 99.9%), Margin = 72.605 us (12.40% of Mean)
Skewness = 0.09, Kurtosis = 0.67, MValue = 2

// ** Remained 56 (62.9 %) benchmark(s) to run. Estimated finish 2026-10-08 2:10 (0h 6m from now) **
// **************************
// Benchmark: PlutusUseCasesBenchmarks.DecodeAndEval: ShortRun(IterationCount=3, LaunchCount=1, MinIterationCount=50, WarmupCount=3) [Script=future-pay-out-3]
// *** Execute ***
// Launch: 1 / 1
// Execute: dotnet PlutusBench-ShortRun-1.dll --anonymousPipes 113 114 --benchmarkName "PlutusUseCasesBenchmarks.DecodeAndEval(Script: \"future-pay-out-3\")" --job ShortRun --benchmarkId 33 in /bench/chrysalis/benchmarks/PlutusBench/bin/Release/net10.0/PlutusBench-ShortRun-1/bin/Release/net10.0
// BeforeAnythingElse

// Benchmark Process Environment Information:
// BenchmarkDotNet v0.15.8
// Runtime=.NET 10.0.12 (10.0.12, 10.0.1226.42308), X64 RyuJIT x86-64-v4
// GC=Concurrent Workstation
// HardwareIntrinsics=AVX512 BITALG+VBMI2+VNNI+VPOPCNTDQ,AVX512 IFMA+VBMI,AVX512 F+BW+CD+DQ+VL,AVX2+BMI1+BMI2+F16C+FMA+LZCNT+MOVBE,AVX,SSE3+SSSE3+SSE4.1+SSE4.2+POPCNT,X86Base+SSE+SSE2,AES+PCLMUL VectorSize=256
// Job: ShortRun(IterationCount=3, LaunchCount=1, MinIterationCount=50, WarmupCount=3)

OverheadJitting  1: 1 op, 151038.00 ns, 151.0380 us/op
WorkloadJitting  1: 1 op, 17009502.00 ns, 17.0095 ms/op

OverheadJitting  2: 16 op, 331891.00 ns, 20.7432 us/op
WorkloadJitting  2: 16 op, 29289850.00 ns, 1.8306 ms/op

WorkloadPilot    1: 16 op, 28204281.00 ns, 1.7628 ms/op
WorkloadPilot    2: 32 op, 52321202.00 ns, 1.6350 ms/op
WorkloadPilot    3: 64 op, 105246508.00 ns, 1.6445 ms/op
WorkloadPilot    4: 128 op, 90854462.00 ns, 709.8005 us/op
WorkloadPilot    5: 256 op, 160465097.00 ns, 626.8168 us/op
WorkloadPilot    6: 512 op, 290765076.00 ns, 567.9005 us/op
WorkloadPilot    7: 1024 op, 580990680.00 ns, 567.3737 us/op

OverheadWarmup   1: 1024 op, 5213.00 ns, 5.0908 ns/op
OverheadWarmup   2: 1024 op, 4314.00 ns, 4.2129 ns/op
OverheadWarmup   3: 1024 op, 19915.00 ns, 19.4482 ns/op
OverheadWarmup   4: 1024 op, 4113.00 ns, 4.0166 ns/op
OverheadWarmup   5: 1024 op, 4024.00 ns, 3.9297 ns/op
OverheadWarmup   6: 1024 op, 4048.00 ns, 3.9531 ns/op
OverheadWarmup   7: 1024 op, 4045.00 ns, 3.9502 ns/op

OverheadActual   1: 1024 op, 4125.00 ns, 4.0283 ns/op
OverheadActual   2: 1024 op, 3957.00 ns, 3.8643 ns/op
OverheadActual   3: 1024 op, 3942.00 ns, 3.8496 ns/op
OverheadActual   4: 1024 op, 4133.00 ns, 4.0361 ns/op
OverheadActual   5: 1024 op, 3980.00 ns, 3.8867 ns/op
OverheadActual   6: 1024 op, 4131.00 ns, 4.0342 ns/op
OverheadActual   7: 1024 op, 4111.00 ns, 4.0146 ns/op
OverheadActual   8: 1024 op, 4082.00 ns, 3.9863 ns/op
OverheadActual   9: 1024 op, 4117.00 ns, 4.0205 ns/op
OverheadActual  10: 1024 op, 4123.00 ns, 4.0264 ns/op
OverheadActual  11: 1024 op, 4114.00 ns, 4.0176 ns/op
OverheadActual  12: 1024 op, 4161.00 ns, 4.0635 ns/op
OverheadActual  13: 1024 op, 4172.00 ns, 4.0742 ns/op
OverheadActual  14: 1024 op, 4122.00 ns, 4.0254 ns/op
OverheadActual  15: 1024 op, 4159.00 ns, 4.0615 ns/op
OverheadActual  16: 1024 op, 4115.00 ns, 4.0186 ns/op
OverheadActual  17: 1024 op, 4113.00 ns, 4.0166 ns/op
OverheadActual  18: 1024 op, 4244.00 ns, 4.1445 ns/op
OverheadActual  19: 1024 op, 4181.00 ns, 4.0830 ns/op
OverheadActual  20: 1024 op, 4207.00 ns, 4.1084 ns/op

WorkloadWarmup   1: 1024 op, 581951568.00 ns, 568.3121 us/op
WorkloadWarmup   2: 1024 op, 581776926.00 ns, 568.1415 us/op
WorkloadWarmup   3: 1024 op, 578111157.00 ns, 564.5617 us/op

// BeforeActualRun
WorkloadActual   1: 1024 op, 579924130.00 ns, 566.3322 us/op
WorkloadActual   2: 1024 op, 580899658.00 ns, 567.2848 us/op
WorkloadActual   3: 1024 op, 580264231.00 ns, 566.6643 us/op

// AfterActualRun
WorkloadResult   1: 1024 op, 579920007.50 ns, 566.3281 us/op
WorkloadResult   2: 1024 op, 580895535.50 ns, 567.2808 us/op
WorkloadResult   3: 1024 op, 580260108.50 ns, 566.6603 us/op
// GC:  121 40 0 1016954880 1024
// Threading:  0 0 1024

// AfterAll
// Benchmark Process 905 has exited with code 0.

Mean = 566.756 us, StdErr = 0.279 us (0.05%), N = 3, StdDev = 0.484 us
Min = 566.328 us, Q1 = 566.494 us, Median = 566.660 us, Q3 = 566.971 us, Max = 567.281 us
IQR = 0.476 us, LowerFence = 565.780 us, UpperFence = 567.685 us
ConfidenceInterval = [557.935 us; 575.578 us] (CI 99.9%), Margin = 8.822 us (1.56% of Mean)
Skewness = 0.19, Kurtosis = 0.67, MValue = 2

// ** Remained 55 (61.8 %) benchmark(s) to run. Estimated finish 2026-10-08 2:10 (0h 6m from now) **
// **************************
// Benchmark: PlutusUseCasesBenchmarks.DecodeAndEval: ShortRun(IterationCount=3, LaunchCount=1, MinIterationCount=50, WarmupCount=3) [Script=future-pay-out-4]
// *** Execute ***
// Launch: 1 / 1
// Execute: dotnet PlutusBench-ShortRun-1.dll --anonymousPipes 113 114 --benchmarkName "PlutusUseCasesBenchmarks.DecodeAndEval(Script: \"future-pay-out-4\")" --job ShortRun --benchmarkId 34 in /bench/chrysalis/benchmarks/PlutusBench/bin/Release/net10.0/PlutusBench-ShortRun-1/bin/Release/net10.0
// BeforeAnythingElse

// Benchmark Process Environment Information:
// BenchmarkDotNet v0.15.8
// Runtime=.NET 10.0.12 (10.0.12, 10.0.1226.42308), X64 RyuJIT x86-64-v4
// GC=Concurrent Workstation
// HardwareIntrinsics=AVX512 BITALG+VBMI2+VNNI+VPOPCNTDQ,AVX512 IFMA+VBMI,AVX512 F+BW+CD+DQ+VL,AVX2+BMI1+BMI2+F16C+FMA+LZCNT+MOVBE,AVX,SSE3+SSSE3+SSE4.1+SSE4.2+POPCNT,X86Base+SSE+SSE2,AES+PCLMUL VectorSize=256
// Job: ShortRun(IterationCount=3, LaunchCount=1, MinIterationCount=50, WarmupCount=3)

OverheadJitting  1: 1 op, 149048.00 ns, 149.0480 us/op
WorkloadJitting  1: 1 op, 38534691.00 ns, 38.5347 ms/op

WorkloadPilot    1: 2 op, 6430392.00 ns, 3.2152 ms/op
WorkloadPilot    2: 3 op, 8994622.00 ns, 2.9982 ms/op
WorkloadPilot    3: 4 op, 11183959.00 ns, 2.7960 ms/op
WorkloadPilot    4: 5 op, 14589883.00 ns, 2.9180 ms/op
WorkloadPilot    5: 6 op, 17293763.00 ns, 2.8823 ms/op
WorkloadPilot    6: 7 op, 19586157.00 ns, 2.7980 ms/op
WorkloadPilot    7: 8 op, 21961185.00 ns, 2.7451 ms/op
WorkloadPilot    8: 9 op, 24567378.00 ns, 2.7297 ms/op
WorkloadPilot    9: 10 op, 27099388.00 ns, 2.7099 ms/op
WorkloadPilot   10: 11 op, 29707144.00 ns, 2.7006 ms/op
WorkloadPilot   11: 12 op, 27776247.00 ns, 2.3147 ms/op
WorkloadPilot   12: 13 op, 20466352.00 ns, 1.5743 ms/op
WorkloadPilot   13: 14 op, 21177112.00 ns, 1.5127 ms/op
WorkloadPilot   14: 15 op, 22343042.00 ns, 1.4895 ms/op
WorkloadPilot   15: 16 op, 23830803.00 ns, 1.4894 ms/op
WorkloadPilot   16: 32 op, 45304046.00 ns, 1.4158 ms/op
WorkloadPilot   17: 64 op, 69336106.00 ns, 1.0834 ms/op
WorkloadPilot   18: 128 op, 135016778.00 ns, 1.0548 ms/op
WorkloadPilot   19: 256 op, 261036429.00 ns, 1.0197 ms/op
WorkloadPilot   20: 512 op, 523050125.00 ns, 1.0216 ms/op

WorkloadWarmup   1: 512 op, 520602054.00 ns, 1.0168 ms/op
WorkloadWarmup   2: 512 op, 521865472.00 ns, 1.0193 ms/op
WorkloadWarmup   3: 512 op, 523740271.00 ns, 1.0229 ms/op

// BeforeActualRun
WorkloadActual   1: 512 op, 520427645.00 ns, 1.0165 ms/op
WorkloadActual   2: 512 op, 522728625.00 ns, 1.0210 ms/op
WorkloadActual   3: 512 op, 524005299.00 ns, 1.0234 ms/op

// AfterActualRun
WorkloadResult   1: 512 op, 520427645.00 ns, 1.0165 ms/op
WorkloadResult   2: 512 op, 522728625.00 ns, 1.0210 ms/op
WorkloadResult   3: 512 op, 524005299.00 ns, 1.0234 ms/op
// GC:  86 39 0 726020096 512
// Threading:  0 0 512

// AfterAll
// Benchmark Process 913 has exited with code 0.

Mean = 1.020 ms, StdErr = 0.002 ms (0.20%), N = 3, StdDev = 0.004 ms
Min = 1.016 ms, Q1 = 1.019 ms, Median = 1.021 ms, Q3 = 1.022 ms, Max = 1.023 ms
IQR = 0.003 ms, LowerFence = 1.013 ms, UpperFence = 1.027 ms
ConfidenceInterval = [0.956 ms; 1.085 ms] (CI 99.9%), Margin = 0.065 ms (6.33% of Mean)
Skewness = -0.18, Kurtosis = 0.67, MValue = 2

// ** Remained 54 (60.7 %) benchmark(s) to run. Estimated finish 2026-10-08 2:10 (0h 6m from now) **
// **************************
// Benchmark: PlutusUseCasesBenchmarks.DecodeAndEval: ShortRun(IterationCount=3, LaunchCount=1, MinIterationCount=50, WarmupCount=3) [Script=future-settle-early-1]
// *** Execute ***
// Launch: 1 / 1
// Execute: dotnet PlutusBench-ShortRun-1.dll --anonymousPipes 113 114 --benchmarkName "PlutusUseCasesBenchmarks.DecodeAndEval(Script: \"future-settle-early-1\")" --job ShortRun --benchmarkId 35 in /bench/chrysalis/benchmarks/PlutusBench/bin/Release/net10.0/PlutusBench-ShortRun-1/bin/Release/net10.0
// BeforeAnythingElse

// Benchmark Process Environment Information:
// BenchmarkDotNet v0.15.8
// Runtime=.NET 10.0.12 (10.0.12, 10.0.1226.42308), X64 RyuJIT x86-64-v4
// GC=Concurrent Workstation
// HardwareIntrinsics=AVX512 BITALG+VBMI2+VNNI+VPOPCNTDQ,AVX512 IFMA+VBMI,AVX512 F+BW+CD+DQ+VL,AVX2+BMI1+BMI2+F16C+FMA+LZCNT+MOVBE,AVX,SSE3+SSSE3+SSE4.1+SSE4.2+POPCNT,X86Base+SSE+SSE2,AES+PCLMUL VectorSize=256
// Job: ShortRun(IterationCount=3, LaunchCount=1, MinIterationCount=50, WarmupCount=3)

OverheadJitting  1: 1 op, 151905.00 ns, 151.9050 us/op
WorkloadJitting  1: 1 op, 15664873.00 ns, 15.6649 ms/op

OverheadJitting  2: 16 op, 347018.00 ns, 21.6886 us/op
WorkloadJitting  2: 16 op, 16970330.00 ns, 1.0606 ms/op

WorkloadPilot    1: 16 op, 15043377.00 ns, 940.2111 us/op
WorkloadPilot    2: 32 op, 29292296.00 ns, 915.3843 us/op
WorkloadPilot    3: 64 op, 53715642.00 ns, 839.3069 us/op
WorkloadPilot    4: 128 op, 112714455.00 ns, 880.5817 us/op
WorkloadPilot    5: 256 op, 91405079.00 ns, 357.0511 us/op
WorkloadPilot    6: 512 op, 172853213.00 ns, 337.6039 us/op
WorkloadPilot    7: 1024 op, 304617862.00 ns, 297.4784 us/op
WorkloadPilot    8: 2048 op, 599886401.00 ns, 292.9133 us/op

OverheadWarmup   1: 2048 op, 8978.00 ns, 4.3838 ns/op
OverheadWarmup   2: 2048 op, 7940.00 ns, 3.8770 ns/op
OverheadWarmup   3: 2048 op, 20905.00 ns, 10.2075 ns/op
OverheadWarmup   4: 2048 op, 7556.00 ns, 3.6895 ns/op
OverheadWarmup   5: 2048 op, 7656.00 ns, 3.7383 ns/op
OverheadWarmup   6: 2048 op, 8002.00 ns, 3.9072 ns/op
OverheadWarmup   7: 2048 op, 8014.00 ns, 3.9131 ns/op
OverheadWarmup   8: 2048 op, 7977.00 ns, 3.8950 ns/op

OverheadActual   1: 2048 op, 7810.00 ns, 3.8135 ns/op
OverheadActual   2: 2048 op, 7524.00 ns, 3.6738 ns/op
OverheadActual   3: 2048 op, 7542.00 ns, 3.6826 ns/op
OverheadActual   4: 2048 op, 7752.00 ns, 3.7852 ns/op
OverheadActual   5: 2048 op, 7518.00 ns, 3.6709 ns/op
OverheadActual   6: 2048 op, 8289.00 ns, 4.0474 ns/op
OverheadActual   7: 2048 op, 7779.00 ns, 3.7983 ns/op
OverheadActual   8: 2048 op, 7696.00 ns, 3.7578 ns/op
OverheadActual   9: 2048 op, 7607.00 ns, 3.7144 ns/op
OverheadActual  10: 2048 op, 20937.00 ns, 10.2231 ns/op
OverheadActual  11: 2048 op, 38475.00 ns, 18.7866 ns/op
OverheadActual  12: 2048 op, 7679.00 ns, 3.7495 ns/op
OverheadActual  13: 2048 op, 22182.00 ns, 10.8311 ns/op
OverheadActual  14: 2048 op, 7902.00 ns, 3.8584 ns/op
OverheadActual  15: 2048 op, 7809.00 ns, 3.8130 ns/op
OverheadActual  16: 2048 op, 7774.00 ns, 3.7959 ns/op
OverheadActual  17: 2048 op, 7855.00 ns, 3.8354 ns/op
OverheadActual  18: 2048 op, 8013.00 ns, 3.9126 ns/op
OverheadActual  19: 2048 op, 7895.00 ns, 3.8550 ns/op
OverheadActual  20: 2048 op, 7862.00 ns, 3.8389 ns/op

WorkloadWarmup   1: 2048 op, 607071616.00 ns, 296.4217 us/op
WorkloadWarmup   2: 2048 op, 604298292.00 ns, 295.0675 us/op
WorkloadWarmup   3: 2048 op, 601333047.00 ns, 293.6197 us/op

// BeforeActualRun
WorkloadActual   1: 2048 op, 602194210.00 ns, 294.0401 us/op
WorkloadActual   2: 2048 op, 602755495.00 ns, 294.3142 us/op
WorkloadActual   3: 2048 op, 725343835.00 ns, 354.1718 us/op

// AfterActualRun
WorkloadResult   1: 2048 op, 602186400.50 ns, 294.0363 us/op
WorkloadResult   2: 2048 op, 602747685.50 ns, 294.3104 us/op
WorkloadResult   3: 2048 op, 725336025.50 ns, 354.1680 us/op
// GC:  131 41 0 1103233024 2048
// Threading:  0 0 2048

// AfterAll
// Benchmark Process 921 has exited with code 0.

Mean = 314.172 us, StdErr = 19.998 us (6.37%), N = 3, StdDev = 34.638 us
Min = 294.036 us, Q1 = 294.173 us, Median = 294.310 us, Q3 = 324.239 us, Max = 354.168 us
IQR = 30.066 us, LowerFence = 249.075 us, UpperFence = 369.338 us
ConfidenceInterval = [-317.758 us; 946.101 us] (CI 99.9%), Margin = 631.929 us (201.14% of Mean)
Skewness = 0.38, Kurtosis = 0.67, MValue = 2

// ** Remained 53 (59.6 %) benchmark(s) to run. Estimated finish 2026-10-08 2:10 (0h 6m from now) **
// **************************
// Benchmark: PlutusUseCasesBenchmarks.DecodeAndEval: ShortRun(IterationCount=3, LaunchCount=1, MinIterationCount=50, WarmupCount=3) [Script=future-settle-early-2]
// *** Execute ***
// Launch: 1 / 1
// Execute: dotnet PlutusBench-ShortRun-1.dll --anonymousPipes 113 114 --benchmarkName "PlutusUseCasesBenchmarks.DecodeAndEval(Script: \"future-settle-early-2\")" --job ShortRun --benchmarkId 36 in /bench/chrysalis/benchmarks/PlutusBench/bin/Release/net10.0/PlutusBench-ShortRun-1/bin/Release/net10.0
// BeforeAnythingElse

// Benchmark Process Environment Information:
// BenchmarkDotNet v0.15.8
// Runtime=.NET 10.0.12 (10.0.12, 10.0.1226.42308), X64 RyuJIT x86-64-v4
// GC=Concurrent Workstation
// HardwareIntrinsics=AVX512 BITALG+VBMI2+VNNI+VPOPCNTDQ,AVX512 IFMA+VBMI,AVX512 F+BW+CD+DQ+VL,AVX2+BMI1+BMI2+F16C+FMA+LZCNT+MOVBE,AVX,SSE3+SSSE3+SSE4.1+SSE4.2+POPCNT,X86Base+SSE+SSE2,AES+PCLMUL VectorSize=256
// Job: ShortRun(IterationCount=3, LaunchCount=1, MinIterationCount=50, WarmupCount=3)

OverheadJitting  1: 1 op, 183310.00 ns, 183.3100 us/op
WorkloadJitting  1: 1 op, 21910352.00 ns, 21.9104 ms/op

OverheadJitting  2: 16 op, 451991.00 ns, 28.2494 us/op
WorkloadJitting  2: 16 op, 42056021.00 ns, 2.6285 ms/op

WorkloadPilot    1: 16 op, 40762442.00 ns, 2.5477 ms/op
WorkloadPilot    2: 32 op, 78067544.00 ns, 2.4396 ms/op
WorkloadPilot    3: 64 op, 90555977.00 ns, 1.4149 ms/op
WorkloadPilot    4: 128 op, 107328981.00 ns, 838.5077 us/op
WorkloadPilot    5: 256 op, 191197700.00 ns, 746.8660 us/op
WorkloadPilot    6: 512 op, 305867356.00 ns, 597.3972 us/op
WorkloadPilot    7: 1024 op, 585686462.00 ns, 571.9594 us/op

OverheadWarmup   1: 1024 op, 4774.00 ns, 4.6621 ns/op
OverheadWarmup   2: 1024 op, 3936.00 ns, 3.8438 ns/op
OverheadWarmup   3: 1024 op, 4137.00 ns, 4.0400 ns/op
OverheadWarmup   4: 1024 op, 4066.00 ns, 3.9707 ns/op
OverheadWarmup   5: 1024 op, 4120.00 ns, 4.0234 ns/op
OverheadWarmup   6: 1024 op, 4118.00 ns, 4.0215 ns/op

OverheadActual   1: 1024 op, 4107.00 ns, 4.0107 ns/op
OverheadActual   2: 1024 op, 4051.00 ns, 3.9561 ns/op
OverheadActual   3: 1024 op, 4074.00 ns, 3.9785 ns/op
OverheadActual   4: 1024 op, 4204.00 ns, 4.1055 ns/op
OverheadActual   5: 1024 op, 4056.00 ns, 3.9609 ns/op
OverheadActual   6: 1024 op, 4139.00 ns, 4.0420 ns/op
OverheadActual   7: 1024 op, 16960.00 ns, 16.5625 ns/op
OverheadActual   8: 1024 op, 17408.00 ns, 17.0000 ns/op
OverheadActual   9: 1024 op, 4195.00 ns, 4.0967 ns/op
OverheadActual  10: 1024 op, 4283.00 ns, 4.1826 ns/op
OverheadActual  11: 1024 op, 16919.00 ns, 16.5225 ns/op
OverheadActual  12: 1024 op, 4118.00 ns, 4.0215 ns/op
OverheadActual  13: 1024 op, 4161.00 ns, 4.0635 ns/op
OverheadActual  14: 1024 op, 4166.00 ns, 4.0684 ns/op
OverheadActual  15: 1024 op, 4206.00 ns, 4.1074 ns/op
OverheadActual  16: 1024 op, 4246.00 ns, 4.1465 ns/op
OverheadActual  17: 1024 op, 4128.00 ns, 4.0313 ns/op
OverheadActual  18: 1024 op, 4317.00 ns, 4.2158 ns/op
OverheadActual  19: 1024 op, 4248.00 ns, 4.1484 ns/op
OverheadActual  20: 1024 op, 4209.00 ns, 4.1104 ns/op

WorkloadWarmup   1: 1024 op, 596725461.00 ns, 582.7397 us/op
WorkloadWarmup   2: 1024 op, 587708650.00 ns, 573.9342 us/op
WorkloadWarmup   3: 1024 op, 583471948.00 ns, 569.7968 us/op

// BeforeActualRun
WorkloadActual   1: 1024 op, 587472644.00 ns, 573.7038 us/op
WorkloadActual   2: 1024 op, 588253967.00 ns, 574.4668 us/op
WorkloadActual   3: 1024 op, 589518357.00 ns, 575.7015 us/op

// AfterActualRun
WorkloadResult   1: 1024 op, 587468444.50 ns, 573.6997 us/op
WorkloadResult   2: 1024 op, 588249767.50 ns, 574.4627 us/op
WorkloadResult   3: 1024 op, 589514157.50 ns, 575.6974 us/op
// GC:  121 40 0 1016954880 1024
// Threading:  0 0 1024

// AfterAll
// Benchmark Process 929 has exited with code 0.

Mean = 574.620 us, StdErr = 0.582 us (0.10%), N = 3, StdDev = 1.008 us
Min = 573.700 us, Q1 = 574.081 us, Median = 574.463 us, Q3 = 575.080 us, Max = 575.697 us
IQR = 0.999 us, LowerFence = 572.583 us, UpperFence = 576.578 us
ConfidenceInterval = [556.228 us; 593.012 us] (CI 99.9%), Margin = 18.392 us (3.20% of Mean)
Skewness = 0.15, Kurtosis = 0.67, MValue = 2

// ** Remained 52 (58.4 %) benchmark(s) to run. Estimated finish 2026-10-08 2:10 (0h 6m from now) **
// **************************
// Benchmark: PlutusUseCasesBenchmarks.DecodeAndEval: ShortRun(IterationCount=3, LaunchCount=1, MinIterationCount=50, WarmupCount=3) [Script=future-settle-early-3]
// *** Execute ***
// Launch: 1 / 1
// Execute: dotnet PlutusBench-ShortRun-1.dll --anonymousPipes 113 114 --benchmarkName "PlutusUseCasesBenchmarks.DecodeAndEval(Script: \"future-settle-early-3\")" --job ShortRun --benchmarkId 37 in /bench/chrysalis/benchmarks/PlutusBench/bin/Release/net10.0/PlutusBench-ShortRun-1/bin/Release/net10.0
// BeforeAnythingElse

// Benchmark Process Environment Information:
// BenchmarkDotNet v0.15.8
// Runtime=.NET 10.0.12 (10.0.12, 10.0.1226.42308), X64 RyuJIT x86-64-v4
// GC=Concurrent Workstation
// HardwareIntrinsics=AVX512 BITALG+VBMI2+VNNI+VPOPCNTDQ,AVX512 IFMA+VBMI,AVX512 F+BW+CD+DQ+VL,AVX2+BMI1+BMI2+F16C+FMA+LZCNT+MOVBE,AVX,SSE3+SSSE3+SSE4.1+SSE4.2+POPCNT,X86Base+SSE+SSE2,AES+PCLMUL VectorSize=256
// Job: ShortRun(IterationCount=3, LaunchCount=1, MinIterationCount=50, WarmupCount=3)

OverheadJitting  1: 1 op, 150034.00 ns, 150.0340 us/op
WorkloadJitting  1: 1 op, 17061216.00 ns, 17.0612 ms/op

OverheadJitting  2: 16 op, 333067.00 ns, 20.8167 us/op
WorkloadJitting  2: 16 op, 29378660.00 ns, 1.8362 ms/op

WorkloadPilot    1: 16 op, 28396053.00 ns, 1.7748 ms/op
WorkloadPilot    2: 32 op, 52629526.00 ns, 1.6447 ms/op
WorkloadPilot    3: 64 op, 102683158.00 ns, 1.6044 ms/op
WorkloadPilot    4: 128 op, 154239464.00 ns, 1.2050 ms/op
WorkloadPilot    5: 256 op, 159590028.00 ns, 623.3985 us/op
WorkloadPilot    6: 512 op, 293971806.00 ns, 574.1637 us/op
WorkloadPilot    7: 1024 op, 584432083.00 ns, 570.7345 us/op

OverheadWarmup   1: 1024 op, 4836.00 ns, 4.7227 ns/op
OverheadWarmup   2: 1024 op, 4236.00 ns, 4.1367 ns/op
OverheadWarmup   3: 1024 op, 3944.00 ns, 3.8516 ns/op
OverheadWarmup   4: 1024 op, 3879.00 ns, 3.7881 ns/op
OverheadWarmup   5: 1024 op, 4060.00 ns, 3.9648 ns/op
OverheadWarmup   6: 1024 op, 4074.00 ns, 3.9785 ns/op
OverheadWarmup   7: 1024 op, 4053.00 ns, 3.9580 ns/op
OverheadWarmup   8: 1024 op, 4161.00 ns, 4.0635 ns/op
OverheadWarmup   9: 1024 op, 4199.00 ns, 4.1006 ns/op
OverheadWarmup  10: 1024 op, 18065.00 ns, 17.6416 ns/op

OverheadActual   1: 1024 op, 7630.00 ns, 7.4512 ns/op
OverheadActual   2: 1024 op, 4006.00 ns, 3.9121 ns/op
OverheadActual   3: 1024 op, 3977.00 ns, 3.8838 ns/op
OverheadActual   4: 1024 op, 17173.00 ns, 16.7705 ns/op
OverheadActual   5: 1024 op, 3963.00 ns, 3.8701 ns/op
OverheadActual   6: 1024 op, 3970.00 ns, 3.8770 ns/op
OverheadActual   7: 1024 op, 4117.00 ns, 4.0205 ns/op
OverheadActual   8: 1024 op, 20056.00 ns, 19.5859 ns/op
OverheadActual   9: 1024 op, 4073.00 ns, 3.9775 ns/op
OverheadActual  10: 1024 op, 4083.00 ns, 3.9873 ns/op
OverheadActual  11: 1024 op, 4200.00 ns, 4.1016 ns/op
OverheadActual  12: 1024 op, 4096.00 ns, 4.0000 ns/op
OverheadActual  13: 1024 op, 17180.00 ns, 16.7773 ns/op
OverheadActual  14: 1024 op, 4149.00 ns, 4.0518 ns/op
OverheadActual  15: 1024 op, 4076.00 ns, 3.9805 ns/op
OverheadActual  16: 1024 op, 4152.00 ns, 4.0547 ns/op
OverheadActual  17: 1024 op, 4105.00 ns, 4.0088 ns/op
OverheadActual  18: 1024 op, 4183.00 ns, 4.0850 ns/op
OverheadActual  19: 1024 op, 4170.00 ns, 4.0723 ns/op
OverheadActual  20: 1024 op, 4084.00 ns, 3.9883 ns/op

WorkloadWarmup   1: 1024 op, 589200589.00 ns, 575.3912 us/op
WorkloadWarmup   2: 1024 op, 590259178.00 ns, 576.4250 us/op
WorkloadWarmup   3: 1024 op, 583934523.00 ns, 570.2486 us/op

// BeforeActualRun
WorkloadActual   1: 1024 op, 590066159.00 ns, 576.2365 us/op
WorkloadActual   2: 1024 op, 588601930.00 ns, 574.8066 us/op
WorkloadActual   3: 1024 op, 587475329.00 ns, 573.7064 us/op

// AfterActualRun
WorkloadResult   1: 1024 op, 590062048.00 ns, 576.2325 us/op
WorkloadResult   2: 1024 op, 588597819.00 ns, 574.8026 us/op
WorkloadResult   3: 1024 op, 587471218.00 ns, 573.7024 us/op
// GC:  121 40 0 1016954880 1024
// Threading:  0 0 1024

// AfterAll
// Benchmark Process 940 has exited with code 0.

Mean = 574.912 us, StdErr = 0.732 us (0.13%), N = 3, StdDev = 1.269 us
Min = 573.702 us, Q1 = 574.252 us, Median = 574.803 us, Q3 = 575.518 us, Max = 576.232 us
IQR = 1.265 us, LowerFence = 572.355 us, UpperFence = 577.415 us
ConfidenceInterval = [551.768 us; 598.057 us] (CI 99.9%), Margin = 23.145 us (4.03% of Mean)
Skewness = 0.09, Kurtosis = 0.67, MValue = 2

// ** Remained 51 (57.3 %) benchmark(s) to run. Estimated finish 2026-10-08 2:10 (0h 5m from now) **
// **************************
// Benchmark: PlutusUseCasesBenchmarks.DecodeAndEval: ShortRun(IterationCount=3, LaunchCount=1, MinIterationCount=50, WarmupCount=3) [Script=future-settle-early-4]
// *** Execute ***
// Launch: 1 / 1
// Execute: dotnet PlutusBench-ShortRun-1.dll --anonymousPipes 113 114 --benchmarkName "PlutusUseCasesBenchmarks.DecodeAndEval(Script: \"future-settle-early-4\")" --job ShortRun --benchmarkId 38 in /bench/chrysalis/benchmarks/PlutusBench/bin/Release/net10.0/PlutusBench-ShortRun-1/bin/Release/net10.0
// BeforeAnythingElse

// Benchmark Process Environment Information:
// BenchmarkDotNet v0.15.8
// Runtime=.NET 10.0.12 (10.0.12, 10.0.1226.42308), X64 RyuJIT x86-64-v4
// GC=Concurrent Workstation
// HardwareIntrinsics=AVX512 BITALG+VBMI2+VNNI+VPOPCNTDQ,AVX512 IFMA+VBMI,AVX512 F+BW+CD+DQ+VL,AVX2+BMI1+BMI2+F16C+FMA+LZCNT+MOVBE,AVX,SSE3+SSSE3+SSE4.1+SSE4.2+POPCNT,X86Base+SSE+SSE2,AES+PCLMUL VectorSize=256
// Job: ShortRun(IterationCount=3, LaunchCount=1, MinIterationCount=50, WarmupCount=3)

OverheadJitting  1: 1 op, 159257.00 ns, 159.2570 us/op
WorkloadJitting  1: 1 op, 37730905.00 ns, 37.7309 ms/op

WorkloadPilot    1: 2 op, 5196419.00 ns, 2.5982 ms/op
WorkloadPilot    2: 3 op, 7316015.00 ns, 2.4387 ms/op
WorkloadPilot    3: 4 op, 8730512.00 ns, 2.1826 ms/op
WorkloadPilot    4: 5 op, 11642570.00 ns, 2.3285 ms/op
WorkloadPilot    5: 6 op, 13055145.00 ns, 2.1759 ms/op
WorkloadPilot    6: 7 op, 15202080.00 ns, 2.1717 ms/op
WorkloadPilot    7: 8 op, 17560592.00 ns, 2.1951 ms/op
WorkloadPilot    8: 9 op, 19309993.00 ns, 2.1456 ms/op
WorkloadPilot    9: 10 op, 21153681.00 ns, 2.1154 ms/op
WorkloadPilot   10: 11 op, 23178726.00 ns, 2.1072 ms/op
WorkloadPilot   11: 12 op, 25064186.00 ns, 2.0887 ms/op
WorkloadPilot   12: 13 op, 31124752.00 ns, 2.3942 ms/op
WorkloadPilot   13: 14 op, 20241642.00 ns, 1.4458 ms/op
WorkloadPilot   14: 15 op, 21086098.00 ns, 1.4057 ms/op
WorkloadPilot   15: 16 op, 20610540.00 ns, 1.2882 ms/op
WorkloadPilot   16: 32 op, 41009462.00 ns, 1.2815 ms/op
WorkloadPilot   17: 64 op, 80620004.00 ns, 1.2597 ms/op
WorkloadPilot   18: 128 op, 157455372.00 ns, 1.2301 ms/op
WorkloadPilot   19: 256 op, 215975378.00 ns, 843.6538 us/op
WorkloadPilot   20: 512 op, 410379046.00 ns, 801.5216 us/op
WorkloadPilot   21: 1024 op, 821354120.00 ns, 802.1036 us/op

WorkloadWarmup   1: 1024 op, 821908035.00 ns, 802.6446 us/op
WorkloadWarmup   2: 1024 op, 819578458.00 ns, 800.3696 us/op
WorkloadWarmup   3: 1024 op, 821313971.00 ns, 802.0644 us/op

// BeforeActualRun
WorkloadActual   1: 1024 op, 820719593.00 ns, 801.4840 us/op
WorkloadActual   2: 1024 op, 824932871.00 ns, 805.5985 us/op
WorkloadActual   3: 1024 op, 820721664.00 ns, 801.4860 us/op

// AfterActualRun
WorkloadResult   1: 1024 op, 820719593.00 ns, 801.4840 us/op
WorkloadResult   2: 1024 op, 824932871.00 ns, 805.5985 us/op
WorkloadResult   3: 1024 op, 820721664.00 ns, 801.4860 us/op
// GC:  142 68 0 1194229760 1024
// Threading:  0 0 1024

// AfterAll
// Benchmark Process 948 has exited with code 0.

Mean = 802.856 us, StdErr = 1.371 us (0.17%), N = 3, StdDev = 2.375 us
Min = 801.484 us, Q1 = 801.485 us, Median = 801.486 us, Q3 = 803.542 us, Max = 805.599 us
IQR = 2.057 us, LowerFence = 798.399 us, UpperFence = 806.628 us
ConfidenceInterval = [759.528 us; 846.184 us] (CI 99.9%), Margin = 43.328 us (5.40% of Mean)
Skewness = 0.38, Kurtosis = 0.67, MValue = 2

// ** Remained 50 (56.2 %) benchmark(s) to run. Estimated finish 2026-10-08 2:10 (0h 5m from now) **
// **************************
// Benchmark: PlutusUseCasesBenchmarks.DecodeAndEval: ShortRun(IterationCount=3, LaunchCount=1, MinIterationCount=50, WarmupCount=3) [Script=game-sm-success_1-1]
// *** Execute ***
// Launch: 1 / 1
// Execute: dotnet PlutusBench-ShortRun-1.dll --anonymousPipes 113 114 --benchmarkName "PlutusUseCasesBenchmarks.DecodeAndEval(Script: \"game-sm-success_1-1\")" --job ShortRun --benchmarkId 39 in /bench/chrysalis/benchmarks/PlutusBench/bin/Release/net10.0/PlutusBench-ShortRun-1/bin/Release/net10.0
// BeforeAnythingElse

// Benchmark Process Environment Information:
// BenchmarkDotNet v0.15.8
// Runtime=.NET 10.0.12 (10.0.12, 10.0.1226.42308), X64 RyuJIT x86-64-v4
// GC=Concurrent Workstation
// HardwareIntrinsics=AVX512 BITALG+VBMI2+VNNI+VPOPCNTDQ,AVX512 IFMA+VBMI,AVX512 F+BW+CD+DQ+VL,AVX2+BMI1+BMI2+F16C+FMA+LZCNT+MOVBE,AVX,SSE3+SSSE3+SSE4.1+SSE4.2+POPCNT,X86Base+SSE+SSE2,AES+PCLMUL VectorSize=256
// Job: ShortRun(IterationCount=3, LaunchCount=1, MinIterationCount=50, WarmupCount=3)

OverheadJitting  1: 1 op, 150684.00 ns, 150.6840 us/op
WorkloadJitting  1: 1 op, 17473816.00 ns, 17.4738 ms/op

OverheadJitting  2: 16 op, 351311.00 ns, 21.9569 us/op
WorkloadJitting  2: 16 op, 25829860.00 ns, 1.6144 ms/op

WorkloadPilot    1: 16 op, 23623727.00 ns, 1.4765 ms/op
WorkloadPilot    2: 32 op, 45462779.00 ns, 1.4207 ms/op
WorkloadPilot    3: 64 op, 86562811.00 ns, 1.3525 ms/op
WorkloadPilot    4: 128 op, 128129468.00 ns, 1.0010 ms/op
WorkloadPilot    5: 256 op, 148213945.00 ns, 578.9607 us/op
WorkloadPilot    6: 512 op, 261592523.00 ns, 510.9229 us/op
WorkloadPilot    7: 1024 op, 519618275.00 ns, 507.4397 us/op

OverheadWarmup   1: 1024 op, 4932.00 ns, 4.8164 ns/op
OverheadWarmup   2: 1024 op, 4108.00 ns, 4.0117 ns/op
OverheadWarmup   3: 1024 op, 3938.00 ns, 3.8457 ns/op
OverheadWarmup   4: 1024 op, 4280.00 ns, 4.1797 ns/op
OverheadWarmup   5: 1024 op, 4094.00 ns, 3.9980 ns/op
OverheadWarmup   6: 1024 op, 4160.00 ns, 4.0625 ns/op
OverheadWarmup   7: 1024 op, 4079.00 ns, 3.9834 ns/op

OverheadActual   1: 1024 op, 4096.00 ns, 4.0000 ns/op
OverheadActual   2: 1024 op, 3910.00 ns, 3.8184 ns/op
OverheadActual   3: 1024 op, 3970.00 ns, 3.8770 ns/op
OverheadActual   4: 1024 op, 4184.00 ns, 4.0859 ns/op
OverheadActual   5: 1024 op, 3934.00 ns, 3.8418 ns/op
OverheadActual   6: 1024 op, 3927.00 ns, 3.8350 ns/op
OverheadActual   7: 1024 op, 3954.00 ns, 3.8613 ns/op
OverheadActual   8: 1024 op, 4120.00 ns, 4.0234 ns/op
OverheadActual   9: 1024 op, 4156.00 ns, 4.0586 ns/op
OverheadActual  10: 1024 op, 4104.00 ns, 4.0078 ns/op
OverheadActual  11: 1024 op, 4204.00 ns, 4.1055 ns/op
OverheadActual  12: 1024 op, 17117.00 ns, 16.7158 ns/op
OverheadActual  13: 1024 op, 4174.00 ns, 4.0762 ns/op
OverheadActual  14: 1024 op, 4165.00 ns, 4.0674 ns/op
OverheadActual  15: 1024 op, 4157.00 ns, 4.0596 ns/op
OverheadActual  16: 1024 op, 4069.00 ns, 3.9736 ns/op
OverheadActual  17: 1024 op, 4194.00 ns, 4.0957 ns/op
OverheadActual  18: 1024 op, 4127.00 ns, 4.0303 ns/op
OverheadActual  19: 1024 op, 3925.00 ns, 3.8330 ns/op
OverheadActual  20: 1024 op, 4148.00 ns, 4.0508 ns/op

WorkloadWarmup   1: 1024 op, 522879833.00 ns, 510.6248 us/op
WorkloadWarmup   2: 1024 op, 525582383.00 ns, 513.2640 us/op
WorkloadWarmup   3: 1024 op, 520238263.00 ns, 508.0452 us/op

// BeforeActualRun
WorkloadActual   1: 1024 op, 518739992.00 ns, 506.5820 us/op
WorkloadActual   2: 1024 op, 561689005.00 ns, 548.5244 us/op
WorkloadActual   3: 1024 op, 663996236.00 ns, 648.4338 us/op

// AfterActualRun
WorkloadResult   1: 1024 op, 518735868.50 ns, 506.5780 us/op
WorkloadResult   2: 1024 op, 561684881.50 ns, 548.5204 us/op
WorkloadResult   3: 1024 op, 663992112.50 ns, 648.4298 us/op
// GC:  106 45 0 894124032 1024
// Threading:  0 0 1024

// AfterAll
// Benchmark Process 956 has exited with code 0.

Mean = 567.843 us, StdErr = 42.073 us (7.41%), N = 3, StdDev = 72.873 us
Min = 506.578 us, Q1 = 527.549 us, Median = 548.520 us, Q3 = 598.475 us, Max = 648.430 us
IQR = 70.926 us, LowerFence = 421.160 us, UpperFence = 704.864 us
ConfidenceInterval = [-761.635 us; 1,897.320 us] (CI 99.9%), Margin = 1,329.478 us (234.13% of Mean)
Skewness = 0.25, Kurtosis = 0.67, MValue = 2

// ** Remained 49 (55.1 %) benchmark(s) to run. Estimated finish 2026-10-08 2:10 (0h 5m from now) **
// **************************
// Benchmark: PlutusUseCasesBenchmarks.DecodeAndEval: ShortRun(IterationCount=3, LaunchCount=1, MinIterationCount=50, WarmupCount=3) [Script=game-sm-success_1-2]
// *** Execute ***
// Launch: 1 / 1
// Execute: dotnet PlutusBench-ShortRun-1.dll --anonymousPipes 113 114 --benchmarkName "PlutusUseCasesBenchmarks.DecodeAndEval(Script: \"game-sm-success_1-2\")" --job ShortRun --benchmarkId 40 in /bench/chrysalis/benchmarks/PlutusBench/bin/Release/net10.0/PlutusBench-ShortRun-1/bin/Release/net10.0
// BeforeAnythingElse

// Benchmark Process Environment Information:
// BenchmarkDotNet v0.15.8
// Runtime=.NET 10.0.12 (10.0.12, 10.0.1226.42308), X64 RyuJIT x86-64-v4
// GC=Concurrent Workstation
// HardwareIntrinsics=AVX512 BITALG+VBMI2+VNNI+VPOPCNTDQ,AVX512 IFMA+VBMI,AVX512 F+BW+CD+DQ+VL,AVX2+BMI1+BMI2+F16C+FMA+LZCNT+MOVBE,AVX,SSE3+SSSE3+SSE4.1+SSE4.2+POPCNT,X86Base+SSE+SSE2,AES+PCLMUL VectorSize=256
// Job: ShortRun(IterationCount=3, LaunchCount=1, MinIterationCount=50, WarmupCount=3)

OverheadJitting  1: 1 op, 188018.00 ns, 188.0180 us/op
WorkloadJitting  1: 1 op, 20180081.00 ns, 20.1801 ms/op

OverheadJitting  2: 16 op, 459468.00 ns, 28.7168 us/op
WorkloadJitting  2: 16 op, 17866883.00 ns, 1.1167 ms/op

WorkloadPilot    1: 16 op, 16058726.00 ns, 1.0037 ms/op
WorkloadPilot    2: 32 op, 30330651.00 ns, 947.8328 us/op
WorkloadPilot    3: 64 op, 59204248.00 ns, 925.0664 us/op
WorkloadPilot    4: 128 op, 103390731.00 ns, 807.7401 us/op
WorkloadPilot    5: 256 op, 77652721.00 ns, 303.3309 us/op
WorkloadPilot    6: 512 op, 138947518.00 ns, 271.3819 us/op
WorkloadPilot    7: 1024 op, 215243094.00 ns, 210.1983 us/op
WorkloadPilot    8: 2048 op, 427678028.00 ns, 208.8272 us/op
WorkloadPilot    9: 4096 op, 856074478.00 ns, 209.0026 us/op

OverheadWarmup   1: 4096 op, 15830.00 ns, 3.8647 ns/op
OverheadWarmup   2: 4096 op, 32761.00 ns, 7.9983 ns/op
OverheadWarmup   3: 4096 op, 15772.00 ns, 3.8506 ns/op
OverheadWarmup   4: 4096 op, 31035.00 ns, 7.5769 ns/op
OverheadWarmup   5: 4096 op, 15778.00 ns, 3.8521 ns/op

OverheadActual   1: 4096 op, 24578.00 ns, 6.0005 ns/op
OverheadActual   2: 4096 op, 14815.00 ns, 3.6169 ns/op
OverheadActual   3: 4096 op, 15278.00 ns, 3.7300 ns/op
OverheadActual   4: 4096 op, 15807.00 ns, 3.8591 ns/op
OverheadActual   5: 4096 op, 14932.00 ns, 3.6455 ns/op
OverheadActual   6: 4096 op, 15778.00 ns, 3.8521 ns/op
OverheadActual   7: 4096 op, 32367.00 ns, 7.9021 ns/op
OverheadActual   8: 4096 op, 15787.00 ns, 3.8542 ns/op
OverheadActual   9: 4096 op, 15779.00 ns, 3.8523 ns/op
OverheadActual  10: 4096 op, 15826.00 ns, 3.8638 ns/op
OverheadActual  11: 4096 op, 16202.00 ns, 3.9556 ns/op
OverheadActual  12: 4096 op, 15507.00 ns, 3.7859 ns/op
OverheadActual  13: 4096 op, 16116.00 ns, 3.9346 ns/op
OverheadActual  14: 4096 op, 15802.00 ns, 3.8579 ns/op
OverheadActual  15: 4096 op, 16121.00 ns, 3.9358 ns/op
OverheadActual  16: 4096 op, 15744.00 ns, 3.8438 ns/op
OverheadActual  17: 4096 op, 28428.00 ns, 6.9404 ns/op
OverheadActual  18: 4096 op, 15818.00 ns, 3.8618 ns/op
OverheadActual  19: 4096 op, 41902.00 ns, 10.2300 ns/op
OverheadActual  20: 4096 op, 28604.00 ns, 6.9834 ns/op

WorkloadWarmup   1: 4096 op, 858014301.00 ns, 209.4761 us/op
WorkloadWarmup   2: 4096 op, 858778704.00 ns, 209.6628 us/op
WorkloadWarmup   3: 4096 op, 854010875.00 ns, 208.4987 us/op

// BeforeActualRun
WorkloadActual   1: 4096 op, 856127902.00 ns, 209.0156 us/op
WorkloadActual   2: 4096 op, 858477354.00 ns, 209.5892 us/op
WorkloadActual   3: 4096 op, 861310899.00 ns, 210.2810 us/op

// AfterActualRun
WorkloadResult   1: 4096 op, 856112089.50 ns, 209.0117 us/op
WorkloadResult   2: 4096 op, 858461541.50 ns, 209.5853 us/op
WorkloadResult   3: 4096 op, 861295086.50 ns, 210.2771 us/op
// GC:  219 62 0 1837957120 4096
// Threading:  0 0 4096

// AfterAll
// Benchmark Process 964 has exited with code 0.

Mean = 209.625 us, StdErr = 0.366 us (0.17%), N = 3, StdDev = 0.634 us
Min = 209.012 us, Q1 = 209.299 us, Median = 209.585 us, Q3 = 209.931 us, Max = 210.277 us
IQR = 0.633 us, LowerFence = 208.350 us, UpperFence = 210.880 us
ConfidenceInterval = [198.065 us; 221.184 us] (CI 99.9%), Margin = 11.559 us (5.51% of Mean)
Skewness = 0.06, Kurtosis = 0.67, MValue = 2

// ** Remained 48 (53.9 %) benchmark(s) to run. Estimated finish 2026-10-08 2:10 (0h 5m from now) **
// **************************
// Benchmark: PlutusUseCasesBenchmarks.DecodeAndEval: ShortRun(IterationCount=3, LaunchCount=1, MinIterationCount=50, WarmupCount=3) [Script=game-sm-success_1-3]
// *** Execute ***
// Launch: 1 / 1
// Execute: dotnet PlutusBench-ShortRun-1.dll --anonymousPipes 113 114 --benchmarkName "PlutusUseCasesBenchmarks.DecodeAndEval(Script: \"game-sm-success_1-3\")" --job ShortRun --benchmarkId 41 in /bench/chrysalis/benchmarks/PlutusBench/bin/Release/net10.0/PlutusBench-ShortRun-1/bin/Release/net10.0
// BeforeAnythingElse

// Benchmark Process Environment Information:
// BenchmarkDotNet v0.15.8
// Runtime=.NET 10.0.12 (10.0.12, 10.0.1226.42308), X64 RyuJIT x86-64-v4
// GC=Concurrent Workstation
// HardwareIntrinsics=AVX512 BITALG+VBMI2+VNNI+VPOPCNTDQ,AVX512 IFMA+VBMI,AVX512 F+BW+CD+DQ+VL,AVX2+BMI1+BMI2+F16C+FMA+LZCNT+MOVBE,AVX,SSE3+SSSE3+SSE4.1+SSE4.2+POPCNT,X86Base+SSE+SSE2,AES+PCLMUL VectorSize=256
// Job: ShortRun(IterationCount=3, LaunchCount=1, MinIterationCount=50, WarmupCount=3)

OverheadJitting  1: 1 op, 155312.00 ns, 155.3120 us/op
WorkloadJitting  1: 1 op, 20514731.00 ns, 20.5147 ms/op

OverheadJitting  2: 16 op, 332091.00 ns, 20.7557 us/op
WorkloadJitting  2: 16 op, 38000086.00 ns, 2.3750 ms/op

WorkloadPilot    1: 16 op, 35654993.00 ns, 2.2284 ms/op
WorkloadPilot    2: 32 op, 67454991.00 ns, 2.1080 ms/op
WorkloadPilot    3: 64 op, 107800832.00 ns, 1.6844 ms/op
WorkloadPilot    4: 128 op, 114635365.00 ns, 895.5888 us/op
WorkloadPilot    5: 256 op, 196678900.00 ns, 768.2770 us/op
WorkloadPilot    6: 512 op, 378741934.00 ns, 739.7303 us/op
WorkloadPilot    7: 1024 op, 753915134.00 ns, 736.2452 us/op

OverheadWarmup   1: 1024 op, 5366.00 ns, 5.2402 ns/op
OverheadWarmup   2: 1024 op, 4160.00 ns, 4.0625 ns/op
OverheadWarmup   3: 1024 op, 3987.00 ns, 3.8936 ns/op
OverheadWarmup   4: 1024 op, 4636.00 ns, 4.5273 ns/op
OverheadWarmup   5: 1024 op, 4075.00 ns, 3.9795 ns/op
OverheadWarmup   6: 1024 op, 13217.00 ns, 12.9072 ns/op
OverheadWarmup   7: 1024 op, 4091.00 ns, 3.9951 ns/op

OverheadActual   1: 1024 op, 4011.00 ns, 3.9170 ns/op
OverheadActual   2: 1024 op, 3915.00 ns, 3.8232 ns/op
OverheadActual   3: 1024 op, 4001.00 ns, 3.9072 ns/op
OverheadActual   4: 1024 op, 3856.00 ns, 3.7656 ns/op
OverheadActual   5: 1024 op, 3982.00 ns, 3.8887 ns/op
OverheadActual   6: 1024 op, 4171.00 ns, 4.0732 ns/op
OverheadActual   7: 1024 op, 19755.00 ns, 19.2920 ns/op
OverheadActual   8: 1024 op, 3969.00 ns, 3.8760 ns/op
OverheadActual   9: 1024 op, 17320.00 ns, 16.9141 ns/op
OverheadActual  10: 1024 op, 4006.00 ns, 3.9121 ns/op
OverheadActual  11: 1024 op, 4066.00 ns, 3.9707 ns/op
OverheadActual  12: 1024 op, 4160.00 ns, 4.0625 ns/op
OverheadActual  13: 1024 op, 3980.00 ns, 3.8867 ns/op
OverheadActual  14: 1024 op, 4102.00 ns, 4.0059 ns/op
OverheadActual  15: 1024 op, 4022.00 ns, 3.9277 ns/op
OverheadActual  16: 1024 op, 4016.00 ns, 3.9219 ns/op
OverheadActual  17: 1024 op, 4005.00 ns, 3.9111 ns/op
OverheadActual  18: 1024 op, 4185.00 ns, 4.0869 ns/op
OverheadActual  19: 1024 op, 4102.00 ns, 4.0059 ns/op
OverheadActual  20: 1024 op, 4104.00 ns, 4.0078 ns/op

WorkloadWarmup   1: 1024 op, 755556621.00 ns, 737.8483 us/op
WorkloadWarmup   2: 1024 op, 757125466.00 ns, 739.3803 us/op
WorkloadWarmup   3: 1024 op, 751129732.00 ns, 733.5251 us/op

// BeforeActualRun
WorkloadActual   1: 1024 op, 752320287.00 ns, 734.6878 us/op
WorkloadActual   2: 1024 op, 755926051.00 ns, 738.2090 us/op
WorkloadActual   3: 1024 op, 753634471.00 ns, 735.9712 us/op

// AfterActualRun
WorkloadResult   1: 1024 op, 752316268.00 ns, 734.6839 us/op
WorkloadResult   2: 1024 op, 755922032.00 ns, 738.2051 us/op
WorkloadResult   3: 1024 op, 753630452.00 ns, 735.9672 us/op
// GC:  146 65 0 1229365248 1024
// Threading:  0 0 1024

// AfterAll
// Benchmark Process 975 has exited with code 0.

Mean = 736.285 us, StdErr = 1.029 us (0.14%), N = 3, StdDev = 1.782 us
Min = 734.684 us, Q1 = 735.326 us, Median = 735.967 us, Q3 = 737.086 us, Max = 738.205 us
IQR = 1.761 us, LowerFence = 732.685 us, UpperFence = 739.727 us
ConfidenceInterval = [703.774 us; 768.797 us] (CI 99.9%), Margin = 32.511 us (4.42% of Mean)
Skewness = 0.17, Kurtosis = 0.67, MValue = 2

// ** Remained 47 (52.8 %) benchmark(s) to run. Estimated finish 2026-10-08 2:10 (0h 5m from now) **
// **************************
// Benchmark: PlutusUseCasesBenchmarks.DecodeAndEval: ShortRun(IterationCount=3, LaunchCount=1, MinIterationCount=50, WarmupCount=3) [Script=game-sm-success_1-4]
// *** Execute ***
// Launch: 1 / 1
// Execute: dotnet PlutusBench-ShortRun-1.dll --anonymousPipes 113 114 --benchmarkName "PlutusUseCasesBenchmarks.DecodeAndEval(Script: \"game-sm-success_1-4\")" --job ShortRun --benchmarkId 42 in /bench/chrysalis/benchmarks/PlutusBench/bin/Release/net10.0/PlutusBench-ShortRun-1/bin/Release/net10.0
// BeforeAnythingElse

// Benchmark Process Environment Information:
// BenchmarkDotNet v0.15.8
// Runtime=.NET 10.0.12 (10.0.12, 10.0.1226.42308), X64 RyuJIT x86-64-v4
// GC=Concurrent Workstation
// HardwareIntrinsics=AVX512 BITALG+VBMI2+VNNI+VPOPCNTDQ,AVX512 IFMA+VBMI,AVX512 F+BW+CD+DQ+VL,AVX2+BMI1+BMI2+F16C+FMA+LZCNT+MOVBE,AVX,SSE3+SSSE3+SSE4.1+SSE4.2+POPCNT,X86Base+SSE+SSE2,AES+PCLMUL VectorSize=256
// Job: ShortRun(IterationCount=3, LaunchCount=1, MinIterationCount=50, WarmupCount=3)

OverheadJitting  1: 1 op, 164077.00 ns, 164.0770 us/op
WorkloadJitting  1: 1 op, 15779657.00 ns, 15.7797 ms/op

OverheadJitting  2: 16 op, 335583.00 ns, 20.9739 us/op
WorkloadJitting  2: 16 op, 14365576.00 ns, 897.8485 us/op

WorkloadPilot    1: 16 op, 12531504.00 ns, 783.2190 us/op
WorkloadPilot    2: 32 op, 23466759.00 ns, 733.3362 us/op
WorkloadPilot    3: 64 op, 48892846.00 ns, 763.9507 us/op
WorkloadPilot    4: 128 op, 88223149.00 ns, 689.2434 us/op
WorkloadPilot    5: 256 op, 98168269.00 ns, 383.4698 us/op
WorkloadPilot    6: 512 op, 125635625.00 ns, 245.3821 us/op
WorkloadPilot    7: 1024 op, 249033900.00 ns, 243.1972 us/op
WorkloadPilot    8: 2048 op, 482792448.00 ns, 235.7385 us/op
WorkloadPilot    9: 4096 op, 965218000.00 ns, 235.6489 us/op

OverheadWarmup   1: 4096 op, 15632.00 ns, 3.8164 ns/op
OverheadWarmup   2: 4096 op, 36521.00 ns, 8.9163 ns/op
OverheadWarmup   3: 4096 op, 22648.00 ns, 5.5293 ns/op
OverheadWarmup   4: 4096 op, 21213.00 ns, 5.1790 ns/op
OverheadWarmup   5: 4096 op, 15882.00 ns, 3.8774 ns/op
OverheadWarmup   6: 4096 op, 15457.00 ns, 3.7737 ns/op
OverheadWarmup   7: 4096 op, 15142.00 ns, 3.6968 ns/op
OverheadWarmup   8: 4096 op, 15112.00 ns, 3.6895 ns/op
OverheadWarmup   9: 4096 op, 16268.00 ns, 3.9717 ns/op
OverheadWarmup  10: 4096 op, 15408.00 ns, 3.7617 ns/op

OverheadActual   1: 4096 op, 15310.00 ns, 3.7378 ns/op
OverheadActual   2: 4096 op, 15246.00 ns, 3.7222 ns/op
OverheadActual   3: 4096 op, 15275.00 ns, 3.7292 ns/op
OverheadActual   4: 4096 op, 15137.00 ns, 3.6956 ns/op
OverheadActual   5: 4096 op, 15188.00 ns, 3.7080 ns/op
OverheadActual   6: 4096 op, 15801.00 ns, 3.8577 ns/op
OverheadActual   7: 4096 op, 16140.00 ns, 3.9404 ns/op
OverheadActual   8: 4096 op, 15816.00 ns, 3.8613 ns/op
OverheadActual   9: 4096 op, 15800.00 ns, 3.8574 ns/op
OverheadActual  10: 4096 op, 15752.00 ns, 3.8457 ns/op
OverheadActual  11: 4096 op, 28621.00 ns, 6.9875 ns/op
OverheadActual  12: 4096 op, 15797.00 ns, 3.8567 ns/op
OverheadActual  13: 4096 op, 15812.00 ns, 3.8604 ns/op
OverheadActual  14: 4096 op, 15814.00 ns, 3.8608 ns/op
OverheadActual  15: 4096 op, 15746.00 ns, 3.8442 ns/op
OverheadActual  16: 4096 op, 28314.00 ns, 6.9126 ns/op
OverheadActual  17: 4096 op, 15766.00 ns, 3.8491 ns/op
OverheadActual  18: 4096 op, 15193.00 ns, 3.7092 ns/op
OverheadActual  19: 4096 op, 15802.00 ns, 3.8579 ns/op
OverheadActual  20: 4096 op, 15833.00 ns, 3.8655 ns/op

WorkloadWarmup   1: 4096 op, 964309856.00 ns, 235.4272 us/op
WorkloadWarmup   2: 4096 op, 968341269.00 ns, 236.4114 us/op
WorkloadWarmup   3: 4096 op, 962094919.00 ns, 234.8865 us/op

// BeforeActualRun
WorkloadActual   1: 4096 op, 961946642.00 ns, 234.8503 us/op
WorkloadActual   2: 4096 op, 967441601.00 ns, 236.1918 us/op
WorkloadActual   3: 4096 op, 969291114.00 ns, 236.6433 us/op

// AfterActualRun
WorkloadResult   1: 4096 op, 961930843.50 ns, 234.8464 us/op
WorkloadResult   2: 4096 op, 967425802.50 ns, 236.1879 us/op
WorkloadResult   3: 4096 op, 969275315.50 ns, 236.6395 us/op
// GC:  244 69 0 2049310720 4096
// Threading:  0 0 4096

// AfterAll
// Benchmark Process 982 has exited with code 0.

Mean = 235.891 us, StdErr = 0.538 us (0.23%), N = 3, StdDev = 0.933 us
Min = 234.846 us, Q1 = 235.517 us, Median = 236.188 us, Q3 = 236.414 us, Max = 236.639 us
IQR = 0.897 us, LowerFence = 234.172 us, UpperFence = 237.759 us
ConfidenceInterval = [218.877 us; 252.906 us] (CI 99.9%), Margin = 17.015 us (7.21% of Mean)
Skewness = -0.29, Kurtosis = 0.67, MValue = 2

// ** Remained 46 (51.7 %) benchmark(s) to run. Estimated finish 2026-10-08 2:10 (0h 5m from now) **
// **************************
// Benchmark: PlutusUseCasesBenchmarks.DecodeAndEval: ShortRun(IterationCount=3, LaunchCount=1, MinIterationCount=50, WarmupCount=3) [Script=game-sm-success_2-1]
// *** Execute ***
// Launch: 1 / 1
// Execute: dotnet PlutusBench-ShortRun-1.dll --anonymousPipes 113 114 --benchmarkName "PlutusUseCasesBenchmarks.DecodeAndEval(Script: \"game-sm-success_2-1\")" --job ShortRun --benchmarkId 43 in /bench/chrysalis/benchmarks/PlutusBench/bin/Release/net10.0/PlutusBench-ShortRun-1/bin/Release/net10.0
// BeforeAnythingElse

// Benchmark Process Environment Information:
// BenchmarkDotNet v0.15.8
// Runtime=.NET 10.0.12 (10.0.12, 10.0.1226.42308), X64 RyuJIT x86-64-v4
// GC=Concurrent Workstation
// HardwareIntrinsics=AVX512 BITALG+VBMI2+VNNI+VPOPCNTDQ,AVX512 IFMA+VBMI,AVX512 F+BW+CD+DQ+VL,AVX2+BMI1+BMI2+F16C+FMA+LZCNT+MOVBE,AVX,SSE3+SSSE3+SSE4.1+SSE4.2+POPCNT,X86Base+SSE+SSE2,AES+PCLMUL VectorSize=256
// Job: ShortRun(IterationCount=3, LaunchCount=1, MinIterationCount=50, WarmupCount=3)

OverheadJitting  1: 1 op, 149418.00 ns, 149.4180 us/op
WorkloadJitting  1: 1 op, 17661754.00 ns, 17.6618 ms/op

OverheadJitting  2: 16 op, 328109.00 ns, 20.5068 us/op
WorkloadJitting  2: 16 op, 25134259.00 ns, 1.5709 ms/op

WorkloadPilot    1: 16 op, 23264531.00 ns, 1.4540 ms/op
WorkloadPilot    2: 32 op, 44997176.00 ns, 1.4062 ms/op
WorkloadPilot    3: 64 op, 86242879.00 ns, 1.3475 ms/op
WorkloadPilot    4: 128 op, 189471572.00 ns, 1.4802 ms/op
WorkloadPilot    5: 256 op, 184930462.00 ns, 722.3846 us/op
WorkloadPilot    6: 512 op, 256842872.00 ns, 501.6462 us/op
WorkloadPilot    7: 1024 op, 514206875.00 ns, 502.1552 us/op

OverheadWarmup   1: 1024 op, 5975.00 ns, 5.8350 ns/op
OverheadWarmup   2: 1024 op, 13771.00 ns, 13.4482 ns/op
OverheadWarmup   3: 1024 op, 4882.00 ns, 4.7676 ns/op
OverheadWarmup   4: 1024 op, 4504.00 ns, 4.3984 ns/op
OverheadWarmup   5: 1024 op, 4174.00 ns, 4.0762 ns/op
OverheadWarmup   6: 1024 op, 3899.00 ns, 3.8076 ns/op
OverheadWarmup   7: 1024 op, 5322.00 ns, 5.1973 ns/op
OverheadWarmup   8: 1024 op, 4872.00 ns, 4.7578 ns/op

OverheadActual   1: 1024 op, 4907.00 ns, 4.7920 ns/op
OverheadActual   2: 1024 op, 4759.00 ns, 4.6475 ns/op
OverheadActual   3: 1024 op, 4727.00 ns, 4.6162 ns/op
OverheadActual   4: 1024 op, 4605.00 ns, 4.4971 ns/op
OverheadActual   5: 1024 op, 4708.00 ns, 4.5977 ns/op
OverheadActual   6: 1024 op, 4512.00 ns, 4.4063 ns/op
OverheadActual   7: 1024 op, 4755.00 ns, 4.6436 ns/op
OverheadActual   8: 1024 op, 4811.00 ns, 4.6982 ns/op
OverheadActual   9: 1024 op, 4642.00 ns, 4.5332 ns/op
OverheadActual  10: 1024 op, 4394.00 ns, 4.2910 ns/op
OverheadActual  11: 1024 op, 19307.00 ns, 18.8545 ns/op
OverheadActual  12: 1024 op, 4777.00 ns, 4.6650 ns/op
OverheadActual  13: 1024 op, 4497.00 ns, 4.3916 ns/op
OverheadActual  14: 1024 op, 4755.00 ns, 4.6436 ns/op
OverheadActual  15: 1024 op, 18021.00 ns, 17.5986 ns/op
OverheadActual  16: 1024 op, 4942.00 ns, 4.8262 ns/op
OverheadActual  17: 1024 op, 4736.00 ns, 4.6250 ns/op
OverheadActual  18: 1024 op, 4905.00 ns, 4.7900 ns/op
OverheadActual  19: 1024 op, 4984.00 ns, 4.8672 ns/op
OverheadActual  20: 1024 op, 4718.00 ns, 4.6074 ns/op

WorkloadWarmup   1: 1024 op, 519954799.00 ns, 507.7684 us/op
WorkloadWarmup   2: 1024 op, 516389349.00 ns, 504.2865 us/op
WorkloadWarmup   3: 1024 op, 511865507.00 ns, 499.8687 us/op

// BeforeActualRun
WorkloadActual   1: 1024 op, 515544589.00 ns, 503.4615 us/op
WorkloadActual   2: 1024 op, 513382403.00 ns, 501.3500 us/op
WorkloadActual   3: 1024 op, 517061539.00 ns, 504.9429 us/op

// AfterActualRun
WorkloadResult   1: 1024 op, 515539834.00 ns, 503.4569 us/op
WorkloadResult   2: 1024 op, 513377648.00 ns, 501.3454 us/op
WorkloadResult   3: 1024 op, 517056784.00 ns, 504.9383 us/op
// GC:  106 45 0 894124032 1024
// Threading:  0 0 1024

// AfterAll
// Benchmark Process 990 has exited with code 0.

Mean = 503.247 us, StdErr = 1.042 us (0.21%), N = 3, StdDev = 1.806 us
Min = 501.345 us, Q1 = 502.401 us, Median = 503.457 us, Q3 = 504.198 us, Max = 504.938 us
IQR = 1.796 us, LowerFence = 499.706 us, UpperFence = 506.892 us
ConfidenceInterval = [470.305 us; 536.188 us] (CI 99.9%), Margin = 32.942 us (6.55% of Mean)
Skewness = -0.11, Kurtosis = 0.67, MValue = 2

// ** Remained 45 (50.6 %) benchmark(s) to run. Estimated finish 2026-10-08 2:10 (0h 5m from now) **
// **************************
// Benchmark: PlutusUseCasesBenchmarks.DecodeAndEval: ShortRun(IterationCount=3, LaunchCount=1, MinIterationCount=50, WarmupCount=3) [Script=game-sm-success_2-2]
// *** Execute ***
// Launch: 1 / 1
// Execute: dotnet PlutusBench-ShortRun-1.dll --anonymousPipes 113 114 --benchmarkName "PlutusUseCasesBenchmarks.DecodeAndEval(Script: \"game-sm-success_2-2\")" --job ShortRun --benchmarkId 44 in /bench/chrysalis/benchmarks/PlutusBench/bin/Release/net10.0/PlutusBench-ShortRun-1/bin/Release/net10.0
// BeforeAnythingElse

// Benchmark Process Environment Information:
// BenchmarkDotNet v0.15.8
// Runtime=.NET 10.0.12 (10.0.12, 10.0.1226.42308), X64 RyuJIT x86-64-v4
// GC=Concurrent Workstation
// HardwareIntrinsics=AVX512 BITALG+VBMI2+VNNI+VPOPCNTDQ,AVX512 IFMA+VBMI,AVX512 F+BW+CD+DQ+VL,AVX2+BMI1+BMI2+F16C+FMA+LZCNT+MOVBE,AVX,SSE3+SSSE3+SSE4.1+SSE4.2+POPCNT,X86Base+SSE+SSE2,AES+PCLMUL VectorSize=256
// Job: ShortRun(IterationCount=3, LaunchCount=1, MinIterationCount=50, WarmupCount=3)

OverheadJitting  1: 1 op, 151467.00 ns, 151.4670 us/op
WorkloadJitting  1: 1 op, 15344877.00 ns, 15.3449 ms/op

OverheadJitting  2: 16 op, 321890.00 ns, 20.1181 us/op
WorkloadJitting  2: 16 op, 12691874.00 ns, 793.2421 us/op

WorkloadPilot    1: 16 op, 11311790.00 ns, 706.9869 us/op
WorkloadPilot    2: 32 op, 20936487.00 ns, 654.2652 us/op
WorkloadPilot    3: 64 op, 40726378.00 ns, 636.3497 us/op
WorkloadPilot    4: 128 op, 77967115.00 ns, 609.1181 us/op
WorkloadPilot    5: 256 op, 107113125.00 ns, 418.4106 us/op
WorkloadPilot    6: 512 op, 118169253.00 ns, 230.7993 us/op
WorkloadPilot    7: 1024 op, 226447194.00 ns, 221.1398 us/op
WorkloadPilot    8: 2048 op, 437991952.00 ns, 213.8633 us/op
WorkloadPilot    9: 4096 op, 876519014.00 ns, 213.9939 us/op

OverheadWarmup   1: 4096 op, 15558.00 ns, 3.7983 ns/op
OverheadWarmup   2: 4096 op, 15804.00 ns, 3.8584 ns/op
OverheadWarmup   3: 4096 op, 47131.00 ns, 11.5066 ns/op
OverheadWarmup   4: 4096 op, 15048.00 ns, 3.6738 ns/op
OverheadWarmup   5: 4096 op, 31010.00 ns, 7.5708 ns/op
OverheadWarmup   6: 4096 op, 15739.00 ns, 3.8425 ns/op

OverheadActual   1: 4096 op, 15358.00 ns, 3.7495 ns/op
OverheadActual   2: 4096 op, 14912.00 ns, 3.6406 ns/op
OverheadActual   3: 4096 op, 14998.00 ns, 3.6616 ns/op
OverheadActual   4: 4096 op, 37901.00 ns, 9.2532 ns/op
OverheadActual   5: 4096 op, 15241.00 ns, 3.7209 ns/op
OverheadActual   6: 4096 op, 49030.00 ns, 11.9702 ns/op
OverheadActual   7: 4096 op, 16089.00 ns, 3.9280 ns/op
OverheadActual   8: 4096 op, 28873.00 ns, 7.0491 ns/op
OverheadActual   9: 4096 op, 15793.00 ns, 3.8557 ns/op
OverheadActual  10: 4096 op, 15830.00 ns, 3.8647 ns/op
OverheadActual  11: 4096 op, 29448.00 ns, 7.1895 ns/op
OverheadActual  12: 4096 op, 15834.00 ns, 3.8657 ns/op
OverheadActual  13: 4096 op, 16732.00 ns, 4.0850 ns/op
OverheadActual  14: 4096 op, 15805.00 ns, 3.8586 ns/op
OverheadActual  15: 4096 op, 16102.00 ns, 3.9312 ns/op
OverheadActual  16: 4096 op, 16057.00 ns, 3.9202 ns/op
OverheadActual  17: 4096 op, 28674.00 ns, 7.0005 ns/op
OverheadActual  18: 4096 op, 15863.00 ns, 3.8728 ns/op
OverheadActual  19: 4096 op, 31972.00 ns, 7.8057 ns/op
OverheadActual  20: 4096 op, 16101.00 ns, 3.9309 ns/op

WorkloadWarmup   1: 4096 op, 883861949.00 ns, 215.7866 us/op
WorkloadWarmup   2: 4096 op, 877841266.00 ns, 214.3167 us/op
WorkloadWarmup   3: 4096 op, 939704049.00 ns, 229.4199 us/op

// BeforeActualRun
WorkloadActual   1: 4096 op, 1118000070.00 ns, 272.9492 us/op
WorkloadActual   2: 4096 op, 1029590579.00 ns, 251.3649 us/op
WorkloadActual   3: 4096 op, 882161847.00 ns, 215.3715 us/op

// AfterActualRun
WorkloadResult   1: 4096 op, 1117983997.00 ns, 272.9453 us/op
WorkloadResult   2: 4096 op, 1029574506.00 ns, 251.3610 us/op
WorkloadResult   3: 4096 op, 882145774.00 ns, 215.3676 us/op
// GC:  219 62 0 1837957120 4096
// Threading:  0 0 4096

// AfterAll
// Benchmark Process 997 has exited with code 0.

Mean = 246.558 us, StdErr = 16.794 us (6.81%), N = 3, StdDev = 29.088 us
Min = 215.368 us, Q1 = 233.364 us, Median = 251.361 us, Q3 = 262.153 us, Max = 272.945 us
IQR = 28.789 us, LowerFence = 190.181 us, UpperFence = 305.336 us
ConfidenceInterval = [-284.112 us; 777.227 us] (CI 99.9%), Margin = 530.669 us (215.23% of Mean)
Skewness = -0.16, Kurtosis = 0.67, MValue = 2

// ** Remained 44 (49.4 %) benchmark(s) to run. Estimated finish 2026-10-08 2:10 (0h 5m from now) **
// **************************
// Benchmark: PlutusUseCasesBenchmarks.DecodeAndEval: ShortRun(IterationCount=3, LaunchCount=1, MinIterationCount=50, WarmupCount=3) [Script=game-sm-success_2-3]
// *** Execute ***
// Launch: 1 / 1
// Execute: dotnet PlutusBench-ShortRun-1.dll --anonymousPipes 113 114 --benchmarkName "PlutusUseCasesBenchmarks.DecodeAndEval(Script: \"game-sm-success_2-3\")" --job ShortRun --benchmarkId 45 in /bench/chrysalis/benchmarks/PlutusBench/bin/Release/net10.0/PlutusBench-ShortRun-1/bin/Release/net10.0
// BeforeAnythingElse

// Benchmark Process Environment Information:
// BenchmarkDotNet v0.15.8
// Runtime=.NET 10.0.12 (10.0.12, 10.0.1226.42308), X64 RyuJIT x86-64-v4
// GC=Concurrent Workstation
// HardwareIntrinsics=AVX512 BITALG+VBMI2+VNNI+VPOPCNTDQ,AVX512 IFMA+VBMI,AVX512 F+BW+CD+DQ+VL,AVX2+BMI1+BMI2+F16C+FMA+LZCNT+MOVBE,AVX,SSE3+SSSE3+SSE4.1+SSE4.2+POPCNT,X86Base+SSE+SSE2,AES+PCLMUL VectorSize=256
// Job: ShortRun(IterationCount=3, LaunchCount=1, MinIterationCount=50, WarmupCount=3)

OverheadJitting  1: 1 op, 154176.00 ns, 154.1760 us/op
WorkloadJitting  1: 1 op, 20453444.00 ns, 20.4534 ms/op

OverheadJitting  2: 16 op, 346321.00 ns, 21.6451 us/op
WorkloadJitting  2: 16 op, 38711798.00 ns, 2.4195 ms/op

WorkloadPilot    1: 16 op, 37581508.00 ns, 2.3488 ms/op
WorkloadPilot    2: 32 op, 69863235.00 ns, 2.1832 ms/op
WorkloadPilot    3: 64 op, 155662188.00 ns, 2.4322 ms/op
WorkloadPilot    4: 128 op, 155901705.00 ns, 1.2180 ms/op
WorkloadPilot    5: 256 op, 193945808.00 ns, 757.6008 us/op
WorkloadPilot    6: 512 op, 377765220.00 ns, 737.8227 us/op
WorkloadPilot    7: 1024 op, 758911964.00 ns, 741.1250 us/op

OverheadWarmup   1: 1024 op, 4752.00 ns, 4.6406 ns/op
OverheadWarmup   2: 1024 op, 4100.00 ns, 4.0039 ns/op
OverheadWarmup   3: 1024 op, 4064.00 ns, 3.9688 ns/op
OverheadWarmup   4: 1024 op, 13017.00 ns, 12.7119 ns/op
OverheadWarmup   5: 1024 op, 3947.00 ns, 3.8545 ns/op
OverheadWarmup   6: 1024 op, 3993.00 ns, 3.8994 ns/op
OverheadWarmup   7: 1024 op, 4172.00 ns, 4.0742 ns/op
OverheadWarmup   8: 1024 op, 4155.00 ns, 4.0576 ns/op

OverheadActual   1: 1024 op, 4097.00 ns, 4.0010 ns/op
OverheadActual   2: 1024 op, 4022.00 ns, 3.9277 ns/op
OverheadActual   3: 1024 op, 4109.00 ns, 4.0127 ns/op
OverheadActual   4: 1024 op, 4115.00 ns, 4.0186 ns/op
OverheadActual   5: 1024 op, 4110.00 ns, 4.0137 ns/op
OverheadActual   6: 1024 op, 4201.00 ns, 4.1025 ns/op
OverheadActual   7: 1024 op, 4165.00 ns, 4.0674 ns/op
OverheadActual   8: 1024 op, 4228.00 ns, 4.1289 ns/op
OverheadActual   9: 1024 op, 4190.00 ns, 4.0918 ns/op
OverheadActual  10: 1024 op, 4221.00 ns, 4.1221 ns/op
OverheadActual  11: 1024 op, 4230.00 ns, 4.1309 ns/op
OverheadActual  12: 1024 op, 4227.00 ns, 4.1279 ns/op
OverheadActual  13: 1024 op, 4228.00 ns, 4.1289 ns/op
OverheadActual  14: 1024 op, 4257.00 ns, 4.1572 ns/op
OverheadActual  15: 1024 op, 4215.00 ns, 4.1162 ns/op
OverheadActual  16: 1024 op, 4236.00 ns, 4.1367 ns/op
OverheadActual  17: 1024 op, 4120.00 ns, 4.0234 ns/op
OverheadActual  18: 1024 op, 4315.00 ns, 4.2139 ns/op
OverheadActual  19: 1024 op, 4240.00 ns, 4.1406 ns/op
OverheadActual  20: 1024 op, 4274.00 ns, 4.1738 ns/op

WorkloadWarmup   1: 1024 op, 765147393.00 ns, 747.2143 us/op
WorkloadWarmup   2: 1024 op, 761710013.00 ns, 743.8574 us/op
WorkloadWarmup   3: 1024 op, 754189984.00 ns, 736.5137 us/op

// BeforeActualRun
WorkloadActual   1: 1024 op, 755942334.00 ns, 738.2249 us/op
WorkloadActual   2: 1024 op, 757945841.00 ns, 740.1815 us/op
WorkloadActual   3: 1024 op, 759373942.00 ns, 741.5761 us/op

// AfterActualRun
WorkloadResult   1: 1024 op, 755938116.00 ns, 738.2208 us/op
WorkloadResult   2: 1024 op, 757941623.00 ns, 740.1774 us/op
WorkloadResult   3: 1024 op, 759369724.00 ns, 741.5720 us/op
// GC:  146 65 0 1229365248 1024
// Threading:  0 0 1024

// AfterAll
// Benchmark Process 1008 has exited with code 0.

Mean = 739.990 us, StdErr = 0.972 us (0.13%), N = 3, StdDev = 1.683 us
Min = 738.221 us, Q1 = 739.199 us, Median = 740.177 us, Q3 = 740.875 us, Max = 741.572 us
IQR = 1.676 us, LowerFence = 736.686 us, UpperFence = 743.388 us
ConfidenceInterval = [709.278 us; 770.702 us] (CI 99.9%), Margin = 30.712 us (4.15% of Mean)
Skewness = -0.11, Kurtosis = 0.67, MValue = 2

// ** Remained 43 (48.3 %) benchmark(s) to run. Estimated finish 2026-10-08 2:10 (0h 5m from now) **
// **************************
// Benchmark: PlutusUseCasesBenchmarks.DecodeAndEval: ShortRun(IterationCount=3, LaunchCount=1, MinIterationCount=50, WarmupCount=3) [Script=game-sm-success_2-4]
// *** Execute ***
// Launch: 1 / 1
// Execute: dotnet PlutusBench-ShortRun-1.dll --anonymousPipes 113 114 --benchmarkName "PlutusUseCasesBenchmarks.DecodeAndEval(Script: \"game-sm-success_2-4\")" --job ShortRun --benchmarkId 46 in /bench/chrysalis/benchmarks/PlutusBench/bin/Release/net10.0/PlutusBench-ShortRun-1/bin/Release/net10.0
// BeforeAnythingElse

// Benchmark Process Environment Information:
// BenchmarkDotNet v0.15.8
// Runtime=.NET 10.0.12 (10.0.12, 10.0.1226.42308), X64 RyuJIT x86-64-v4
// GC=Concurrent Workstation
// HardwareIntrinsics=AVX512 BITALG+VBMI2+VNNI+VPOPCNTDQ,AVX512 IFMA+VBMI,AVX512 F+BW+CD+DQ+VL,AVX2+BMI1+BMI2+F16C+FMA+LZCNT+MOVBE,AVX,SSE3+SSSE3+SSE4.1+SSE4.2+POPCNT,X86Base+SSE+SSE2,AES+PCLMUL VectorSize=256
// Job: ShortRun(IterationCount=3, LaunchCount=1, MinIterationCount=50, WarmupCount=3)

OverheadJitting  1: 1 op, 171390.00 ns, 171.3900 us/op
WorkloadJitting  1: 1 op, 15645940.00 ns, 15.6459 ms/op

OverheadJitting  2: 16 op, 325327.00 ns, 20.3329 us/op
WorkloadJitting  2: 16 op, 14070195.00 ns, 879.3872 us/op

WorkloadPilot    1: 16 op, 12346723.00 ns, 771.6702 us/op
WorkloadPilot    2: 32 op, 23021239.00 ns, 719.4137 us/op
WorkloadPilot    3: 64 op, 47771777.00 ns, 746.4340 us/op
WorkloadPilot    4: 128 op, 87710859.00 ns, 685.2411 us/op
WorkloadPilot    5: 256 op, 100033905.00 ns, 390.7574 us/op
WorkloadPilot    6: 512 op, 130623885.00 ns, 255.1248 us/op
WorkloadPilot    7: 1024 op, 249199085.00 ns, 243.3585 us/op
WorkloadPilot    8: 2048 op, 484840678.00 ns, 236.7386 us/op
WorkloadPilot    9: 4096 op, 977671828.00 ns, 238.6894 us/op

OverheadWarmup   1: 4096 op, 30969.00 ns, 7.5608 ns/op
OverheadWarmup   2: 4096 op, 15792.00 ns, 3.8555 ns/op
OverheadWarmup   3: 4096 op, 15105.00 ns, 3.6877 ns/op
OverheadWarmup   4: 4096 op, 31870.00 ns, 7.7808 ns/op
OverheadWarmup   5: 4096 op, 35196.00 ns, 8.5928 ns/op
OverheadWarmup   6: 4096 op, 16007.00 ns, 3.9080 ns/op
OverheadWarmup   7: 4096 op, 16365.00 ns, 3.9954 ns/op
OverheadWarmup   8: 4096 op, 15782.00 ns, 3.8530 ns/op

OverheadActual   1: 4096 op, 15364.00 ns, 3.7510 ns/op
OverheadActual   2: 4096 op, 15327.00 ns, 3.7419 ns/op
OverheadActual   3: 4096 op, 14997.00 ns, 3.6614 ns/op
OverheadActual   4: 4096 op, 16934.00 ns, 4.1343 ns/op
OverheadActual   5: 4096 op, 14929.00 ns, 3.6448 ns/op
OverheadActual   6: 4096 op, 15809.00 ns, 3.8596 ns/op
OverheadActual   7: 4096 op, 15770.00 ns, 3.8501 ns/op
OverheadActual   8: 4096 op, 16169.00 ns, 3.9475 ns/op
OverheadActual   9: 4096 op, 16333.00 ns, 3.9875 ns/op
OverheadActual  10: 4096 op, 15749.00 ns, 3.8450 ns/op
OverheadActual  11: 4096 op, 16183.00 ns, 3.9509 ns/op
OverheadActual  12: 4096 op, 16075.00 ns, 3.9246 ns/op
OverheadActual  13: 4096 op, 46905.00 ns, 11.4514 ns/op
OverheadActual  14: 4096 op, 15743.00 ns, 3.8435 ns/op
OverheadActual  15: 4096 op, 16102.00 ns, 3.9312 ns/op
OverheadActual  16: 4096 op, 16082.00 ns, 3.9263 ns/op
OverheadActual  17: 4096 op, 16147.00 ns, 3.9421 ns/op
OverheadActual  18: 4096 op, 15895.00 ns, 3.8806 ns/op
OverheadActual  19: 4096 op, 16112.00 ns, 3.9336 ns/op
OverheadActual  20: 4096 op, 16001.00 ns, 3.9065 ns/op

WorkloadWarmup   1: 4096 op, 974851662.00 ns, 238.0009 us/op
WorkloadWarmup   2: 4096 op, 975586247.00 ns, 238.1802 us/op
WorkloadWarmup   3: 4096 op, 971838264.00 ns, 237.2652 us/op

// BeforeActualRun
WorkloadActual   1: 4096 op, 971407382.00 ns, 237.1600 us/op
WorkloadActual   2: 4096 op, 974801406.00 ns, 237.9886 us/op
WorkloadActual   3: 4096 op, 973611861.00 ns, 237.6982 us/op

// AfterActualRun
WorkloadResult   1: 4096 op, 971391344.00 ns, 237.1561 us/op
WorkloadResult   2: 4096 op, 974785368.00 ns, 237.9847 us/op
WorkloadResult   3: 4096 op, 973595823.00 ns, 237.6943 us/op
// GC:  244 69 0 2049310720 4096
// Threading:  0 0 4096

// AfterAll
// Benchmark Process 1016 has exited with code 0.

Mean = 237.612 us, StdErr = 0.243 us (0.10%), N = 3, StdDev = 0.420 us
Min = 237.156 us, Q1 = 237.425 us, Median = 237.694 us, Q3 = 237.840 us, Max = 237.985 us
IQR = 0.414 us, LowerFence = 236.804 us, UpperFence = 238.461 us
ConfidenceInterval = [229.941 us; 245.282 us] (CI 99.9%), Margin = 7.670 us (3.23% of Mean)
Skewness = -0.19, Kurtosis = 0.67, MValue = 2

// ** Remained 42 (47.2 %) benchmark(s) to run. Estimated finish 2026-10-08 2:10 (0h 4m from now) **
// **************************
// Benchmark: PlutusUseCasesBenchmarks.DecodeAndEval: ShortRun(IterationCount=3, LaunchCount=1, MinIterationCount=50, WarmupCount=3) [Script=game-sm-success_2-5]
// *** Execute ***
// Launch: 1 / 1
// Execute: dotnet PlutusBench-ShortRun-1.dll --anonymousPipes 113 114 --benchmarkName "PlutusUseCasesBenchmarks.DecodeAndEval(Script: \"game-sm-success_2-5\")" --job ShortRun --benchmarkId 47 in /bench/chrysalis/benchmarks/PlutusBench/bin/Release/net10.0/PlutusBench-ShortRun-1/bin/Release/net10.0
// BeforeAnythingElse

// Benchmark Process Environment Information:
// BenchmarkDotNet v0.15.8
// Runtime=.NET 10.0.12 (10.0.12, 10.0.1226.42308), X64 RyuJIT x86-64-v4
// GC=Concurrent Workstation
// HardwareIntrinsics=AVX512 BITALG+VBMI2+VNNI+VPOPCNTDQ,AVX512 IFMA+VBMI,AVX512 F+BW+CD+DQ+VL,AVX2+BMI1+BMI2+F16C+FMA+LZCNT+MOVBE,AVX,SSE3+SSSE3+SSE4.1+SSE4.2+POPCNT,X86Base+SSE+SSE2,AES+PCLMUL VectorSize=256
// Job: ShortRun(IterationCount=3, LaunchCount=1, MinIterationCount=50, WarmupCount=3)

OverheadJitting  1: 1 op, 149446.00 ns, 149.4460 us/op
WorkloadJitting  1: 1 op, 20385233.00 ns, 20.3852 ms/op

OverheadJitting  2: 16 op, 324614.00 ns, 20.2884 us/op
WorkloadJitting  2: 16 op, 37823611.00 ns, 2.3640 ms/op

WorkloadPilot    1: 16 op, 35805186.00 ns, 2.2378 ms/op
WorkloadPilot    2: 32 op, 66835420.00 ns, 2.0886 ms/op
WorkloadPilot    3: 64 op, 114153968.00 ns, 1.7837 ms/op
WorkloadPilot    4: 128 op, 142830370.00 ns, 1.1159 ms/op
WorkloadPilot    5: 256 op, 214182836.00 ns, 836.6517 us/op
WorkloadPilot    6: 512 op, 380201743.00 ns, 742.5815 us/op
WorkloadPilot    7: 1024 op, 754272140.00 ns, 736.5939 us/op

OverheadWarmup   1: 1024 op, 4822.00 ns, 4.7090 ns/op
OverheadWarmup   2: 1024 op, 4110.00 ns, 4.0137 ns/op
OverheadWarmup   3: 1024 op, 4325.00 ns, 4.2236 ns/op
OverheadWarmup   4: 1024 op, 4012.00 ns, 3.9180 ns/op
OverheadWarmup   5: 1024 op, 4649.00 ns, 4.5400 ns/op
OverheadWarmup   6: 1024 op, 4131.00 ns, 4.0342 ns/op

OverheadActual   1: 1024 op, 3974.00 ns, 3.8809 ns/op
OverheadActual   2: 1024 op, 3929.00 ns, 3.8369 ns/op
OverheadActual   3: 1024 op, 3909.00 ns, 3.8174 ns/op
OverheadActual   4: 1024 op, 3975.00 ns, 3.8818 ns/op
OverheadActual   5: 1024 op, 3996.00 ns, 3.9023 ns/op
OverheadActual   6: 1024 op, 4075.00 ns, 3.9795 ns/op
OverheadActual   7: 1024 op, 4030.00 ns, 3.9355 ns/op
OverheadActual   8: 1024 op, 4128.00 ns, 4.0313 ns/op
OverheadActual   9: 1024 op, 4215.00 ns, 4.1162 ns/op
OverheadActual  10: 1024 op, 4061.00 ns, 3.9658 ns/op
OverheadActual  11: 1024 op, 4148.00 ns, 4.0508 ns/op
OverheadActual  12: 1024 op, 4072.00 ns, 3.9766 ns/op
OverheadActual  13: 1024 op, 4102.00 ns, 4.0059 ns/op
OverheadActual  14: 1024 op, 4112.00 ns, 4.0156 ns/op
OverheadActual  15: 1024 op, 4151.00 ns, 4.0537 ns/op
OverheadActual  16: 1024 op, 4087.00 ns, 3.9912 ns/op
OverheadActual  17: 1024 op, 4052.00 ns, 3.9570 ns/op
OverheadActual  18: 1024 op, 4157.00 ns, 4.0596 ns/op
OverheadActual  19: 1024 op, 4096.00 ns, 4.0000 ns/op
OverheadActual  20: 1024 op, 4117.00 ns, 4.0205 ns/op

WorkloadWarmup   1: 1024 op, 760731176.00 ns, 742.9015 us/op
WorkloadWarmup   2: 1024 op, 764131456.00 ns, 746.2221 us/op
WorkloadWarmup   3: 1024 op, 945056016.00 ns, 922.9063 us/op

// BeforeActualRun
WorkloadActual   1: 1024 op, 960967816.00 ns, 938.4451 us/op
WorkloadActual   2: 1024 op, 814973232.00 ns, 795.8723 us/op
WorkloadActual   3: 1024 op, 761301848.00 ns, 743.4588 us/op

// AfterActualRun
WorkloadResult   1: 1024 op, 960963735.00 ns, 938.4411 us/op
WorkloadResult   2: 1024 op, 814969151.00 ns, 795.8683 us/op
WorkloadResult   3: 1024 op, 761297767.00 ns, 743.4549 us/op
// GC:  146 65 0 1229381632 1024
// Threading:  0 0 1024

// AfterAll
// Benchmark Process 1023 has exited with code 0.

Mean = 825.921 us, StdErr = 58.259 us (7.05%), N = 3, StdDev = 100.907 us
Min = 743.455 us, Q1 = 769.662 us, Median = 795.868 us, Q3 = 867.155 us, Max = 938.441 us
IQR = 97.493 us, LowerFence = 623.422 us, UpperFence = 1,013.394 us
ConfidenceInterval = [-1,015.005 us; 2,666.848 us] (CI 99.9%), Margin = 1,840.927 us (222.89% of Mean)
Skewness = 0.27, Kurtosis = 0.67, MValue = 2

// ** Remained 41 (46.1 %) benchmark(s) to run. Estimated finish 2026-10-08 2:10 (0h 4m from now) **
// **************************
// Benchmark: PlutusUseCasesBenchmarks.DecodeAndEval: ShortRun(IterationCount=3, LaunchCount=1, MinIterationCount=50, WarmupCount=3) [Script=game-sm-success_2-6]
// *** Execute ***
// Launch: 1 / 1
// Execute: dotnet PlutusBench-ShortRun-1.dll --anonymousPipes 113 114 --benchmarkName "PlutusUseCasesBenchmarks.DecodeAndEval(Script: \"game-sm-success_2-6\")" --job ShortRun --benchmarkId 48 in /bench/chrysalis/benchmarks/PlutusBench/bin/Release/net10.0/PlutusBench-ShortRun-1/bin/Release/net10.0
// BeforeAnythingElse

// Benchmark Process Environment Information:
// BenchmarkDotNet v0.15.8
// Runtime=.NET 10.0.12 (10.0.12, 10.0.1226.42308), X64 RyuJIT x86-64-v4
// GC=Concurrent Workstation
// HardwareIntrinsics=AVX512 BITALG+VBMI2+VNNI+VPOPCNTDQ,AVX512 IFMA+VBMI,AVX512 F+BW+CD+DQ+VL,AVX2+BMI1+BMI2+F16C+FMA+LZCNT+MOVBE,AVX,SSE3+SSSE3+SSE4.1+SSE4.2+POPCNT,X86Base+SSE+SSE2,AES+PCLMUL VectorSize=256
// Job: ShortRun(IterationCount=3, LaunchCount=1, MinIterationCount=50, WarmupCount=3)

OverheadJitting  1: 1 op, 150693.00 ns, 150.6930 us/op
WorkloadJitting  1: 1 op, 15409261.00 ns, 15.4093 ms/op

OverheadJitting  2: 16 op, 345430.00 ns, 21.5894 us/op
WorkloadJitting  2: 16 op, 14255273.00 ns, 890.9546 us/op

WorkloadPilot    1: 16 op, 12458707.00 ns, 778.6692 us/op
WorkloadPilot    2: 32 op, 23302810.00 ns, 728.2128 us/op
WorkloadPilot    3: 64 op, 45030336.00 ns, 703.5990 us/op
WorkloadPilot    4: 128 op, 87608219.00 ns, 684.4392 us/op
WorkloadPilot    5: 256 op, 99257018.00 ns, 387.7227 us/op
WorkloadPilot    6: 512 op, 123763349.00 ns, 241.7253 us/op
WorkloadPilot    7: 1024 op, 243531184.00 ns, 237.8234 us/op
WorkloadPilot    8: 2048 op, 477857985.00 ns, 233.3291 us/op
WorkloadPilot    9: 4096 op, 956539332.00 ns, 233.5301 us/op

OverheadWarmup   1: 4096 op, 15966.00 ns, 3.8979 ns/op
OverheadWarmup   2: 4096 op, 28399.00 ns, 6.9333 ns/op
OverheadWarmup   3: 4096 op, 15803.00 ns, 3.8582 ns/op
OverheadWarmup   4: 4096 op, 15740.00 ns, 3.8428 ns/op
OverheadWarmup   5: 4096 op, 33531.00 ns, 8.1863 ns/op
OverheadWarmup   6: 4096 op, 15653.00 ns, 3.8215 ns/op

OverheadActual   1: 4096 op, 15291.00 ns, 3.7332 ns/op
OverheadActual   2: 4096 op, 14985.00 ns, 3.6584 ns/op
OverheadActual   3: 4096 op, 15030.00 ns, 3.6694 ns/op
OverheadActual   4: 4096 op, 15184.00 ns, 3.7070 ns/op
OverheadActual   5: 4096 op, 14827.00 ns, 3.6199 ns/op
OverheadActual   6: 4096 op, 15746.00 ns, 3.8442 ns/op
OverheadActual   7: 4096 op, 15793.00 ns, 3.8557 ns/op
OverheadActual   8: 4096 op, 29150.00 ns, 7.1167 ns/op
OverheadActual   9: 4096 op, 15787.00 ns, 3.8542 ns/op
OverheadActual  10: 4096 op, 15794.00 ns, 3.8560 ns/op
OverheadActual  11: 4096 op, 16142.00 ns, 3.9409 ns/op
OverheadActual  12: 4096 op, 15777.00 ns, 3.8518 ns/op
OverheadActual  13: 4096 op, 15710.00 ns, 3.8354 ns/op
OverheadActual  14: 4096 op, 16086.00 ns, 3.9272 ns/op
OverheadActual  15: 4096 op, 15993.00 ns, 3.9045 ns/op
OverheadActual  16: 4096 op, 15977.00 ns, 3.9006 ns/op
OverheadActual  17: 4096 op, 16106.00 ns, 3.9321 ns/op
OverheadActual  18: 4096 op, 46302.00 ns, 11.3042 ns/op
OverheadActual  19: 4096 op, 16140.00 ns, 3.9404 ns/op
OverheadActual  20: 4096 op, 16121.00 ns, 3.9358 ns/op

WorkloadWarmup   1: 4096 op, 960562856.00 ns, 234.5124 us/op
WorkloadWarmup   2: 4096 op, 958376506.00 ns, 233.9786 us/op
WorkloadWarmup   3: 4096 op, 959346712.00 ns, 234.2155 us/op

// BeforeActualRun
WorkloadActual   1: 4096 op, 957411997.00 ns, 233.7432 us/op
WorkloadActual   2: 4096 op, 962036390.00 ns, 234.8722 us/op
WorkloadActual   3: 4096 op, 959758334.00 ns, 234.3160 us/op

// AfterActualRun
WorkloadResult   1: 4096 op, 957396203.50 ns, 233.7393 us/op
WorkloadResult   2: 4096 op, 962020596.50 ns, 234.8683 us/op
WorkloadResult   3: 4096 op, 959742540.50 ns, 234.3121 us/op
// GC:  244 69 0 2049310720 4096
// Threading:  0 0 4096

// AfterAll
// Benchmark Process 1031 has exited with code 0.

Mean = 234.307 us, StdErr = 0.326 us (0.14%), N = 3, StdDev = 0.565 us
Min = 233.739 us, Q1 = 234.026 us, Median = 234.312 us, Q3 = 234.590 us, Max = 234.868 us
IQR = 0.565 us, LowerFence = 233.179 us, UpperFence = 235.437 us
ConfidenceInterval = [224.008 us; 244.606 us] (CI 99.9%), Margin = 10.299 us (4.40% of Mean)
Skewness = -0.01, Kurtosis = 0.67, MValue = 2

// ** Remained 40 (44.9 %) benchmark(s) to run. Estimated finish 2026-10-08 2:10 (0h 4m from now) **
// **************************
// Benchmark: PlutusUseCasesBenchmarks.DecodeAndEval: ShortRun(IterationCount=3, LaunchCount=1, MinIterationCount=50, WarmupCount=3) [Script=guardrail-sorted-large]
// *** Execute ***
// Launch: 1 / 1
// Execute: dotnet PlutusBench-ShortRun-1.dll --anonymousPipes 113 114 --benchmarkName "PlutusUseCasesBenchmarks.DecodeAndEval(Script: \"guardrail-sorted-large\")" --job ShortRun --benchmarkId 49 in /bench/chrysalis/benchmarks/PlutusBench/bin/Release/net10.0/PlutusBench-ShortRun-1/bin/Release/net10.0
// BeforeAnythingElse

// Benchmark Process Environment Information:
// BenchmarkDotNet v0.15.8
// Runtime=.NET 10.0.12 (10.0.12, 10.0.1226.42308), X64 RyuJIT x86-64-v4
// GC=Concurrent Workstation
// HardwareIntrinsics=AVX512 BITALG+VBMI2+VNNI+VPOPCNTDQ,AVX512 IFMA+VBMI,AVX512 F+BW+CD+DQ+VL,AVX2+BMI1+BMI2+F16C+FMA+LZCNT+MOVBE,AVX,SSE3+SSSE3+SSE4.1+SSE4.2+POPCNT,X86Base+SSE+SSE2,AES+PCLMUL VectorSize=256
// Job: ShortRun(IterationCount=3, LaunchCount=1, MinIterationCount=50, WarmupCount=3)

OverheadJitting  1: 1 op, 161873.00 ns, 161.8730 us/op
WorkloadJitting  1: 1 op, 18119252.00 ns, 18.1193 ms/op

OverheadJitting  2: 16 op, 326815.00 ns, 20.4259 us/op
WorkloadJitting  2: 16 op, 25558046.00 ns, 1.5974 ms/op

WorkloadPilot    1: 16 op, 23084582.00 ns, 1.4428 ms/op
WorkloadPilot    2: 32 op, 43821751.00 ns, 1.3694 ms/op
WorkloadPilot    3: 64 op, 84382957.00 ns, 1.3185 ms/op
WorkloadPilot    4: 128 op, 151216653.00 ns, 1.1814 ms/op
WorkloadPilot    5: 256 op, 120284563.00 ns, 469.8616 us/op
WorkloadPilot    6: 512 op, 213658680.00 ns, 417.3021 us/op
WorkloadPilot    7: 1024 op, 427285316.00 ns, 417.2708 us/op
WorkloadPilot    8: 2048 op, 852384720.00 ns, 416.2035 us/op

OverheadWarmup   1: 2048 op, 8451.00 ns, 4.1265 ns/op
OverheadWarmup   2: 2048 op, 8452.00 ns, 4.1270 ns/op
OverheadWarmup   3: 2048 op, 8063.00 ns, 3.9370 ns/op
OverheadWarmup   4: 2048 op, 8035.00 ns, 3.9233 ns/op
OverheadWarmup   5: 2048 op, 8027.00 ns, 3.9194 ns/op
OverheadWarmup   6: 2048 op, 7679.00 ns, 3.7495 ns/op
OverheadWarmup   7: 2048 op, 7612.00 ns, 3.7168 ns/op
OverheadWarmup   8: 2048 op, 7986.00 ns, 3.8994 ns/op
OverheadWarmup   9: 2048 op, 8787.00 ns, 4.2905 ns/op
OverheadWarmup  10: 2048 op, 8122.00 ns, 3.9658 ns/op

OverheadActual   1: 2048 op, 7849.00 ns, 3.8325 ns/op
OverheadActual   2: 2048 op, 7626.00 ns, 3.7236 ns/op
OverheadActual   3: 2048 op, 7676.00 ns, 3.7480 ns/op
OverheadActual   4: 2048 op, 8032.00 ns, 3.9219 ns/op
OverheadActual   5: 2048 op, 7771.00 ns, 3.7944 ns/op
OverheadActual   6: 2048 op, 8063.00 ns, 3.9370 ns/op
OverheadActual   7: 2048 op, 8002.00 ns, 3.9072 ns/op
OverheadActual   8: 2048 op, 8051.00 ns, 3.9312 ns/op
OverheadActual   9: 2048 op, 39817.00 ns, 19.4419 ns/op
OverheadActual  10: 2048 op, 7991.00 ns, 3.9019 ns/op
OverheadActual  11: 2048 op, 24219.00 ns, 11.8257 ns/op
OverheadActual  12: 2048 op, 8239.00 ns, 4.0229 ns/op
OverheadActual  13: 2048 op, 8157.00 ns, 3.9829 ns/op
OverheadActual  14: 2048 op, 8192.00 ns, 4.0000 ns/op
OverheadActual  15: 2048 op, 8168.00 ns, 3.9883 ns/op
OverheadActual  16: 2048 op, 8195.00 ns, 4.0015 ns/op
OverheadActual  17: 2048 op, 9243.00 ns, 4.5132 ns/op
OverheadActual  18: 2048 op, 8123.00 ns, 3.9663 ns/op
OverheadActual  19: 2048 op, 8225.00 ns, 4.0161 ns/op
OverheadActual  20: 2048 op, 9379.00 ns, 4.5796 ns/op

WorkloadWarmup   1: 2048 op, 857051667.00 ns, 418.4823 us/op
WorkloadWarmup   2: 2048 op, 857909448.00 ns, 418.9011 us/op
WorkloadWarmup   3: 2048 op, 854316886.00 ns, 417.1469 us/op

// BeforeActualRun
WorkloadActual   1: 2048 op, 855405535.00 ns, 417.6785 us/op
WorkloadActual   2: 2048 op, 858673463.00 ns, 419.2742 us/op
WorkloadActual   3: 2048 op, 860837251.00 ns, 420.3307 us/op

// AfterActualRun
WorkloadResult   1: 2048 op, 855397395.00 ns, 417.6745 us/op
WorkloadResult   2: 2048 op, 858665323.00 ns, 419.2702 us/op
WorkloadResult   3: 2048 op, 860829111.00 ns, 420.3267 us/op
// GC:  213 62 0 1786691584 2048
// Threading:  0 0 2048

// AfterAll
// Benchmark Process 1042 has exited with code 0.

Mean = 419.090 us, StdErr = 0.771 us (0.18%), N = 3, StdDev = 1.335 us
Min = 417.675 us, Q1 = 418.472 us, Median = 419.270 us, Q3 = 419.798 us, Max = 420.327 us
IQR = 1.326 us, LowerFence = 416.483 us, UpperFence = 421.788 us
ConfidenceInterval = [394.731 us; 443.450 us] (CI 99.9%), Margin = 24.359 us (5.81% of Mean)
Skewness = -0.13, Kurtosis = 0.67, MValue = 2

// ** Remained 39 (43.8 %) benchmark(s) to run. Estimated finish 2026-10-08 2:10 (0h 4m from now) **
// **************************
// Benchmark: PlutusUseCasesBenchmarks.DecodeAndEval: ShortRun(IterationCount=3, LaunchCount=1, MinIterationCount=50, WarmupCount=3) [Script=guardrail-sorted-small]
// *** Execute ***
// Launch: 1 / 1
// Execute: dotnet PlutusBench-ShortRun-1.dll --anonymousPipes 113 114 --benchmarkName "PlutusUseCasesBenchmarks.DecodeAndEval(Script: \"guardrail-sorted-small\")" --job ShortRun --benchmarkId 50 in /bench/chrysalis/benchmarks/PlutusBench/bin/Release/net10.0/PlutusBench-ShortRun-1/bin/Release/net10.0
// BeforeAnythingElse

// Benchmark Process Environment Information:
// BenchmarkDotNet v0.15.8
// Runtime=.NET 10.0.12 (10.0.12, 10.0.1226.42308), X64 RyuJIT x86-64-v4
// GC=Concurrent Workstation
// HardwareIntrinsics=AVX512 BITALG+VBMI2+VNNI+VPOPCNTDQ,AVX512 IFMA+VBMI,AVX512 F+BW+CD+DQ+VL,AVX2+BMI1+BMI2+F16C+FMA+LZCNT+MOVBE,AVX,SSE3+SSSE3+SSE4.1+SSE4.2+POPCNT,X86Base+SSE+SSE2,AES+PCLMUL VectorSize=256
// Job: ShortRun(IterationCount=3, LaunchCount=1, MinIterationCount=50, WarmupCount=3)

OverheadJitting  1: 1 op, 150615.00 ns, 150.6150 us/op
WorkloadJitting  1: 1 op, 16319180.00 ns, 16.3192 ms/op

OverheadJitting  2: 16 op, 338306.00 ns, 21.1441 us/op
WorkloadJitting  2: 16 op, 7159270.00 ns, 447.4544 us/op

WorkloadPilot    1: 16 op, 6566733.00 ns, 410.4208 us/op
WorkloadPilot    2: 32 op, 11740689.00 ns, 366.8965 us/op
WorkloadPilot    3: 64 op, 22055084.00 ns, 344.6107 us/op
WorkloadPilot    4: 128 op, 41434717.00 ns, 323.7087 us/op
WorkloadPilot    5: 256 op, 81720257.00 ns, 319.2198 us/op
WorkloadPilot    6: 512 op, 110321307.00 ns, 215.4713 us/op
WorkloadPilot    7: 1024 op, 118084122.00 ns, 115.3165 us/op
WorkloadPilot    8: 2048 op, 209549356.00 ns, 102.3190 us/op
WorkloadPilot    9: 4096 op, 416363693.00 ns, 101.6513 us/op
WorkloadPilot   10: 8192 op, 832760642.00 ns, 101.6554 us/op

OverheadWarmup   1: 8192 op, 29844.00 ns, 3.6431 ns/op
OverheadWarmup   2: 8192 op, 48041.00 ns, 5.8644 ns/op
OverheadWarmup   3: 8192 op, 78182.00 ns, 9.5437 ns/op
OverheadWarmup   4: 8192 op, 30862.00 ns, 3.7673 ns/op
OverheadWarmup   5: 8192 op, 30792.00 ns, 3.7588 ns/op
OverheadWarmup   6: 8192 op, 30870.00 ns, 3.7683 ns/op
OverheadWarmup   7: 8192 op, 48126.00 ns, 5.8748 ns/op
OverheadWarmup   8: 8192 op, 31520.00 ns, 3.8477 ns/op

OverheadActual   1: 8192 op, 31181.00 ns, 3.8063 ns/op
OverheadActual   2: 8192 op, 29713.00 ns, 3.6271 ns/op
OverheadActual   3: 8192 op, 29742.00 ns, 3.6306 ns/op
OverheadActual   4: 8192 op, 45026.00 ns, 5.4963 ns/op
OverheadActual   5: 8192 op, 29093.00 ns, 3.5514 ns/op
OverheadActual   6: 8192 op, 43435.00 ns, 5.3021 ns/op
OverheadActual   7: 8192 op, 31838.00 ns, 3.8865 ns/op
OverheadActual   8: 8192 op, 31628.00 ns, 3.8608 ns/op
OverheadActual   9: 8192 op, 32836.00 ns, 4.0083 ns/op
OverheadActual  10: 8192 op, 31772.00 ns, 3.8784 ns/op
OverheadActual  11: 8192 op, 32857.00 ns, 4.0109 ns/op
OverheadActual  12: 8192 op, 31566.00 ns, 3.8533 ns/op
OverheadActual  13: 8192 op, 30902.00 ns, 3.7722 ns/op
OverheadActual  14: 8192 op, 47767.00 ns, 5.8309 ns/op
OverheadActual  15: 8192 op, 30556.00 ns, 3.7300 ns/op
OverheadActual  16: 8192 op, 59647.00 ns, 7.2811 ns/op
OverheadActual  17: 8192 op, 31255.00 ns, 3.8153 ns/op
OverheadActual  18: 8192 op, 29667.00 ns, 3.6215 ns/op
OverheadActual  19: 8192 op, 31112.00 ns, 3.7979 ns/op
OverheadActual  20: 8192 op, 32044.00 ns, 3.9116 ns/op

WorkloadWarmup   1: 8192 op, 837000388.00 ns, 102.1729 us/op
WorkloadWarmup   2: 8192 op, 838221264.00 ns, 102.3219 us/op
WorkloadWarmup   3: 8192 op, 832140992.00 ns, 101.5797 us/op

// BeforeActualRun
WorkloadActual   1: 8192 op, 834702219.00 ns, 101.8924 us/op
WorkloadActual   2: 8192 op, 836226347.00 ns, 102.0784 us/op
WorkloadActual   3: 8192 op, 839764634.00 ns, 102.5103 us/op

// AfterActualRun
WorkloadResult   1: 8192 op, 834670622.00 ns, 101.8885 us/op
WorkloadResult   2: 8192 op, 836194750.00 ns, 102.0746 us/op
WorkloadResult   3: 8192 op, 839733037.00 ns, 102.5065 us/op
// GC:  230 51 0 1924464640 8192
// Threading:  0 0 8192

// AfterAll
// Benchmark Process 1049 has exited with code 0.

Mean = 102.157 us, StdErr = 0.183 us (0.18%), N = 3, StdDev = 0.317 us
Min = 101.889 us, Q1 = 101.982 us, Median = 102.075 us, Q3 = 102.291 us, Max = 102.506 us
IQR = 0.309 us, LowerFence = 101.518 us, UpperFence = 102.754 us
ConfidenceInterval = [96.373 us; 107.940 us] (CI 99.9%), Margin = 5.784 us (5.66% of Mean)
Skewness = 0.24, Kurtosis = 0.67, MValue = 2

// ** Remained 38 (42.7 %) benchmark(s) to run. Estimated finish 2026-10-08 2:10 (0h 4m from now) **
// **************************
// Benchmark: PlutusUseCasesBenchmarks.DecodeAndEval: ShortRun(IterationCount=3, LaunchCount=1, MinIterationCount=50, WarmupCount=3) [Script=guardrail-unsorted-large]
// *** Execute ***
// Launch: 1 / 1
// Execute: dotnet PlutusBench-ShortRun-1.dll --anonymousPipes 113 114 --benchmarkName "PlutusUseCasesBenchmarks.DecodeAndEval(Script: \"guardrail-unsorted-large\")" --job ShortRun --benchmarkId 51 in /bench/chrysalis/benchmarks/PlutusBench/bin/Release/net10.0/PlutusBench-ShortRun-1/bin/Release/net10.0
// BeforeAnythingElse

// Benchmark Process Environment Information:
// BenchmarkDotNet v0.15.8
// Runtime=.NET 10.0.12 (10.0.12, 10.0.1226.42308), X64 RyuJIT x86-64-v4
// GC=Concurrent Workstation
// HardwareIntrinsics=AVX512 BITALG+VBMI2+VNNI+VPOPCNTDQ,AVX512 IFMA+VBMI,AVX512 F+BW+CD+DQ+VL,AVX2+BMI1+BMI2+F16C+FMA+LZCNT+MOVBE,AVX,SSE3+SSSE3+SSE4.1+SSE4.2+POPCNT,X86Base+SSE+SSE2,AES+PCLMUL VectorSize=256
// Job: ShortRun(IterationCount=3, LaunchCount=1, MinIterationCount=50, WarmupCount=3)

OverheadJitting  1: 1 op, 158269.00 ns, 158.2690 us/op
WorkloadJitting  1: 1 op, 19450448.00 ns, 19.4504 ms/op

OverheadJitting  2: 16 op, 373663.00 ns, 23.3539 us/op
WorkloadJitting  2: 16 op, 32728072.00 ns, 2.0455 ms/op

WorkloadPilot    1: 16 op, 31138135.00 ns, 1.9461 ms/op
WorkloadPilot    2: 32 op, 58085336.00 ns, 1.8152 ms/op
WorkloadPilot    3: 64 op, 115759368.00 ns, 1.8087 ms/op
WorkloadPilot    4: 128 op, 95588992.00 ns, 746.7890 us/op
WorkloadPilot    5: 256 op, 153385157.00 ns, 599.1608 us/op
WorkloadPilot    6: 512 op, 291438505.00 ns, 569.2158 us/op
WorkloadPilot    7: 1024 op, 581789013.00 ns, 568.1533 us/op

OverheadWarmup   1: 1024 op, 4802.00 ns, 4.6895 ns/op
OverheadWarmup   2: 1024 op, 4123.00 ns, 4.0264 ns/op
OverheadWarmup   3: 1024 op, 3924.00 ns, 3.8320 ns/op
OverheadWarmup   4: 1024 op, 21217.00 ns, 20.7197 ns/op
OverheadWarmup   5: 1024 op, 4102.00 ns, 4.0059 ns/op
OverheadWarmup   6: 1024 op, 3898.00 ns, 3.8066 ns/op
OverheadWarmup   7: 1024 op, 20092.00 ns, 19.6211 ns/op
OverheadWarmup   8: 1024 op, 4201.00 ns, 4.1025 ns/op

OverheadActual   1: 1024 op, 4038.00 ns, 3.9434 ns/op
OverheadActual   2: 1024 op, 4008.00 ns, 3.9141 ns/op
OverheadActual   3: 1024 op, 4067.00 ns, 3.9717 ns/op
OverheadActual   4: 1024 op, 20149.00 ns, 19.6768 ns/op
OverheadActual   5: 1024 op, 4011.00 ns, 3.9170 ns/op
OverheadActual   6: 1024 op, 4395.00 ns, 4.2920 ns/op
OverheadActual   7: 1024 op, 4139.00 ns, 4.0420 ns/op
OverheadActual   8: 1024 op, 4221.00 ns, 4.1221 ns/op
OverheadActual   9: 1024 op, 4244.00 ns, 4.1445 ns/op
OverheadActual  10: 1024 op, 4269.00 ns, 4.1689 ns/op
OverheadActual  11: 1024 op, 4084.00 ns, 3.9883 ns/op
OverheadActual  12: 1024 op, 4092.00 ns, 3.9961 ns/op
OverheadActual  13: 1024 op, 4212.00 ns, 4.1133 ns/op
OverheadActual  14: 1024 op, 4117.00 ns, 4.0205 ns/op
OverheadActual  15: 1024 op, 4134.00 ns, 4.0371 ns/op
OverheadActual  16: 1024 op, 4245.00 ns, 4.1455 ns/op
OverheadActual  17: 1024 op, 4232.00 ns, 4.1328 ns/op
OverheadActual  18: 1024 op, 4261.00 ns, 4.1611 ns/op
OverheadActual  19: 1024 op, 4900.00 ns, 4.7852 ns/op
OverheadActual  20: 1024 op, 4402.00 ns, 4.2988 ns/op

WorkloadWarmup   1: 1024 op, 587473001.00 ns, 573.7041 us/op
WorkloadWarmup   2: 1024 op, 586289742.00 ns, 572.5486 us/op
WorkloadWarmup   3: 1024 op, 583719273.00 ns, 570.0384 us/op

// BeforeActualRun
WorkloadActual   1: 1024 op, 583007046.00 ns, 569.3428 us/op
WorkloadActual   2: 1024 op, 583621505.00 ns, 569.9429 us/op
WorkloadActual   3: 1024 op, 586541257.00 ns, 572.7942 us/op

// AfterActualRun
WorkloadResult   1: 1024 op, 583002829.50 ns, 569.3387 us/op
WorkloadResult   2: 1024 op, 583617288.50 ns, 569.9388 us/op
WorkloadResult   3: 1024 op, 586537040.50 ns, 572.7901 us/op
// GC:  136 42 0 1139408896 1024
// Threading:  0 0 1024

// AfterAll
// Benchmark Process 1056 has exited with code 0.

Mean = 570.689 us, StdErr = 1.065 us (0.19%), N = 3, StdDev = 1.844 us
Min = 569.339 us, Q1 = 569.639 us, Median = 569.939 us, Q3 = 571.364 us, Max = 572.790 us
IQR = 1.726 us, LowerFence = 567.050 us, UpperFence = 573.953 us
ConfidenceInterval = [537.048 us; 604.331 us] (CI 99.9%), Margin = 33.641 us (5.89% of Mean)
Skewness = 0.34, Kurtosis = 0.67, MValue = 2

// ** Remained 37 (41.6 %) benchmark(s) to run. Estimated finish 2026-10-08 2:10 (0h 4m from now) **
// **************************
// Benchmark: PlutusUseCasesBenchmarks.DecodeAndEval: ShortRun(IterationCount=3, LaunchCount=1, MinIterationCount=50, WarmupCount=3) [Script=guardrail-unsorted-small]
// *** Execute ***
// Launch: 1 / 1
// Execute: dotnet PlutusBench-ShortRun-1.dll --anonymousPipes 113 114 --benchmarkName "PlutusUseCasesBenchmarks.DecodeAndEval(Script: \"guardrail-unsorted-small\")" --job ShortRun --benchmarkId 52 in /bench/chrysalis/benchmarks/PlutusBench/bin/Release/net10.0/PlutusBench-ShortRun-1/bin/Release/net10.0
// BeforeAnythingElse

// Benchmark Process Environment Information:
// BenchmarkDotNet v0.15.8
// Runtime=.NET 10.0.12 (10.0.12, 10.0.1226.42308), X64 RyuJIT x86-64-v4
// GC=Concurrent Workstation
// HardwareIntrinsics=AVX512 BITALG+VBMI2+VNNI+VPOPCNTDQ,AVX512 IFMA+VBMI,AVX512 F+BW+CD+DQ+VL,AVX2+BMI1+BMI2+F16C+FMA+LZCNT+MOVBE,AVX,SSE3+SSSE3+SSE4.1+SSE4.2+POPCNT,X86Base+SSE+SSE2,AES+PCLMUL VectorSize=256
// Job: ShortRun(IterationCount=3, LaunchCount=1, MinIterationCount=50, WarmupCount=3)

OverheadJitting  1: 1 op, 151763.00 ns, 151.7630 us/op
WorkloadJitting  1: 1 op, 16361859.00 ns, 16.3619 ms/op

OverheadJitting  2: 16 op, 347220.00 ns, 21.7013 us/op
WorkloadJitting  2: 16 op, 6968748.00 ns, 435.5468 us/op

WorkloadPilot    1: 16 op, 6428888.00 ns, 401.8055 us/op
WorkloadPilot    2: 32 op, 11619937.00 ns, 363.1230 us/op
WorkloadPilot    3: 64 op, 21597852.00 ns, 337.4664 us/op
WorkloadPilot    4: 128 op, 41134916.00 ns, 321.3665 us/op
WorkloadPilot    5: 256 op, 79684821.00 ns, 311.2688 us/op
WorkloadPilot    6: 512 op, 107952210.00 ns, 210.8442 us/op
WorkloadPilot    7: 1024 op, 116367109.00 ns, 113.6398 us/op
WorkloadPilot    8: 2048 op, 204288402.00 ns, 99.7502 us/op
WorkloadPilot    9: 4096 op, 405459226.00 ns, 98.9891 us/op
WorkloadPilot   10: 8192 op, 1070633687.00 ns, 130.6926 us/op

OverheadWarmup   1: 8192 op, 29402.00 ns, 3.5891 ns/op
OverheadWarmup   2: 8192 op, 28285.00 ns, 3.4528 ns/op
OverheadWarmup   3: 8192 op, 28180.00 ns, 3.4399 ns/op
OverheadWarmup   4: 8192 op, 28376.00 ns, 3.4639 ns/op
OverheadWarmup   5: 8192 op, 28213.00 ns, 3.4440 ns/op
OverheadWarmup   6: 8192 op, 28223.00 ns, 3.4452 ns/op
OverheadWarmup   7: 8192 op, 28332.00 ns, 3.4585 ns/op
OverheadWarmup   8: 8192 op, 28185.00 ns, 3.4406 ns/op

OverheadActual   1: 8192 op, 28795.00 ns, 3.5150 ns/op
OverheadActual   2: 8192 op, 34569.00 ns, 4.2198 ns/op
OverheadActual   3: 8192 op, 29179.00 ns, 3.5619 ns/op
OverheadActual   4: 8192 op, 46740.00 ns, 5.7056 ns/op
OverheadActual   5: 8192 op, 29095.00 ns, 3.5516 ns/op
OverheadActual   6: 8192 op, 30898.00 ns, 3.7717 ns/op
OverheadActual   7: 8192 op, 30854.00 ns, 3.7664 ns/op
OverheadActual   8: 8192 op, 56544.00 ns, 6.9023 ns/op
OverheadActual   9: 8192 op, 31207.00 ns, 3.8094 ns/op
OverheadActual  10: 8192 op, 30882.00 ns, 3.7698 ns/op
OverheadActual  11: 8192 op, 30839.00 ns, 3.7645 ns/op
OverheadActual  12: 8192 op, 45970.00 ns, 5.6116 ns/op
OverheadActual  13: 8192 op, 48562.00 ns, 5.9280 ns/op
OverheadActual  14: 8192 op, 30899.00 ns, 3.7719 ns/op
OverheadActual  15: 8192 op, 30834.00 ns, 3.7639 ns/op
OverheadActual  16: 8192 op, 30848.00 ns, 3.7656 ns/op
OverheadActual  17: 8192 op, 31227.00 ns, 3.8119 ns/op
OverheadActual  18: 8192 op, 29677.00 ns, 3.6227 ns/op
OverheadActual  19: 8192 op, 30886.00 ns, 3.7703 ns/op
OverheadActual  20: 8192 op, 30869.00 ns, 3.7682 ns/op

WorkloadWarmup   1: 8192 op, 1077467553.00 ns, 131.5268 us/op
WorkloadWarmup   2: 8192 op, 814254607.00 ns, 99.3963 us/op
WorkloadWarmup   3: 8192 op, 807694002.00 ns, 98.5955 us/op

// BeforeActualRun
WorkloadActual   1: 8192 op, 807053613.00 ns, 98.5173 us/op
WorkloadActual   2: 8192 op, 810338255.00 ns, 98.9182 us/op
WorkloadActual   3: 8192 op, 811789074.00 ns, 99.0953 us/op

// AfterActualRun
WorkloadResult   1: 8192 op, 807022729.00 ns, 98.5135 us/op
WorkloadResult   2: 8192 op, 810307371.00 ns, 98.9145 us/op
WorkloadResult   3: 8192 op, 811758190.00 ns, 99.0916 us/op
// GC:  227 48 0 1899823104 8192
// Threading:  0 0 8192

// AfterAll
// Benchmark Process 1064 has exited with code 0.

Mean = 98.840 us, StdErr = 0.171 us (0.17%), N = 3, StdDev = 0.296 us
Min = 98.514 us, Q1 = 98.714 us, Median = 98.914 us, Q3 = 99.003 us, Max = 99.092 us
IQR = 0.289 us, LowerFence = 98.280 us, UpperFence = 99.437 us
ConfidenceInterval = [93.437 us; 104.243 us] (CI 99.9%), Margin = 5.403 us (5.47% of Mean)
Skewness = -0.24, Kurtosis = 0.67, MValue = 2

// ** Remained 36 (40.4 %) benchmark(s) to run. Estimated finish 2026-10-08 2:10 (0h 4m from now) **
// **************************
// Benchmark: PlutusUseCasesBenchmarks.DecodeAndEval: ShortRun(IterationCount=3, LaunchCount=1, MinIterationCount=50, WarmupCount=3) [Script=multisig-sm-01]
// *** Execute ***
// Launch: 1 / 1
// Execute: dotnet PlutusBench-ShortRun-1.dll --anonymousPipes 113 114 --benchmarkName "PlutusUseCasesBenchmarks.DecodeAndEval(Script: \"multisig-sm-01\")" --job ShortRun --benchmarkId 53 in /bench/chrysalis/benchmarks/PlutusBench/bin/Release/net10.0/PlutusBench-ShortRun-1/bin/Release/net10.0
// BeforeAnythingElse

// Benchmark Process Environment Information:
// BenchmarkDotNet v0.15.8
// Runtime=.NET 10.0.12 (10.0.12, 10.0.1226.42308), X64 RyuJIT x86-64-v4
// GC=Concurrent Workstation
// HardwareIntrinsics=AVX512 BITALG+VBMI2+VNNI+VPOPCNTDQ,AVX512 IFMA+VBMI,AVX512 F+BW+CD+DQ+VL,AVX2+BMI1+BMI2+F16C+FMA+LZCNT+MOVBE,AVX,SSE3+SSSE3+SSE4.1+SSE4.2+POPCNT,X86Base+SSE+SSE2,AES+PCLMUL VectorSize=256
// Job: ShortRun(IterationCount=3, LaunchCount=1, MinIterationCount=50, WarmupCount=3)

OverheadJitting  1: 1 op, 152539.00 ns, 152.5390 us/op
WorkloadJitting  1: 1 op, 18089458.00 ns, 18.0895 ms/op

OverheadJitting  2: 16 op, 329892.00 ns, 20.6183 us/op
WorkloadJitting  2: 16 op, 26614208.00 ns, 1.6634 ms/op

WorkloadPilot    1: 16 op, 24940011.00 ns, 1.5588 ms/op
WorkloadPilot    2: 32 op, 47920085.00 ns, 1.4975 ms/op
WorkloadPilot    3: 64 op, 91019589.00 ns, 1.4222 ms/op
WorkloadPilot    4: 128 op, 202101366.00 ns, 1.5789 ms/op
WorkloadPilot    5: 256 op, 238976992.00 ns, 933.5039 us/op
WorkloadPilot    6: 512 op, 277566602.00 ns, 542.1223 us/op
WorkloadPilot    7: 1024 op, 555656270.00 ns, 542.6331 us/op

OverheadWarmup   1: 1024 op, 5135.00 ns, 5.0146 ns/op
OverheadWarmup   2: 1024 op, 4046.00 ns, 3.9512 ns/op
OverheadWarmup   3: 1024 op, 3926.00 ns, 3.8340 ns/op
OverheadWarmup   4: 1024 op, 3987.00 ns, 3.8936 ns/op
OverheadWarmup   5: 1024 op, 3937.00 ns, 3.8447 ns/op
OverheadWarmup   6: 1024 op, 3980.00 ns, 3.8867 ns/op
OverheadWarmup   7: 1024 op, 3971.00 ns, 3.8779 ns/op

OverheadActual   1: 1024 op, 4117.00 ns, 4.0205 ns/op
OverheadActual   2: 1024 op, 4034.00 ns, 3.9395 ns/op
OverheadActual   3: 1024 op, 3960.00 ns, 3.8672 ns/op
OverheadActual   4: 1024 op, 4138.00 ns, 4.0410 ns/op
OverheadActual   5: 1024 op, 4024.00 ns, 3.9297 ns/op
OverheadActual   6: 1024 op, 4058.00 ns, 3.9629 ns/op
OverheadActual   7: 1024 op, 4069.00 ns, 3.9736 ns/op
OverheadActual   8: 1024 op, 4098.00 ns, 4.0020 ns/op
OverheadActual   9: 1024 op, 4263.00 ns, 4.1631 ns/op
OverheadActual  10: 1024 op, 4075.00 ns, 3.9795 ns/op
OverheadActual  11: 1024 op, 4121.00 ns, 4.0244 ns/op
OverheadActual  12: 1024 op, 4100.00 ns, 4.0039 ns/op
OverheadActual  13: 1024 op, 4128.00 ns, 4.0313 ns/op
OverheadActual  14: 1024 op, 4070.00 ns, 3.9746 ns/op
OverheadActual  15: 1024 op, 4041.00 ns, 3.9463 ns/op
OverheadActual  16: 1024 op, 4052.00 ns, 3.9570 ns/op
OverheadActual  17: 1024 op, 4058.00 ns, 3.9629 ns/op
OverheadActual  18: 1024 op, 4007.00 ns, 3.9131 ns/op
OverheadActual  19: 1024 op, 4121.00 ns, 4.0244 ns/op
OverheadActual  20: 1024 op, 4056.00 ns, 3.9609 ns/op

WorkloadWarmup   1: 1024 op, 558681437.00 ns, 545.5873 us/op
WorkloadWarmup   2: 1024 op, 557075968.00 ns, 544.0195 us/op
WorkloadWarmup   3: 1024 op, 555477233.00 ns, 542.4582 us/op

// BeforeActualRun
WorkloadActual   1: 1024 op, 554645580.00 ns, 541.6461 us/op
WorkloadActual   2: 1024 op, 555559629.00 ns, 542.5387 us/op
WorkloadActual   3: 1024 op, 556365476.00 ns, 543.3257 us/op

// AfterActualRun
WorkloadResult   1: 1024 op, 554641510.50 ns, 541.6421 us/op
WorkloadResult   2: 1024 op, 555555559.50 ns, 542.5347 us/op
WorkloadResult   3: 1024 op, 556361406.50 ns, 543.3217 us/op
// GC:  111 46 0 929873920 1024
// Threading:  0 0 1024

// AfterAll
// Benchmark Process 1074 has exited with code 0.

Mean = 542.500 us, StdErr = 0.485 us (0.09%), N = 3, StdDev = 0.840 us
Min = 541.642 us, Q1 = 542.088 us, Median = 542.535 us, Q3 = 542.928 us, Max = 543.322 us
IQR = 0.840 us, LowerFence = 540.829 us, UpperFence = 544.188 us
ConfidenceInterval = [527.168 us; 557.831 us] (CI 99.9%), Margin = 15.331 us (2.83% of Mean)
Skewness = -0.04, Kurtosis = 0.67, MValue = 2

// ** Remained 35 (39.3 %) benchmark(s) to run. Estimated finish 2026-10-08 2:10 (0h 4m from now) **
// **************************
// Benchmark: PlutusUseCasesBenchmarks.DecodeAndEval: ShortRun(IterationCount=3, LaunchCount=1, MinIterationCount=50, WarmupCount=3) [Script=multisig-sm-02]
// *** Execute ***
// Launch: 1 / 1
// Execute: dotnet PlutusBench-ShortRun-1.dll --anonymousPipes 113 114 --benchmarkName "PlutusUseCasesBenchmarks.DecodeAndEval(Script: \"multisig-sm-02\")" --job ShortRun --benchmarkId 54 in /bench/chrysalis/benchmarks/PlutusBench/bin/Release/net10.0/PlutusBench-ShortRun-1/bin/Release/net10.0
// BeforeAnythingElse

// Benchmark Process Environment Information:
// BenchmarkDotNet v0.15.8
// Runtime=.NET 10.0.12 (10.0.12, 10.0.1226.42308), X64 RyuJIT x86-64-v4
// GC=Concurrent Workstation
// HardwareIntrinsics=AVX512 BITALG+VBMI2+VNNI+VPOPCNTDQ,AVX512 IFMA+VBMI,AVX512 F+BW+CD+DQ+VL,AVX2+BMI1+BMI2+F16C+FMA+LZCNT+MOVBE,AVX,SSE3+SSSE3+SSE4.1+SSE4.2+POPCNT,X86Base+SSE+SSE2,AES+PCLMUL VectorSize=256
// Job: ShortRun(IterationCount=3, LaunchCount=1, MinIterationCount=50, WarmupCount=3)

OverheadJitting  1: 1 op, 149874.00 ns, 149.8740 us/op
WorkloadJitting  1: 1 op, 17894319.00 ns, 17.8943 ms/op

OverheadJitting  2: 16 op, 341592.00 ns, 21.3495 us/op
WorkloadJitting  2: 16 op, 26237289.00 ns, 1.6398 ms/op

WorkloadPilot    1: 16 op, 24705575.00 ns, 1.5441 ms/op
WorkloadPilot    2: 32 op, 47041234.00 ns, 1.4700 ms/op
WorkloadPilot    3: 64 op, 90056806.00 ns, 1.4071 ms/op
WorkloadPilot    4: 128 op, 175664537.00 ns, 1.3724 ms/op
WorkloadPilot    5: 256 op, 139813960.00 ns, 546.1483 us/op
WorkloadPilot    6: 512 op, 275388193.00 ns, 537.8676 us/op
WorkloadPilot    7: 1024 op, 548554001.00 ns, 535.6973 us/op

OverheadWarmup   1: 1024 op, 4896.00 ns, 4.7813 ns/op
OverheadWarmup   2: 1024 op, 3971.00 ns, 3.8779 ns/op
OverheadWarmup   3: 1024 op, 4094.00 ns, 3.9980 ns/op
OverheadWarmup   4: 1024 op, 3942.00 ns, 3.8496 ns/op
OverheadWarmup   5: 1024 op, 4140.00 ns, 4.0430 ns/op
OverheadWarmup   6: 1024 op, 4144.00 ns, 4.0469 ns/op
OverheadWarmup   7: 1024 op, 4118.00 ns, 4.0215 ns/op

OverheadActual   1: 1024 op, 4125.00 ns, 4.0283 ns/op
OverheadActual   2: 1024 op, 4050.00 ns, 3.9551 ns/op
OverheadActual   3: 1024 op, 4101.00 ns, 4.0049 ns/op
OverheadActual   4: 1024 op, 4242.00 ns, 4.1426 ns/op
OverheadActual   5: 1024 op, 4101.00 ns, 4.0049 ns/op
OverheadActual   6: 1024 op, 4158.00 ns, 4.0605 ns/op
OverheadActual   7: 1024 op, 4120.00 ns, 4.0234 ns/op
OverheadActual   8: 1024 op, 4231.00 ns, 4.1318 ns/op
OverheadActual   9: 1024 op, 4340.00 ns, 4.2383 ns/op
OverheadActual  10: 1024 op, 4178.00 ns, 4.0801 ns/op
OverheadActual  11: 1024 op, 4255.00 ns, 4.1553 ns/op
OverheadActual  12: 1024 op, 4236.00 ns, 4.1367 ns/op
OverheadActual  13: 1024 op, 4149.00 ns, 4.0518 ns/op
OverheadActual  14: 1024 op, 4148.00 ns, 4.0508 ns/op
OverheadActual  15: 1024 op, 4142.00 ns, 4.0449 ns/op
OverheadActual  16: 1024 op, 4145.00 ns, 4.0479 ns/op
OverheadActual  17: 1024 op, 4224.00 ns, 4.1250 ns/op
OverheadActual  18: 1024 op, 4343.00 ns, 4.2412 ns/op
OverheadActual  19: 1024 op, 4298.00 ns, 4.1973 ns/op
OverheadActual  20: 1024 op, 4205.00 ns, 4.1064 ns/op

WorkloadWarmup   1: 1024 op, 554918152.00 ns, 541.9123 us/op
WorkloadWarmup   2: 1024 op, 553049918.00 ns, 540.0878 us/op
WorkloadWarmup   3: 1024 op, 549922090.00 ns, 537.0333 us/op

// BeforeActualRun
WorkloadActual   1: 1024 op, 549462825.00 ns, 536.5848 us/op
WorkloadActual   2: 1024 op, 551538971.00 ns, 538.6123 us/op
WorkloadActual   3: 1024 op, 551532196.00 ns, 538.6057 us/op

// AfterActualRun
WorkloadResult   1: 1024 op, 549458657.00 ns, 536.5807 us/op
WorkloadResult   2: 1024 op, 551534803.00 ns, 538.6082 us/op
WorkloadResult   3: 1024 op, 551528028.00 ns, 538.6016 us/op
// GC:  109 38 0 915742720 1024
// Threading:  0 0 1024

// AfterAll
// Benchmark Process 1083 has exited with code 0.

Mean = 537.930 us, StdErr = 0.675 us (0.13%), N = 3, StdDev = 1.169 us
Min = 536.581 us, Q1 = 537.591 us, Median = 538.602 us, Q3 = 538.605 us, Max = 538.608 us
IQR = 1.014 us, LowerFence = 536.071 us, UpperFence = 540.126 us
ConfidenceInterval = [516.609 us; 559.251 us] (CI 99.9%), Margin = 21.321 us (3.96% of Mean)
Skewness = -0.38, Kurtosis = 0.67, MValue = 2

// ** Remained 34 (38.2 %) benchmark(s) to run. Estimated finish 2026-10-08 2:10 (0h 4m from now) **
// **************************
// Benchmark: PlutusUseCasesBenchmarks.DecodeAndEval: ShortRun(IterationCount=3, LaunchCount=1, MinIterationCount=50, WarmupCount=3) [Script=multisig-sm-03]
// *** Execute ***
// Launch: 1 / 1
// Execute: dotnet PlutusBench-ShortRun-1.dll --anonymousPipes 113 114 --benchmarkName "PlutusUseCasesBenchmarks.DecodeAndEval(Script: \"multisig-sm-03\")" --job ShortRun --benchmarkId 55 in /bench/chrysalis/benchmarks/PlutusBench/bin/Release/net10.0/PlutusBench-ShortRun-1/bin/Release/net10.0
// BeforeAnythingElse

// Benchmark Process Environment Information:
// BenchmarkDotNet v0.15.8
// Runtime=.NET 10.0.12 (10.0.12, 10.0.1226.42308), X64 RyuJIT x86-64-v4
// GC=Concurrent Workstation
// HardwareIntrinsics=AVX512 BITALG+VBMI2+VNNI+VPOPCNTDQ,AVX512 IFMA+VBMI,AVX512 F+BW+CD+DQ+VL,AVX2+BMI1+BMI2+F16C+FMA+LZCNT+MOVBE,AVX,SSE3+SSSE3+SSE4.1+SSE4.2+POPCNT,X86Base+SSE+SSE2,AES+PCLMUL VectorSize=256
// Job: ShortRun(IterationCount=3, LaunchCount=1, MinIterationCount=50, WarmupCount=3)

OverheadJitting  1: 1 op, 158513.00 ns, 158.5130 us/op
WorkloadJitting  1: 1 op, 17759157.00 ns, 17.7592 ms/op

OverheadJitting  2: 16 op, 334912.00 ns, 20.9320 us/op
WorkloadJitting  2: 16 op, 27030284.00 ns, 1.6894 ms/op

WorkloadPilot    1: 16 op, 24830924.00 ns, 1.5519 ms/op
WorkloadPilot    2: 32 op, 47137759.00 ns, 1.4731 ms/op
WorkloadPilot    3: 64 op, 90223011.00 ns, 1.4097 ms/op
WorkloadPilot    4: 128 op, 133643987.00 ns, 1.0441 ms/op
WorkloadPilot    5: 256 op, 194322078.00 ns, 759.0706 us/op
WorkloadPilot    6: 512 op, 285217323.00 ns, 557.0651 us/op
WorkloadPilot    7: 1024 op, 552849039.00 ns, 539.8916 us/op

OverheadWarmup   1: 1024 op, 5082.00 ns, 4.9629 ns/op
OverheadWarmup   2: 1024 op, 4070.00 ns, 3.9746 ns/op
OverheadWarmup   3: 1024 op, 4046.00 ns, 3.9512 ns/op
OverheadWarmup   4: 1024 op, 4049.00 ns, 3.9541 ns/op
OverheadWarmup   5: 1024 op, 4163.00 ns, 4.0654 ns/op
OverheadWarmup   6: 1024 op, 4053.00 ns, 3.9580 ns/op
OverheadWarmup   7: 1024 op, 4170.00 ns, 4.0723 ns/op
OverheadWarmup   8: 1024 op, 4028.00 ns, 3.9336 ns/op

OverheadActual   1: 1024 op, 4272.00 ns, 4.1719 ns/op
OverheadActual   2: 1024 op, 4008.00 ns, 3.9141 ns/op
OverheadActual   3: 1024 op, 4060.00 ns, 3.9648 ns/op
OverheadActual   4: 1024 op, 4128.00 ns, 4.0313 ns/op
OverheadActual   5: 1024 op, 3982.00 ns, 3.8887 ns/op
OverheadActual   6: 1024 op, 4079.00 ns, 3.9834 ns/op
OverheadActual   7: 1024 op, 20277.00 ns, 19.8018 ns/op
OverheadActual   8: 1024 op, 4063.00 ns, 3.9678 ns/op
OverheadActual   9: 1024 op, 4052.00 ns, 3.9570 ns/op
OverheadActual  10: 1024 op, 4158.00 ns, 4.0605 ns/op
OverheadActual  11: 1024 op, 4073.00 ns, 3.9775 ns/op
OverheadActual  12: 1024 op, 4111.00 ns, 4.0146 ns/op
OverheadActual  13: 1024 op, 4140.00 ns, 4.0430 ns/op
OverheadActual  14: 1024 op, 4115.00 ns, 4.0186 ns/op
OverheadActual  15: 1024 op, 4036.00 ns, 3.9414 ns/op
OverheadActual  16: 1024 op, 3990.00 ns, 3.8965 ns/op
OverheadActual  17: 1024 op, 4051.00 ns, 3.9561 ns/op
OverheadActual  18: 1024 op, 4280.00 ns, 4.1797 ns/op
OverheadActual  19: 1024 op, 4199.00 ns, 4.1006 ns/op
OverheadActual  20: 1024 op, 4208.00 ns, 4.1094 ns/op

WorkloadWarmup   1: 1024 op, 555546501.00 ns, 542.5259 us/op
WorkloadWarmup   2: 1024 op, 557104926.00 ns, 544.0478 us/op
WorkloadWarmup   3: 1024 op, 554452515.00 ns, 541.4575 us/op

// BeforeActualRun
WorkloadActual   1: 1024 op, 552615816.00 ns, 539.6639 us/op
WorkloadActual   2: 1024 op, 555251807.00 ns, 542.2381 us/op
WorkloadActual   3: 1024 op, 555983038.00 ns, 542.9522 us/op

// AfterActualRun
WorkloadResult   1: 1024 op, 552611721.00 ns, 539.6599 us/op
WorkloadResult   2: 1024 op, 555247712.00 ns, 542.2341 us/op
WorkloadResult   3: 1024 op, 555978943.00 ns, 542.9482 us/op
// GC:  110 44 0 921198592 1024
// Threading:  0 0 1024

// AfterAll
// Benchmark Process 1091 has exited with code 0.

Mean = 541.614 us, StdErr = 0.999 us (0.18%), N = 3, StdDev = 1.730 us
Min = 539.660 us, Q1 = 540.947 us, Median = 542.234 us, Q3 = 542.591 us, Max = 542.948 us
IQR = 1.644 us, LowerFence = 538.481 us, UpperFence = 545.057 us
ConfidenceInterval = [510.059 us; 573.169 us] (CI 99.9%), Margin = 31.555 us (5.83% of Mean)
Skewness = -0.31, Kurtosis = 0.67, MValue = 2

// ** Remained 33 (37.1 %) benchmark(s) to run. Estimated finish 2026-10-08 2:10 (0h 3m from now) **
// **************************
// Benchmark: PlutusUseCasesBenchmarks.DecodeAndEval: ShortRun(IterationCount=3, LaunchCount=1, MinIterationCount=50, WarmupCount=3) [Script=multisig-sm-04]
// *** Execute ***
// Launch: 1 / 1
// Execute: dotnet PlutusBench-ShortRun-1.dll --anonymousPipes 113 114 --benchmarkName "PlutusUseCasesBenchmarks.DecodeAndEval(Script: \"multisig-sm-04\")" --job ShortRun --benchmarkId 56 in /bench/chrysalis/benchmarks/PlutusBench/bin/Release/net10.0/PlutusBench-ShortRun-1/bin/Release/net10.0
// BeforeAnythingElse

// Benchmark Process Environment Information:
// BenchmarkDotNet v0.15.8
// Runtime=.NET 10.0.12 (10.0.12, 10.0.1226.42308), X64 RyuJIT x86-64-v4
// GC=Concurrent Workstation
// HardwareIntrinsics=AVX512 BITALG+VBMI2+VNNI+VPOPCNTDQ,AVX512 IFMA+VBMI,AVX512 F+BW+CD+DQ+VL,AVX2+BMI1+BMI2+F16C+FMA+LZCNT+MOVBE,AVX,SSE3+SSSE3+SSE4.1+SSE4.2+POPCNT,X86Base+SSE+SSE2,AES+PCLMUL VectorSize=256
// Job: ShortRun(IterationCount=3, LaunchCount=1, MinIterationCount=50, WarmupCount=3)

OverheadJitting  1: 1 op, 154013.00 ns, 154.0130 us/op
WorkloadJitting  1: 1 op, 17923627.00 ns, 17.9236 ms/op

OverheadJitting  2: 16 op, 328747.00 ns, 20.5467 us/op
WorkloadJitting  2: 16 op, 26433776.00 ns, 1.6521 ms/op

WorkloadPilot    1: 16 op, 24675006.00 ns, 1.5422 ms/op
WorkloadPilot    2: 32 op, 47985611.00 ns, 1.4996 ms/op
WorkloadPilot    3: 64 op, 91169398.00 ns, 1.4245 ms/op
WorkloadPilot    4: 128 op, 192482433.00 ns, 1.5038 ms/op
WorkloadPilot    5: 256 op, 184411472.00 ns, 720.3573 us/op
WorkloadPilot    6: 512 op, 273703712.00 ns, 534.5776 us/op
WorkloadPilot    7: 1024 op, 583940966.00 ns, 570.2548 us/op

OverheadWarmup   1: 1024 op, 5134.00 ns, 5.0137 ns/op
OverheadWarmup   2: 1024 op, 3937.00 ns, 3.8447 ns/op
OverheadWarmup   3: 1024 op, 3921.00 ns, 3.8291 ns/op
OverheadWarmup   4: 1024 op, 4062.00 ns, 3.9668 ns/op
OverheadWarmup   5: 1024 op, 3845.00 ns, 3.7549 ns/op
OverheadWarmup   6: 1024 op, 3821.00 ns, 3.7314 ns/op
OverheadWarmup   7: 1024 op, 3823.00 ns, 3.7334 ns/op
OverheadWarmup   8: 1024 op, 3913.00 ns, 3.8213 ns/op
OverheadWarmup   9: 1024 op, 3864.00 ns, 3.7734 ns/op

OverheadActual   1: 1024 op, 4108.00 ns, 4.0117 ns/op
OverheadActual   2: 1024 op, 4009.00 ns, 3.9150 ns/op
OverheadActual   3: 1024 op, 4113.00 ns, 4.0166 ns/op
OverheadActual   4: 1024 op, 3965.00 ns, 3.8721 ns/op
OverheadActual   5: 1024 op, 4054.00 ns, 3.9590 ns/op
OverheadActual   6: 1024 op, 3995.00 ns, 3.9014 ns/op
OverheadActual   7: 1024 op, 3909.00 ns, 3.8174 ns/op
OverheadActual   8: 1024 op, 3968.00 ns, 3.8750 ns/op
OverheadActual   9: 1024 op, 3895.00 ns, 3.8037 ns/op
OverheadActual  10: 1024 op, 3881.00 ns, 3.7900 ns/op
OverheadActual  11: 1024 op, 4044.00 ns, 3.9492 ns/op
OverheadActual  12: 1024 op, 3868.00 ns, 3.7773 ns/op
OverheadActual  13: 1024 op, 3809.00 ns, 3.7197 ns/op
OverheadActual  14: 1024 op, 3793.00 ns, 3.7041 ns/op
OverheadActual  15: 1024 op, 3936.00 ns, 3.8438 ns/op
OverheadActual  16: 1024 op, 3802.00 ns, 3.7129 ns/op
OverheadActual  17: 1024 op, 3897.00 ns, 3.8057 ns/op
OverheadActual  18: 1024 op, 4005.00 ns, 3.9111 ns/op
OverheadActual  19: 1024 op, 3846.00 ns, 3.7559 ns/op
OverheadActual  20: 1024 op, 3985.00 ns, 3.8916 ns/op

WorkloadWarmup   1: 1024 op, 701505792.00 ns, 685.0643 us/op
WorkloadWarmup   2: 1024 op, 703719459.00 ns, 687.2260 us/op
WorkloadWarmup   3: 1024 op, 647887933.00 ns, 632.7031 us/op

// BeforeActualRun
WorkloadActual   1: 1024 op, 546886059.00 ns, 534.0684 us/op
WorkloadActual   2: 1024 op, 546875638.00 ns, 534.0582 us/op
WorkloadActual   3: 1024 op, 548130901.00 ns, 535.2841 us/op

// AfterActualRun
WorkloadResult   1: 1024 op, 546882108.50 ns, 534.0646 us/op
WorkloadResult   2: 1024 op, 546871687.50 ns, 534.0544 us/op
WorkloadResult   3: 1024 op, 548126950.50 ns, 535.2802 us/op
// GC:  110 53 0 926638080 1024
// Threading:  0 0 1024

// AfterAll
// Benchmark Process 1099 has exited with code 0.

Mean = 534.466 us, StdErr = 0.407 us (0.08%), N = 3, StdDev = 0.705 us
Min = 534.054 us, Q1 = 534.059 us, Median = 534.065 us, Q3 = 534.672 us, Max = 535.280 us
IQR = 0.613 us, LowerFence = 533.140 us, UpperFence = 535.592 us
ConfidenceInterval = [521.608 us; 547.325 us] (CI 99.9%), Margin = 12.859 us (2.41% of Mean)
Skewness = 0.38, Kurtosis = 0.67, MValue = 2

// ** Remained 32 (36.0 %) benchmark(s) to run. Estimated finish 2026-10-08 2:10 (0h 3m from now) **
// **************************
// Benchmark: PlutusUseCasesBenchmarks.DecodeAndEval: ShortRun(IterationCount=3, LaunchCount=1, MinIterationCount=50, WarmupCount=3) [Script=multisig-sm-05]
// *** Execute ***
// Launch: 1 / 1
// Execute: dotnet PlutusBench-ShortRun-1.dll --anonymousPipes 113 114 --benchmarkName "PlutusUseCasesBenchmarks.DecodeAndEval(Script: \"multisig-sm-05\")" --job ShortRun --benchmarkId 57 in /bench/chrysalis/benchmarks/PlutusBench/bin/Release/net10.0/PlutusBench-ShortRun-1/bin/Release/net10.0
// BeforeAnythingElse

// Benchmark Process Environment Information:
// BenchmarkDotNet v0.15.8
// Runtime=.NET 10.0.12 (10.0.12, 10.0.1226.42308), X64 RyuJIT x86-64-v4
// GC=Concurrent Workstation
// HardwareIntrinsics=AVX512 BITALG+VBMI2+VNNI+VPOPCNTDQ,AVX512 IFMA+VBMI,AVX512 F+BW+CD+DQ+VL,AVX2+BMI1+BMI2+F16C+FMA+LZCNT+MOVBE,AVX,SSE3+SSSE3+SSE4.1+SSE4.2+POPCNT,X86Base+SSE+SSE2,AES+PCLMUL VectorSize=256
// Job: ShortRun(IterationCount=3, LaunchCount=1, MinIterationCount=50, WarmupCount=3)

OverheadJitting  1: 1 op, 158190.00 ns, 158.1900 us/op
WorkloadJitting  1: 1 op, 18375484.00 ns, 18.3755 ms/op

OverheadJitting  2: 16 op, 337815.00 ns, 21.1134 us/op
WorkloadJitting  2: 16 op, 34731680.00 ns, 2.1707 ms/op

WorkloadPilot    1: 16 op, 34027435.00 ns, 2.1267 ms/op
WorkloadPilot    2: 32 op, 63108980.00 ns, 1.9722 ms/op
WorkloadPilot    3: 64 op, 113283309.00 ns, 1.7701 ms/op
WorkloadPilot    4: 128 op, 141258343.00 ns, 1.1036 ms/op
WorkloadPilot    5: 256 op, 207237938.00 ns, 809.5232 us/op
WorkloadPilot    6: 512 op, 360577352.00 ns, 704.2526 us/op
WorkloadPilot    7: 1024 op, 717409194.00 ns, 700.5949 us/op

OverheadWarmup   1: 1024 op, 4902.00 ns, 4.7871 ns/op
OverheadWarmup   2: 1024 op, 4161.00 ns, 4.0635 ns/op
OverheadWarmup   3: 1024 op, 4176.00 ns, 4.0781 ns/op
OverheadWarmup   4: 1024 op, 4104.00 ns, 4.0078 ns/op
OverheadWarmup   5: 1024 op, 4150.00 ns, 4.0527 ns/op
OverheadWarmup   6: 1024 op, 4117.00 ns, 4.0205 ns/op

OverheadActual   1: 1024 op, 4121.00 ns, 4.0244 ns/op
OverheadActual   2: 1024 op, 4114.00 ns, 4.0176 ns/op
OverheadActual   3: 1024 op, 4091.00 ns, 3.9951 ns/op
OverheadActual   4: 1024 op, 4169.00 ns, 4.0713 ns/op
OverheadActual   5: 1024 op, 4079.00 ns, 3.9834 ns/op
OverheadActual   6: 1024 op, 4176.00 ns, 4.0781 ns/op
OverheadActual   7: 1024 op, 4195.00 ns, 4.0967 ns/op
OverheadActual   8: 1024 op, 4163.00 ns, 4.0654 ns/op
OverheadActual   9: 1024 op, 4227.00 ns, 4.1279 ns/op
OverheadActual  10: 1024 op, 4196.00 ns, 4.0977 ns/op
OverheadActual  11: 1024 op, 4212.00 ns, 4.1133 ns/op
OverheadActual  12: 1024 op, 4265.00 ns, 4.1650 ns/op
OverheadActual  13: 1024 op, 4171.00 ns, 4.0732 ns/op
OverheadActual  14: 1024 op, 4161.00 ns, 4.0635 ns/op
OverheadActual  15: 1024 op, 4085.00 ns, 3.9893 ns/op
OverheadActual  16: 1024 op, 4104.00 ns, 4.0078 ns/op
OverheadActual  17: 1024 op, 4154.00 ns, 4.0566 ns/op
OverheadActual  18: 1024 op, 4227.00 ns, 4.1279 ns/op
OverheadActual  19: 1024 op, 4280.00 ns, 4.1797 ns/op
OverheadActual  20: 1024 op, 4179.00 ns, 4.0811 ns/op

WorkloadWarmup   1: 1024 op, 724129111.00 ns, 707.1573 us/op
WorkloadWarmup   2: 1024 op, 720418024.00 ns, 703.5332 us/op
WorkloadWarmup   3: 1024 op, 717478808.00 ns, 700.6629 us/op

// BeforeActualRun
WorkloadActual   1: 1024 op, 721989802.00 ns, 705.0682 us/op
WorkloadActual   2: 1024 op, 720816319.00 ns, 703.9222 us/op
WorkloadActual   3: 1024 op, 722031101.00 ns, 705.1085 us/op

// AfterActualRun
WorkloadResult   1: 1024 op, 721985632.00 ns, 705.0641 us/op
WorkloadResult   2: 1024 op, 720812149.00 ns, 703.9181 us/op
WorkloadResult   3: 1024 op, 722026931.00 ns, 705.1044 us/op
// GC:  135 61 0 1134215168 1024
// Threading:  0 0 1024

// AfterAll
// Benchmark Process 1107 has exited with code 0.

Mean = 704.696 us, StdErr = 0.389 us (0.06%), N = 3, StdDev = 0.674 us
Min = 703.918 us, Q1 = 704.491 us, Median = 705.064 us, Q3 = 705.084 us, Max = 705.104 us
IQR = 0.593 us, LowerFence = 703.601 us, UpperFence = 705.974 us
ConfidenceInterval = [692.407 us; 716.984 us] (CI 99.9%), Margin = 12.289 us (1.74% of Mean)
Skewness = -0.38, Kurtosis = 0.67, MValue = 2

// ** Remained 31 (34.8 %) benchmark(s) to run. Estimated finish 2026-10-08 2:10 (0h 3m from now) **
// **************************
// Benchmark: PlutusUseCasesBenchmarks.DecodeAndEval: ShortRun(IterationCount=3, LaunchCount=1, MinIterationCount=50, WarmupCount=3) [Script=multisig-sm-06]
// *** Execute ***
// Launch: 1 / 1
// Execute: dotnet PlutusBench-ShortRun-1.dll --anonymousPipes 113 114 --benchmarkName "PlutusUseCasesBenchmarks.DecodeAndEval(Script: \"multisig-sm-06\")" --job ShortRun --benchmarkId 58 in /bench/chrysalis/benchmarks/PlutusBench/bin/Release/net10.0/PlutusBench-ShortRun-1/bin/Release/net10.0
// BeforeAnythingElse

// Benchmark Process Environment Information:
// BenchmarkDotNet v0.15.8
// Runtime=.NET 10.0.12 (10.0.12, 10.0.1226.42308), X64 RyuJIT x86-64-v4
// GC=Concurrent Workstation
// HardwareIntrinsics=AVX512 BITALG+VBMI2+VNNI+VPOPCNTDQ,AVX512 IFMA+VBMI,AVX512 F+BW+CD+DQ+VL,AVX2+BMI1+BMI2+F16C+FMA+LZCNT+MOVBE,AVX,SSE3+SSSE3+SSE4.1+SSE4.2+POPCNT,X86Base+SSE+SSE2,AES+PCLMUL VectorSize=256
// Job: ShortRun(IterationCount=3, LaunchCount=1, MinIterationCount=50, WarmupCount=3)

OverheadJitting  1: 1 op, 159623.00 ns, 159.6230 us/op
WorkloadJitting  1: 1 op, 18170346.00 ns, 18.1703 ms/op

OverheadJitting  2: 16 op, 329103.00 ns, 20.5689 us/op
WorkloadJitting  2: 16 op, 26411613.00 ns, 1.6507 ms/op

WorkloadPilot    1: 16 op, 24815165.00 ns, 1.5509 ms/op
WorkloadPilot    2: 32 op, 47344357.00 ns, 1.4795 ms/op
WorkloadPilot    3: 64 op, 90564823.00 ns, 1.4151 ms/op
WorkloadPilot    4: 128 op, 127964132.00 ns, 999.7198 us/op
WorkloadPilot    5: 256 op, 192430653.00 ns, 751.6822 us/op
WorkloadPilot    6: 512 op, 274024553.00 ns, 535.2042 us/op
WorkloadPilot    7: 1024 op, 546592964.00 ns, 533.7822 us/op

OverheadWarmup   1: 1024 op, 5014.00 ns, 4.8965 ns/op
OverheadWarmup   2: 1024 op, 4083.00 ns, 3.9873 ns/op
OverheadWarmup   3: 1024 op, 4055.00 ns, 3.9600 ns/op
OverheadWarmup   4: 1024 op, 3995.00 ns, 3.9014 ns/op
OverheadWarmup   5: 1024 op, 4109.00 ns, 4.0127 ns/op
OverheadWarmup   6: 1024 op, 4074.00 ns, 3.9785 ns/op
OverheadWarmup   7: 1024 op, 3956.00 ns, 3.8633 ns/op
OverheadWarmup   8: 1024 op, 3981.00 ns, 3.8877 ns/op
OverheadWarmup   9: 1024 op, 17525.00 ns, 17.1143 ns/op
OverheadWarmup  10: 1024 op, 4171.00 ns, 4.0732 ns/op

OverheadActual   1: 1024 op, 4152.00 ns, 4.0547 ns/op
OverheadActual   2: 1024 op, 4270.00 ns, 4.1699 ns/op
OverheadActual   3: 1024 op, 4032.00 ns, 3.9375 ns/op
OverheadActual   4: 1024 op, 4141.00 ns, 4.0439 ns/op
OverheadActual   5: 1024 op, 4053.00 ns, 3.9580 ns/op
OverheadActual   6: 1024 op, 4169.00 ns, 4.0713 ns/op
OverheadActual   7: 1024 op, 4088.00 ns, 3.9922 ns/op
OverheadActual   8: 1024 op, 4127.00 ns, 4.0303 ns/op
OverheadActual   9: 1024 op, 4099.00 ns, 4.0029 ns/op
OverheadActual  10: 1024 op, 4163.00 ns, 4.0654 ns/op
OverheadActual  11: 1024 op, 4181.00 ns, 4.0830 ns/op
OverheadActual  12: 1024 op, 4170.00 ns, 4.0723 ns/op
OverheadActual  13: 1024 op, 4144.00 ns, 4.0469 ns/op
OverheadActual  14: 1024 op, 4199.00 ns, 4.1006 ns/op
OverheadActual  15: 1024 op, 4197.00 ns, 4.0986 ns/op
OverheadActual  16: 1024 op, 4201.00 ns, 4.1025 ns/op
OverheadActual  17: 1024 op, 4079.00 ns, 3.9834 ns/op
OverheadActual  18: 1024 op, 4195.00 ns, 4.0967 ns/op
OverheadActual  19: 1024 op, 4170.00 ns, 4.0723 ns/op
OverheadActual  20: 1024 op, 4067.00 ns, 3.9717 ns/op

WorkloadWarmup   1: 1024 op, 552171723.00 ns, 539.2302 us/op
WorkloadWarmup   2: 1024 op, 549266419.00 ns, 536.3930 us/op
WorkloadWarmup   3: 1024 op, 546285301.00 ns, 533.4817 us/op

// BeforeActualRun
WorkloadActual   1: 1024 op, 547204200.00 ns, 534.3791 us/op
WorkloadActual   2: 1024 op, 548876687.00 ns, 536.0124 us/op
WorkloadActual   3: 1024 op, 548715890.00 ns, 535.8554 us/op

// AfterActualRun
WorkloadResult   1: 1024 op, 547200042.50 ns, 534.3750 us/op
WorkloadResult   2: 1024 op, 548872529.50 ns, 536.0083 us/op
WorkloadResult   3: 1024 op, 548711732.50 ns, 535.8513 us/op
// GC:  111 47 0 929644544 1024
// Threading:  0 0 1024

// AfterAll
// Benchmark Process 1118 has exited with code 0.

Mean = 535.412 us, StdErr = 0.520 us (0.10%), N = 3, StdDev = 0.901 us
Min = 534.375 us, Q1 = 535.113 us, Median = 535.851 us, Q3 = 535.930 us, Max = 536.008 us
IQR = 0.817 us, LowerFence = 533.888 us, UpperFence = 537.155 us
ConfidenceInterval = [518.973 us; 551.851 us] (CI 99.9%), Margin = 16.439 us (3.07% of Mean)
Skewness = -0.37, Kurtosis = 0.67, MValue = 2

// ** Remained 30 (33.7 %) benchmark(s) to run. Estimated finish 2026-10-08 2:10 (0h 3m from now) **
// **************************
// Benchmark: PlutusUseCasesBenchmarks.DecodeAndEval: ShortRun(IterationCount=3, LaunchCount=1, MinIterationCount=50, WarmupCount=3) [Script=multisig-sm-07]
// *** Execute ***
// Launch: 1 / 1
// Execute: dotnet PlutusBench-ShortRun-1.dll --anonymousPipes 113 114 --benchmarkName "PlutusUseCasesBenchmarks.DecodeAndEval(Script: \"multisig-sm-07\")" --job ShortRun --benchmarkId 59 in /bench/chrysalis/benchmarks/PlutusBench/bin/Release/net10.0/PlutusBench-ShortRun-1/bin/Release/net10.0
// BeforeAnythingElse

// Benchmark Process Environment Information:
// BenchmarkDotNet v0.15.8
// Runtime=.NET 10.0.12 (10.0.12, 10.0.1226.42308), X64 RyuJIT x86-64-v4
// GC=Concurrent Workstation
// HardwareIntrinsics=AVX512 BITALG+VBMI2+VNNI+VPOPCNTDQ,AVX512 IFMA+VBMI,AVX512 F+BW+CD+DQ+VL,AVX2+BMI1+BMI2+F16C+FMA+LZCNT+MOVBE,AVX,SSE3+SSSE3+SSE4.1+SSE4.2+POPCNT,X86Base+SSE+SSE2,AES+PCLMUL VectorSize=256
// Job: ShortRun(IterationCount=3, LaunchCount=1, MinIterationCount=50, WarmupCount=3)

OverheadJitting  1: 1 op, 152843.00 ns, 152.8430 us/op
WorkloadJitting  1: 1 op, 17800591.00 ns, 17.8006 ms/op

OverheadJitting  2: 16 op, 324518.00 ns, 20.2824 us/op
WorkloadJitting  2: 16 op, 26068058.00 ns, 1.6293 ms/op

WorkloadPilot    1: 16 op, 24148105.00 ns, 1.5093 ms/op
WorkloadPilot    2: 32 op, 47344533.00 ns, 1.4795 ms/op
WorkloadPilot    3: 64 op, 89194610.00 ns, 1.3937 ms/op
WorkloadPilot    4: 128 op, 132175922.00 ns, 1.0326 ms/op
WorkloadPilot    5: 256 op, 154722863.00 ns, 604.3862 us/op
WorkloadPilot    6: 512 op, 273011253.00 ns, 533.2251 us/op
WorkloadPilot    7: 1024 op, 545162272.00 ns, 532.3850 us/op

OverheadWarmup   1: 1024 op, 5232.00 ns, 5.1094 ns/op
OverheadWarmup   2: 1024 op, 4572.00 ns, 4.4648 ns/op
OverheadWarmup   3: 1024 op, 4286.00 ns, 4.1855 ns/op
OverheadWarmup   4: 1024 op, 4526.00 ns, 4.4199 ns/op
OverheadWarmup   5: 1024 op, 4650.00 ns, 4.5410 ns/op
OverheadWarmup   6: 1024 op, 20171.00 ns, 19.6982 ns/op
OverheadWarmup   7: 1024 op, 4320.00 ns, 4.2188 ns/op
OverheadWarmup   8: 1024 op, 4526.00 ns, 4.4199 ns/op
OverheadWarmup   9: 1024 op, 4755.00 ns, 4.6436 ns/op
OverheadWarmup  10: 1024 op, 4885.00 ns, 4.7705 ns/op

OverheadActual   1: 1024 op, 4581.00 ns, 4.4736 ns/op
OverheadActual   2: 1024 op, 4512.00 ns, 4.4063 ns/op
OverheadActual   3: 1024 op, 4225.00 ns, 4.1260 ns/op
OverheadActual   4: 1024 op, 4647.00 ns, 4.5381 ns/op
OverheadActual   5: 1024 op, 4459.00 ns, 4.3545 ns/op
OverheadActual   6: 1024 op, 4388.00 ns, 4.2852 ns/op
OverheadActual   7: 1024 op, 4257.00 ns, 4.1572 ns/op
OverheadActual   8: 1024 op, 4474.00 ns, 4.3691 ns/op
OverheadActual   9: 1024 op, 4413.00 ns, 4.3096 ns/op
OverheadActual  10: 1024 op, 4596.00 ns, 4.4883 ns/op
OverheadActual  11: 1024 op, 4515.00 ns, 4.4092 ns/op
OverheadActual  12: 1024 op, 4684.00 ns, 4.5742 ns/op
OverheadActual  13: 1024 op, 4658.00 ns, 4.5488 ns/op
OverheadActual  14: 1024 op, 4494.00 ns, 4.3887 ns/op
OverheadActual  15: 1024 op, 4591.00 ns, 4.4834 ns/op
OverheadActual  16: 1024 op, 4423.00 ns, 4.3193 ns/op
OverheadActual  17: 1024 op, 4569.00 ns, 4.4619 ns/op
OverheadActual  18: 1024 op, 4529.00 ns, 4.4229 ns/op
OverheadActual  19: 1024 op, 4571.00 ns, 4.4639 ns/op
OverheadActual  20: 1024 op, 4559.00 ns, 4.4521 ns/op

WorkloadWarmup   1: 1024 op, 549342859.00 ns, 536.4676 us/op
WorkloadWarmup   2: 1024 op, 551661065.00 ns, 538.7315 us/op
WorkloadWarmup   3: 1024 op, 547009814.00 ns, 534.1893 us/op

// BeforeActualRun
WorkloadActual   1: 1024 op, 546829541.00 ns, 534.0132 us/op
WorkloadActual   2: 1024 op, 550966375.00 ns, 538.0531 us/op
WorkloadActual   3: 1024 op, 549175077.00 ns, 536.3038 us/op

// AfterActualRun
WorkloadResult   1: 1024 op, 546825019.00 ns, 534.0088 us/op
WorkloadResult   2: 1024 op, 550961853.00 ns, 538.0487 us/op
WorkloadResult   3: 1024 op, 549170555.00 ns, 536.2994 us/op
// GC:  109 39 0 915513344 1024
// Threading:  0 0 1024

// AfterAll
// Benchmark Process 1126 has exited with code 0.

Mean = 536.119 us, StdErr = 1.170 us (0.22%), N = 3, StdDev = 2.026 us
Min = 534.009 us, Q1 = 535.154 us, Median = 536.299 us, Q3 = 537.174 us, Max = 538.049 us
IQR = 2.020 us, LowerFence = 532.124 us, UpperFence = 540.204 us
ConfidenceInterval = [499.158 us; 573.080 us] (CI 99.9%), Margin = 36.961 us (6.89% of Mean)
Skewness = -0.09, Kurtosis = 0.67, MValue = 2

// ** Remained 29 (32.6 %) benchmark(s) to run. Estimated finish 2026-10-08 2:10 (0h 3m from now) **
// **************************
// Benchmark: PlutusUseCasesBenchmarks.DecodeAndEval: ShortRun(IterationCount=3, LaunchCount=1, MinIterationCount=50, WarmupCount=3) [Script=multisig-sm-08]
// *** Execute ***
// Launch: 1 / 1
// Execute: dotnet PlutusBench-ShortRun-1.dll --anonymousPipes 113 114 --benchmarkName "PlutusUseCasesBenchmarks.DecodeAndEval(Script: \"multisig-sm-08\")" --job ShortRun --benchmarkId 60 in /bench/chrysalis/benchmarks/PlutusBench/bin/Release/net10.0/PlutusBench-ShortRun-1/bin/Release/net10.0
// BeforeAnythingElse

// Benchmark Process Environment Information:
// BenchmarkDotNet v0.15.8
// Runtime=.NET 10.0.12 (10.0.12, 10.0.1226.42308), X64 RyuJIT x86-64-v4
// GC=Concurrent Workstation
// HardwareIntrinsics=AVX512 BITALG+VBMI2+VNNI+VPOPCNTDQ,AVX512 IFMA+VBMI,AVX512 F+BW+CD+DQ+VL,AVX2+BMI1+BMI2+F16C+FMA+LZCNT+MOVBE,AVX,SSE3+SSSE3+SSE4.1+SSE4.2+POPCNT,X86Base+SSE+SSE2,AES+PCLMUL VectorSize=256
// Job: ShortRun(IterationCount=3, LaunchCount=1, MinIterationCount=50, WarmupCount=3)

OverheadJitting  1: 1 op, 152154.00 ns, 152.1540 us/op
WorkloadJitting  1: 1 op, 19045721.00 ns, 19.0457 ms/op

OverheadJitting  2: 16 op, 328888.00 ns, 20.5555 us/op
WorkloadJitting  2: 16 op, 26747600.00 ns, 1.6717 ms/op

WorkloadPilot    1: 16 op, 24670935.00 ns, 1.5419 ms/op
WorkloadPilot    2: 32 op, 46695527.00 ns, 1.4592 ms/op
WorkloadPilot    3: 64 op, 89009534.00 ns, 1.3908 ms/op
WorkloadPilot    4: 128 op, 166060086.00 ns, 1.2973 ms/op
WorkloadPilot    5: 256 op, 180361312.00 ns, 704.5364 us/op
WorkloadPilot    6: 512 op, 274895757.00 ns, 536.9058 us/op
WorkloadPilot    7: 1024 op, 543196945.00 ns, 530.4658 us/op

OverheadWarmup   1: 1024 op, 5237.00 ns, 5.1143 ns/op
OverheadWarmup   2: 1024 op, 4223.00 ns, 4.1240 ns/op
OverheadWarmup   3: 1024 op, 4126.00 ns, 4.0293 ns/op
OverheadWarmup   4: 1024 op, 4177.00 ns, 4.0791 ns/op
OverheadWarmup   5: 1024 op, 4290.00 ns, 4.1895 ns/op
OverheadWarmup   6: 1024 op, 4121.00 ns, 4.0244 ns/op
OverheadWarmup   7: 1024 op, 4120.00 ns, 4.0234 ns/op
OverheadWarmup   8: 1024 op, 4248.00 ns, 4.1484 ns/op
OverheadWarmup   9: 1024 op, 4251.00 ns, 4.1514 ns/op
OverheadWarmup  10: 1024 op, 4220.00 ns, 4.1211 ns/op

OverheadActual   1: 1024 op, 4151.00 ns, 4.0537 ns/op
OverheadActual   2: 1024 op, 4051.00 ns, 3.9561 ns/op
OverheadActual   3: 1024 op, 3972.00 ns, 3.8789 ns/op
OverheadActual   4: 1024 op, 4337.00 ns, 4.2354 ns/op
OverheadActual   5: 1024 op, 4162.00 ns, 4.0645 ns/op
OverheadActual   6: 1024 op, 4307.00 ns, 4.2061 ns/op
OverheadActual   7: 1024 op, 4221.00 ns, 4.1221 ns/op
OverheadActual   8: 1024 op, 4243.00 ns, 4.1436 ns/op
OverheadActual   9: 1024 op, 4363.00 ns, 4.2607 ns/op
OverheadActual  10: 1024 op, 4317.00 ns, 4.2158 ns/op
OverheadActual  11: 1024 op, 4343.00 ns, 4.2412 ns/op
OverheadActual  12: 1024 op, 4282.00 ns, 4.1816 ns/op
OverheadActual  13: 1024 op, 4265.00 ns, 4.1650 ns/op
OverheadActual  14: 1024 op, 4291.00 ns, 4.1904 ns/op
OverheadActual  15: 1024 op, 4256.00 ns, 4.1563 ns/op
OverheadActual  16: 1024 op, 4262.00 ns, 4.1621 ns/op
OverheadActual  17: 1024 op, 4236.00 ns, 4.1367 ns/op
OverheadActual  18: 1024 op, 4250.00 ns, 4.1504 ns/op
OverheadActual  19: 1024 op, 4189.00 ns, 4.0908 ns/op
OverheadActual  20: 1024 op, 4234.00 ns, 4.1348 ns/op

WorkloadWarmup   1: 1024 op, 546584103.00 ns, 533.7735 us/op
WorkloadWarmup   2: 1024 op, 546836182.00 ns, 534.0197 us/op
WorkloadWarmup   3: 1024 op, 540867870.00 ns, 528.1913 us/op

// BeforeActualRun
WorkloadActual   1: 1024 op, 545175436.00 ns, 532.3979 us/op
WorkloadActual   2: 1024 op, 544088928.00 ns, 531.3368 us/op
WorkloadActual   3: 1024 op, 546625738.00 ns, 533.8142 us/op

// AfterActualRun
WorkloadResult   1: 1024 op, 545171183.00 ns, 532.3937 us/op
WorkloadResult   2: 1024 op, 544084675.00 ns, 531.3327 us/op
WorkloadResult   3: 1024 op, 546621485.00 ns, 533.8100 us/op
// GC:  110 43 0 920969216 1024
// Threading:  0 0 1024

// AfterAll
// Benchmark Process 1134 has exited with code 0.

Mean = 532.512 us, StdErr = 0.718 us (0.13%), N = 3, StdDev = 1.243 us
Min = 531.333 us, Q1 = 531.863 us, Median = 532.394 us, Q3 = 533.102 us, Max = 533.810 us
IQR = 1.239 us, LowerFence = 530.005 us, UpperFence = 534.960 us
ConfidenceInterval = [509.837 us; 555.188 us] (CI 99.9%), Margin = 22.675 us (4.26% of Mean)
Skewness = 0.09, Kurtosis = 0.67, MValue = 2

// ** Remained 28 (31.5 %) benchmark(s) to run. Estimated finish 2026-10-08 2:10 (0h 3m from now) **
// **************************
// Benchmark: PlutusUseCasesBenchmarks.DecodeAndEval: ShortRun(IterationCount=3, LaunchCount=1, MinIterationCount=50, WarmupCount=3) [Script=multisig-sm-09]
// *** Execute ***
// Launch: 1 / 1
// Execute: dotnet PlutusBench-ShortRun-1.dll --anonymousPipes 113 114 --benchmarkName "PlutusUseCasesBenchmarks.DecodeAndEval(Script: \"multisig-sm-09\")" --job ShortRun --benchmarkId 61 in /bench/chrysalis/benchmarks/PlutusBench/bin/Release/net10.0/PlutusBench-ShortRun-1/bin/Release/net10.0
// BeforeAnythingElse

// Benchmark Process Environment Information:
// BenchmarkDotNet v0.15.8
// Runtime=.NET 10.0.12 (10.0.12, 10.0.1226.42308), X64 RyuJIT x86-64-v4
// GC=Concurrent Workstation
// HardwareIntrinsics=AVX512 BITALG+VBMI2+VNNI+VPOPCNTDQ,AVX512 IFMA+VBMI,AVX512 F+BW+CD+DQ+VL,AVX2+BMI1+BMI2+F16C+FMA+LZCNT+MOVBE,AVX,SSE3+SSSE3+SSE4.1+SSE4.2+POPCNT,X86Base+SSE+SSE2,AES+PCLMUL VectorSize=256
// Job: ShortRun(IterationCount=3, LaunchCount=1, MinIterationCount=50, WarmupCount=3)

OverheadJitting  1: 1 op, 150703.00 ns, 150.7030 us/op
WorkloadJitting  1: 1 op, 18339023.00 ns, 18.3390 ms/op

OverheadJitting  2: 16 op, 329981.00 ns, 20.6238 us/op
WorkloadJitting  2: 16 op, 26256240.00 ns, 1.6410 ms/op

WorkloadPilot    1: 16 op, 24785458.00 ns, 1.5491 ms/op
WorkloadPilot    2: 32 op, 47016452.00 ns, 1.4693 ms/op
WorkloadPilot    3: 64 op, 90488813.00 ns, 1.4139 ms/op
WorkloadPilot    4: 128 op, 130189277.00 ns, 1.0171 ms/op
WorkloadPilot    5: 256 op, 224939384.00 ns, 878.6695 us/op
WorkloadPilot    6: 512 op, 278553107.00 ns, 544.0490 us/op
WorkloadPilot    7: 1024 op, 544945093.00 ns, 532.1729 us/op

OverheadWarmup   1: 1024 op, 4787.00 ns, 4.6748 ns/op
OverheadWarmup   2: 1024 op, 3919.00 ns, 3.8271 ns/op
OverheadWarmup   3: 1024 op, 4115.00 ns, 4.0186 ns/op
OverheadWarmup   4: 1024 op, 4256.00 ns, 4.1563 ns/op
OverheadWarmup   5: 1024 op, 4017.00 ns, 3.9229 ns/op
OverheadWarmup   6: 1024 op, 4250.00 ns, 4.1504 ns/op
OverheadWarmup   7: 1024 op, 4056.00 ns, 3.9609 ns/op

OverheadActual   1: 1024 op, 4031.00 ns, 3.9365 ns/op
OverheadActual   2: 1024 op, 4027.00 ns, 3.9326 ns/op
OverheadActual   3: 1024 op, 4032.00 ns, 3.9375 ns/op
OverheadActual   4: 1024 op, 4016.00 ns, 3.9219 ns/op
OverheadActual   5: 1024 op, 3986.00 ns, 3.8926 ns/op
OverheadActual   6: 1024 op, 4013.00 ns, 3.9189 ns/op
OverheadActual   7: 1024 op, 3982.00 ns, 3.8887 ns/op
OverheadActual   8: 1024 op, 4074.00 ns, 3.9785 ns/op
OverheadActual   9: 1024 op, 4022.00 ns, 3.9277 ns/op
OverheadActual  10: 1024 op, 4066.00 ns, 3.9707 ns/op
OverheadActual  11: 1024 op, 4137.00 ns, 4.0400 ns/op
OverheadActual  12: 1024 op, 4168.00 ns, 4.0703 ns/op
OverheadActual  13: 1024 op, 4106.00 ns, 4.0098 ns/op
OverheadActual  14: 1024 op, 4156.00 ns, 4.0586 ns/op
OverheadActual  15: 1024 op, 18255.00 ns, 17.8271 ns/op
OverheadActual  16: 1024 op, 4217.00 ns, 4.1182 ns/op
OverheadActual  17: 1024 op, 4218.00 ns, 4.1191 ns/op
OverheadActual  18: 1024 op, 4290.00 ns, 4.1895 ns/op
OverheadActual  19: 1024 op, 4126.00 ns, 4.0293 ns/op
OverheadActual  20: 1024 op, 4258.00 ns, 4.1582 ns/op

WorkloadWarmup   1: 1024 op, 547382039.00 ns, 534.5528 us/op
WorkloadWarmup   2: 1024 op, 547628870.00 ns, 534.7938 us/op
WorkloadWarmup   3: 1024 op, 543229897.00 ns, 530.4979 us/op

// BeforeActualRun
WorkloadActual   1: 1024 op, 543772756.00 ns, 531.0281 us/op
WorkloadActual   2: 1024 op, 547242872.00 ns, 534.4169 us/op
WorkloadActual   3: 1024 op, 546128533.00 ns, 533.3286 us/op

// AfterActualRun
WorkloadResult   1: 1024 op, 543768666.00 ns, 531.0241 us/op
WorkloadResult   2: 1024 op, 547238782.00 ns, 534.4129 us/op
WorkloadResult   3: 1024 op, 546124443.00 ns, 533.3247 us/op
// GC:  110 54 0 926408704 1024
// Threading:  0 0 1024

// AfterAll
// Benchmark Process 1142 has exited with code 0.

Mean = 532.921 us, StdErr = 0.999 us (0.19%), N = 3, StdDev = 1.730 us
Min = 531.024 us, Q1 = 532.174 us, Median = 533.325 us, Q3 = 533.869 us, Max = 534.413 us
IQR = 1.694 us, LowerFence = 529.633 us, UpperFence = 536.410 us
ConfidenceInterval = [501.356 us; 564.485 us] (CI 99.9%), Margin = 31.565 us (5.92% of Mean)
Skewness = -0.22, Kurtosis = 0.67, MValue = 2

// ** Remained 27 (30.3 %) benchmark(s) to run. Estimated finish 2026-10-08 2:10 (0h 3m from now) **
// **************************
// Benchmark: PlutusUseCasesBenchmarks.DecodeAndEval: ShortRun(IterationCount=3, LaunchCount=1, MinIterationCount=50, WarmupCount=3) [Script=multisig-sm-10]
// *** Execute ***
// Launch: 1 / 1
// Execute: dotnet PlutusBench-ShortRun-1.dll --anonymousPipes 113 114 --benchmarkName "PlutusUseCasesBenchmarks.DecodeAndEval(Script: \"multisig-sm-10\")" --job ShortRun --benchmarkId 62 in /bench/chrysalis/benchmarks/PlutusBench/bin/Release/net10.0/PlutusBench-ShortRun-1/bin/Release/net10.0
// BeforeAnythingElse

// Benchmark Process Environment Information:
// BenchmarkDotNet v0.15.8
// Runtime=.NET 10.0.12 (10.0.12, 10.0.1226.42308), X64 RyuJIT x86-64-v4
// GC=Concurrent Workstation
// HardwareIntrinsics=AVX512 BITALG+VBMI2+VNNI+VPOPCNTDQ,AVX512 IFMA+VBMI,AVX512 F+BW+CD+DQ+VL,AVX2+BMI1+BMI2+F16C+FMA+LZCNT+MOVBE,AVX,SSE3+SSSE3+SSE4.1+SSE4.2+POPCNT,X86Base+SSE+SSE2,AES+PCLMUL VectorSize=256
// Job: ShortRun(IterationCount=3, LaunchCount=1, MinIterationCount=50, WarmupCount=3)

OverheadJitting  1: 1 op, 151641.00 ns, 151.6410 us/op
WorkloadJitting  1: 1 op, 18571762.00 ns, 18.5718 ms/op

OverheadJitting  2: 16 op, 341049.00 ns, 21.3156 us/op
WorkloadJitting  2: 16 op, 35274821.00 ns, 2.2047 ms/op

WorkloadPilot    1: 16 op, 33130393.00 ns, 2.0706 ms/op
WorkloadPilot    2: 32 op, 61412977.00 ns, 1.9192 ms/op
WorkloadPilot    3: 64 op, 111911790.00 ns, 1.7486 ms/op
WorkloadPilot    4: 128 op, 133038525.00 ns, 1.0394 ms/op
WorkloadPilot    5: 256 op, 207472786.00 ns, 810.4406 us/op
WorkloadPilot    6: 512 op, 366033994.00 ns, 714.9101 us/op
WorkloadPilot    7: 1024 op, 731091635.00 ns, 713.9567 us/op

OverheadWarmup   1: 1024 op, 4761.00 ns, 4.6494 ns/op
OverheadWarmup   2: 1024 op, 4205.00 ns, 4.1064 ns/op
OverheadWarmup   3: 1024 op, 4137.00 ns, 4.0400 ns/op
OverheadWarmup   4: 1024 op, 4152.00 ns, 4.0547 ns/op
OverheadWarmup   5: 1024 op, 4141.00 ns, 4.0439 ns/op
OverheadWarmup   6: 1024 op, 4146.00 ns, 4.0488 ns/op
OverheadWarmup   7: 1024 op, 4079.00 ns, 3.9834 ns/op

OverheadActual   1: 1024 op, 4164.00 ns, 4.0664 ns/op
OverheadActual   2: 1024 op, 4108.00 ns, 4.0117 ns/op
OverheadActual   3: 1024 op, 4159.00 ns, 4.0615 ns/op
OverheadActual   4: 1024 op, 4175.00 ns, 4.0771 ns/op
OverheadActual   5: 1024 op, 4086.00 ns, 3.9902 ns/op
OverheadActual   6: 1024 op, 4151.00 ns, 4.0537 ns/op
OverheadActual   7: 1024 op, 19946.00 ns, 19.4785 ns/op
OverheadActual   8: 1024 op, 4256.00 ns, 4.1563 ns/op
OverheadActual   9: 1024 op, 4145.00 ns, 4.0479 ns/op
OverheadActual  10: 1024 op, 4187.00 ns, 4.0889 ns/op
OverheadActual  11: 1024 op, 4292.00 ns, 4.1914 ns/op
OverheadActual  12: 1024 op, 4284.00 ns, 4.1836 ns/op
OverheadActual  13: 1024 op, 4240.00 ns, 4.1406 ns/op
OverheadActual  14: 1024 op, 4291.00 ns, 4.1904 ns/op
OverheadActual  15: 1024 op, 4159.00 ns, 4.0615 ns/op
OverheadActual  16: 1024 op, 4282.00 ns, 4.1816 ns/op
OverheadActual  17: 1024 op, 4262.00 ns, 4.1621 ns/op
OverheadActual  18: 1024 op, 4354.00 ns, 4.2520 ns/op
OverheadActual  19: 1024 op, 4285.00 ns, 4.1846 ns/op
OverheadActual  20: 1024 op, 4274.00 ns, 4.1738 ns/op

WorkloadWarmup   1: 1024 op, 731535403.00 ns, 714.3900 us/op
WorkloadWarmup   2: 1024 op, 741940227.00 ns, 724.5510 us/op
WorkloadWarmup   3: 1024 op, 935635365.00 ns, 913.7064 us/op

// BeforeActualRun
WorkloadActual   1: 1024 op, 919715842.00 ns, 898.1600 us/op
WorkloadActual   2: 1024 op, 764041333.00 ns, 746.1341 us/op
WorkloadActual   3: 1024 op, 735190865.00 ns, 717.9598 us/op

// AfterActualRun
WorkloadResult   1: 1024 op, 919711594.00 ns, 898.1559 us/op
WorkloadResult   2: 1024 op, 764037085.00 ns, 746.1300 us/op
WorkloadResult   3: 1024 op, 735186617.00 ns, 717.9557 us/op
// GC:  135 60 0 1134100480 1024
// Threading:  0 0 1024

// AfterAll
// Benchmark Process 1150 has exited with code 0.

Mean = 787.414 us, StdErr = 55.965 us (7.11%), N = 3, StdDev = 96.934 us
Min = 717.956 us, Q1 = 732.043 us, Median = 746.130 us, Q3 = 822.143 us, Max = 898.156 us
IQR = 90.100 us, LowerFence = 596.893 us, UpperFence = 957.293 us
ConfidenceInterval = [-981.032 us; 2,555.860 us] (CI 99.9%), Margin = 1,768.446 us (224.59% of Mean)
Skewness = 0.35, Kurtosis = 0.67, MValue = 2

// ** Remained 26 (29.2 %) benchmark(s) to run. Estimated finish 2026-10-08 2:10 (0h 3m from now) **
// **************************
// Benchmark: PlutusUseCasesBenchmarks.DecodeAndEval: ShortRun(IterationCount=3, LaunchCount=1, MinIterationCount=50, WarmupCount=3) [Script=ping-pong_2-1]
// *** Execute ***
// Launch: 1 / 1
// Execute: dotnet PlutusBench-ShortRun-1.dll --anonymousPipes 113 114 --benchmarkName "PlutusUseCasesBenchmarks.DecodeAndEval(Script: \"ping-pong_2-1\")" --job ShortRun --benchmarkId 63 in /bench/chrysalis/benchmarks/PlutusBench/bin/Release/net10.0/PlutusBench-ShortRun-1/bin/Release/net10.0
// BeforeAnythingElse

// Benchmark Process Environment Information:
// BenchmarkDotNet v0.15.8
// Runtime=.NET 10.0.12 (10.0.12, 10.0.1226.42308), X64 RyuJIT x86-64-v4
// GC=Concurrent Workstation
// HardwareIntrinsics=AVX512 BITALG+VBMI2+VNNI+VPOPCNTDQ,AVX512 IFMA+VBMI,AVX512 F+BW+CD+DQ+VL,AVX2+BMI1+BMI2+F16C+FMA+LZCNT+MOVBE,AVX,SSE3+SSSE3+SSE4.1+SSE4.2+POPCNT,X86Base+SSE+SSE2,AES+PCLMUL VectorSize=256
// Job: ShortRun(IterationCount=3, LaunchCount=1, MinIterationCount=50, WarmupCount=3)

OverheadJitting  1: 1 op, 151253.00 ns, 151.2530 us/op
WorkloadJitting  1: 1 op, 15992455.00 ns, 15.9925 ms/op

OverheadJitting  2: 16 op, 332361.00 ns, 20.7726 us/op
WorkloadJitting  2: 16 op, 17302398.00 ns, 1.0814 ms/op

WorkloadPilot    1: 16 op, 14975355.00 ns, 935.9597 us/op
WorkloadPilot    2: 32 op, 28012057.00 ns, 875.3768 us/op
WorkloadPilot    3: 64 op, 53329187.00 ns, 833.2685 us/op
WorkloadPilot    4: 128 op, 112869641.00 ns, 881.7941 us/op
WorkloadPilot    5: 256 op, 168480742.00 ns, 658.1279 us/op
WorkloadPilot    6: 512 op, 164991816.00 ns, 322.2496 us/op
WorkloadPilot    7: 1024 op, 320110699.00 ns, 312.6081 us/op
WorkloadPilot    8: 2048 op, 647449250.00 ns, 316.1373 us/op

OverheadWarmup   1: 2048 op, 8951.00 ns, 4.3706 ns/op
OverheadWarmup   2: 2048 op, 16217.00 ns, 7.9185 ns/op
OverheadWarmup   3: 2048 op, 7959.00 ns, 3.8862 ns/op
OverheadWarmup   4: 2048 op, 7496.00 ns, 3.6602 ns/op
OverheadWarmup   5: 2048 op, 23911.00 ns, 11.6753 ns/op
OverheadWarmup   6: 2048 op, 8166.00 ns, 3.9873 ns/op

OverheadActual   1: 2048 op, 7388.00 ns, 3.6074 ns/op
OverheadActual   2: 2048 op, 7522.00 ns, 3.6729 ns/op
OverheadActual   3: 2048 op, 7386.00 ns, 3.6064 ns/op
OverheadActual   4: 2048 op, 7902.00 ns, 3.8584 ns/op
OverheadActual   5: 2048 op, 7842.00 ns, 3.8291 ns/op
OverheadActual   6: 2048 op, 17135.00 ns, 8.3667 ns/op
OverheadActual   7: 2048 op, 8145.00 ns, 3.9771 ns/op
OverheadActual   8: 2048 op, 8221.00 ns, 4.0142 ns/op
OverheadActual   9: 2048 op, 8280.00 ns, 4.0430 ns/op
OverheadActual  10: 2048 op, 8484.00 ns, 4.1426 ns/op
OverheadActual  11: 2048 op, 8117.00 ns, 3.9634 ns/op
OverheadActual  12: 2048 op, 8035.00 ns, 3.9233 ns/op
OverheadActual  13: 2048 op, 8430.00 ns, 4.1162 ns/op
OverheadActual  14: 2048 op, 8215.00 ns, 4.0112 ns/op
OverheadActual  15: 2048 op, 8072.00 ns, 3.9414 ns/op
OverheadActual  16: 2048 op, 7631.00 ns, 3.7261 ns/op
OverheadActual  17: 2048 op, 7896.00 ns, 3.8555 ns/op
OverheadActual  18: 2048 op, 8605.00 ns, 4.2017 ns/op
OverheadActual  19: 2048 op, 8035.00 ns, 3.9233 ns/op
OverheadActual  20: 2048 op, 8282.00 ns, 4.0439 ns/op

WorkloadWarmup   1: 2048 op, 648842853.00 ns, 316.8178 us/op
WorkloadWarmup   2: 2048 op, 645760925.00 ns, 315.3130 us/op
WorkloadWarmup   3: 2048 op, 644393117.00 ns, 314.6451 us/op

// BeforeActualRun
WorkloadActual   1: 2048 op, 642228937.00 ns, 313.5883 us/op
WorkloadActual   2: 2048 op, 644148323.00 ns, 314.5255 us/op
WorkloadActual   3: 2048 op, 648030312.00 ns, 316.4211 us/op

// AfterActualRun
WorkloadResult   1: 2048 op, 642220842.50 ns, 313.5844 us/op
WorkloadResult   2: 2048 op, 644140228.50 ns, 314.5216 us/op
WorkloadResult   3: 2048 op, 648022217.50 ns, 316.4171 us/op
// GC:  151 74 0 1268154368 2048
// Threading:  0 0 2048

// AfterAll
// Benchmark Process 1160 has exited with code 0.

Mean = 314.841 us, StdErr = 0.833 us (0.26%), N = 3, StdDev = 1.443 us
Min = 313.584 us, Q1 = 314.053 us, Median = 314.522 us, Q3 = 315.469 us, Max = 316.417 us
IQR = 1.416 us, LowerFence = 311.928 us, UpperFence = 317.594 us
ConfidenceInterval = [288.513 us; 341.169 us] (CI 99.9%), Margin = 26.328 us (8.36% of Mean)
Skewness = 0.21, Kurtosis = 0.67, MValue = 2

// ** Remained 25 (28.1 %) benchmark(s) to run. Estimated finish 2026-10-08 2:10 (0h 2m from now) **
// **************************
// Benchmark: PlutusUseCasesBenchmarks.DecodeAndEval: ShortRun(IterationCount=3, LaunchCount=1, MinIterationCount=50, WarmupCount=3) [Script=ping-pong-1]
// *** Execute ***
// Launch: 1 / 1
// Execute: dotnet PlutusBench-ShortRun-1.dll --anonymousPipes 113 114 --benchmarkName "PlutusUseCasesBenchmarks.DecodeAndEval(Script: \"ping-pong-1\")" --job ShortRun --benchmarkId 64 in /bench/chrysalis/benchmarks/PlutusBench/bin/Release/net10.0/PlutusBench-ShortRun-1/bin/Release/net10.0
// BeforeAnythingElse

// Benchmark Process Environment Information:
// BenchmarkDotNet v0.15.8
// Runtime=.NET 10.0.12 (10.0.12, 10.0.1226.42308), X64 RyuJIT x86-64-v4
// GC=Concurrent Workstation
// HardwareIntrinsics=AVX512 BITALG+VBMI2+VNNI+VPOPCNTDQ,AVX512 IFMA+VBMI,AVX512 F+BW+CD+DQ+VL,AVX2+BMI1+BMI2+F16C+FMA+LZCNT+MOVBE,AVX,SSE3+SSSE3+SSE4.1+SSE4.2+POPCNT,X86Base+SSE+SSE2,AES+PCLMUL VectorSize=256
// Job: ShortRun(IterationCount=3, LaunchCount=1, MinIterationCount=50, WarmupCount=3)

OverheadJitting  1: 1 op, 151960.00 ns, 151.9600 us/op
WorkloadJitting  1: 1 op, 17346757.00 ns, 17.3468 ms/op

OverheadJitting  2: 16 op, 336369.00 ns, 21.0231 us/op
WorkloadJitting  2: 16 op, 22732150.00 ns, 1.4208 ms/op

WorkloadPilot    1: 16 op, 21031422.00 ns, 1.3145 ms/op
WorkloadPilot    2: 32 op, 42092475.00 ns, 1.3154 ms/op
WorkloadPilot    3: 64 op, 78482521.00 ns, 1.2263 ms/op
WorkloadPilot    4: 128 op, 167076166.00 ns, 1.3053 ms/op
WorkloadPilot    5: 256 op, 133740488.00 ns, 522.4238 us/op
WorkloadPilot    6: 512 op, 225173250.00 ns, 439.7915 us/op
WorkloadPilot    7: 1024 op, 442854181.00 ns, 432.4748 us/op
WorkloadPilot    8: 2048 op, 887822990.00 ns, 433.5073 us/op

OverheadWarmup   1: 2048 op, 8626.00 ns, 4.2119 ns/op
OverheadWarmup   2: 2048 op, 7884.00 ns, 3.8496 ns/op
OverheadWarmup   3: 2048 op, 7463.00 ns, 3.6440 ns/op
OverheadWarmup   4: 2048 op, 7825.00 ns, 3.8208 ns/op
OverheadWarmup   5: 2048 op, 38611.00 ns, 18.8530 ns/op
OverheadWarmup   6: 2048 op, 7804.00 ns, 3.8105 ns/op
OverheadWarmup   7: 2048 op, 7855.00 ns, 3.8354 ns/op
OverheadWarmup   8: 2048 op, 7834.00 ns, 3.8252 ns/op

OverheadActual   1: 2048 op, 7778.00 ns, 3.7979 ns/op
OverheadActual   2: 2048 op, 7724.00 ns, 3.7715 ns/op
OverheadActual   3: 2048 op, 7709.00 ns, 3.7642 ns/op
OverheadActual   4: 2048 op, 7937.00 ns, 3.8755 ns/op
OverheadActual   5: 2048 op, 7685.00 ns, 3.7524 ns/op
OverheadActual   6: 2048 op, 7832.00 ns, 3.8242 ns/op
OverheadActual   7: 2048 op, 7862.00 ns, 3.8389 ns/op
OverheadActual   8: 2048 op, 7862.00 ns, 3.8389 ns/op
OverheadActual   9: 2048 op, 38546.00 ns, 18.8213 ns/op
OverheadActual  10: 2048 op, 23786.00 ns, 11.6143 ns/op
OverheadActual  11: 2048 op, 7953.00 ns, 3.8833 ns/op
OverheadActual  12: 2048 op, 24447.00 ns, 11.9370 ns/op
OverheadActual  13: 2048 op, 22781.00 ns, 11.1235 ns/op
OverheadActual  14: 2048 op, 7851.00 ns, 3.8335 ns/op
OverheadActual  15: 2048 op, 7859.00 ns, 3.8374 ns/op
OverheadActual  16: 2048 op, 7943.00 ns, 3.8784 ns/op
OverheadActual  17: 2048 op, 7985.00 ns, 3.8989 ns/op
OverheadActual  18: 2048 op, 8149.00 ns, 3.9790 ns/op
OverheadActual  19: 2048 op, 7864.00 ns, 3.8398 ns/op
OverheadActual  20: 2048 op, 7988.00 ns, 3.9004 ns/op

WorkloadWarmup   1: 2048 op, 888938121.00 ns, 434.0518 us/op
WorkloadWarmup   2: 2048 op, 890378554.00 ns, 434.7552 us/op
WorkloadWarmup   3: 2048 op, 889405636.00 ns, 434.2801 us/op

// BeforeActualRun
WorkloadActual   1: 2048 op, 889341263.00 ns, 434.2487 us/op
WorkloadActual   2: 2048 op, 893566583.00 ns, 436.3118 us/op
WorkloadActual   3: 2048 op, 890446717.00 ns, 434.7884 us/op

// AfterActualRun
WorkloadResult   1: 2048 op, 889333362.50 ns, 434.2448 us/op
WorkloadResult   2: 2048 op, 893558682.50 ns, 436.3080 us/op
WorkloadResult   3: 2048 op, 890438816.50 ns, 434.7846 us/op
// GC:  190 79 0 1591508992 2048
// Threading:  0 0 2048

// AfterAll
// Benchmark Process 1167 has exited with code 0.

Mean = 435.112 us, StdErr = 0.618 us (0.14%), N = 3, StdDev = 1.070 us
Min = 434.245 us, Q1 = 434.515 us, Median = 434.785 us, Q3 = 435.546 us, Max = 436.308 us
IQR = 1.032 us, LowerFence = 432.967 us, UpperFence = 437.094 us
ConfidenceInterval = [415.593 us; 454.632 us] (CI 99.9%), Margin = 19.520 us (4.49% of Mean)
Skewness = 0.28, Kurtosis = 0.67, MValue = 2

// ** Remained 24 (27.0 %) benchmark(s) to run. Estimated finish 2026-10-08 2:10 (0h 2m from now) **
// **************************
// Benchmark: PlutusUseCasesBenchmarks.DecodeAndEval: ShortRun(IterationCount=3, LaunchCount=1, MinIterationCount=50, WarmupCount=3) [Script=ping-pong-2]
// *** Execute ***
// Launch: 1 / 1
// Execute: dotnet PlutusBench-ShortRun-1.dll --anonymousPipes 113 114 --benchmarkName "PlutusUseCasesBenchmarks.DecodeAndEval(Script: \"ping-pong-2\")" --job ShortRun --benchmarkId 65 in /bench/chrysalis/benchmarks/PlutusBench/bin/Release/net10.0/PlutusBench-ShortRun-1/bin/Release/net10.0
// BeforeAnythingElse

// Benchmark Process Environment Information:
// BenchmarkDotNet v0.15.8
// Runtime=.NET 10.0.12 (10.0.12, 10.0.1226.42308), X64 RyuJIT x86-64-v4
// GC=Concurrent Workstation
// HardwareIntrinsics=AVX512 BITALG+VBMI2+VNNI+VPOPCNTDQ,AVX512 IFMA+VBMI,AVX512 F+BW+CD+DQ+VL,AVX2+BMI1+BMI2+F16C+FMA+LZCNT+MOVBE,AVX,SSE3+SSSE3+SSE4.1+SSE4.2+POPCNT,X86Base+SSE+SSE2,AES+PCLMUL VectorSize=256
// Job: ShortRun(IterationCount=3, LaunchCount=1, MinIterationCount=50, WarmupCount=3)

OverheadJitting  1: 1 op, 151149.00 ns, 151.1490 us/op
WorkloadJitting  1: 1 op, 17265610.00 ns, 17.2656 ms/op

OverheadJitting  2: 16 op, 347515.00 ns, 21.7197 us/op
WorkloadJitting  2: 16 op, 22811497.00 ns, 1.4257 ms/op

WorkloadPilot    1: 16 op, 20354757.00 ns, 1.2722 ms/op
WorkloadPilot    2: 32 op, 41477505.00 ns, 1.2962 ms/op
WorkloadPilot    3: 64 op, 75819805.00 ns, 1.1847 ms/op
WorkloadPilot    4: 128 op, 129961790.00 ns, 1.0153 ms/op
WorkloadPilot    5: 256 op, 141932321.00 ns, 554.4231 us/op
WorkloadPilot    6: 512 op, 225017024.00 ns, 439.4864 us/op
WorkloadPilot    7: 1024 op, 452028414.00 ns, 441.4340 us/op
WorkloadPilot    8: 2048 op, 909477044.00 ns, 444.0806 us/op

OverheadWarmup   1: 2048 op, 8356.00 ns, 4.0801 ns/op
OverheadWarmup   2: 2048 op, 7903.00 ns, 3.8589 ns/op
OverheadWarmup   3: 2048 op, 7853.00 ns, 3.8345 ns/op
OverheadWarmup   4: 2048 op, 7893.00 ns, 3.8540 ns/op
OverheadWarmup   5: 2048 op, 20678.00 ns, 10.0967 ns/op
OverheadWarmup   6: 2048 op, 7907.00 ns, 3.8608 ns/op
OverheadWarmup   7: 2048 op, 8036.00 ns, 3.9238 ns/op
OverheadWarmup   8: 2048 op, 8074.00 ns, 3.9424 ns/op
OverheadWarmup   9: 2048 op, 38948.00 ns, 19.0176 ns/op
OverheadWarmup  10: 2048 op, 7935.00 ns, 3.8745 ns/op

OverheadActual   1: 2048 op, 7817.00 ns, 3.8169 ns/op
OverheadActual   2: 2048 op, 7644.00 ns, 3.7324 ns/op
OverheadActual   3: 2048 op, 7728.00 ns, 3.7734 ns/op
OverheadActual   4: 2048 op, 7925.00 ns, 3.8696 ns/op
OverheadActual   5: 2048 op, 7492.00 ns, 3.6582 ns/op
OverheadActual   6: 2048 op, 7543.00 ns, 3.6831 ns/op
OverheadActual   7: 2048 op, 7886.00 ns, 3.8506 ns/op
OverheadActual   8: 2048 op, 7899.00 ns, 3.8569 ns/op
OverheadActual   9: 2048 op, 8113.00 ns, 3.9614 ns/op
OverheadActual  10: 2048 op, 8059.00 ns, 3.9351 ns/op
OverheadActual  11: 2048 op, 8001.00 ns, 3.9067 ns/op
OverheadActual  12: 2048 op, 7830.00 ns, 3.8232 ns/op
OverheadActual  13: 2048 op, 23513.00 ns, 11.4810 ns/op
OverheadActual  14: 2048 op, 7821.00 ns, 3.8188 ns/op
OverheadActual  15: 2048 op, 21255.00 ns, 10.3784 ns/op
OverheadActual  16: 2048 op, 8045.00 ns, 3.9282 ns/op
OverheadActual  17: 2048 op, 7837.00 ns, 3.8267 ns/op
OverheadActual  18: 2048 op, 8101.00 ns, 3.9556 ns/op
OverheadActual  19: 2048 op, 8117.00 ns, 3.9634 ns/op
OverheadActual  20: 2048 op, 8104.00 ns, 3.9570 ns/op

WorkloadWarmup   1: 2048 op, 907489503.00 ns, 443.1101 us/op
WorkloadWarmup   2: 2048 op, 910334541.00 ns, 444.4993 us/op
WorkloadWarmup   3: 2048 op, 912224952.00 ns, 445.4223 us/op

// BeforeActualRun
WorkloadActual   1: 2048 op, 905864048.00 ns, 442.3164 us/op
WorkloadActual   2: 2048 op, 1141982701.00 ns, 557.6087 us/op
WorkloadActual   3: 2048 op, 1127580357.00 ns, 550.5763 us/op

// AfterActualRun
WorkloadResult   1: 2048 op, 905856136.00 ns, 442.3126 us/op
WorkloadResult   2: 2048 op, 1141974789.00 ns, 557.6049 us/op
WorkloadResult   3: 2048 op, 1127572445.00 ns, 550.5725 us/op
// GC:  190 79 0 1591508992 2048
// Threading:  0 0 2048

// AfterAll
// Benchmark Process 1175 has exited with code 0.

Mean = 516.830 us, StdErr = 37.314 us (7.22%), N = 3, StdDev = 64.630 us
Min = 442.313 us, Q1 = 496.443 us, Median = 550.572 us, Q3 = 554.089 us, Max = 557.605 us
IQR = 57.646 us, LowerFence = 409.973 us, UpperFence = 640.558 us
ConfidenceInterval = [-662.256 us; 1,695.916 us] (CI 99.9%), Margin = 1,179.086 us (228.14% of Mean)
Skewness = -0.38, Kurtosis = 0.67, MValue = 2

// ** Remained 23 (25.8 %) benchmark(s) to run. Estimated finish 2026-10-08 2:10 (0h 2m from now) **
// **************************
// Benchmark: PlutusUseCasesBenchmarks.DecodeAndEval: ShortRun(IterationCount=3, LaunchCount=1, MinIterationCount=50, WarmupCount=3) [Script=prism-1]
// *** Execute ***
// Launch: 1 / 1
// Execute: dotnet PlutusBench-ShortRun-1.dll --anonymousPipes 113 114 --benchmarkName "PlutusUseCasesBenchmarks.DecodeAndEval(Script: \"prism-1\")" --job ShortRun --benchmarkId 66 in /bench/chrysalis/benchmarks/PlutusBench/bin/Release/net10.0/PlutusBench-ShortRun-1/bin/Release/net10.0
// BeforeAnythingElse

// Benchmark Process Environment Information:
// BenchmarkDotNet v0.15.8
// Runtime=.NET 10.0.12 (10.0.12, 10.0.1226.42308), X64 RyuJIT x86-64-v4
// GC=Concurrent Workstation
// HardwareIntrinsics=AVX512 BITALG+VBMI2+VNNI+VPOPCNTDQ,AVX512 IFMA+VBMI,AVX512 F+BW+CD+DQ+VL,AVX2+BMI1+BMI2+F16C+FMA+LZCNT+MOVBE,AVX,SSE3+SSSE3+SSE4.1+SSE4.2+POPCNT,X86Base+SSE+SSE2,AES+PCLMUL VectorSize=256
// Job: ShortRun(IterationCount=3, LaunchCount=1, MinIterationCount=50, WarmupCount=3)

OverheadJitting  1: 1 op, 147542.00 ns, 147.5420 us/op
WorkloadJitting  1: 1 op, 15369118.00 ns, 15.3691 ms/op

OverheadJitting  2: 16 op, 330535.00 ns, 20.6584 us/op
WorkloadJitting  2: 16 op, 10981545.00 ns, 686.3466 us/op

WorkloadPilot    1: 16 op, 9750314.00 ns, 609.3946 us/op
WorkloadPilot    2: 32 op, 17805141.00 ns, 556.4107 us/op
WorkloadPilot    3: 64 op, 35552843.00 ns, 555.5132 us/op
WorkloadPilot    4: 128 op, 68444857.00 ns, 534.7254 us/op
WorkloadPilot    5: 256 op, 111761777.00 ns, 436.5694 us/op
WorkloadPilot    6: 512 op, 99497899.00 ns, 194.3318 us/op
WorkloadPilot    7: 1024 op, 191383231.00 ns, 186.8977 us/op
WorkloadPilot    8: 2048 op, 374708989.00 ns, 182.9634 us/op
WorkloadPilot    9: 4096 op, 752705623.00 ns, 183.7660 us/op

OverheadWarmup   1: 4096 op, 16647.00 ns, 4.0642 ns/op
OverheadWarmup   2: 4096 op, 16325.00 ns, 3.9856 ns/op
OverheadWarmup   3: 4096 op, 17048.00 ns, 4.1621 ns/op
OverheadWarmup   4: 4096 op, 15805.00 ns, 3.8586 ns/op
OverheadWarmup   5: 4096 op, 15606.00 ns, 3.8101 ns/op
OverheadWarmup   6: 4096 op, 24115.00 ns, 5.8875 ns/op
OverheadWarmup   7: 4096 op, 15661.00 ns, 3.8235 ns/op

OverheadActual   1: 4096 op, 15394.00 ns, 3.7583 ns/op
OverheadActual   2: 4096 op, 15450.00 ns, 3.7720 ns/op
OverheadActual   3: 4096 op, 15520.00 ns, 3.7891 ns/op
OverheadActual   4: 4096 op, 45582.00 ns, 11.1284 ns/op
OverheadActual   5: 4096 op, 15413.00 ns, 3.7629 ns/op
OverheadActual   6: 4096 op, 16438.00 ns, 4.0132 ns/op
OverheadActual   7: 4096 op, 15992.00 ns, 3.9043 ns/op
OverheadActual   8: 4096 op, 16393.00 ns, 4.0022 ns/op
OverheadActual   9: 4096 op, 16839.00 ns, 4.1111 ns/op
OverheadActual  10: 4096 op, 16646.00 ns, 4.0640 ns/op
OverheadActual  11: 4096 op, 31747.00 ns, 7.7507 ns/op
OverheadActual  12: 4096 op, 16099.00 ns, 3.9304 ns/op
OverheadActual  13: 4096 op, 16564.00 ns, 4.0439 ns/op
OverheadActual  14: 4096 op, 32214.00 ns, 7.8647 ns/op
OverheadActual  15: 4096 op, 16632.00 ns, 4.0605 ns/op
OverheadActual  16: 4096 op, 16839.00 ns, 4.1111 ns/op
OverheadActual  17: 4096 op, 29196.00 ns, 7.1279 ns/op
OverheadActual  18: 4096 op, 17050.00 ns, 4.1626 ns/op
OverheadActual  19: 4096 op, 22286.00 ns, 5.4409 ns/op
OverheadActual  20: 4096 op, 16830.00 ns, 4.1089 ns/op

WorkloadWarmup   1: 4096 op, 749931524.00 ns, 183.0888 us/op
WorkloadWarmup   2: 4096 op, 752597749.00 ns, 183.7397 us/op
WorkloadWarmup   3: 4096 op, 749181235.00 ns, 182.9056 us/op

// BeforeActualRun
WorkloadActual   1: 4096 op, 749488898.00 ns, 182.9807 us/op
WorkloadActual   2: 4096 op, 754357270.00 ns, 184.1693 us/op
WorkloadActual   3: 4096 op, 752850498.00 ns, 183.8014 us/op

// AfterActualRun
WorkloadResult   1: 4096 op, 749472259.00 ns, 182.9766 us/op
WorkloadResult   2: 4096 op, 754340631.00 ns, 184.1652 us/op
WorkloadResult   3: 4096 op, 752833859.00 ns, 183.7973 us/op
// GC:  193 54 0 1619951616 4096
// Threading:  0 0 4096

// AfterAll
// Benchmark Process 1182 has exited with code 0.

Mean = 183.646 us, StdErr = 0.351 us (0.19%), N = 3, StdDev = 0.608 us
Min = 182.977 us, Q1 = 183.387 us, Median = 183.797 us, Q3 = 183.981 us, Max = 184.165 us
IQR = 0.594 us, LowerFence = 182.496 us, UpperFence = 184.873 us
ConfidenceInterval = [172.545 us; 194.748 us] (CI 99.9%), Margin = 11.101 us (6.04% of Mean)
Skewness = -0.23, Kurtosis = 0.67, MValue = 2

// ** Remained 22 (24.7 %) benchmark(s) to run. Estimated finish 2026-10-08 2:10 (0h 2m from now) **
// **************************
// Benchmark: PlutusUseCasesBenchmarks.DecodeAndEval: ShortRun(IterationCount=3, LaunchCount=1, MinIterationCount=50, WarmupCount=3) [Script=prism-2]
// *** Execute ***
// Launch: 1 / 1
// Execute: dotnet PlutusBench-ShortRun-1.dll --anonymousPipes 113 114 --benchmarkName "PlutusUseCasesBenchmarks.DecodeAndEval(Script: \"prism-2\")" --job ShortRun --benchmarkId 67 in /bench/chrysalis/benchmarks/PlutusBench/bin/Release/net10.0/PlutusBench-ShortRun-1/bin/Release/net10.0
// BeforeAnythingElse

// Benchmark Process Environment Information:
// BenchmarkDotNet v0.15.8
// Runtime=.NET 10.0.12 (10.0.12, 10.0.1226.42308), X64 RyuJIT x86-64-v4
// GC=Concurrent Workstation
// HardwareIntrinsics=AVX512 BITALG+VBMI2+VNNI+VPOPCNTDQ,AVX512 IFMA+VBMI,AVX512 F+BW+CD+DQ+VL,AVX2+BMI1+BMI2+F16C+FMA+LZCNT+MOVBE,AVX,SSE3+SSSE3+SSE4.1+SSE4.2+POPCNT,X86Base+SSE+SSE2,AES+PCLMUL VectorSize=256
// Job: ShortRun(IterationCount=3, LaunchCount=1, MinIterationCount=50, WarmupCount=3)

OverheadJitting  1: 1 op, 150751.00 ns, 150.7510 us/op
WorkloadJitting  1: 1 op, 17475518.00 ns, 17.4755 ms/op

OverheadJitting  2: 16 op, 356855.00 ns, 22.3034 us/op
WorkloadJitting  2: 16 op, 26173019.00 ns, 1.6358 ms/op

WorkloadPilot    1: 16 op, 24574112.00 ns, 1.5359 ms/op
WorkloadPilot    2: 32 op, 48022703.00 ns, 1.5007 ms/op
WorkloadPilot    3: 64 op, 92225280.00 ns, 1.4410 ms/op
WorkloadPilot    4: 128 op, 128763056.00 ns, 1.0060 ms/op
WorkloadPilot    5: 256 op, 152540307.00 ns, 595.8606 us/op
WorkloadPilot    6: 512 op, 270662634.00 ns, 528.6380 us/op
WorkloadPilot    7: 1024 op, 538523930.00 ns, 525.9023 us/op

OverheadWarmup   1: 1024 op, 4809.00 ns, 4.6963 ns/op
OverheadWarmup   2: 1024 op, 4030.00 ns, 3.9355 ns/op
OverheadWarmup   3: 1024 op, 20140.00 ns, 19.6680 ns/op
OverheadWarmup   4: 1024 op, 4079.00 ns, 3.9834 ns/op
OverheadWarmup   5: 1024 op, 4005.00 ns, 3.9111 ns/op
OverheadWarmup   6: 1024 op, 3992.00 ns, 3.8984 ns/op
OverheadWarmup   7: 1024 op, 3838.00 ns, 3.7480 ns/op
OverheadWarmup   8: 1024 op, 3843.00 ns, 3.7529 ns/op
OverheadWarmup   9: 1024 op, 4022.00 ns, 3.9277 ns/op
OverheadWarmup  10: 1024 op, 4064.00 ns, 3.9688 ns/op

OverheadActual   1: 1024 op, 4053.00 ns, 3.9580 ns/op
OverheadActual   2: 1024 op, 4001.00 ns, 3.9072 ns/op
OverheadActual   3: 1024 op, 3928.00 ns, 3.8359 ns/op
OverheadActual   4: 1024 op, 4128.00 ns, 4.0313 ns/op
OverheadActual   5: 1024 op, 3982.00 ns, 3.8887 ns/op
OverheadActual   6: 1024 op, 4122.00 ns, 4.0254 ns/op
OverheadActual   7: 1024 op, 4078.00 ns, 3.9824 ns/op
OverheadActual   8: 1024 op, 4228.00 ns, 4.1289 ns/op
OverheadActual   9: 1024 op, 4225.00 ns, 4.1260 ns/op
OverheadActual  10: 1024 op, 4156.00 ns, 4.0586 ns/op
OverheadActual  11: 1024 op, 4178.00 ns, 4.0801 ns/op
OverheadActual  12: 1024 op, 4072.00 ns, 3.9766 ns/op
OverheadActual  13: 1024 op, 4131.00 ns, 4.0342 ns/op
OverheadActual  14: 1024 op, 4110.00 ns, 4.0137 ns/op
OverheadActual  15: 1024 op, 4113.00 ns, 4.0166 ns/op
OverheadActual  16: 1024 op, 4089.00 ns, 3.9932 ns/op
OverheadActual  17: 1024 op, 4116.00 ns, 4.0195 ns/op
OverheadActual  18: 1024 op, 4169.00 ns, 4.0713 ns/op
OverheadActual  19: 1024 op, 4109.00 ns, 4.0127 ns/op
OverheadActual  20: 1024 op, 4079.00 ns, 3.9834 ns/op

WorkloadWarmup   1: 1024 op, 541535108.00 ns, 528.8429 us/op
WorkloadWarmup   2: 1024 op, 543460588.00 ns, 530.7232 us/op
WorkloadWarmup   3: 1024 op, 538577879.00 ns, 525.9550 us/op

// BeforeActualRun
WorkloadActual   1: 1024 op, 540251092.00 ns, 527.5890 us/op
WorkloadActual   2: 1024 op, 541181093.00 ns, 528.4972 us/op
WorkloadActual   3: 1024 op, 541330137.00 ns, 528.6427 us/op

// AfterActualRun
WorkloadResult   1: 1024 op, 540246980.50 ns, 527.5849 us/op
WorkloadResult   2: 1024 op, 541176981.50 ns, 528.4931 us/op
WorkloadResult   3: 1024 op, 541326025.50 ns, 528.6387 us/op
// GC:  112 48 0 936820736 1024
// Threading:  0 0 1024

// AfterAll
// Benchmark Process 1192 has exited with code 0.

Mean = 528.239 us, StdErr = 0.330 us (0.06%), N = 3, StdDev = 0.571 us
Min = 527.585 us, Q1 = 528.039 us, Median = 528.493 us, Q3 = 528.566 us, Max = 528.639 us
IQR = 0.527 us, LowerFence = 527.249 us, UpperFence = 529.356 us
ConfidenceInterval = [517.821 us; 538.657 us] (CI 99.9%), Margin = 10.418 us (1.97% of Mean)
Skewness = -0.36, Kurtosis = 0.67, MValue = 2

// ** Remained 21 (23.6 %) benchmark(s) to run. Estimated finish 2026-10-08 2:10 (0h 2m from now) **
// **************************
// Benchmark: PlutusUseCasesBenchmarks.DecodeAndEval: ShortRun(IterationCount=3, LaunchCount=1, MinIterationCount=50, WarmupCount=3) [Script=prism-3]
// *** Execute ***
// Launch: 1 / 1
// Execute: dotnet PlutusBench-ShortRun-1.dll --anonymousPipes 113 114 --benchmarkName "PlutusUseCasesBenchmarks.DecodeAndEval(Script: \"prism-3\")" --job ShortRun --benchmarkId 68 in /bench/chrysalis/benchmarks/PlutusBench/bin/Release/net10.0/PlutusBench-ShortRun-1/bin/Release/net10.0
// BeforeAnythingElse

// Benchmark Process Environment Information:
// BenchmarkDotNet v0.15.8
// Runtime=.NET 10.0.12 (10.0.12, 10.0.1226.42308), X64 RyuJIT x86-64-v4
// GC=Concurrent Workstation
// HardwareIntrinsics=AVX512 BITALG+VBMI2+VNNI+VPOPCNTDQ,AVX512 IFMA+VBMI,AVX512 F+BW+CD+DQ+VL,AVX2+BMI1+BMI2+F16C+FMA+LZCNT+MOVBE,AVX,SSE3+SSSE3+SSE4.1+SSE4.2+POPCNT,X86Base+SSE+SSE2,AES+PCLMUL VectorSize=256
// Job: ShortRun(IterationCount=3, LaunchCount=1, MinIterationCount=50, WarmupCount=3)

OverheadJitting  1: 1 op, 150311.00 ns, 150.3110 us/op
WorkloadJitting  1: 1 op, 16086432.00 ns, 16.0864 ms/op

OverheadJitting  2: 16 op, 333356.00 ns, 20.8348 us/op
WorkloadJitting  2: 16 op, 22273676.00 ns, 1.3921 ms/op

WorkloadPilot    1: 16 op, 20136615.00 ns, 1.2585 ms/op
WorkloadPilot    2: 32 op, 39268492.00 ns, 1.2271 ms/op
WorkloadPilot    3: 64 op, 74068311.00 ns, 1.1573 ms/op
WorkloadPilot    4: 128 op, 107734610.00 ns, 841.6766 us/op
WorkloadPilot    5: 256 op, 112399586.00 ns, 439.0609 us/op
WorkloadPilot    6: 512 op, 214955848.00 ns, 419.8356 us/op
WorkloadPilot    7: 1024 op, 421605009.00 ns, 411.7236 us/op
WorkloadPilot    8: 2048 op, 841996013.00 ns, 411.1309 us/op

OverheadWarmup   1: 2048 op, 9021.00 ns, 4.4048 ns/op
OverheadWarmup   2: 2048 op, 9105.00 ns, 4.4458 ns/op
OverheadWarmup   3: 2048 op, 41385.00 ns, 20.2075 ns/op
OverheadWarmup   4: 2048 op, 8142.00 ns, 3.9756 ns/op
OverheadWarmup   5: 2048 op, 8133.00 ns, 3.9712 ns/op
OverheadWarmup   6: 2048 op, 7996.00 ns, 3.9043 ns/op
OverheadWarmup   7: 2048 op, 7908.00 ns, 3.8613 ns/op
OverheadWarmup   8: 2048 op, 8014.00 ns, 3.9131 ns/op
OverheadWarmup   9: 2048 op, 8097.00 ns, 3.9536 ns/op
OverheadWarmup  10: 2048 op, 8060.00 ns, 3.9355 ns/op

OverheadActual   1: 2048 op, 7894.00 ns, 3.8545 ns/op
OverheadActual   2: 2048 op, 7823.00 ns, 3.8198 ns/op
OverheadActual   3: 2048 op, 7829.00 ns, 3.8228 ns/op
OverheadActual   4: 2048 op, 8046.00 ns, 3.9287 ns/op
OverheadActual   5: 2048 op, 8123.00 ns, 3.9663 ns/op
OverheadActual   6: 2048 op, 24058.00 ns, 11.7471 ns/op
OverheadActual   7: 2048 op, 8044.00 ns, 3.9277 ns/op
OverheadActual   8: 2048 op, 8044.00 ns, 3.9277 ns/op
OverheadActual   9: 2048 op, 7562.00 ns, 3.6924 ns/op
OverheadActual  10: 2048 op, 8177.00 ns, 3.9927 ns/op
OverheadActual  11: 2048 op, 8105.00 ns, 3.9575 ns/op
OverheadActual  12: 2048 op, 8004.00 ns, 3.9082 ns/op
OverheadActual  13: 2048 op, 8221.00 ns, 4.0142 ns/op
OverheadActual  14: 2048 op, 21847.00 ns, 10.6675 ns/op
OverheadActual  15: 2048 op, 7998.00 ns, 3.9053 ns/op
OverheadActual  16: 2048 op, 21667.00 ns, 10.5796 ns/op
OverheadActual  17: 2048 op, 8234.00 ns, 4.0205 ns/op
OverheadActual  18: 2048 op, 8315.00 ns, 4.0601 ns/op
OverheadActual  19: 2048 op, 8102.00 ns, 3.9561 ns/op
OverheadActual  20: 2048 op, 8229.00 ns, 4.0181 ns/op

WorkloadWarmup   1: 2048 op, 845230057.00 ns, 412.7100 us/op
WorkloadWarmup   2: 2048 op, 844983634.00 ns, 412.5897 us/op
WorkloadWarmup   3: 2048 op, 841998382.00 ns, 411.1320 us/op

// BeforeActualRun
WorkloadActual   1: 2048 op, 843953856.00 ns, 412.0868 us/op
WorkloadActual   2: 2048 op, 846129686.00 ns, 413.1493 us/op
WorkloadActual   3: 2048 op, 844743840.00 ns, 412.4726 us/op

// AfterActualRun
WorkloadResult   1: 2048 op, 843945752.50 ns, 412.0829 us/op
WorkloadResult   2: 2048 op, 846121582.50 ns, 413.1453 us/op
WorkloadResult   3: 2048 op, 844735736.50 ns, 412.4686 us/op
// GC:  175 58 0 1469186048 2048
// Threading:  0 0 2048

// AfterAll
// Benchmark Process 1200 has exited with code 0.

Mean = 412.566 us, StdErr = 0.311 us (0.08%), N = 3, StdDev = 0.538 us
Min = 412.083 us, Q1 = 412.276 us, Median = 412.469 us, Q3 = 412.807 us, Max = 413.145 us
IQR = 0.531 us, LowerFence = 411.479 us, UpperFence = 413.604 us
ConfidenceInterval = [402.754 us; 422.377 us] (CI 99.9%), Margin = 9.812 us (2.38% of Mean)
Skewness = 0.17, Kurtosis = 0.67, MValue = 2

// ** Remained 20 (22.5 %) benchmark(s) to run. Estimated finish 2026-10-08 2:10 (0h 2m from now) **
// **************************
// Benchmark: PlutusUseCasesBenchmarks.DecodeAndEval: ShortRun(IterationCount=3, LaunchCount=1, MinIterationCount=50, WarmupCount=3) [Script=pubkey-1]
// *** Execute ***
// Launch: 1 / 1
// Execute: dotnet PlutusBench-ShortRun-1.dll --anonymousPipes 113 114 --benchmarkName "PlutusUseCasesBenchmarks.DecodeAndEval(Script: \"pubkey-1\")" --job ShortRun --benchmarkId 69 in /bench/chrysalis/benchmarks/PlutusBench/bin/Release/net10.0/PlutusBench-ShortRun-1/bin/Release/net10.0
// BeforeAnythingElse

// Benchmark Process Environment Information:
// BenchmarkDotNet v0.15.8
// Runtime=.NET 10.0.12 (10.0.12, 10.0.1226.42308), X64 RyuJIT x86-64-v4
// GC=Concurrent Workstation
// HardwareIntrinsics=AVX512 BITALG+VBMI2+VNNI+VPOPCNTDQ,AVX512 IFMA+VBMI,AVX512 F+BW+CD+DQ+VL,AVX2+BMI1+BMI2+F16C+FMA+LZCNT+MOVBE,AVX,SSE3+SSSE3+SSE4.1+SSE4.2+POPCNT,X86Base+SSE+SSE2,AES+PCLMUL VectorSize=256
// Job: ShortRun(IterationCount=3, LaunchCount=1, MinIterationCount=50, WarmupCount=3)

OverheadJitting  1: 1 op, 165905.00 ns, 165.9050 us/op
WorkloadJitting  1: 1 op, 15050947.00 ns, 15.0509 ms/op

OverheadJitting  2: 16 op, 330078.00 ns, 20.6299 us/op
WorkloadJitting  2: 16 op, 10044342.00 ns, 627.7714 us/op

WorkloadPilot    1: 16 op, 8750254.00 ns, 546.8909 us/op
WorkloadPilot    2: 32 op, 15541737.00 ns, 485.6793 us/op
WorkloadPilot    3: 64 op, 30540029.00 ns, 477.1880 us/op
WorkloadPilot    4: 128 op, 58907421.00 ns, 460.2142 us/op
WorkloadPilot    5: 256 op, 125249202.00 ns, 489.2547 us/op
WorkloadPilot    6: 512 op, 88988941.00 ns, 173.8065 us/op
WorkloadPilot    7: 1024 op, 174107320.00 ns, 170.0267 us/op
WorkloadPilot    8: 2048 op, 331093356.00 ns, 161.6667 us/op
WorkloadPilot    9: 4096 op, 668846047.00 ns, 163.2925 us/op

OverheadWarmup   1: 4096 op, 15975.00 ns, 3.9001 ns/op
OverheadWarmup   2: 4096 op, 14958.00 ns, 3.6519 ns/op
OverheadWarmup   3: 4096 op, 14552.00 ns, 3.5527 ns/op
OverheadWarmup   4: 4096 op, 14627.00 ns, 3.5710 ns/op
OverheadWarmup   5: 4096 op, 14557.00 ns, 3.5540 ns/op
OverheadWarmup   6: 4096 op, 14592.00 ns, 3.5625 ns/op
OverheadWarmup   7: 4096 op, 14586.00 ns, 3.5610 ns/op

OverheadActual   1: 4096 op, 14691.00 ns, 3.5867 ns/op
OverheadActual   2: 4096 op, 14743.00 ns, 3.5994 ns/op
OverheadActual   3: 4096 op, 14750.00 ns, 3.6011 ns/op
OverheadActual   4: 4096 op, 14622.00 ns, 3.5698 ns/op
OverheadActual   5: 4096 op, 29717.00 ns, 7.2551 ns/op
OverheadActual   6: 4096 op, 28846.00 ns, 7.0425 ns/op
OverheadActual   7: 4096 op, 15850.00 ns, 3.8696 ns/op
OverheadActual   8: 4096 op, 15588.00 ns, 3.8057 ns/op
OverheadActual   9: 4096 op, 15566.00 ns, 3.8003 ns/op
OverheadActual  10: 4096 op, 15962.00 ns, 3.8970 ns/op
OverheadActual  11: 4096 op, 15614.00 ns, 3.8120 ns/op
OverheadActual  12: 4096 op, 15606.00 ns, 3.8101 ns/op
OverheadActual  13: 4096 op, 14988.00 ns, 3.6592 ns/op
OverheadActual  14: 4096 op, 15569.00 ns, 3.8010 ns/op
OverheadActual  15: 4096 op, 15976.00 ns, 3.9004 ns/op
OverheadActual  16: 4096 op, 15925.00 ns, 3.8879 ns/op
OverheadActual  17: 4096 op, 15573.00 ns, 3.8020 ns/op
OverheadActual  18: 4096 op, 15030.00 ns, 3.6694 ns/op
OverheadActual  19: 4096 op, 15624.00 ns, 3.8145 ns/op
OverheadActual  20: 4096 op, 28389.00 ns, 6.9309 ns/op

WorkloadWarmup   1: 4096 op, 662046922.00 ns, 161.6325 us/op
WorkloadWarmup   2: 4096 op, 663710946.00 ns, 162.0388 us/op
WorkloadWarmup   3: 4096 op, 658781005.00 ns, 160.8352 us/op

// BeforeActualRun
WorkloadActual   1: 4096 op, 660563301.00 ns, 161.2703 us/op
WorkloadActual   2: 4096 op, 666475078.00 ns, 162.7136 us/op
WorkloadActual   3: 4096 op, 664654466.00 ns, 162.2692 us/op

// AfterActualRun
WorkloadResult   1: 4096 op, 660547704.00 ns, 161.2665 us/op
WorkloadResult   2: 4096 op, 666459481.00 ns, 162.7098 us/op
WorkloadResult   3: 4096 op, 664638869.00 ns, 162.2653 us/op
// GC:  177 51 0 1481965568 4096
// Threading:  0 0 4096

// AfterAll
// Benchmark Process 1208 has exited with code 0.

Mean = 162.081 us, StdErr = 0.427 us (0.26%), N = 3, StdDev = 0.739 us
Min = 161.267 us, Q1 = 161.766 us, Median = 162.265 us, Q3 = 162.488 us, Max = 162.710 us
IQR = 0.722 us, LowerFence = 160.683 us, UpperFence = 163.570 us
ConfidenceInterval = [148.595 us; 175.566 us] (CI 99.9%), Margin = 13.485 us (8.32% of Mean)
Skewness = -0.23, Kurtosis = 0.67, MValue = 2

// ** Remained 19 (21.3 %) benchmark(s) to run. Estimated finish 2026-10-08 2:10 (0h 2m from now) **
// **************************
// Benchmark: PlutusUseCasesBenchmarks.DecodeAndEval: ShortRun(IterationCount=3, LaunchCount=1, MinIterationCount=50, WarmupCount=3) [Script=stablecoin_1-1]
// *** Execute ***
// Launch: 1 / 1
// Execute: dotnet PlutusBench-ShortRun-1.dll --anonymousPipes 113 114 --benchmarkName "PlutusUseCasesBenchmarks.DecodeAndEval(Script: \"stablecoin_1-1\")" --job ShortRun --benchmarkId 70 in /bench/chrysalis/benchmarks/PlutusBench/bin/Release/net10.0/PlutusBench-ShortRun-1/bin/Release/net10.0
// BeforeAnythingElse

// Benchmark Process Environment Information:
// BenchmarkDotNet v0.15.8
// Runtime=.NET 10.0.12 (10.0.12, 10.0.1226.42308), X64 RyuJIT x86-64-v4
// GC=Concurrent Workstation
// HardwareIntrinsics=AVX512 BITALG+VBMI2+VNNI+VPOPCNTDQ,AVX512 IFMA+VBMI,AVX512 F+BW+CD+DQ+VL,AVX2+BMI1+BMI2+F16C+FMA+LZCNT+MOVBE,AVX,SSE3+SSSE3+SSE4.1+SSE4.2+POPCNT,X86Base+SSE+SSE2,AES+PCLMUL VectorSize=256
// Job: ShortRun(IterationCount=3, LaunchCount=1, MinIterationCount=50, WarmupCount=3)

OverheadJitting  1: 1 op, 151560.00 ns, 151.5600 us/op
WorkloadJitting  1: 1 op, 39811789.00 ns, 39.8118 ms/op

WorkloadPilot    1: 2 op, 7563590.00 ns, 3.7818 ms/op
WorkloadPilot    2: 3 op, 10839909.00 ns, 3.6133 ms/op
WorkloadPilot    3: 4 op, 13420246.00 ns, 3.3551 ms/op
WorkloadPilot    4: 5 op, 17313021.00 ns, 3.4626 ms/op
WorkloadPilot    5: 6 op, 20768582.00 ns, 3.4614 ms/op
WorkloadPilot    6: 7 op, 23292074.00 ns, 3.3274 ms/op
WorkloadPilot    7: 8 op, 26328188.00 ns, 3.2910 ms/op
WorkloadPilot    8: 9 op, 29434712.00 ns, 3.2705 ms/op
WorkloadPilot    9: 10 op, 32405792.00 ns, 3.2406 ms/op
WorkloadPilot   10: 11 op, 33541320.00 ns, 3.0492 ms/op
WorkloadPilot   11: 12 op, 23460835.00 ns, 1.9551 ms/op
WorkloadPilot   12: 13 op, 23915150.00 ns, 1.8396 ms/op
WorkloadPilot   13: 14 op, 25581706.00 ns, 1.8273 ms/op
WorkloadPilot   14: 15 op, 27695681.00 ns, 1.8464 ms/op
WorkloadPilot   15: 16 op, 29281298.00 ns, 1.8301 ms/op
WorkloadPilot   16: 32 op, 59526916.00 ns, 1.8602 ms/op
WorkloadPilot   17: 64 op, 98346723.00 ns, 1.5367 ms/op
WorkloadPilot   18: 128 op, 159557961.00 ns, 1.2465 ms/op
WorkloadPilot   19: 256 op, 311497562.00 ns, 1.2168 ms/op
WorkloadPilot   20: 512 op, 621144513.00 ns, 1.2132 ms/op

WorkloadWarmup   1: 512 op, 621423153.00 ns, 1.2137 ms/op
WorkloadWarmup   2: 512 op, 621676659.00 ns, 1.2142 ms/op
WorkloadWarmup   3: 512 op, 622374453.00 ns, 1.2156 ms/op

// BeforeActualRun
WorkloadActual   1: 512 op, 621182162.00 ns, 1.2132 ms/op
WorkloadActual   2: 512 op, 621802380.00 ns, 1.2145 ms/op
WorkloadActual   3: 512 op, 622735683.00 ns, 1.2163 ms/op

// AfterActualRun
WorkloadResult   1: 512 op, 621182162.00 ns, 1.2132 ms/op
WorkloadResult   2: 512 op, 621802380.00 ns, 1.2145 ms/op
WorkloadResult   3: 512 op, 622735683.00 ns, 1.2163 ms/op
// GC:  91 38 0 765009920 512
// Threading:  0 0 512

// AfterAll
// Benchmark Process 1216 has exited with code 0.

Mean = 1.215 ms, StdErr = 0.001 ms (0.07%), N = 3, StdDev = 0.002 ms
Min = 1.213 ms, Q1 = 1.214 ms, Median = 1.214 ms, Q3 = 1.215 ms, Max = 1.216 ms
IQR = 0.002 ms, LowerFence = 1.212 ms, UpperFence = 1.218 ms
ConfidenceInterval = [1.187 ms; 1.243 ms] (CI 99.9%), Margin = 0.028 ms (2.29% of Mean)
Skewness = 0.13, Kurtosis = 0.67, MValue = 2

// ** Remained 18 (20.2 %) benchmark(s) to run. Estimated finish 2026-10-08 2:10 (0h 2m from now) **
// **************************
// Benchmark: PlutusUseCasesBenchmarks.DecodeAndEval: ShortRun(IterationCount=3, LaunchCount=1, MinIterationCount=50, WarmupCount=3) [Script=stablecoin_1-2]
// *** Execute ***
// Launch: 1 / 1
// Execute: dotnet PlutusBench-ShortRun-1.dll --anonymousPipes 113 114 --benchmarkName "PlutusUseCasesBenchmarks.DecodeAndEval(Script: \"stablecoin_1-2\")" --job ShortRun --benchmarkId 71 in /bench/chrysalis/benchmarks/PlutusBench/bin/Release/net10.0/PlutusBench-ShortRun-1/bin/Release/net10.0
// BeforeAnythingElse

// Benchmark Process Environment Information:
// BenchmarkDotNet v0.15.8
// Runtime=.NET 10.0.12 (10.0.12, 10.0.1226.42308), X64 RyuJIT x86-64-v4
// GC=Concurrent Workstation
// HardwareIntrinsics=AVX512 BITALG+VBMI2+VNNI+VPOPCNTDQ,AVX512 IFMA+VBMI,AVX512 F+BW+CD+DQ+VL,AVX2+BMI1+BMI2+F16C+FMA+LZCNT+MOVBE,AVX,SSE3+SSSE3+SSE4.1+SSE4.2+POPCNT,X86Base+SSE+SSE2,AES+PCLMUL VectorSize=256
// Job: ShortRun(IterationCount=3, LaunchCount=1, MinIterationCount=50, WarmupCount=3)

OverheadJitting  1: 1 op, 190984.00 ns, 190.9840 us/op
WorkloadJitting  1: 1 op, 20195292.00 ns, 20.1953 ms/op

OverheadJitting  2: 16 op, 444973.00 ns, 27.8108 us/op
WorkloadJitting  2: 16 op, 17366649.00 ns, 1.0854 ms/op

WorkloadPilot    1: 16 op, 15526721.00 ns, 970.4201 us/op
WorkloadPilot    2: 32 op, 30104143.00 ns, 940.7545 us/op
WorkloadPilot    3: 64 op, 56769576.00 ns, 887.0246 us/op
WorkloadPilot    4: 128 op, 109117983.00 ns, 852.4842 us/op
WorkloadPilot    5: 256 op, 74920817.00 ns, 292.6594 us/op
WorkloadPilot    6: 512 op, 125274684.00 ns, 244.6771 us/op
WorkloadPilot    7: 1024 op, 277159258.00 ns, 270.6633 us/op
WorkloadPilot    8: 2048 op, 552815244.00 ns, 269.9293 us/op

OverheadWarmup   1: 2048 op, 8635.00 ns, 4.2163 ns/op
OverheadWarmup   2: 2048 op, 7410.00 ns, 3.6182 ns/op
OverheadWarmup   3: 2048 op, 7404.00 ns, 3.6152 ns/op
OverheadWarmup   4: 2048 op, 7298.00 ns, 3.5635 ns/op
OverheadWarmup   5: 2048 op, 7368.00 ns, 3.5977 ns/op
OverheadWarmup   6: 2048 op, 7270.00 ns, 3.5498 ns/op
OverheadWarmup   7: 2048 op, 7253.00 ns, 3.5415 ns/op
OverheadWarmup   8: 2048 op, 7294.00 ns, 3.5615 ns/op
OverheadWarmup   9: 2048 op, 7322.00 ns, 3.5752 ns/op
OverheadWarmup  10: 2048 op, 7278.00 ns, 3.5537 ns/op

OverheadActual   1: 2048 op, 23179.00 ns, 11.3179 ns/op
OverheadActual   2: 2048 op, 7406.00 ns, 3.6162 ns/op
OverheadActual   3: 2048 op, 7500.00 ns, 3.6621 ns/op
OverheadActual   4: 2048 op, 7419.00 ns, 3.6226 ns/op
OverheadActual   5: 2048 op, 7389.00 ns, 3.6079 ns/op
OverheadActual   6: 2048 op, 7383.00 ns, 3.6050 ns/op
OverheadActual   7: 2048 op, 7342.00 ns, 3.5850 ns/op
OverheadActual   8: 2048 op, 7247.00 ns, 3.5386 ns/op
OverheadActual   9: 2048 op, 7301.00 ns, 3.5649 ns/op
OverheadActual  10: 2048 op, 7522.00 ns, 3.6729 ns/op
OverheadActual  11: 2048 op, 7390.00 ns, 3.6084 ns/op
OverheadActual  12: 2048 op, 7449.00 ns, 3.6372 ns/op
OverheadActual  13: 2048 op, 7295.00 ns, 3.5620 ns/op
OverheadActual  14: 2048 op, 7385.00 ns, 3.6060 ns/op
OverheadActual  15: 2048 op, 7273.00 ns, 3.5513 ns/op
OverheadActual  16: 2048 op, 10252.00 ns, 5.0059 ns/op
OverheadActual  17: 2048 op, 7298.00 ns, 3.5635 ns/op
OverheadActual  18: 2048 op, 7465.00 ns, 3.6450 ns/op
OverheadActual  19: 2048 op, 7441.00 ns, 3.6333 ns/op
OverheadActual  20: 2048 op, 7537.00 ns, 3.6802 ns/op

WorkloadWarmup   1: 2048 op, 451701360.00 ns, 220.5573 us/op
WorkloadWarmup   2: 2048 op, 422961746.00 ns, 206.5243 us/op
WorkloadWarmup   3: 2048 op, 418907905.00 ns, 204.5449 us/op

// BeforeActualRun
WorkloadActual   1: 2048 op, 418105983.00 ns, 204.1533 us/op
WorkloadActual   2: 2048 op, 420838438.00 ns, 205.4875 us/op
WorkloadActual   3: 2048 op, 419358518.00 ns, 204.7649 us/op

// AfterActualRun
WorkloadResult   1: 2048 op, 418098585.00 ns, 204.1497 us/op
WorkloadResult   2: 2048 op, 420831040.00 ns, 205.4839 us/op
WorkloadResult   3: 2048 op, 419351120.00 ns, 204.7613 us/op
// GC:  108 31 0 907689984 2048
// Threading:  0 0 2048

// AfterAll
// Benchmark Process 1223 has exited with code 0.

Mean = 204.798 us, StdErr = 0.386 us (0.19%), N = 3, StdDev = 0.668 us
Min = 204.150 us, Q1 = 204.455 us, Median = 204.761 us, Q3 = 205.123 us, Max = 205.484 us
IQR = 0.667 us, LowerFence = 203.455 us, UpperFence = 206.123 us
ConfidenceInterval = [192.614 us; 216.983 us] (CI 99.9%), Margin = 12.184 us (5.95% of Mean)
Skewness = 0.06, Kurtosis = 0.67, MValue = 2

// ** Remained 17 (19.1 %) benchmark(s) to run. Estimated finish 2026-10-08 2:10 (0h 1m from now) **
// **************************
// Benchmark: PlutusUseCasesBenchmarks.DecodeAndEval: ShortRun(IterationCount=3, LaunchCount=1, MinIterationCount=50, WarmupCount=3) [Script=stablecoin_1-3]
// *** Execute ***
// Launch: 1 / 1
// Execute: dotnet PlutusBench-ShortRun-1.dll --anonymousPipes 113 114 --benchmarkName "PlutusUseCasesBenchmarks.DecodeAndEval(Script: \"stablecoin_1-3\")" --job ShortRun --benchmarkId 72 in /bench/chrysalis/benchmarks/PlutusBench/bin/Release/net10.0/PlutusBench-ShortRun-1/bin/Release/net10.0
// BeforeAnythingElse

// Benchmark Process Environment Information:
// BenchmarkDotNet v0.15.8
// Runtime=.NET 10.0.12 (10.0.12, 10.0.1226.42308), X64 RyuJIT x86-64-v4
// GC=Concurrent Workstation
// HardwareIntrinsics=AVX512 BITALG+VBMI2+VNNI+VPOPCNTDQ,AVX512 IFMA+VBMI,AVX512 F+BW+CD+DQ+VL,AVX2+BMI1+BMI2+F16C+FMA+LZCNT+MOVBE,AVX,SSE3+SSSE3+SSE4.1+SSE4.2+POPCNT,X86Base+SSE+SSE2,AES+PCLMUL VectorSize=256
// Job: ShortRun(IterationCount=3, LaunchCount=1, MinIterationCount=50, WarmupCount=3)

OverheadJitting  1: 1 op, 167899.00 ns, 167.8990 us/op
WorkloadJitting  1: 1 op, 40470242.00 ns, 40.4702 ms/op

WorkloadPilot    1: 2 op, 8632795.00 ns, 4.3164 ms/op
WorkloadPilot    2: 3 op, 12330429.00 ns, 4.1101 ms/op
WorkloadPilot    3: 4 op, 15162492.00 ns, 3.7906 ms/op
WorkloadPilot    4: 5 op, 20010396.00 ns, 4.0021 ms/op
WorkloadPilot    5: 6 op, 22748276.00 ns, 3.7914 ms/op
WorkloadPilot    6: 7 op, 25962909.00 ns, 3.7090 ms/op
WorkloadPilot    7: 8 op, 29332238.00 ns, 3.6665 ms/op
WorkloadPilot    8: 9 op, 32804338.00 ns, 3.6449 ms/op
WorkloadPilot    9: 10 op, 37264952.00 ns, 3.7265 ms/op
WorkloadPilot   10: 11 op, 24893608.00 ns, 2.2631 ms/op
WorkloadPilot   11: 12 op, 24001995.00 ns, 2.0002 ms/op
WorkloadPilot   12: 13 op, 25740067.00 ns, 1.9800 ms/op
WorkloadPilot   13: 14 op, 27761717.00 ns, 1.9830 ms/op
WorkloadPilot   14: 15 op, 29492131.00 ns, 1.9661 ms/op
WorkloadPilot   15: 16 op, 31037953.00 ns, 1.9399 ms/op
WorkloadPilot   16: 32 op, 63302985.00 ns, 1.9782 ms/op
WorkloadPilot   17: 64 op, 100607633.00 ns, 1.5720 ms/op
WorkloadPilot   18: 128 op, 184497349.00 ns, 1.4414 ms/op
WorkloadPilot   19: 256 op, 356989651.00 ns, 1.3945 ms/op
WorkloadPilot   20: 512 op, 708367895.00 ns, 1.3835 ms/op

WorkloadWarmup   1: 512 op, 707970683.00 ns, 1.3828 ms/op
WorkloadWarmup   2: 512 op, 706492184.00 ns, 1.3799 ms/op
WorkloadWarmup   3: 512 op, 709584479.00 ns, 1.3859 ms/op

// BeforeActualRun
WorkloadActual   1: 512 op, 707664594.00 ns, 1.3822 ms/op
WorkloadActual   2: 512 op, 710399469.00 ns, 1.3875 ms/op
WorkloadActual   3: 512 op, 710501073.00 ns, 1.3877 ms/op

// AfterActualRun
WorkloadResult   1: 512 op, 707664594.00 ns, 1.3822 ms/op
WorkloadResult   2: 512 op, 710399469.00 ns, 1.3875 ms/op
WorkloadResult   3: 512 op, 710501073.00 ns, 1.3877 ms/op
// GC:  101 46 0 846786560 512
// Threading:  0 0 512

// AfterAll
// Benchmark Process 1233 has exited with code 0.

Mean = 1.386 ms, StdErr = 0.002 ms (0.13%), N = 3, StdDev = 0.003 ms
Min = 1.382 ms, Q1 = 1.385 ms, Median = 1.387 ms, Q3 = 1.388 ms, Max = 1.388 ms
IQR = 0.003 ms, LowerFence = 1.381 ms, UpperFence = 1.392 ms
ConfidenceInterval = [1.328 ms; 1.443 ms] (CI 99.9%), Margin = 0.057 ms (4.14% of Mean)
Skewness = -0.38, Kurtosis = 0.67, MValue = 2

// ** Remained 16 (18.0 %) benchmark(s) to run. Estimated finish 2026-10-08 2:10 (0h 1m from now) **
// **************************
// Benchmark: PlutusUseCasesBenchmarks.DecodeAndEval: ShortRun(IterationCount=3, LaunchCount=1, MinIterationCount=50, WarmupCount=3) [Script=stablecoin_1-4]
// *** Execute ***
// Launch: 1 / 1
// Execute: dotnet PlutusBench-ShortRun-1.dll --anonymousPipes 113 114 --benchmarkName "PlutusUseCasesBenchmarks.DecodeAndEval(Script: \"stablecoin_1-4\")" --job ShortRun --benchmarkId 73 in /bench/chrysalis/benchmarks/PlutusBench/bin/Release/net10.0/PlutusBench-ShortRun-1/bin/Release/net10.0
// BeforeAnythingElse

// Benchmark Process Environment Information:
// BenchmarkDotNet v0.15.8
// Runtime=.NET 10.0.12 (10.0.12, 10.0.1226.42308), X64 RyuJIT x86-64-v4
// GC=Concurrent Workstation
// HardwareIntrinsics=AVX512 BITALG+VBMI2+VNNI+VPOPCNTDQ,AVX512 IFMA+VBMI,AVX512 F+BW+CD+DQ+VL,AVX2+BMI1+BMI2+F16C+FMA+LZCNT+MOVBE,AVX,SSE3+SSSE3+SSE4.1+SSE4.2+POPCNT,X86Base+SSE+SSE2,AES+PCLMUL VectorSize=256
// Job: ShortRun(IterationCount=3, LaunchCount=1, MinIterationCount=50, WarmupCount=3)

OverheadJitting  1: 1 op, 150874.00 ns, 150.8740 us/op
WorkloadJitting  1: 1 op, 15600262.00 ns, 15.6003 ms/op

OverheadJitting  2: 16 op, 340380.00 ns, 21.2738 us/op
WorkloadJitting  2: 16 op, 12958968.00 ns, 809.9355 us/op

WorkloadPilot    1: 16 op, 11229821.00 ns, 701.8638 us/op
WorkloadPilot    2: 32 op, 21074087.00 ns, 658.5652 us/op
WorkloadPilot    3: 64 op, 43835638.00 ns, 684.9318 us/op
WorkloadPilot    4: 128 op, 79957230.00 ns, 624.6659 us/op
WorkloadPilot    5: 256 op, 105645340.00 ns, 412.6771 us/op
WorkloadPilot    6: 512 op, 118908045.00 ns, 232.2423 us/op
WorkloadPilot    7: 1024 op, 228661447.00 ns, 223.3022 us/op
WorkloadPilot    8: 2048 op, 455950960.00 ns, 222.6323 us/op
WorkloadPilot    9: 4096 op, 915167085.00 ns, 223.4295 us/op

OverheadWarmup   1: 4096 op, 16301.00 ns, 3.9797 ns/op
OverheadWarmup   2: 4096 op, 30849.00 ns, 7.5315 ns/op
OverheadWarmup   3: 4096 op, 14908.00 ns, 3.6396 ns/op
OverheadWarmup   4: 4096 op, 15507.00 ns, 3.7859 ns/op
OverheadWarmup   5: 4096 op, 49344.00 ns, 12.0469 ns/op
OverheadWarmup   6: 4096 op, 14892.00 ns, 3.6357 ns/op

OverheadActual   1: 4096 op, 15117.00 ns, 3.6907 ns/op
OverheadActual   2: 4096 op, 27611.00 ns, 6.7410 ns/op
OverheadActual   3: 4096 op, 14774.00 ns, 3.6069 ns/op
OverheadActual   4: 4096 op, 15626.00 ns, 3.8149 ns/op
OverheadActual   5: 4096 op, 15004.00 ns, 3.6631 ns/op
OverheadActual   6: 4096 op, 31475.00 ns, 7.6843 ns/op
OverheadActual   7: 4096 op, 15570.00 ns, 3.8013 ns/op
OverheadActual   8: 4096 op, 15537.00 ns, 3.7932 ns/op
OverheadActual   9: 4096 op, 15584.00 ns, 3.8047 ns/op
OverheadActual  10: 4096 op, 15578.00 ns, 3.8032 ns/op
OverheadActual  11: 4096 op, 15770.00 ns, 3.8501 ns/op
OverheadActual  12: 4096 op, 15890.00 ns, 3.8794 ns/op
OverheadActual  13: 4096 op, 15866.00 ns, 3.8735 ns/op
OverheadActual  14: 4096 op, 15898.00 ns, 3.8813 ns/op
OverheadActual  15: 4096 op, 15521.00 ns, 3.7893 ns/op
OverheadActual  16: 4096 op, 15829.00 ns, 3.8645 ns/op
OverheadActual  17: 4096 op, 15917.00 ns, 3.8860 ns/op
OverheadActual  18: 4096 op, 15684.00 ns, 3.8291 ns/op
OverheadActual  19: 4096 op, 15852.00 ns, 3.8701 ns/op
OverheadActual  20: 4096 op, 15529.00 ns, 3.7913 ns/op

WorkloadWarmup   1: 4096 op, 917380712.00 ns, 223.9699 us/op
WorkloadWarmup   2: 4096 op, 913354322.00 ns, 222.9869 us/op
WorkloadWarmup   3: 4096 op, 910726854.00 ns, 222.3454 us/op

// BeforeActualRun
WorkloadActual   1: 4096 op, 912452223.00 ns, 222.7667 us/op
WorkloadActual   2: 4096 op, 916043990.00 ns, 223.6436 us/op
WorkloadActual   3: 4096 op, 916276639.00 ns, 223.7004 us/op

// AfterActualRun
WorkloadResult   1: 4096 op, 912436568.00 ns, 222.7628 us/op
WorkloadResult   2: 4096 op, 916028335.00 ns, 223.6397 us/op
WorkloadResult   3: 4096 op, 916260984.00 ns, 223.6965 us/op
// GC:  225 68 0 1889665024 4096
// Threading:  0 0 4096

// AfterAll
// Benchmark Process 1240 has exited with code 0.

Mean = 223.366 us, StdErr = 0.302 us (0.14%), N = 3, StdDev = 0.523 us
Min = 222.763 us, Q1 = 223.201 us, Median = 223.640 us, Q3 = 223.668 us, Max = 223.697 us
IQR = 0.467 us, LowerFence = 222.501 us, UpperFence = 224.368 us
ConfidenceInterval = [213.817 us; 232.916 us] (CI 99.9%), Margin = 9.550 us (4.28% of Mean)
Skewness = -0.38, Kurtosis = 0.67, MValue = 2

// ** Remained 15 (16.9 %) benchmark(s) to run. Estimated finish 2026-10-08 2:10 (0h 1m from now) **
// **************************
// Benchmark: PlutusUseCasesBenchmarks.DecodeAndEval: ShortRun(IterationCount=3, LaunchCount=1, MinIterationCount=50, WarmupCount=3) [Script=stablecoin_1-5]
// *** Execute ***
// Launch: 1 / 1
// Execute: dotnet PlutusBench-ShortRun-1.dll --anonymousPipes 113 114 --benchmarkName "PlutusUseCasesBenchmarks.DecodeAndEval(Script: \"stablecoin_1-5\")" --job ShortRun --benchmarkId 74 in /bench/chrysalis/benchmarks/PlutusBench/bin/Release/net10.0/PlutusBench-ShortRun-1/bin/Release/net10.0
// BeforeAnythingElse

// Benchmark Process Environment Information:
// BenchmarkDotNet v0.15.8
// Runtime=.NET 10.0.12 (10.0.12, 10.0.1226.42308), X64 RyuJIT x86-64-v4
// GC=Concurrent Workstation
// HardwareIntrinsics=AVX512 BITALG+VBMI2+VNNI+VPOPCNTDQ,AVX512 IFMA+VBMI,AVX512 F+BW+CD+DQ+VL,AVX2+BMI1+BMI2+F16C+FMA+LZCNT+MOVBE,AVX,SSE3+SSSE3+SSE4.1+SSE4.2+POPCNT,X86Base+SSE+SSE2,AES+PCLMUL VectorSize=256
// Job: ShortRun(IterationCount=3, LaunchCount=1, MinIterationCount=50, WarmupCount=3)

OverheadJitting  1: 1 op, 150766.00 ns, 150.7660 us/op
WorkloadJitting  1: 1 op, 41793559.00 ns, 41.7936 ms/op

WorkloadPilot    1: 2 op, 11012613.00 ns, 5.5063 ms/op
WorkloadPilot    2: 3 op, 15501857.00 ns, 5.1673 ms/op
WorkloadPilot    3: 4 op, 19789685.00 ns, 4.9474 ms/op
WorkloadPilot    4: 5 op, 25689342.00 ns, 5.1379 ms/op
WorkloadPilot    5: 6 op, 28873191.00 ns, 4.8122 ms/op
WorkloadPilot    6: 7 op, 33531837.00 ns, 4.7903 ms/op
WorkloadPilot    7: 8 op, 37824325.00 ns, 4.7280 ms/op
WorkloadPilot    8: 9 op, 39564477.00 ns, 4.3961 ms/op
WorkloadPilot    9: 10 op, 24834005.00 ns, 2.4834 ms/op
WorkloadPilot   10: 11 op, 26837583.00 ns, 2.4398 ms/op
WorkloadPilot   11: 12 op, 28115015.00 ns, 2.3429 ms/op
WorkloadPilot   12: 13 op, 31223263.00 ns, 2.4018 ms/op
WorkloadPilot   13: 14 op, 29750880.00 ns, 2.1251 ms/op
WorkloadPilot   14: 15 op, 27348923.00 ns, 1.8233 ms/op
WorkloadPilot   15: 16 op, 28717340.00 ns, 1.7948 ms/op
WorkloadPilot   16: 32 op, 56622586.00 ns, 1.7695 ms/op
WorkloadPilot   17: 64 op, 110442487.00 ns, 1.7257 ms/op
WorkloadPilot   18: 128 op, 218019818.00 ns, 1.7033 ms/op
WorkloadPilot   19: 256 op, 434922197.00 ns, 1.6989 ms/op
WorkloadPilot   20: 512 op, 871494290.00 ns, 1.7021 ms/op

WorkloadWarmup   1: 512 op, 869362572.00 ns, 1.6980 ms/op
WorkloadWarmup   2: 512 op, 873823042.00 ns, 1.7067 ms/op
WorkloadWarmup   3: 512 op, 1060628903.00 ns, 2.0715 ms/op

// BeforeActualRun
WorkloadActual   1: 512 op, 1100716517.00 ns, 2.1498 ms/op
WorkloadActual   2: 512 op, 894457291.00 ns, 1.7470 ms/op
WorkloadActual   3: 512 op, 872751909.00 ns, 1.7046 ms/op

// AfterActualRun
WorkloadResult   1: 512 op, 1100716517.00 ns, 2.1498 ms/op
WorkloadResult   2: 512 op, 894457291.00 ns, 1.7470 ms/op
WorkloadResult   3: 512 op, 872751909.00 ns, 1.7046 ms/op
// GC:  121 52 0 1018462208 512
// Threading:  0 0 512

// AfterAll
// Benchmark Process 1247 has exited with code 0.

Mean = 1.867 ms, StdErr = 0.142 ms (7.60%), N = 3, StdDev = 0.246 ms
Min = 1.705 ms, Q1 = 1.726 ms, Median = 1.747 ms, Q3 = 1.948 ms, Max = 2.150 ms
IQR = 0.223 ms, LowerFence = 1.392 ms, UpperFence = 2.282 ms
ConfidenceInterval = [-2.616 ms; 6.350 ms] (CI 99.9%), Margin = 4.483 ms (240.11% of Mean)
Skewness = 0.37, Kurtosis = 0.67, MValue = 2

// ** Remained 14 (15.7 %) benchmark(s) to run. Estimated finish 2026-10-08 2:10 (0h 1m from now) **
// **************************
// Benchmark: PlutusUseCasesBenchmarks.DecodeAndEval: ShortRun(IterationCount=3, LaunchCount=1, MinIterationCount=50, WarmupCount=3) [Script=stablecoin_1-6]
// *** Execute ***
// Launch: 1 / 1
// Execute: dotnet PlutusBench-ShortRun-1.dll --anonymousPipes 113 114 --benchmarkName "PlutusUseCasesBenchmarks.DecodeAndEval(Script: \"stablecoin_1-6\")" --job ShortRun --benchmarkId 75 in /bench/chrysalis/benchmarks/PlutusBench/bin/Release/net10.0/PlutusBench-ShortRun-1/bin/Release/net10.0
// BeforeAnythingElse

// Benchmark Process Environment Information:
// BenchmarkDotNet v0.15.8
// Runtime=.NET 10.0.12 (10.0.12, 10.0.1226.42308), X64 RyuJIT x86-64-v4
// GC=Concurrent Workstation
// HardwareIntrinsics=AVX512 BITALG+VBMI2+VNNI+VPOPCNTDQ,AVX512 IFMA+VBMI,AVX512 F+BW+CD+DQ+VL,AVX2+BMI1+BMI2+F16C+FMA+LZCNT+MOVBE,AVX,SSE3+SSSE3+SSE4.1+SSE4.2+POPCNT,X86Base+SSE+SSE2,AES+PCLMUL VectorSize=256
// Job: ShortRun(IterationCount=3, LaunchCount=1, MinIterationCount=50, WarmupCount=3)

OverheadJitting  1: 1 op, 149091.00 ns, 149.0910 us/op
WorkloadJitting  1: 1 op, 15860151.00 ns, 15.8602 ms/op

OverheadJitting  2: 16 op, 333218.00 ns, 20.8261 us/op
WorkloadJitting  2: 16 op, 15420789.00 ns, 963.7993 us/op

WorkloadPilot    1: 16 op, 13698028.00 ns, 856.1268 us/op
WorkloadPilot    2: 32 op, 25550152.00 ns, 798.4423 us/op
WorkloadPilot    3: 64 op, 48968373.00 ns, 765.1308 us/op
WorkloadPilot    4: 128 op, 94992935.00 ns, 742.1323 us/op
WorkloadPilot    5: 256 op, 95700010.00 ns, 373.8282 us/op
WorkloadPilot    6: 512 op, 133042424.00 ns, 259.8485 us/op
WorkloadPilot    7: 1024 op, 263639680.00 ns, 257.4606 us/op
WorkloadPilot    8: 2048 op, 520949661.00 ns, 254.3700 us/op

OverheadWarmup   1: 2048 op, 8268.00 ns, 4.0371 ns/op
OverheadWarmup   2: 2048 op, 7968.00 ns, 3.8906 ns/op
OverheadWarmup   3: 2048 op, 38017.00 ns, 18.5630 ns/op
OverheadWarmup   4: 2048 op, 23250.00 ns, 11.3525 ns/op
OverheadWarmup   5: 2048 op, 7848.00 ns, 3.8320 ns/op
OverheadWarmup   6: 2048 op, 7835.00 ns, 3.8257 ns/op
OverheadWarmup   7: 2048 op, 7911.00 ns, 3.8628 ns/op
OverheadWarmup   8: 2048 op, 7916.00 ns, 3.8652 ns/op
OverheadWarmup   9: 2048 op, 20800.00 ns, 10.1563 ns/op
OverheadWarmup  10: 2048 op, 8129.00 ns, 3.9692 ns/op

OverheadActual   1: 2048 op, 7767.00 ns, 3.7925 ns/op
OverheadActual   2: 2048 op, 7673.00 ns, 3.7466 ns/op
OverheadActual   3: 2048 op, 7733.00 ns, 3.7759 ns/op
OverheadActual   4: 2048 op, 7974.00 ns, 3.8936 ns/op
OverheadActual   5: 2048 op, 7670.00 ns, 3.7451 ns/op
OverheadActual   6: 2048 op, 7959.00 ns, 3.8862 ns/op
OverheadActual   7: 2048 op, 7873.00 ns, 3.8442 ns/op
OverheadActual   8: 2048 op, 7871.00 ns, 3.8433 ns/op
OverheadActual   9: 2048 op, 7884.00 ns, 3.8496 ns/op
OverheadActual  10: 2048 op, 7893.00 ns, 3.8540 ns/op
OverheadActual  11: 2048 op, 20671.00 ns, 10.0933 ns/op
OverheadActual  12: 2048 op, 7863.00 ns, 3.8394 ns/op
OverheadActual  13: 2048 op, 7893.00 ns, 3.8540 ns/op
OverheadActual  14: 2048 op, 8150.00 ns, 3.9795 ns/op
OverheadActual  15: 2048 op, 7939.00 ns, 3.8765 ns/op
OverheadActual  16: 2048 op, 7895.00 ns, 3.8550 ns/op
OverheadActual  17: 2048 op, 7906.00 ns, 3.8604 ns/op
OverheadActual  18: 2048 op, 7989.00 ns, 3.9009 ns/op
OverheadActual  19: 2048 op, 7927.00 ns, 3.8706 ns/op
OverheadActual  20: 2048 op, 7936.00 ns, 3.8750 ns/op

WorkloadWarmup   1: 2048 op, 527504002.00 ns, 257.5703 us/op
WorkloadWarmup   2: 2048 op, 527009519.00 ns, 257.3289 us/op
WorkloadWarmup   3: 2048 op, 521255526.00 ns, 254.5193 us/op

// BeforeActualRun
WorkloadActual   1: 2048 op, 522563520.00 ns, 255.1580 us/op
WorkloadActual   2: 2048 op, 528490008.00 ns, 258.0518 us/op
WorkloadActual   3: 2048 op, 524877046.00 ns, 256.2876 us/op

// AfterActualRun
WorkloadResult   1: 2048 op, 522555626.00 ns, 255.1541 us/op
WorkloadResult   2: 2048 op, 528482114.00 ns, 258.0479 us/op
WorkloadResult   3: 2048 op, 524869152.00 ns, 256.2838 us/op
// GC:  131 41 0 1099530240 2048
// Threading:  0 0 2048

// AfterAll
// Benchmark Process 1254 has exited with code 0.

Mean = 256.495 us, StdErr = 0.842 us (0.33%), N = 3, StdDev = 1.458 us
Min = 255.154 us, Q1 = 255.719 us, Median = 256.284 us, Q3 = 257.166 us, Max = 258.048 us
IQR = 1.447 us, LowerFence = 253.549 us, UpperFence = 259.336 us
ConfidenceInterval = [229.888 us; 283.103 us] (CI 99.9%), Margin = 26.607 us (10.37% of Mean)
Skewness = 0.14, Kurtosis = 0.67, MValue = 2

// ** Remained 13 (14.6 %) benchmark(s) to run. Estimated finish 2026-10-08 2:10 (0h 1m from now) **
// **************************
// Benchmark: PlutusUseCasesBenchmarks.DecodeAndEval: ShortRun(IterationCount=3, LaunchCount=1, MinIterationCount=50, WarmupCount=3) [Script=stablecoin_2-1]
// *** Execute ***
// Launch: 1 / 1
// Execute: dotnet PlutusBench-ShortRun-1.dll --anonymousPipes 113 114 --benchmarkName "PlutusUseCasesBenchmarks.DecodeAndEval(Script: \"stablecoin_2-1\")" --job ShortRun --benchmarkId 76 in /bench/chrysalis/benchmarks/PlutusBench/bin/Release/net10.0/PlutusBench-ShortRun-1/bin/Release/net10.0
// BeforeAnythingElse

// Benchmark Process Environment Information:
// BenchmarkDotNet v0.15.8
// Runtime=.NET 10.0.12 (10.0.12, 10.0.1226.42308), X64 RyuJIT x86-64-v4
// GC=Concurrent Workstation
// HardwareIntrinsics=AVX512 BITALG+VBMI2+VNNI+VPOPCNTDQ,AVX512 IFMA+VBMI,AVX512 F+BW+CD+DQ+VL,AVX2+BMI1+BMI2+F16C+FMA+LZCNT+MOVBE,AVX,SSE3+SSSE3+SSE4.1+SSE4.2+POPCNT,X86Base+SSE+SSE2,AES+PCLMUL VectorSize=256
// Job: ShortRun(IterationCount=3, LaunchCount=1, MinIterationCount=50, WarmupCount=3)

OverheadJitting  1: 1 op, 151887.00 ns, 151.8870 us/op
WorkloadJitting  1: 1 op, 40380481.00 ns, 40.3805 ms/op

WorkloadPilot    1: 2 op, 7560382.00 ns, 3.7802 ms/op
WorkloadPilot    2: 3 op, 10688326.00 ns, 3.5628 ms/op
WorkloadPilot    3: 4 op, 13359770.00 ns, 3.3399 ms/op
WorkloadPilot    4: 5 op, 17525660.00 ns, 3.5051 ms/op
WorkloadPilot    5: 6 op, 20688586.00 ns, 3.4481 ms/op
WorkloadPilot    6: 7 op, 23492765.00 ns, 3.3561 ms/op
WorkloadPilot    7: 8 op, 26269624.00 ns, 3.2837 ms/op
WorkloadPilot    8: 9 op, 29795081.00 ns, 3.3106 ms/op
WorkloadPilot    9: 10 op, 32134044.00 ns, 3.2134 ms/op
WorkloadPilot   10: 11 op, 33102216.00 ns, 3.0093 ms/op
WorkloadPilot   11: 12 op, 23676928.00 ns, 1.9731 ms/op
WorkloadPilot   12: 13 op, 24386186.00 ns, 1.8759 ms/op
WorkloadPilot   13: 14 op, 25657586.00 ns, 1.8327 ms/op
WorkloadPilot   14: 15 op, 27560125.00 ns, 1.8373 ms/op
WorkloadPilot   15: 16 op, 29571218.00 ns, 1.8482 ms/op
WorkloadPilot   16: 32 op, 59309055.00 ns, 1.8534 ms/op
WorkloadPilot   17: 64 op, 98021827.00 ns, 1.5316 ms/op
WorkloadPilot   18: 128 op, 158849583.00 ns, 1.2410 ms/op
WorkloadPilot   19: 256 op, 313940297.00 ns, 1.2263 ms/op
WorkloadPilot   20: 512 op, 625514941.00 ns, 1.2217 ms/op

WorkloadWarmup   1: 512 op, 625959072.00 ns, 1.2226 ms/op
WorkloadWarmup   2: 512 op, 626615360.00 ns, 1.2239 ms/op
WorkloadWarmup   3: 512 op, 628992179.00 ns, 1.2285 ms/op

// BeforeActualRun
WorkloadActual   1: 512 op, 624826392.00 ns, 1.2204 ms/op
WorkloadActual   2: 512 op, 627331688.00 ns, 1.2253 ms/op
WorkloadActual   3: 512 op, 628006384.00 ns, 1.2266 ms/op

// AfterActualRun
WorkloadResult   1: 512 op, 624826392.00 ns, 1.2204 ms/op
WorkloadResult   2: 512 op, 627331688.00 ns, 1.2253 ms/op
WorkloadResult   3: 512 op, 628006384.00 ns, 1.2266 ms/op
// GC:  91 38 0 765009920 512
// Threading:  0 0 512

// AfterAll
// Benchmark Process 1263 has exited with code 0.

Mean = 1.224 ms, StdErr = 0.002 ms (0.15%), N = 3, StdDev = 0.003 ms
Min = 1.220 ms, Q1 = 1.223 ms, Median = 1.225 ms, Q3 = 1.226 ms, Max = 1.227 ms
IQR = 0.003 ms, LowerFence = 1.218 ms, UpperFence = 1.231 ms
ConfidenceInterval = [1.164 ms; 1.284 ms] (CI 99.9%), Margin = 0.060 ms (4.88% of Mean)
Skewness = -0.32, Kurtosis = 0.67, MValue = 2

// ** Remained 12 (13.5 %) benchmark(s) to run. Estimated finish 2026-10-08 2:10 (0h 1m from now) **
// **************************
// Benchmark: PlutusUseCasesBenchmarks.DecodeAndEval: ShortRun(IterationCount=3, LaunchCount=1, MinIterationCount=50, WarmupCount=3) [Script=stablecoin_2-2]
// *** Execute ***
// Launch: 1 / 1
// Execute: dotnet PlutusBench-ShortRun-1.dll --anonymousPipes 113 114 --benchmarkName "PlutusUseCasesBenchmarks.DecodeAndEval(Script: \"stablecoin_2-2\")" --job ShortRun --benchmarkId 77 in /bench/chrysalis/benchmarks/PlutusBench/bin/Release/net10.0/PlutusBench-ShortRun-1/bin/Release/net10.0
// BeforeAnythingElse

// Benchmark Process Environment Information:
// BenchmarkDotNet v0.15.8
// Runtime=.NET 10.0.12 (10.0.12, 10.0.1226.42308), X64 RyuJIT x86-64-v4
// GC=Concurrent Workstation
// HardwareIntrinsics=AVX512 BITALG+VBMI2+VNNI+VPOPCNTDQ,AVX512 IFMA+VBMI,AVX512 F+BW+CD+DQ+VL,AVX2+BMI1+BMI2+F16C+FMA+LZCNT+MOVBE,AVX,SSE3+SSSE3+SSE4.1+SSE4.2+POPCNT,X86Base+SSE+SSE2,AES+PCLMUL VectorSize=256
// Job: ShortRun(IterationCount=3, LaunchCount=1, MinIterationCount=50, WarmupCount=3)

OverheadJitting  1: 1 op, 149370.00 ns, 149.3700 us/op
WorkloadJitting  1: 1 op, 15329055.00 ns, 15.3291 ms/op

OverheadJitting  2: 16 op, 343311.00 ns, 21.4569 us/op
WorkloadJitting  2: 16 op, 12688869.00 ns, 793.0543 us/op

WorkloadPilot    1: 16 op, 10961492.00 ns, 685.0933 us/op
WorkloadPilot    2: 32 op, 20383162.00 ns, 636.9738 us/op
WorkloadPilot    3: 64 op, 39037229.00 ns, 609.9567 us/op
WorkloadPilot    4: 128 op, 76527113.00 ns, 597.8681 us/op
WorkloadPilot    5: 256 op, 107716736.00 ns, 420.7685 us/op
WorkloadPilot    6: 512 op, 112939829.00 ns, 220.5856 us/op
WorkloadPilot    7: 1024 op, 222717082.00 ns, 217.4972 us/op
WorkloadPilot    8: 2048 op, 426221034.00 ns, 208.1157 us/op
WorkloadPilot    9: 4096 op, 852403961.00 ns, 208.1064 us/op

OverheadWarmup   1: 4096 op, 32991.00 ns, 8.0544 ns/op
OverheadWarmup   2: 4096 op, 15592.00 ns, 3.8066 ns/op
OverheadWarmup   3: 4096 op, 24600.00 ns, 6.0059 ns/op
OverheadWarmup   4: 4096 op, 21165.00 ns, 5.1672 ns/op
OverheadWarmup   5: 4096 op, 14835.00 ns, 3.6218 ns/op
OverheadWarmup   6: 4096 op, 30807.00 ns, 7.5212 ns/op
OverheadWarmup   7: 4096 op, 14900.00 ns, 3.6377 ns/op

OverheadActual   1: 4096 op, 15030.00 ns, 3.6694 ns/op
OverheadActual   2: 4096 op, 15009.00 ns, 3.6643 ns/op
OverheadActual   3: 4096 op, 15030.00 ns, 3.6694 ns/op
OverheadActual   4: 4096 op, 45492.00 ns, 11.1064 ns/op
OverheadActual   5: 4096 op, 19548.00 ns, 4.7725 ns/op
OverheadActual   6: 4096 op, 46383.00 ns, 11.3240 ns/op
OverheadActual   7: 4096 op, 15581.00 ns, 3.8040 ns/op
OverheadActual   8: 4096 op, 15510.00 ns, 3.7866 ns/op
OverheadActual   9: 4096 op, 15551.00 ns, 3.7966 ns/op
OverheadActual  10: 4096 op, 16429.00 ns, 4.0110 ns/op
OverheadActual  11: 4096 op, 15535.00 ns, 3.7927 ns/op
OverheadActual  12: 4096 op, 15545.00 ns, 3.7952 ns/op
OverheadActual  13: 4096 op, 15844.00 ns, 3.8682 ns/op
OverheadActual  14: 4096 op, 15851.00 ns, 3.8699 ns/op
OverheadActual  15: 4096 op, 15388.00 ns, 3.7568 ns/op
OverheadActual  16: 4096 op, 15565.00 ns, 3.8000 ns/op
OverheadActual  17: 4096 op, 15566.00 ns, 3.8003 ns/op
OverheadActual  18: 4096 op, 15624.00 ns, 3.8145 ns/op
OverheadActual  19: 4096 op, 46834.00 ns, 11.4341 ns/op
OverheadActual  20: 4096 op, 15603.00 ns, 3.8093 ns/op

WorkloadWarmup   1: 4096 op, 853983179.00 ns, 208.4920 us/op
WorkloadWarmup   2: 4096 op, 855033115.00 ns, 208.7483 us/op
WorkloadWarmup   3: 4096 op, 850733571.00 ns, 207.6986 us/op

// BeforeActualRun
WorkloadActual   1: 4096 op, 853106671.00 ns, 208.2780 us/op
WorkloadActual   2: 4096 op, 849570747.00 ns, 207.4147 us/op
WorkloadActual   3: 4096 op, 850305274.00 ns, 207.5941 us/op

// AfterActualRun
WorkloadResult   1: 4096 op, 853091097.50 ns, 208.2742 us/op
WorkloadResult   2: 4096 op, 849555173.50 ns, 207.4109 us/op
WorkloadResult   3: 4096 op, 850289700.50 ns, 207.5903 us/op
// GC:  217 63 0 1815379968 4096
// Threading:  0 0 4096

// AfterAll
// Benchmark Process 1271 has exited with code 0.

Mean = 207.758 us, StdErr = 0.263 us (0.13%), N = 3, StdDev = 0.456 us
Min = 207.411 us, Q1 = 207.501 us, Median = 207.590 us, Q3 = 207.932 us, Max = 208.274 us
IQR = 0.432 us, LowerFence = 206.853 us, UpperFence = 208.580 us
ConfidenceInterval = [199.448 us; 216.069 us] (CI 99.9%), Margin = 8.311 us (4.00% of Mean)
Skewness = 0.32, Kurtosis = 0.67, MValue = 2

// ** Remained 11 (12.4 %) benchmark(s) to run. Estimated finish 2026-10-08 2:10 (0h 1m from now) **
// **************************
// Benchmark: PlutusUseCasesBenchmarks.DecodeAndEval: ShortRun(IterationCount=3, LaunchCount=1, MinIterationCount=50, WarmupCount=3) [Script=stablecoin_2-3]
// *** Execute ***
// Launch: 1 / 1
// Execute: dotnet PlutusBench-ShortRun-1.dll --anonymousPipes 113 114 --benchmarkName "PlutusUseCasesBenchmarks.DecodeAndEval(Script: \"stablecoin_2-3\")" --job ShortRun --benchmarkId 78 in /bench/chrysalis/benchmarks/PlutusBench/bin/Release/net10.0/PlutusBench-ShortRun-1/bin/Release/net10.0
// BeforeAnythingElse

// Benchmark Process Environment Information:
// BenchmarkDotNet v0.15.8
// Runtime=.NET 10.0.12 (10.0.12, 10.0.1226.42308), X64 RyuJIT x86-64-v4
// GC=Concurrent Workstation
// HardwareIntrinsics=AVX512 BITALG+VBMI2+VNNI+VPOPCNTDQ,AVX512 IFMA+VBMI,AVX512 F+BW+CD+DQ+VL,AVX2+BMI1+BMI2+F16C+FMA+LZCNT+MOVBE,AVX,SSE3+SSSE3+SSE4.1+SSE4.2+POPCNT,X86Base+SSE+SSE2,AES+PCLMUL VectorSize=256
// Job: ShortRun(IterationCount=3, LaunchCount=1, MinIterationCount=50, WarmupCount=3)

OverheadJitting  1: 1 op, 150333.00 ns, 150.3330 us/op
WorkloadJitting  1: 1 op, 41093235.00 ns, 41.0932 ms/op

WorkloadPilot    1: 2 op, 8728313.00 ns, 4.3642 ms/op
WorkloadPilot    2: 3 op, 12427548.00 ns, 4.1425 ms/op
WorkloadPilot    3: 4 op, 15475021.00 ns, 3.8688 ms/op
WorkloadPilot    4: 5 op, 20052623.00 ns, 4.0105 ms/op
WorkloadPilot    5: 6 op, 22892219.00 ns, 3.8154 ms/op
WorkloadPilot    6: 7 op, 26055494.00 ns, 3.7222 ms/op
WorkloadPilot    7: 8 op, 29685558.00 ns, 3.7107 ms/op
WorkloadPilot    8: 9 op, 32997550.00 ns, 3.6664 ms/op
WorkloadPilot    9: 10 op, 36339241.00 ns, 3.6339 ms/op
WorkloadPilot   10: 11 op, 25312282.00 ns, 2.3011 ms/op
WorkloadPilot   11: 12 op, 24760721.00 ns, 2.0634 ms/op
WorkloadPilot   12: 13 op, 26591351.00 ns, 2.0455 ms/op
WorkloadPilot   13: 14 op, 28479884.00 ns, 2.0343 ms/op
WorkloadPilot   14: 15 op, 29507085.00 ns, 1.9671 ms/op
WorkloadPilot   15: 16 op, 31523426.00 ns, 1.9702 ms/op
WorkloadPilot   16: 32 op, 63541735.00 ns, 1.9857 ms/op
WorkloadPilot   17: 64 op, 101957099.00 ns, 1.5931 ms/op
WorkloadPilot   18: 128 op, 197745279.00 ns, 1.5449 ms/op
WorkloadPilot   19: 256 op, 357193717.00 ns, 1.3953 ms/op
WorkloadPilot   20: 512 op, 707391509.00 ns, 1.3816 ms/op

WorkloadWarmup   1: 512 op, 705817520.00 ns, 1.3785 ms/op
WorkloadWarmup   2: 512 op, 706701601.00 ns, 1.3803 ms/op
WorkloadWarmup   3: 512 op, 704392034.00 ns, 1.3758 ms/op

// BeforeActualRun
WorkloadActual   1: 512 op, 705142304.00 ns, 1.3772 ms/op
WorkloadActual   2: 512 op, 708587210.00 ns, 1.3840 ms/op
WorkloadActual   3: 512 op, 707884362.00 ns, 1.3826 ms/op

// AfterActualRun
WorkloadResult   1: 512 op, 705142304.00 ns, 1.3772 ms/op
WorkloadResult   2: 512 op, 708587210.00 ns, 1.3840 ms/op
WorkloadResult   3: 512 op, 707884362.00 ns, 1.3826 ms/op
// GC:  101 46 0 846786560 512
// Threading:  0 0 512

// AfterAll
// Benchmark Process 1279 has exited with code 0.

Mean = 1.381 ms, StdErr = 0.002 ms (0.15%), N = 3, StdDev = 0.004 ms
Min = 1.377 ms, Q1 = 1.380 ms, Median = 1.383 ms, Q3 = 1.383 ms, Max = 1.384 ms
IQR = 0.003 ms, LowerFence = 1.375 ms, UpperFence = 1.388 ms
ConfidenceInterval = [1.316 ms; 1.446 ms] (CI 99.9%), Margin = 0.065 ms (4.70% of Mean)
Skewness = -0.32, Kurtosis = 0.67, MValue = 2

// ** Remained 10 (11.2 %) benchmark(s) to run. Estimated finish 2026-10-08 2:10 (0h 1m from now) **
// **************************
// Benchmark: PlutusUseCasesBenchmarks.DecodeAndEval: ShortRun(IterationCount=3, LaunchCount=1, MinIterationCount=50, WarmupCount=3) [Script=stablecoin_2-4]
// *** Execute ***
// Launch: 1 / 1
// Execute: dotnet PlutusBench-ShortRun-1.dll --anonymousPipes 113 114 --benchmarkName "PlutusUseCasesBenchmarks.DecodeAndEval(Script: \"stablecoin_2-4\")" --job ShortRun --benchmarkId 79 in /bench/chrysalis/benchmarks/PlutusBench/bin/Release/net10.0/PlutusBench-ShortRun-1/bin/Release/net10.0
// BeforeAnythingElse

// Benchmark Process Environment Information:
// BenchmarkDotNet v0.15.8
// Runtime=.NET 10.0.12 (10.0.12, 10.0.1226.42308), X64 RyuJIT x86-64-v4
// GC=Concurrent Workstation
// HardwareIntrinsics=AVX512 BITALG+VBMI2+VNNI+VPOPCNTDQ,AVX512 IFMA+VBMI,AVX512 F+BW+CD+DQ+VL,AVX2+BMI1+BMI2+F16C+FMA+LZCNT+MOVBE,AVX,SSE3+SSSE3+SSE4.1+SSE4.2+POPCNT,X86Base+SSE+SSE2,AES+PCLMUL VectorSize=256
// Job: ShortRun(IterationCount=3, LaunchCount=1, MinIterationCount=50, WarmupCount=3)

OverheadJitting  1: 1 op, 149882.00 ns, 149.8820 us/op
WorkloadJitting  1: 1 op, 15554324.00 ns, 15.5543 ms/op

OverheadJitting  2: 16 op, 327206.00 ns, 20.4504 us/op
WorkloadJitting  2: 16 op, 12870762.00 ns, 804.4226 us/op

WorkloadPilot    1: 16 op, 11344580.00 ns, 709.0363 us/op
WorkloadPilot    2: 32 op, 21165496.00 ns, 661.4218 us/op
WorkloadPilot    3: 64 op, 41070203.00 ns, 641.7219 us/op
WorkloadPilot    4: 128 op, 79490640.00 ns, 621.0206 us/op
WorkloadPilot    5: 256 op, 104610330.00 ns, 408.6341 us/op
WorkloadPilot    6: 512 op, 115302106.00 ns, 225.1994 us/op
WorkloadPilot    7: 1024 op, 226709827.00 ns, 221.3963 us/op
WorkloadPilot    8: 2048 op, 443088308.00 ns, 216.3517 us/op
WorkloadPilot    9: 4096 op, 883104327.00 ns, 215.6016 us/op

OverheadWarmup   1: 4096 op, 24882.00 ns, 6.0747 ns/op
OverheadWarmup   2: 4096 op, 15579.00 ns, 3.8035 ns/op
OverheadWarmup   3: 4096 op, 15534.00 ns, 3.7925 ns/op
OverheadWarmup   4: 4096 op, 31579.00 ns, 7.7097 ns/op
OverheadWarmup   5: 4096 op, 15555.00 ns, 3.7976 ns/op
OverheadWarmup   6: 4096 op, 15538.00 ns, 3.7935 ns/op
OverheadWarmup   7: 4096 op, 28629.00 ns, 6.9895 ns/op
OverheadWarmup   8: 4096 op, 32110.00 ns, 7.8394 ns/op
OverheadWarmup   9: 4096 op, 15903.00 ns, 3.8826 ns/op

OverheadActual   1: 4096 op, 15105.00 ns, 3.6877 ns/op
OverheadActual   2: 4096 op, 15011.00 ns, 3.6648 ns/op
OverheadActual   3: 4096 op, 15079.00 ns, 3.6814 ns/op
OverheadActual   4: 4096 op, 15951.00 ns, 3.8943 ns/op
OverheadActual   5: 4096 op, 15038.00 ns, 3.6714 ns/op
OverheadActual   6: 4096 op, 15614.00 ns, 3.8120 ns/op
OverheadActual   7: 4096 op, 15590.00 ns, 3.8062 ns/op
OverheadActual   8: 4096 op, 15860.00 ns, 3.8721 ns/op
OverheadActual   9: 4096 op, 15570.00 ns, 3.8013 ns/op
OverheadActual  10: 4096 op, 15581.00 ns, 3.8040 ns/op
OverheadActual  11: 4096 op, 15905.00 ns, 3.8831 ns/op
OverheadActual  12: 4096 op, 15904.00 ns, 3.8828 ns/op
OverheadActual  13: 4096 op, 15873.00 ns, 3.8752 ns/op
OverheadActual  14: 4096 op, 15575.00 ns, 3.8025 ns/op
OverheadActual  15: 4096 op, 15592.00 ns, 3.8066 ns/op
OverheadActual  16: 4096 op, 32912.00 ns, 8.0352 ns/op
OverheadActual  17: 4096 op, 30016.00 ns, 7.3281 ns/op
OverheadActual  18: 4096 op, 15603.00 ns, 3.8093 ns/op
OverheadActual  19: 4096 op, 15950.00 ns, 3.8940 ns/op
OverheadActual  20: 4096 op, 15573.00 ns, 3.8020 ns/op

WorkloadWarmup   1: 4096 op, 890212378.00 ns, 217.3370 us/op
WorkloadWarmup   2: 4096 op, 890344690.00 ns, 217.3693 us/op
WorkloadWarmup   3: 4096 op, 911237472.00 ns, 222.4701 us/op

// BeforeActualRun
WorkloadActual   1: 4096 op, 1175221771.00 ns, 286.9194 us/op
WorkloadActual   2: 4096 op, 1075041232.00 ns, 262.4612 us/op
WorkloadActual   3: 4096 op, 892502207.00 ns, 217.8960 us/op

// AfterActualRun
WorkloadResult   1: 4096 op, 1175206173.50 ns, 286.9156 us/op
WorkloadResult   2: 4096 op, 1075025634.50 ns, 262.4574 us/op
WorkloadResult   3: 4096 op, 892486609.50 ns, 217.8922 us/op
// GC:  225 68 0 1889665024 4096
// Threading:  0 0 4096

// AfterAll
// Benchmark Process 1287 has exited with code 0.

Mean = 255.755 us, StdErr = 20.205 us (7.90%), N = 3, StdDev = 34.996 us
Min = 217.892 us, Q1 = 240.175 us, Median = 262.457 us, Q3 = 274.687 us, Max = 286.916 us
IQR = 34.512 us, LowerFence = 188.407 us, UpperFence = 326.454 us
ConfidenceInterval = [-382.709 us; 894.219 us] (CI 99.9%), Margin = 638.464 us (249.64% of Mean)
Skewness = -0.18, Kurtosis = 0.67, MValue = 2

// ** Remained 9 (10.1 %) benchmark(s) to run. Estimated finish 2026-10-08 2:10 (0h 1m from now) **
// **************************
// Benchmark: PlutusUseCasesBenchmarks.DecodeAndEval: ShortRun(IterationCount=3, LaunchCount=1, MinIterationCount=50, WarmupCount=3) [Script=token-account-1]
// *** Execute ***
// Launch: 1 / 1
// Execute: dotnet PlutusBench-ShortRun-1.dll --anonymousPipes 113 114 --benchmarkName "PlutusUseCasesBenchmarks.DecodeAndEval(Script: \"token-account-1\")" --job ShortRun --benchmarkId 80 in /bench/chrysalis/benchmarks/PlutusBench/bin/Release/net10.0/PlutusBench-ShortRun-1/bin/Release/net10.0
// BeforeAnythingElse

// Benchmark Process Environment Information:
// BenchmarkDotNet v0.15.8
// Runtime=.NET 10.0.12 (10.0.12, 10.0.1226.42308), X64 RyuJIT x86-64-v4
// GC=Concurrent Workstation
// HardwareIntrinsics=AVX512 BITALG+VBMI2+VNNI+VPOPCNTDQ,AVX512 IFMA+VBMI,AVX512 F+BW+CD+DQ+VL,AVX2+BMI1+BMI2+F16C+FMA+LZCNT+MOVBE,AVX,SSE3+SSSE3+SSE4.1+SSE4.2+POPCNT,X86Base+SSE+SSE2,AES+PCLMUL VectorSize=256
// Job: ShortRun(IterationCount=3, LaunchCount=1, MinIterationCount=50, WarmupCount=3)

OverheadJitting  1: 1 op, 150613.00 ns, 150.6130 us/op
WorkloadJitting  1: 1 op, 15419501.00 ns, 15.4195 ms/op

OverheadJitting  2: 16 op, 323121.00 ns, 20.1951 us/op
WorkloadJitting  2: 16 op, 13618360.00 ns, 851.1475 us/op

WorkloadPilot    1: 16 op, 11975084.00 ns, 748.4428 us/op
WorkloadPilot    2: 32 op, 22889666.00 ns, 715.3021 us/op
WorkloadPilot    3: 64 op, 44445081.00 ns, 694.4544 us/op
WorkloadPilot    4: 128 op, 85404433.00 ns, 667.2221 us/op
WorkloadPilot    5: 256 op, 125933843.00 ns, 491.9291 us/op
WorkloadPilot    6: 512 op, 144951654.00 ns, 283.1087 us/op
WorkloadPilot    7: 1024 op, 247465921.00 ns, 241.6659 us/op
WorkloadPilot    8: 2048 op, 495691158.00 ns, 242.0367 us/op
WorkloadPilot    9: 4096 op, 988509002.00 ns, 241.3352 us/op

OverheadWarmup   1: 4096 op, 31794.00 ns, 7.7622 ns/op
OverheadWarmup   2: 4096 op, 28681.00 ns, 7.0022 ns/op
OverheadWarmup   3: 4096 op, 30960.00 ns, 7.5586 ns/op
OverheadWarmup   4: 4096 op, 15473.00 ns, 3.7776 ns/op
OverheadWarmup   5: 4096 op, 15485.00 ns, 3.7805 ns/op
OverheadWarmup   6: 4096 op, 15549.00 ns, 3.7961 ns/op
OverheadWarmup   7: 4096 op, 15560.00 ns, 3.7988 ns/op
OverheadWarmup   8: 4096 op, 15497.00 ns, 3.7834 ns/op

OverheadActual   1: 4096 op, 15118.00 ns, 3.6909 ns/op
OverheadActual   2: 4096 op, 14713.00 ns, 3.5920 ns/op
OverheadActual   3: 4096 op, 14797.00 ns, 3.6125 ns/op
OverheadActual   4: 4096 op, 28619.00 ns, 6.9871 ns/op
OverheadActual   5: 4096 op, 15688.00 ns, 3.8301 ns/op
OverheadActual   6: 4096 op, 21039.00 ns, 5.1365 ns/op
OverheadActual   7: 4096 op, 15651.00 ns, 3.8210 ns/op
OverheadActual   8: 4096 op, 15895.00 ns, 3.8806 ns/op
OverheadActual   9: 4096 op, 20451.00 ns, 4.9929 ns/op
OverheadActual  10: 4096 op, 30195.00 ns, 7.3718 ns/op
OverheadActual  11: 4096 op, 15881.00 ns, 3.8772 ns/op
OverheadActual  12: 4096 op, 28911.00 ns, 7.0583 ns/op
OverheadActual  13: 4096 op, 28891.00 ns, 7.0535 ns/op
OverheadActual  14: 4096 op, 20160.00 ns, 4.9219 ns/op
OverheadActual  15: 4096 op, 29038.00 ns, 7.0894 ns/op
OverheadActual  16: 4096 op, 15926.00 ns, 3.8882 ns/op
OverheadActual  17: 4096 op, 15921.00 ns, 3.8870 ns/op
OverheadActual  18: 4096 op, 15966.00 ns, 3.8979 ns/op
OverheadActual  19: 4096 op, 15899.00 ns, 3.8816 ns/op
OverheadActual  20: 4096 op, 15892.00 ns, 3.8799 ns/op

WorkloadWarmup   1: 4096 op, 994580215.00 ns, 242.8174 us/op
WorkloadWarmup   2: 4096 op, 993076425.00 ns, 242.4503 us/op
WorkloadWarmup   3: 4096 op, 989651626.00 ns, 241.6142 us/op

// BeforeActualRun
WorkloadActual   1: 4096 op, 991980057.00 ns, 242.1826 us/op
WorkloadActual   2: 4096 op, 994490553.00 ns, 242.7955 us/op
WorkloadActual   3: 4096 op, 993391803.00 ns, 242.5273 us/op

// AfterActualRun
WorkloadResult   1: 4096 op, 991964133.50 ns, 242.1787 us/op
WorkloadResult   2: 4096 op, 994474629.50 ns, 242.7917 us/op
WorkloadResult   3: 4096 op, 993375879.50 ns, 242.5234 us/op
// GC:  223 73 0 1868136448 4096
// Threading:  0 0 4096

// AfterAll
// Benchmark Process 1297 has exited with code 0.

Mean = 242.498 us, StdErr = 0.177 us (0.07%), N = 3, StdDev = 0.307 us
Min = 242.179 us, Q1 = 242.351 us, Median = 242.523 us, Q3 = 242.658 us, Max = 242.792 us
IQR = 0.306 us, LowerFence = 241.891 us, UpperFence = 243.117 us
ConfidenceInterval = [236.893 us; 248.103 us] (CI 99.9%), Margin = 5.605 us (2.31% of Mean)
Skewness = -0.08, Kurtosis = 0.67, MValue = 2

// ** Remained 8 (9.0 %) benchmark(s) to run. Estimated finish 2026-10-08 2:10 (0h 0m from now) **
// **************************
// Benchmark: PlutusUseCasesBenchmarks.DecodeAndEval: ShortRun(IterationCount=3, LaunchCount=1, MinIterationCount=50, WarmupCount=3) [Script=token-account-2]
// *** Execute ***
// Launch: 1 / 1
// Execute: dotnet PlutusBench-ShortRun-1.dll --anonymousPipes 113 114 --benchmarkName "PlutusUseCasesBenchmarks.DecodeAndEval(Script: \"token-account-2\")" --job ShortRun --benchmarkId 81 in /bench/chrysalis/benchmarks/PlutusBench/bin/Release/net10.0/PlutusBench-ShortRun-1/bin/Release/net10.0
// BeforeAnythingElse

// Benchmark Process Environment Information:
// BenchmarkDotNet v0.15.8
// Runtime=.NET 10.0.12 (10.0.12, 10.0.1226.42308), X64 RyuJIT x86-64-v4
// GC=Concurrent Workstation
// HardwareIntrinsics=AVX512 BITALG+VBMI2+VNNI+VPOPCNTDQ,AVX512 IFMA+VBMI,AVX512 F+BW+CD+DQ+VL,AVX2+BMI1+BMI2+F16C+FMA+LZCNT+MOVBE,AVX,SSE3+SSSE3+SSE4.1+SSE4.2+POPCNT,X86Base+SSE+SSE2,AES+PCLMUL VectorSize=256
// Job: ShortRun(IterationCount=3, LaunchCount=1, MinIterationCount=50, WarmupCount=3)

OverheadJitting  1: 1 op, 152117.00 ns, 152.1170 us/op
WorkloadJitting  1: 1 op, 16232306.00 ns, 16.2323 ms/op

OverheadJitting  2: 16 op, 324090.00 ns, 20.2556 us/op
WorkloadJitting  2: 16 op, 20340221.00 ns, 1.2713 ms/op

WorkloadPilot    1: 16 op, 18258482.00 ns, 1.1412 ms/op
WorkloadPilot    2: 32 op, 35077568.00 ns, 1.0962 ms/op
WorkloadPilot    3: 64 op, 67894318.00 ns, 1.0608 ms/op
WorkloadPilot    4: 128 op, 119482575.00 ns, 933.4576 us/op
WorkloadPilot    5: 256 op, 114690952.00 ns, 448.0115 us/op
WorkloadPilot    6: 512 op, 185487269.00 ns, 362.2798 us/op
WorkloadPilot    7: 1024 op, 367595433.00 ns, 358.9799 us/op
WorkloadPilot    8: 2048 op, 727976834.00 ns, 355.4574 us/op

OverheadWarmup   1: 2048 op, 8416.00 ns, 4.1094 ns/op
OverheadWarmup   2: 2048 op, 8061.00 ns, 3.9360 ns/op
OverheadWarmup   3: 2048 op, 8269.00 ns, 4.0376 ns/op
OverheadWarmup   4: 2048 op, 7746.00 ns, 3.7822 ns/op
OverheadWarmup   5: 2048 op, 7609.00 ns, 3.7153 ns/op
OverheadWarmup   6: 2048 op, 8138.00 ns, 3.9736 ns/op
OverheadWarmup   7: 2048 op, 8073.00 ns, 3.9419 ns/op

OverheadActual   1: 2048 op, 7835.00 ns, 3.8257 ns/op
OverheadActual   2: 2048 op, 7763.00 ns, 3.7905 ns/op
OverheadActual   3: 2048 op, 7650.00 ns, 3.7354 ns/op
OverheadActual   4: 2048 op, 21136.00 ns, 10.3203 ns/op
OverheadActual   5: 2048 op, 7775.00 ns, 3.7964 ns/op
OverheadActual   6: 2048 op, 8027.00 ns, 3.9194 ns/op
OverheadActual   7: 2048 op, 7994.00 ns, 3.9033 ns/op
OverheadActual   8: 2048 op, 7611.00 ns, 3.7163 ns/op
OverheadActual   9: 2048 op, 8012.00 ns, 3.9121 ns/op
OverheadActual  10: 2048 op, 8070.00 ns, 3.9404 ns/op
OverheadActual  11: 2048 op, 8019.00 ns, 3.9155 ns/op
OverheadActual  12: 2048 op, 8190.00 ns, 3.9990 ns/op
OverheadActual  13: 2048 op, 8196.00 ns, 4.0020 ns/op
OverheadActual  14: 2048 op, 8179.00 ns, 3.9937 ns/op
OverheadActual  15: 2048 op, 8160.00 ns, 3.9844 ns/op
OverheadActual  16: 2048 op, 8241.00 ns, 4.0239 ns/op
OverheadActual  17: 2048 op, 8024.00 ns, 3.9180 ns/op
OverheadActual  18: 2048 op, 8118.00 ns, 3.9639 ns/op
OverheadActual  19: 2048 op, 8234.00 ns, 4.0205 ns/op
OverheadActual  20: 2048 op, 8022.00 ns, 3.9170 ns/op

WorkloadWarmup   1: 2048 op, 732183270.00 ns, 357.5114 us/op
WorkloadWarmup   2: 2048 op, 730328150.00 ns, 356.6055 us/op
WorkloadWarmup   3: 2048 op, 725796994.00 ns, 354.3931 us/op

// BeforeActualRun
WorkloadActual   1: 2048 op, 727667867.00 ns, 355.3066 us/op
WorkloadActual   2: 2048 op, 730024925.00 ns, 356.4575 us/op
WorkloadActual   3: 2048 op, 729819585.00 ns, 356.3572 us/op

// AfterActualRun
WorkloadResult   1: 2048 op, 727659841.50 ns, 355.3027 us/op
WorkloadResult   2: 2048 op, 730016899.50 ns, 356.4536 us/op
WorkloadResult   3: 2048 op, 729811559.50 ns, 356.3533 us/op
// GC:  162 53 0 1361395712 2048
// Threading:  0 0 2048

// AfterAll
// Benchmark Process 1305 has exited with code 0.

Mean = 356.037 us, StdErr = 0.368 us (0.10%), N = 3, StdDev = 0.638 us
Min = 355.303 us, Q1 = 355.828 us, Median = 356.353 us, Q3 = 356.403 us, Max = 356.454 us
IQR = 0.575 us, LowerFence = 354.965 us, UpperFence = 357.267 us
ConfidenceInterval = [344.406 us; 367.667 us] (CI 99.9%), Margin = 11.631 us (3.27% of Mean)
Skewness = -0.37, Kurtosis = 0.67, MValue = 2

// ** Remained 7 (7.9 %) benchmark(s) to run. Estimated finish 2026-10-08 2:10 (0h 0m from now) **
// **************************
// Benchmark: PlutusUseCasesBenchmarks.DecodeAndEval: ShortRun(IterationCount=3, LaunchCount=1, MinIterationCount=50, WarmupCount=3) [Script=uniswap-1]
// *** Execute ***
// Launch: 1 / 1
// Execute: dotnet PlutusBench-ShortRun-1.dll --anonymousPipes 113 114 --benchmarkName "PlutusUseCasesBenchmarks.DecodeAndEval(Script: \"uniswap-1\")" --job ShortRun --benchmarkId 82 in /bench/chrysalis/benchmarks/PlutusBench/bin/Release/net10.0/PlutusBench-ShortRun-1/bin/Release/net10.0
// BeforeAnythingElse

// Benchmark Process Environment Information:
// BenchmarkDotNet v0.15.8
// Runtime=.NET 10.0.12 (10.0.12, 10.0.1226.42308), X64 RyuJIT x86-64-v4
// GC=Concurrent Workstation
// HardwareIntrinsics=AVX512 BITALG+VBMI2+VNNI+VPOPCNTDQ,AVX512 IFMA+VBMI,AVX512 F+BW+CD+DQ+VL,AVX2+BMI1+BMI2+F16C+FMA+LZCNT+MOVBE,AVX,SSE3+SSSE3+SSE4.1+SSE4.2+POPCNT,X86Base+SSE+SSE2,AES+PCLMUL VectorSize=256
// Job: ShortRun(IterationCount=3, LaunchCount=1, MinIterationCount=50, WarmupCount=3)

OverheadJitting  1: 1 op, 153297.00 ns, 153.2970 us/op
WorkloadJitting  1: 1 op, 16516540.00 ns, 16.5165 ms/op

OverheadJitting  2: 16 op, 322569.00 ns, 20.1606 us/op
WorkloadJitting  2: 16 op, 24631489.00 ns, 1.5395 ms/op

WorkloadPilot    1: 16 op, 22517702.00 ns, 1.4074 ms/op
WorkloadPilot    2: 32 op, 44541630.00 ns, 1.3919 ms/op
WorkloadPilot    3: 64 op, 85245114.00 ns, 1.3320 ms/op
WorkloadPilot    4: 128 op, 107724101.00 ns, 841.5945 us/op
WorkloadPilot    5: 256 op, 136339576.00 ns, 532.5765 us/op
WorkloadPilot    6: 512 op, 231064673.00 ns, 451.2982 us/op
WorkloadPilot    7: 1024 op, 459835275.00 ns, 449.0579 us/op
WorkloadPilot    8: 2048 op, 929600759.00 ns, 453.9066 us/op

OverheadWarmup   1: 2048 op, 8372.00 ns, 4.0879 ns/op
OverheadWarmup   2: 2048 op, 7634.00 ns, 3.7275 ns/op
OverheadWarmup   3: 2048 op, 7620.00 ns, 3.7207 ns/op
OverheadWarmup   4: 2048 op, 20924.00 ns, 10.2168 ns/op
OverheadWarmup   5: 2048 op, 8592.00 ns, 4.1953 ns/op
OverheadWarmup   6: 2048 op, 7968.00 ns, 3.8906 ns/op
OverheadWarmup   7: 2048 op, 8130.00 ns, 3.9697 ns/op
OverheadWarmup   8: 2048 op, 8178.00 ns, 3.9932 ns/op
OverheadWarmup   9: 2048 op, 8034.00 ns, 3.9229 ns/op

OverheadActual   1: 2048 op, 8132.00 ns, 3.9707 ns/op
OverheadActual   2: 2048 op, 7696.00 ns, 3.7578 ns/op
OverheadActual   3: 2048 op, 7523.00 ns, 3.6733 ns/op
OverheadActual   4: 2048 op, 8006.00 ns, 3.9092 ns/op
OverheadActual   5: 2048 op, 7678.00 ns, 3.7490 ns/op
OverheadActual   6: 2048 op, 8644.00 ns, 4.2207 ns/op
OverheadActual   7: 2048 op, 8122.00 ns, 3.9658 ns/op
OverheadActual   8: 2048 op, 7938.00 ns, 3.8760 ns/op
OverheadActual   9: 2048 op, 7912.00 ns, 3.8633 ns/op
OverheadActual  10: 2048 op, 7901.00 ns, 3.8579 ns/op
OverheadActual  11: 2048 op, 8158.00 ns, 3.9834 ns/op
OverheadActual  12: 2048 op, 8149.00 ns, 3.9790 ns/op
OverheadActual  13: 2048 op, 8119.00 ns, 3.9644 ns/op
OverheadActual  14: 2048 op, 8170.00 ns, 3.9893 ns/op
OverheadActual  15: 2048 op, 8136.00 ns, 3.9727 ns/op
OverheadActual  16: 2048 op, 7965.00 ns, 3.8892 ns/op
OverheadActual  17: 2048 op, 7959.00 ns, 3.8862 ns/op
OverheadActual  18: 2048 op, 8009.00 ns, 3.9106 ns/op
OverheadActual  19: 2048 op, 8174.00 ns, 3.9912 ns/op
OverheadActual  20: 2048 op, 8162.00 ns, 3.9854 ns/op

WorkloadWarmup   1: 2048 op, 919579196.00 ns, 449.0133 us/op
WorkloadWarmup   2: 2048 op, 937249870.00 ns, 457.6415 us/op
WorkloadWarmup   3: 2048 op, 978134665.00 ns, 477.6048 us/op

// BeforeActualRun
WorkloadActual   1: 2048 op, 1195913712.00 ns, 583.9422 us/op
WorkloadActual   2: 2048 op, 1059203867.00 ns, 517.1894 us/op
WorkloadActual   3: 2048 op, 919227323.00 ns, 448.8415 us/op

// AfterActualRun
WorkloadResult   1: 2048 op, 1195905648.00 ns, 583.9383 us/op
WorkloadResult   2: 2048 op, 1059195803.00 ns, 517.1855 us/op
WorkloadResult   3: 2048 op, 919219259.00 ns, 448.8375 us/op
// GC:  187 57 0 1571749888 2048
// Threading:  0 0 2048

// AfterAll
// Benchmark Process 1312 has exited with code 0.

Mean = 516.654 us, StdErr = 39.001 us (7.55%), N = 3, StdDev = 67.552 us
Min = 448.838 us, Q1 = 483.011 us, Median = 517.185 us, Q3 = 550.562 us, Max = 583.938 us
IQR = 67.550 us, LowerFence = 381.686 us, UpperFence = 651.887 us
ConfidenceInterval = [-715.745 us; 1,749.053 us] (CI 99.9%), Margin = 1,232.399 us (238.53% of Mean)
Skewness = -0.01, Kurtosis = 0.67, MValue = 2

// ** Remained 6 (6.7 %) benchmark(s) to run. Estimated finish 2026-10-08 2:10 (0h 0m from now) **
// **************************
// Benchmark: PlutusUseCasesBenchmarks.DecodeAndEval: ShortRun(IterationCount=3, LaunchCount=1, MinIterationCount=50, WarmupCount=3) [Script=uniswap-2]
// *** Execute ***
// Launch: 1 / 1
// Execute: dotnet PlutusBench-ShortRun-1.dll --anonymousPipes 113 114 --benchmarkName "PlutusUseCasesBenchmarks.DecodeAndEval(Script: \"uniswap-2\")" --job ShortRun --benchmarkId 83 in /bench/chrysalis/benchmarks/PlutusBench/bin/Release/net10.0/PlutusBench-ShortRun-1/bin/Release/net10.0
// BeforeAnythingElse

// Benchmark Process Environment Information:
// BenchmarkDotNet v0.15.8
// Runtime=.NET 10.0.12 (10.0.12, 10.0.1226.42308), X64 RyuJIT x86-64-v4
// GC=Concurrent Workstation
// HardwareIntrinsics=AVX512 BITALG+VBMI2+VNNI+VPOPCNTDQ,AVX512 IFMA+VBMI,AVX512 F+BW+CD+DQ+VL,AVX2+BMI1+BMI2+F16C+FMA+LZCNT+MOVBE,AVX,SSE3+SSSE3+SSE4.1+SSE4.2+POPCNT,X86Base+SSE+SSE2,AES+PCLMUL VectorSize=256
// Job: ShortRun(IterationCount=3, LaunchCount=1, MinIterationCount=50, WarmupCount=3)

OverheadJitting  1: 1 op, 151955.00 ns, 151.9550 us/op
WorkloadJitting  1: 1 op, 15681591.00 ns, 15.6816 ms/op

OverheadJitting  2: 16 op, 334275.00 ns, 20.8922 us/op
WorkloadJitting  2: 16 op, 15323831.00 ns, 957.7394 us/op

WorkloadPilot    1: 16 op, 13363444.00 ns, 835.2153 us/op
WorkloadPilot    2: 32 op, 25246391.00 ns, 788.9497 us/op
WorkloadPilot    3: 64 op, 49685019.00 ns, 776.3284 us/op
WorkloadPilot    4: 128 op, 96221754.00 ns, 751.7325 us/op
WorkloadPilot    5: 256 op, 136890274.00 ns, 534.7276 us/op
WorkloadPilot    6: 512 op, 161870491.00 ns, 316.1533 us/op
WorkloadPilot    7: 1024 op, 276812338.00 ns, 270.3245 us/op
WorkloadPilot    8: 2048 op, 556369233.00 ns, 271.6647 us/op

OverheadWarmup   1: 2048 op, 8397.00 ns, 4.1001 ns/op
OverheadWarmup   2: 2048 op, 8043.00 ns, 3.9272 ns/op
OverheadWarmup   3: 2048 op, 7973.00 ns, 3.8931 ns/op
OverheadWarmup   4: 2048 op, 7923.00 ns, 3.8687 ns/op
OverheadWarmup   5: 2048 op, 7863.00 ns, 3.8394 ns/op
OverheadWarmup   6: 2048 op, 8021.00 ns, 3.9165 ns/op
OverheadWarmup   7: 2048 op, 8070.00 ns, 3.9404 ns/op
OverheadWarmup   8: 2048 op, 25326.00 ns, 12.3662 ns/op
OverheadWarmup   9: 2048 op, 8176.00 ns, 3.9922 ns/op
OverheadWarmup  10: 2048 op, 7998.00 ns, 3.9053 ns/op

OverheadActual   1: 2048 op, 7906.00 ns, 3.8604 ns/op
OverheadActual   2: 2048 op, 7834.00 ns, 3.8252 ns/op
OverheadActual   3: 2048 op, 7849.00 ns, 3.8325 ns/op
OverheadActual   4: 2048 op, 8117.00 ns, 3.9634 ns/op
OverheadActual   5: 2048 op, 7796.00 ns, 3.8066 ns/op
OverheadActual   6: 2048 op, 7942.00 ns, 3.8779 ns/op
OverheadActual   7: 2048 op, 7956.00 ns, 3.8848 ns/op
OverheadActual   8: 2048 op, 8006.00 ns, 3.9092 ns/op
OverheadActual   9: 2048 op, 7811.00 ns, 3.8140 ns/op
OverheadActual  10: 2048 op, 7964.00 ns, 3.8887 ns/op
OverheadActual  11: 2048 op, 8189.00 ns, 3.9985 ns/op
OverheadActual  12: 2048 op, 8057.00 ns, 3.9341 ns/op
OverheadActual  13: 2048 op, 7844.00 ns, 3.8301 ns/op
OverheadActual  14: 2048 op, 8146.00 ns, 3.9775 ns/op
OverheadActual  15: 2048 op, 7921.00 ns, 3.8677 ns/op
OverheadActual  16: 2048 op, 7887.00 ns, 3.8511 ns/op
OverheadActual  17: 2048 op, 7944.00 ns, 3.8789 ns/op
OverheadActual  18: 2048 op, 8090.00 ns, 3.9502 ns/op
OverheadActual  19: 2048 op, 7977.00 ns, 3.8950 ns/op
OverheadActual  20: 2048 op, 8006.00 ns, 3.9092 ns/op

WorkloadWarmup   1: 2048 op, 561058131.00 ns, 273.9542 us/op
WorkloadWarmup   2: 2048 op, 558528493.00 ns, 272.7190 us/op
WorkloadWarmup   3: 2048 op, 555400709.00 ns, 271.1918 us/op

// BeforeActualRun
WorkloadActual   1: 2048 op, 564474659.00 ns, 275.6224 us/op
WorkloadActual   2: 2048 op, 557441559.00 ns, 272.1883 us/op
WorkloadActual   3: 2048 op, 557831930.00 ns, 272.3789 us/op

// AfterActualRun
WorkloadResult   1: 2048 op, 564466709.00 ns, 275.6185 us/op
WorkloadResult   2: 2048 op, 557433609.00 ns, 272.1844 us/op
WorkloadResult   3: 2048 op, 557823980.00 ns, 272.3750 us/op
// GC:  124 35 0 1042907136 2048
// Threading:  0 0 2048

// AfterAll
// Benchmark Process 1322 has exited with code 0.

Mean = 273.393 us, StdErr = 1.114 us (0.41%), N = 3, StdDev = 1.930 us
Min = 272.184 us, Q1 = 272.280 us, Median = 272.375 us, Q3 = 273.997 us, Max = 275.619 us
IQR = 1.717 us, LowerFence = 269.704 us, UpperFence = 276.572 us
ConfidenceInterval = [238.182 us; 308.603 us] (CI 99.9%), Margin = 35.211 us (12.88% of Mean)
Skewness = 0.38, Kurtosis = 0.67, MValue = 2

// ** Remained 5 (5.6 %) benchmark(s) to run. Estimated finish 2026-10-08 2:10 (0h 0m from now) **
// **************************
// Benchmark: PlutusUseCasesBenchmarks.DecodeAndEval: ShortRun(IterationCount=3, LaunchCount=1, MinIterationCount=50, WarmupCount=3) [Script=uniswap-3]
// *** Execute ***
// Launch: 1 / 1
// Execute: dotnet PlutusBench-ShortRun-1.dll --anonymousPipes 113 114 --benchmarkName "PlutusUseCasesBenchmarks.DecodeAndEval(Script: \"uniswap-3\")" --job ShortRun --benchmarkId 84 in /bench/chrysalis/benchmarks/PlutusBench/bin/Release/net10.0/PlutusBench-ShortRun-1/bin/Release/net10.0
// BeforeAnythingElse

// Benchmark Process Environment Information:
// BenchmarkDotNet v0.15.8
// Runtime=.NET 10.0.12 (10.0.12, 10.0.1226.42308), X64 RyuJIT x86-64-v4
// GC=Concurrent Workstation
// HardwareIntrinsics=AVX512 BITALG+VBMI2+VNNI+VPOPCNTDQ,AVX512 IFMA+VBMI,AVX512 F+BW+CD+DQ+VL,AVX2+BMI1+BMI2+F16C+FMA+LZCNT+MOVBE,AVX,SSE3+SSSE3+SSE4.1+SSE4.2+POPCNT,X86Base+SSE+SSE2,AES+PCLMUL VectorSize=256
// Job: ShortRun(IterationCount=3, LaunchCount=1, MinIterationCount=50, WarmupCount=3)

OverheadJitting  1: 1 op, 151159.00 ns, 151.1590 us/op
WorkloadJitting  1: 1 op, 25995645.00 ns, 25.9956 ms/op

OverheadJitting  2: 16 op, 336314.00 ns, 21.0196 us/op
WorkloadJitting  2: 16 op, 90811005.00 ns, 5.6757 ms/op

WorkloadPilot    1: 16 op, 88632316.00 ns, 5.5395 ms/op
WorkloadPilot    2: 32 op, 159360594.00 ns, 4.9800 ms/op
WorkloadPilot    3: 64 op, 156317632.00 ns, 2.4425 ms/op
WorkloadPilot    4: 128 op, 250192560.00 ns, 1.9546 ms/op
WorkloadPilot    5: 256 op, 456926894.00 ns, 1.7849 ms/op
WorkloadPilot    6: 512 op, 892406466.00 ns, 1.7430 ms/op

OverheadWarmup   1: 512 op, 3299.00 ns, 6.4434 ns/op
OverheadWarmup   2: 512 op, 2193.00 ns, 4.2832 ns/op
OverheadWarmup   3: 512 op, 2276.00 ns, 4.4453 ns/op
OverheadWarmup   4: 512 op, 2265.00 ns, 4.4238 ns/op
OverheadWarmup   5: 512 op, 2281.00 ns, 4.4551 ns/op
OverheadWarmup   6: 512 op, 2213.00 ns, 4.3223 ns/op

OverheadActual   1: 512 op, 2256.00 ns, 4.4063 ns/op
OverheadActual   2: 512 op, 2155.00 ns, 4.2090 ns/op
OverheadActual   3: 512 op, 2144.00 ns, 4.1875 ns/op
OverheadActual   4: 512 op, 2150.00 ns, 4.1992 ns/op
OverheadActual   5: 512 op, 2161.00 ns, 4.2207 ns/op
OverheadActual   6: 512 op, 2195.00 ns, 4.2871 ns/op
OverheadActual   7: 512 op, 2223.00 ns, 4.3418 ns/op
OverheadActual   8: 512 op, 2176.00 ns, 4.2500 ns/op
OverheadActual   9: 512 op, 2237.00 ns, 4.3691 ns/op
OverheadActual  10: 512 op, 2126.00 ns, 4.1523 ns/op
OverheadActual  11: 512 op, 2208.00 ns, 4.3125 ns/op
OverheadActual  12: 512 op, 2187.00 ns, 4.2715 ns/op
OverheadActual  13: 512 op, 2136.00 ns, 4.1719 ns/op
OverheadActual  14: 512 op, 2260.00 ns, 4.4141 ns/op
OverheadActual  15: 512 op, 2154.00 ns, 4.2070 ns/op
OverheadActual  16: 512 op, 2169.00 ns, 4.2363 ns/op
OverheadActual  17: 512 op, 2123.00 ns, 4.1465 ns/op
OverheadActual  18: 512 op, 2252.00 ns, 4.3984 ns/op
OverheadActual  19: 512 op, 2126.00 ns, 4.1523 ns/op
OverheadActual  20: 512 op, 2138.00 ns, 4.1758 ns/op

WorkloadWarmup   1: 512 op, 905705481.00 ns, 1.7690 ms/op
WorkloadWarmup   2: 512 op, 898657741.00 ns, 1.7552 ms/op
WorkloadWarmup   3: 512 op, 891008051.00 ns, 1.7403 ms/op

// BeforeActualRun
WorkloadActual   1: 512 op, 894792468.00 ns, 1.7476 ms/op
WorkloadActual   2: 512 op, 896788713.00 ns, 1.7515 ms/op
WorkloadActual   3: 512 op, 895000025.00 ns, 1.7480 ms/op

// AfterActualRun
WorkloadResult   1: 512 op, 894790303.00 ns, 1.7476 ms/op
WorkloadResult   2: 512 op, 896786548.00 ns, 1.7515 ms/op
WorkloadResult   3: 512 op, 894997860.00 ns, 1.7480 ms/op
// GC:  156 74 0 1312976896 512
// Threading:  0 0 512

// AfterAll
// Benchmark Process 1333 has exited with code 0.

Mean = 1.749 ms, StdErr = 0.001 ms (0.07%), N = 3, StdDev = 0.002 ms
Min = 1.748 ms, Q1 = 1.748 ms, Median = 1.748 ms, Q3 = 1.750 ms, Max = 1.752 ms
IQR = 0.002 ms, LowerFence = 1.745 ms, UpperFence = 1.753 ms
ConfidenceInterval = [1.710 ms; 1.788 ms] (CI 99.9%), Margin = 0.039 ms (2.24% of Mean)
Skewness = 0.37, Kurtosis = 0.67, MValue = 2

// ** Remained 4 (4.5 %) benchmark(s) to run. Estimated finish 2026-10-08 2:10 (0h 0m from now) **
// **************************
// Benchmark: PlutusUseCasesBenchmarks.DecodeAndEval: ShortRun(IterationCount=3, LaunchCount=1, MinIterationCount=50, WarmupCount=3) [Script=uniswap-4]
// *** Execute ***
// Launch: 1 / 1
// Execute: dotnet PlutusBench-ShortRun-1.dll --anonymousPipes 113 114 --benchmarkName "PlutusUseCasesBenchmarks.DecodeAndEval(Script: \"uniswap-4\")" --job ShortRun --benchmarkId 85 in /bench/chrysalis/benchmarks/PlutusBench/bin/Release/net10.0/PlutusBench-ShortRun-1/bin/Release/net10.0
// BeforeAnythingElse

// Benchmark Process Environment Information:
// BenchmarkDotNet v0.15.8
// Runtime=.NET 10.0.12 (10.0.12, 10.0.1226.42308), X64 RyuJIT x86-64-v4
// GC=Concurrent Workstation
// HardwareIntrinsics=AVX512 BITALG+VBMI2+VNNI+VPOPCNTDQ,AVX512 IFMA+VBMI,AVX512 F+BW+CD+DQ+VL,AVX2+BMI1+BMI2+F16C+FMA+LZCNT+MOVBE,AVX,SSE3+SSSE3+SSE4.1+SSE4.2+POPCNT,X86Base+SSE+SSE2,AES+PCLMUL VectorSize=256
// Job: ShortRun(IterationCount=3, LaunchCount=1, MinIterationCount=50, WarmupCount=3)

OverheadJitting  1: 1 op, 152084.00 ns, 152.0840 us/op
WorkloadJitting  1: 1 op, 16012006.00 ns, 16.0120 ms/op

OverheadJitting  2: 16 op, 324633.00 ns, 20.2896 us/op
WorkloadJitting  2: 16 op, 19169089.00 ns, 1.1981 ms/op

WorkloadPilot    1: 16 op, 17175054.00 ns, 1.0734 ms/op
WorkloadPilot    2: 32 op, 33182325.00 ns, 1.0369 ms/op
WorkloadPilot    3: 64 op, 64168980.00 ns, 1.0026 ms/op
WorkloadPilot    4: 128 op, 112470935.00 ns, 878.6792 us/op
WorkloadPilot    5: 256 op, 105722729.00 ns, 412.9794 us/op
WorkloadPilot    6: 512 op, 173573440.00 ns, 339.0106 us/op
WorkloadPilot    7: 1024 op, 334615270.00 ns, 326.7727 us/op
WorkloadPilot    8: 2048 op, 671989095.00 ns, 328.1197 us/op

OverheadWarmup   1: 2048 op, 8585.00 ns, 4.1919 ns/op
OverheadWarmup   2: 2048 op, 26397.00 ns, 12.8892 ns/op
OverheadWarmup   3: 2048 op, 7469.00 ns, 3.6470 ns/op
OverheadWarmup   4: 2048 op, 7407.00 ns, 3.6167 ns/op
OverheadWarmup   5: 2048 op, 7415.00 ns, 3.6206 ns/op
OverheadWarmup   6: 2048 op, 7408.00 ns, 3.6172 ns/op

OverheadActual   1: 2048 op, 7733.00 ns, 3.7759 ns/op
OverheadActual   2: 2048 op, 7523.00 ns, 3.6733 ns/op
OverheadActual   3: 2048 op, 7513.00 ns, 3.6685 ns/op
OverheadActual   4: 2048 op, 7617.00 ns, 3.7192 ns/op
OverheadActual   5: 2048 op, 7995.00 ns, 3.9038 ns/op
OverheadActual   6: 2048 op, 22316.00 ns, 10.8965 ns/op
OverheadActual   7: 2048 op, 7897.00 ns, 3.8560 ns/op
OverheadActual   8: 2048 op, 7896.00 ns, 3.8555 ns/op
OverheadActual   9: 2048 op, 7877.00 ns, 3.8462 ns/op
OverheadActual  10: 2048 op, 8128.00 ns, 3.9688 ns/op
OverheadActual  11: 2048 op, 7863.00 ns, 3.8394 ns/op
OverheadActual  12: 2048 op, 7849.00 ns, 3.8325 ns/op
OverheadActual  13: 2048 op, 7901.00 ns, 3.8579 ns/op
OverheadActual  14: 2048 op, 7849.00 ns, 3.8325 ns/op
OverheadActual  15: 2048 op, 8019.00 ns, 3.9155 ns/op
OverheadActual  16: 2048 op, 8028.00 ns, 3.9199 ns/op
OverheadActual  17: 2048 op, 22471.00 ns, 10.9722 ns/op
OverheadActual  18: 2048 op, 7985.00 ns, 3.8989 ns/op
OverheadActual  19: 2048 op, 7876.00 ns, 3.8457 ns/op
OverheadActual  20: 2048 op, 7930.00 ns, 3.8721 ns/op

WorkloadWarmup   1: 2048 op, 673474240.00 ns, 328.8448 us/op
WorkloadWarmup   2: 2048 op, 674044919.00 ns, 329.1235 us/op
WorkloadWarmup   3: 2048 op, 669571419.00 ns, 326.9392 us/op

// BeforeActualRun
WorkloadActual   1: 2048 op, 671915395.00 ns, 328.0837 us/op
WorkloadActual   2: 2048 op, 673063065.00 ns, 328.6441 us/op
WorkloadActual   3: 2048 op, 671947885.00 ns, 328.0996 us/op

// AfterActualRun
WorkloadResult   1: 2048 op, 671907498.50 ns, 328.0798 us/op
WorkloadResult   2: 2048 op, 673055168.50 ns, 328.6402 us/op
WorkloadResult   3: 2048 op, 671939988.50 ns, 328.0957 us/op
// GC:  162 50 0 1357594624 2048
// Threading:  0 0 2048

// AfterAll
// Benchmark Process 1340 has exited with code 0.

Mean = 328.272 us, StdErr = 0.184 us (0.06%), N = 3, StdDev = 0.319 us
Min = 328.080 us, Q1 = 328.088 us, Median = 328.096 us, Q3 = 328.368 us, Max = 328.640 us
IQR = 0.280 us, LowerFence = 327.667 us, UpperFence = 328.788 us
ConfidenceInterval = [322.451 us; 334.093 us] (CI 99.9%), Margin = 5.821 us (1.77% of Mean)
Skewness = 0.38, Kurtosis = 0.67, MValue = 2

// ** Remained 3 (3.4 %) benchmark(s) to run. Estimated finish 2026-10-08 2:10 (0h 0m from now) **
// **************************
// Benchmark: PlutusUseCasesBenchmarks.DecodeAndEval: ShortRun(IterationCount=3, LaunchCount=1, MinIterationCount=50, WarmupCount=3) [Script=uniswap-5]
// *** Execute ***
// Launch: 1 / 1
// Execute: dotnet PlutusBench-ShortRun-1.dll --anonymousPipes 113 114 --benchmarkName "PlutusUseCasesBenchmarks.DecodeAndEval(Script: \"uniswap-5\")" --job ShortRun --benchmarkId 86 in /bench/chrysalis/benchmarks/PlutusBench/bin/Release/net10.0/PlutusBench-ShortRun-1/bin/Release/net10.0
// BeforeAnythingElse

// Benchmark Process Environment Information:
// BenchmarkDotNet v0.15.8
// Runtime=.NET 10.0.12 (10.0.12, 10.0.1226.42308), X64 RyuJIT x86-64-v4
// GC=Concurrent Workstation
// HardwareIntrinsics=AVX512 BITALG+VBMI2+VNNI+VPOPCNTDQ,AVX512 IFMA+VBMI,AVX512 F+BW+CD+DQ+VL,AVX2+BMI1+BMI2+F16C+FMA+LZCNT+MOVBE,AVX,SSE3+SSSE3+SSE4.1+SSE4.2+POPCNT,X86Base+SSE+SSE2,AES+PCLMUL VectorSize=256
// Job: ShortRun(IterationCount=3, LaunchCount=1, MinIterationCount=50, WarmupCount=3)

OverheadJitting  1: 1 op, 153169.00 ns, 153.1690 us/op
WorkloadJitting  1: 1 op, 23017831.00 ns, 23.0178 ms/op

OverheadJitting  2: 16 op, 330721.00 ns, 20.6701 us/op
WorkloadJitting  2: 16 op, 62547527.00 ns, 3.9092 ms/op

WorkloadPilot    1: 16 op, 59816903.00 ns, 3.7386 ms/op
WorkloadPilot    2: 32 op, 113636045.00 ns, 3.5511 ms/op
WorkloadPilot    3: 64 op, 223987669.00 ns, 3.4998 ms/op
WorkloadPilot    4: 128 op, 162359640.00 ns, 1.2684 ms/op
WorkloadPilot    5: 256 op, 310050478.00 ns, 1.2111 ms/op
WorkloadPilot    6: 512 op, 609527458.00 ns, 1.1905 ms/op

OverheadWarmup   1: 512 op, 3436.00 ns, 6.7109 ns/op
OverheadWarmup   2: 512 op, 2121.00 ns, 4.1426 ns/op
OverheadWarmup   3: 512 op, 19765.00 ns, 38.6035 ns/op
OverheadWarmup   4: 512 op, 2178.00 ns, 4.2539 ns/op
OverheadWarmup   5: 512 op, 2187.00 ns, 4.2715 ns/op
OverheadWarmup   6: 512 op, 2135.00 ns, 4.1699 ns/op

OverheadActual   1: 512 op, 2221.00 ns, 4.3379 ns/op
OverheadActual   2: 512 op, 2225.00 ns, 4.3457 ns/op
OverheadActual   3: 512 op, 2220.00 ns, 4.3359 ns/op
OverheadActual   4: 512 op, 2291.00 ns, 4.4746 ns/op
OverheadActual   5: 512 op, 2210.00 ns, 4.3164 ns/op
OverheadActual   6: 512 op, 2124.00 ns, 4.1484 ns/op
OverheadActual   7: 512 op, 2065.00 ns, 4.0332 ns/op
OverheadActual   8: 512 op, 18433.00 ns, 36.0020 ns/op
OverheadActual   9: 512 op, 2190.00 ns, 4.2773 ns/op
OverheadActual  10: 512 op, 2268.00 ns, 4.4297 ns/op
OverheadActual  11: 512 op, 2274.00 ns, 4.4414 ns/op
OverheadActual  12: 512 op, 2201.00 ns, 4.2988 ns/op
OverheadActual  13: 512 op, 2250.00 ns, 4.3945 ns/op
OverheadActual  14: 512 op, 2243.00 ns, 4.3809 ns/op
OverheadActual  15: 512 op, 2181.00 ns, 4.2598 ns/op
OverheadActual  16: 512 op, 2249.00 ns, 4.3926 ns/op
OverheadActual  17: 512 op, 2227.00 ns, 4.3496 ns/op
OverheadActual  18: 512 op, 2358.00 ns, 4.6055 ns/op
OverheadActual  19: 512 op, 2235.00 ns, 4.3652 ns/op
OverheadActual  20: 512 op, 15349.00 ns, 29.9785 ns/op

WorkloadWarmup   1: 512 op, 614560661.00 ns, 1.2003 ms/op
WorkloadWarmup   2: 512 op, 613185425.00 ns, 1.1976 ms/op
WorkloadWarmup   3: 512 op, 609256355.00 ns, 1.1900 ms/op

// BeforeActualRun
WorkloadActual   1: 512 op, 612217967.00 ns, 1.1957 ms/op
WorkloadActual   2: 512 op, 612629627.00 ns, 1.1965 ms/op
WorkloadActual   3: 512 op, 612184334.00 ns, 1.1957 ms/op

// AfterActualRun
WorkloadResult   1: 512 op, 612215736.00 ns, 1.1957 ms/op
WorkloadResult   2: 512 op, 612627396.00 ns, 1.1965 ms/op
WorkloadResult   3: 512 op, 612182103.00 ns, 1.1957 ms/op
// GC:  114 53 0 958984192 512
// Threading:  0 0 512

// AfterAll
// Benchmark Process 1347 has exited with code 0.

Mean = 1.196 ms, StdErr = 0.000 ms (0.02%), N = 3, StdDev = 0.000 ms
Min = 1.196 ms, Q1 = 1.196 ms, Median = 1.196 ms, Q3 = 1.196 ms, Max = 1.197 ms
IQR = 0.000 ms, LowerFence = 1.195 ms, UpperFence = 1.197 ms
ConfidenceInterval = [1.187 ms; 1.205 ms] (CI 99.9%), Margin = 0.009 ms (0.74% of Mean)
Skewness = 0.38, Kurtosis = 0.67, MValue = 2

// ** Remained 2 (2.2 %) benchmark(s) to run. Estimated finish 2026-10-08 2:10 (0h 0m from now) **
// **************************
// Benchmark: PlutusUseCasesBenchmarks.DecodeAndEval: ShortRun(IterationCount=3, LaunchCount=1, MinIterationCount=50, WarmupCount=3) [Script=uniswap-6]
// *** Execute ***
// Launch: 1 / 1
// Execute: dotnet PlutusBench-ShortRun-1.dll --anonymousPipes 113 114 --benchmarkName "PlutusUseCasesBenchmarks.DecodeAndEval(Script: \"uniswap-6\")" --job ShortRun --benchmarkId 87 in /bench/chrysalis/benchmarks/PlutusBench/bin/Release/net10.0/PlutusBench-ShortRun-1/bin/Release/net10.0
// BeforeAnythingElse

// Benchmark Process Environment Information:
// BenchmarkDotNet v0.15.8
// Runtime=.NET 10.0.12 (10.0.12, 10.0.1226.42308), X64 RyuJIT x86-64-v4
// GC=Concurrent Workstation
// HardwareIntrinsics=AVX512 BITALG+VBMI2+VNNI+VPOPCNTDQ,AVX512 IFMA+VBMI,AVX512 F+BW+CD+DQ+VL,AVX2+BMI1+BMI2+F16C+FMA+LZCNT+MOVBE,AVX,SSE3+SSSE3+SSE4.1+SSE4.2+POPCNT,X86Base+SSE+SSE2,AES+PCLMUL VectorSize=256
// Job: ShortRun(IterationCount=3, LaunchCount=1, MinIterationCount=50, WarmupCount=3)

OverheadJitting  1: 1 op, 149556.00 ns, 149.5560 us/op
WorkloadJitting  1: 1 op, 15783419.00 ns, 15.7834 ms/op

OverheadJitting  2: 16 op, 319448.00 ns, 19.9655 us/op
WorkloadJitting  2: 16 op, 18992218.00 ns, 1.1870 ms/op

WorkloadPilot    1: 16 op, 17187176.00 ns, 1.0742 ms/op
WorkloadPilot    2: 32 op, 33620449.00 ns, 1.0506 ms/op
WorkloadPilot    3: 64 op, 62012333.00 ns, 968.9427 us/op
WorkloadPilot    4: 128 op, 112927416.00 ns, 882.2454 us/op
WorkloadPilot    5: 256 op, 112201017.00 ns, 438.2852 us/op
WorkloadPilot    6: 512 op, 190706715.00 ns, 372.4741 us/op
WorkloadPilot    7: 1024 op, 321594819.00 ns, 314.0574 us/op
WorkloadPilot    8: 2048 op, 643883224.00 ns, 314.3961 us/op

OverheadWarmup   1: 2048 op, 8661.00 ns, 4.2290 ns/op
OverheadWarmup   2: 2048 op, 7926.00 ns, 3.8701 ns/op
OverheadWarmup   3: 2048 op, 7928.00 ns, 3.8711 ns/op
OverheadWarmup   4: 2048 op, 7885.00 ns, 3.8501 ns/op
OverheadWarmup   5: 2048 op, 7874.00 ns, 3.8447 ns/op
OverheadWarmup   6: 2048 op, 7884.00 ns, 3.8496 ns/op
OverheadWarmup   7: 2048 op, 7875.00 ns, 3.8452 ns/op

OverheadActual   1: 2048 op, 7740.00 ns, 3.7793 ns/op
OverheadActual   2: 2048 op, 7566.00 ns, 3.6943 ns/op
OverheadActual   3: 2048 op, 7606.00 ns, 3.7139 ns/op
OverheadActual   4: 2048 op, 8117.00 ns, 3.9634 ns/op
OverheadActual   5: 2048 op, 7700.00 ns, 3.7598 ns/op
OverheadActual   6: 2048 op, 7578.00 ns, 3.7002 ns/op
OverheadActual   7: 2048 op, 7884.00 ns, 3.8496 ns/op
OverheadActual   8: 2048 op, 7888.00 ns, 3.8516 ns/op
OverheadActual   9: 2048 op, 8136.00 ns, 3.9727 ns/op
OverheadActual  10: 2048 op, 8160.00 ns, 3.9844 ns/op
OverheadActual  11: 2048 op, 7916.00 ns, 3.8652 ns/op
OverheadActual  12: 2048 op, 7882.00 ns, 3.8486 ns/op
OverheadActual  13: 2048 op, 7852.00 ns, 3.8340 ns/op
OverheadActual  14: 2048 op, 8061.00 ns, 3.9360 ns/op
OverheadActual  15: 2048 op, 7923.00 ns, 3.8687 ns/op
OverheadActual  16: 2048 op, 7892.00 ns, 3.8535 ns/op
OverheadActual  17: 2048 op, 7967.00 ns, 3.8901 ns/op
OverheadActual  18: 2048 op, 8185.00 ns, 3.9966 ns/op
OverheadActual  19: 2048 op, 8117.00 ns, 3.9634 ns/op
OverheadActual  20: 2048 op, 8098.00 ns, 3.9541 ns/op

WorkloadWarmup   1: 2048 op, 648526678.00 ns, 316.6634 us/op
WorkloadWarmup   2: 2048 op, 647786649.00 ns, 316.3021 us/op
WorkloadWarmup   3: 2048 op, 641820745.00 ns, 313.3890 us/op

// BeforeActualRun
WorkloadActual   1: 2048 op, 668173705.00 ns, 326.2567 us/op
WorkloadActual   2: 2048 op, 869553203.00 ns, 424.5865 us/op
WorkloadActual   3: 2048 op, 847008350.00 ns, 413.5783 us/op

// AfterActualRun
WorkloadResult   1: 2048 op, 668165801.00 ns, 326.2528 us/op
WorkloadResult   2: 2048 op, 869545299.00 ns, 424.5827 us/op
WorkloadResult   3: 2048 op, 847000446.00 ns, 413.5744 us/op
// GC:  156 49 0 1308524544 2048
// Threading:  0 0 2048

// AfterAll
// Benchmark Process 1354 has exited with code 0.

Mean = 388.137 us, StdErr = 31.105 us (8.01%), N = 3, StdDev = 53.875 us
Min = 326.253 us, Q1 = 369.914 us, Median = 413.574 us, Q3 = 419.079 us, Max = 424.583 us
IQR = 49.165 us, LowerFence = 296.166 us, UpperFence = 492.826 us
ConfidenceInterval = [-594.741 us; 1,371.015 us] (CI 99.9%), Margin = 982.878 us (253.23% of Mean)
Skewness = -0.37, Kurtosis = 0.67, MValue = 2

// ** Remained 1 (1.1 %) benchmark(s) to run. Estimated finish 2026-10-08 2:10 (0h 0m from now) **
// **************************
// Benchmark: PlutusUseCasesBenchmarks.DecodeAndEval: ShortRun(IterationCount=3, LaunchCount=1, MinIterationCount=50, WarmupCount=3) [Script=vesting-1]
// *** Execute ***
// Launch: 1 / 1
// Execute: dotnet PlutusBench-ShortRun-1.dll --anonymousPipes 113 114 --benchmarkName "PlutusUseCasesBenchmarks.DecodeAndEval(Script: \"vesting-1\")" --job ShortRun --benchmarkId 88 in /bench/chrysalis/benchmarks/PlutusBench/bin/Release/net10.0/PlutusBench-ShortRun-1/bin/Release/net10.0
// BeforeAnythingElse

// Benchmark Process Environment Information:
// BenchmarkDotNet v0.15.8
// Runtime=.NET 10.0.12 (10.0.12, 10.0.1226.42308), X64 RyuJIT x86-64-v4
// GC=Concurrent Workstation
// HardwareIntrinsics=AVX512 BITALG+VBMI2+VNNI+VPOPCNTDQ,AVX512 IFMA+VBMI,AVX512 F+BW+CD+DQ+VL,AVX2+BMI1+BMI2+F16C+FMA+LZCNT+MOVBE,AVX,SSE3+SSSE3+SSE4.1+SSE4.2+POPCNT,X86Base+SSE+SSE2,AES+PCLMUL VectorSize=256
// Job: ShortRun(IterationCount=3, LaunchCount=1, MinIterationCount=50, WarmupCount=3)

OverheadJitting  1: 1 op, 156045.00 ns, 156.0450 us/op
WorkloadJitting  1: 1 op, 16362721.00 ns, 16.3627 ms/op

OverheadJitting  2: 16 op, 323457.00 ns, 20.2161 us/op
WorkloadJitting  2: 16 op, 21699187.00 ns, 1.3562 ms/op

WorkloadPilot    1: 16 op, 19587474.00 ns, 1.2242 ms/op
WorkloadPilot    2: 32 op, 37896924.00 ns, 1.1843 ms/op
WorkloadPilot    3: 64 op, 72408702.00 ns, 1.1314 ms/op
WorkloadPilot    4: 128 op, 112775124.00 ns, 881.0557 us/op
WorkloadPilot    5: 256 op, 115891465.00 ns, 452.7010 us/op
WorkloadPilot    6: 512 op, 218011997.00 ns, 425.8047 us/op
WorkloadPilot    7: 1024 op, 417409548.00 ns, 407.6265 us/op
WorkloadPilot    8: 2048 op, 834944366.00 ns, 407.6877 us/op

OverheadWarmup   1: 2048 op, 8446.00 ns, 4.1240 ns/op
OverheadWarmup   2: 2048 op, 18472.00 ns, 9.0195 ns/op
OverheadWarmup   3: 2048 op, 16860.00 ns, 8.2324 ns/op
OverheadWarmup   4: 2048 op, 7950.00 ns, 3.8818 ns/op
OverheadWarmup   5: 2048 op, 8001.00 ns, 3.9067 ns/op
OverheadWarmup   6: 2048 op, 7909.00 ns, 3.8618 ns/op

OverheadActual   1: 2048 op, 8207.00 ns, 4.0073 ns/op
OverheadActual   2: 2048 op, 7671.00 ns, 3.7456 ns/op
OverheadActual   3: 2048 op, 7689.00 ns, 3.7544 ns/op
OverheadActual   4: 2048 op, 7713.00 ns, 3.7661 ns/op
OverheadActual   5: 2048 op, 7669.00 ns, 3.7446 ns/op
OverheadActual   6: 2048 op, 7613.00 ns, 3.7173 ns/op
OverheadActual   7: 2048 op, 7803.00 ns, 3.8101 ns/op
OverheadActual   8: 2048 op, 7987.00 ns, 3.8999 ns/op
OverheadActual   9: 2048 op, 25540.00 ns, 12.4707 ns/op
OverheadActual  10: 2048 op, 7770.00 ns, 3.7939 ns/op
OverheadActual  11: 2048 op, 23909.00 ns, 11.6743 ns/op
OverheadActual  12: 2048 op, 8015.00 ns, 3.9136 ns/op
OverheadActual  13: 2048 op, 8236.00 ns, 4.0215 ns/op
OverheadActual  14: 2048 op, 8189.00 ns, 3.9985 ns/op
OverheadActual  15: 2048 op, 8005.00 ns, 3.9087 ns/op
OverheadActual  16: 2048 op, 11521.00 ns, 5.6255 ns/op
OverheadActual  17: 2048 op, 8029.00 ns, 3.9204 ns/op
OverheadActual  18: 2048 op, 8140.00 ns, 3.9746 ns/op
OverheadActual  19: 2048 op, 8023.00 ns, 3.9175 ns/op
OverheadActual  20: 2048 op, 8030.00 ns, 3.9209 ns/op

WorkloadWarmup   1: 2048 op, 840885699.00 ns, 410.5887 us/op
WorkloadWarmup   2: 2048 op, 835147962.00 ns, 407.7871 us/op
WorkloadWarmup   3: 2048 op, 830432543.00 ns, 405.4846 us/op

// BeforeActualRun
WorkloadActual   1: 2048 op, 835180954.00 ns, 407.8032 us/op
WorkloadActual   2: 2048 op, 834041605.00 ns, 407.2469 us/op
WorkloadActual   3: 2048 op, 833983551.00 ns, 407.2185 us/op

// AfterActualRun
WorkloadResult   1: 2048 op, 835172935.00 ns, 407.7993 us/op
WorkloadResult   2: 2048 op, 834033586.00 ns, 407.2430 us/op
WorkloadResult   3: 2048 op, 833975532.00 ns, 407.2146 us/op
// GC:  177 59 0 1483145216 2048
// Threading:  0 0 2048

// AfterAll
// Benchmark Process 1361 has exited with code 0.

Mean = 407.419 us, StdErr = 0.190 us (0.05%), N = 3, StdDev = 0.330 us
Min = 407.215 us, Q1 = 407.229 us, Median = 407.243 us, Q3 = 407.521 us, Max = 407.799 us
IQR = 0.292 us, LowerFence = 406.790 us, UpperFence = 407.960 us
ConfidenceInterval = [401.404 us; 413.434 us] (CI 99.9%), Margin = 6.015 us (1.48% of Mean)
Skewness = 0.38, Kurtosis = 0.67, MValue = 2

// ** Remained 0 (0.0 %) benchmark(s) to run. Estimated finish 2026-10-08 2:10 (0h 0m from now) **
// ***** BenchmarkRunner: Finish  *****

// * Export *
  BenchmarkDotNet.Artifacts/results/PlutusUseCasesBenchmarks-report.csv
  BenchmarkDotNet.Artifacts/results/PlutusUseCasesBenchmarks-report-github.md
  BenchmarkDotNet.Artifacts/results/PlutusUseCasesBenchmarks-report.html
  BenchmarkDotNet.Artifacts/results/PlutusUseCasesBenchmarks-report-full-compressed.json

// * Detailed results *
PlutusUseCasesBenchmarks.DecodeAndEval: ShortRun(IterationCount=3, LaunchCount=1, MinIterationCount=50, WarmupCount=3) [Script=auction_1-1]
Runtime = .NET 10.0.12 (10.0.12, 10.0.1226.42308), X64 RyuJIT x86-64-v4; GC = Concurrent Workstation
Mean = 205.928 us, StdErr = 0.452 us (0.22%), N = 3, StdDev = 0.783 us
Min = 205.066 us, Q1 = 205.594 us, Median = 206.121 us, Q3 = 206.359 us, Max = 206.596 us
IQR = 0.765 us, LowerFence = 204.447 us, UpperFence = 207.506 us
ConfidenceInterval = [191.642 us; 220.214 us] (CI 99.9%), Margin = 14.286 us (6.94% of Mean)
Skewness = -0.23, Kurtosis = 0.67, MValue = 2
-------------------- Histogram --------------------
[204.354 us ; 207.309 us) | @@@
---------------------------------------------------

PlutusUseCasesBenchmarks.DecodeAndEval: ShortRun(IterationCount=3, LaunchCount=1, MinIterationCount=50, WarmupCount=3) [Script=auction_1-2]
Runtime = .NET 10.0.12 (10.0.12, 10.0.1226.42308), X64 RyuJIT x86-64-v4; GC = Concurrent Workstation
Mean = 823.226 us, StdErr = 66.771 us (8.11%), N = 3, StdDev = 115.651 us
Min = 748.565 us, Q1 = 756.616 us, Median = 764.667 us, Q3 = 860.556 us, Max = 956.444 us
IQR = 103.940 us, LowerFence = 600.707 us, UpperFence = 1,016.465 us
ConfidenceInterval = [-1,286.686 us; 2,933.138 us] (CI 99.9%), Margin = 2,109.912 us (256.30% of Mean)
Skewness = 0.38, Kurtosis = 0.67, MValue = 2
-------------------- Histogram --------------------
[747.258 us ; 957.752 us) | @@@
---------------------------------------------------

PlutusUseCasesBenchmarks.DecodeAndEval: ShortRun(IterationCount=3, LaunchCount=1, MinIterationCount=50, WarmupCount=3) [Script=auction_1-3]
Runtime = .NET 10.0.12 (10.0.12, 10.0.1226.42308), X64 RyuJIT x86-64-v4; GC = Concurrent Workstation
Mean = 755.558 us, StdErr = 0.967 us (0.13%), N = 3, StdDev = 1.675 us
Min = 753.764 us, Q1 = 754.797 us, Median = 755.829 us, Q3 = 756.455 us, Max = 757.081 us
IQR = 1.658 us, LowerFence = 752.309 us, UpperFence = 758.942 us
ConfidenceInterval = [725.004 us; 786.112 us] (CI 99.9%), Margin = 30.554 us (4.04% of Mean)
Skewness = -0.16, Kurtosis = 0.67, MValue = 2
-------------------- Histogram --------------------
[752.240 us ; 758.605 us) | @@@
---------------------------------------------------

PlutusUseCasesBenchmarks.DecodeAndEval: ShortRun(IterationCount=3, LaunchCount=1, MinIterationCount=50, WarmupCount=3) [Script=auction_1-4]
Runtime = .NET 10.0.12 (10.0.12, 10.0.1226.42308), X64 RyuJIT x86-64-v4; GC = Concurrent Workstation
Mean = 243.690 us, StdErr = 0.968 us (0.40%), N = 3, StdDev = 1.676 us
Min = 242.033 us, Q1 = 242.843 us, Median = 243.652 us, Q3 = 244.518 us, Max = 245.384 us
IQR = 1.676 us, LowerFence = 240.329 us, UpperFence = 247.032 us
ConfidenceInterval = [213.113 us; 274.266 us] (CI 99.9%), Margin = 30.576 us (12.55% of Mean)
Skewness = 0.02, Kurtosis = 0.67, MValue = 2
-------------------- Histogram --------------------
[240.508 us ; 246.910 us) | @@@
---------------------------------------------------

PlutusUseCasesBenchmarks.DecodeAndEval: ShortRun(IterationCount=3, LaunchCount=1, MinIterationCount=50, WarmupCount=3) [Script=auction_2-1]
Runtime = .NET 10.0.12 (10.0.12, 10.0.1226.42308), X64 RyuJIT x86-64-v4; GC = Concurrent Workstation
Mean = 203.689 us, StdErr = 0.099 us (0.05%), N = 3, StdDev = 0.172 us
Min = 203.494 us, Q1 = 203.623 us, Median = 203.752 us, Q3 = 203.786 us, Max = 203.820 us
IQR = 0.163 us, LowerFence = 203.379 us, UpperFence = 204.031 us
ConfidenceInterval = [200.554 us; 206.824 us] (CI 99.9%), Margin = 3.135 us (1.54% of Mean)
Skewness = -0.32, Kurtosis = 0.67, MValue = 2
-------------------- Histogram --------------------
[203.338 us ; 203.977 us) | @@@
---------------------------------------------------

PlutusUseCasesBenchmarks.DecodeAndEval: ShortRun(IterationCount=3, LaunchCount=1, MinIterationCount=50, WarmupCount=3) [Script=auction_2-2]
Runtime = .NET 10.0.12 (10.0.12, 10.0.1226.42308), X64 RyuJIT x86-64-v4; GC = Concurrent Workstation
Mean = 769.882 us, StdErr = 19.195 us (2.49%), N = 3, StdDev = 33.246 us
Min = 749.912 us, Q1 = 750.693 us, Median = 751.474 us, Q3 = 779.868 us, Max = 808.261 us
IQR = 29.175 us, LowerFence = 706.931 us, UpperFence = 823.630 us
ConfidenceInterval = [163.345 us; 1,376.420 us] (CI 99.9%), Margin = 606.538 us (78.78% of Mean)
Skewness = 0.38, Kurtosis = 0.67, MValue = 2
-------------------- Histogram --------------------
[748.831 us ; 809.342 us) | @@@
---------------------------------------------------

PlutusUseCasesBenchmarks.DecodeAndEval: ShortRun(IterationCount=3, LaunchCount=1, MinIterationCount=50, WarmupCount=3) [Script=auction_2-3]
Runtime = .NET 10.0.12 (10.0.12, 10.0.1226.42308), X64 RyuJIT x86-64-v4; GC = Concurrent Workstation
Mean = 948.738 us, StdErr = 0.752 us (0.08%), N = 3, StdDev = 1.303 us
Min = 947.300 us, Q1 = 948.187 us, Median = 949.075 us, Q3 = 949.457 us, Max = 949.839 us
IQR = 1.270 us, LowerFence = 946.283 us, UpperFence = 951.362 us
ConfidenceInterval = [924.969 us; 972.507 us] (CI 99.9%), Margin = 23.769 us (2.51% of Mean)
Skewness = -0.24, Kurtosis = 0.67, MValue = 2
-------------------- Histogram --------------------
[946.114 us ; 951.025 us) | @@@
---------------------------------------------------

PlutusUseCasesBenchmarks.DecodeAndEval: ShortRun(IterationCount=3, LaunchCount=1, MinIterationCount=50, WarmupCount=3) [Script=auction_2-4]
Runtime = .NET 10.0.12 (10.0.12, 10.0.1226.42308), X64 RyuJIT x86-64-v4; GC = Concurrent Workstation
Mean = 759.512 us, StdErr = 1.364 us (0.18%), N = 3, StdDev = 2.362 us
Min = 758.117 us, Q1 = 758.148 us, Median = 758.178 us, Q3 = 760.209 us, Max = 762.239 us
IQR = 2.061 us, LowerFence = 755.057 us, UpperFence = 763.300 us
ConfidenceInterval = [716.414 us; 802.609 us] (CI 99.9%), Margin = 43.098 us (5.67% of Mean)
Skewness = 0.38, Kurtosis = 0.67, MValue = 2
-------------------- Histogram --------------------
[758.028 us ; 762.328 us) | @@@
---------------------------------------------------

PlutusUseCasesBenchmarks.DecodeAndEval: ShortRun(IterationCount=3, LaunchCount=1, MinIterationCount=50, WarmupCount=3) [Script=auction_2-5]
Runtime = .NET 10.0.12 (10.0.12, 10.0.1226.42308), X64 RyuJIT x86-64-v4; GC = Concurrent Workstation
Mean = 247.070 us, StdErr = 0.133 us (0.05%), N = 3, StdDev = 0.231 us
Min = 246.822 us, Q1 = 246.966 us, Median = 247.110 us, Q3 = 247.194 us, Max = 247.278 us
IQR = 0.228 us, LowerFence = 246.623 us, UpperFence = 247.536 us
ConfidenceInterval = [242.860 us; 251.280 us] (CI 99.9%), Margin = 4.210 us (1.70% of Mean)
Skewness = -0.17, Kurtosis = 0.67, MValue = 2
-------------------- Histogram --------------------
[246.612 us ; 247.488 us) | @@@
---------------------------------------------------

PlutusUseCasesBenchmarks.DecodeAndEval: ShortRun(IterationCount=3, LaunchCount=1, MinIterationCount=50, WarmupCount=3) [Script=coop-1]
Runtime = .NET 10.0.12 (10.0.12, 10.0.1226.42308), X64 RyuJIT x86-64-v4; GC = Concurrent Workstation
Mean = 203.056 us, StdErr = 0.395 us (0.19%), N = 3, StdDev = 0.685 us
Min = 202.265 us, Q1 = 202.852 us, Median = 203.440 us, Q3 = 203.451 us, Max = 203.462 us
IQR = 0.598 us, LowerFence = 201.955 us, UpperFence = 204.348 us
ConfidenceInterval = [190.564 us; 215.547 us] (CI 99.9%), Margin = 12.492 us (6.15% of Mean)
Skewness = -0.38, Kurtosis = 0.67, MValue = 2
-------------------- Histogram --------------------
[202.240 us ; 203.487 us) | @@@
---------------------------------------------------

PlutusUseCasesBenchmarks.DecodeAndEval: ShortRun(IterationCount=3, LaunchCount=1, MinIterationCount=50, WarmupCount=3) [Script=coop-2]
Runtime = .NET 10.0.12 (10.0.12, 10.0.1226.42308), X64 RyuJIT x86-64-v4; GC = Concurrent Workstation
Mean = 651.142 us, StdErr = 1.654 us (0.25%), N = 3, StdDev = 2.865 us
Min = 647.844 us, Q1 = 650.206 us, Median = 652.569 us, Q3 = 652.791 us, Max = 653.012 us
IQR = 2.584 us, LowerFence = 646.330 us, UpperFence = 656.667 us
ConfidenceInterval = [598.878 us; 703.405 us] (CI 99.9%), Margin = 52.264 us (8.03% of Mean)
Skewness = -0.37, Kurtosis = 0.67, MValue = 2
-------------------- Histogram --------------------
[647.821 us ; 653.035 us) | @@@
---------------------------------------------------

PlutusUseCasesBenchmarks.DecodeAndEval: ShortRun(IterationCount=3, LaunchCount=1, MinIterationCount=50, WarmupCount=3) [Script=coop-3]
Runtime = .NET 10.0.12 (10.0.12, 10.0.1226.42308), X64 RyuJIT x86-64-v4; GC = Concurrent Workstation
Mean = 1.990 ms, StdErr = 0.002 ms (0.08%), N = 3, StdDev = 0.003 ms
Min = 1.987 ms, Q1 = 1.989 ms, Median = 1.991 ms, Q3 = 1.991 ms, Max = 1.992 ms
IQR = 0.003 ms, LowerFence = 1.985 ms, UpperFence = 1.995 ms
ConfidenceInterval = [1.941 ms; 2.039 ms] (CI 99.9%), Margin = 0.049 ms (2.47% of Mean)
Skewness = -0.31, Kurtosis = 0.67, MValue = 2
-------------------- Histogram --------------------
[1.984 ms ; 1.994 ms) | @@@
---------------------------------------------------

PlutusUseCasesBenchmarks.DecodeAndEval: ShortRun(IterationCount=3, LaunchCount=1, MinIterationCount=50, WarmupCount=3) [Script=coop-4]
Runtime = .NET 10.0.12 (10.0.12, 10.0.1226.42308), X64 RyuJIT x86-64-v4; GC = Concurrent Workstation
Mean = 829.561 us, StdErr = 3.324 us (0.40%), N = 3, StdDev = 5.758 us
Min = 824.671 us, Q1 = 826.389 us, Median = 828.107 us, Q3 = 832.007 us, Max = 835.907 us
IQR = 5.618 us, LowerFence = 817.962 us, UpperFence = 840.434 us
ConfidenceInterval = [724.523 us; 934.600 us] (CI 99.9%), Margin = 105.039 us (12.66% of Mean)
Skewness = 0.24, Kurtosis = 0.67, MValue = 2
-------------------- Histogram --------------------
[819.431 us ; 841.146 us) | @@@
---------------------------------------------------

PlutusUseCasesBenchmarks.DecodeAndEval: ShortRun(IterationCount=3, LaunchCount=1, MinIterationCount=50, WarmupCount=3) [Script=coop-5]
Runtime = .NET 10.0.12 (10.0.12, 10.0.1226.42308), X64 RyuJIT x86-64-v4; GC = Concurrent Workstation
Mean = 475.886 us, StdErr = 37.861 us (7.96%), N = 3, StdDev = 65.577 us
Min = 408.166 us, Q1 = 444.286 us, Median = 480.405 us, Q3 = 509.746 us, Max = 539.087 us
IQR = 65.460 us, LowerFence = 346.095 us, UpperFence = 607.936 us
ConfidenceInterval = [-720.485 us; 1,672.258 us] (CI 99.9%), Margin = 1,196.371 us (251.40% of Mean)
Skewness = -0.07, Kurtosis = 0.67, MValue = 2
-------------------- Histogram --------------------
[348.489 us ; 450.068 us) | @
[450.068 us ; 569.424 us) | @@
---------------------------------------------------

PlutusUseCasesBenchmarks.DecodeAndEval: ShortRun(IterationCount=3, LaunchCount=1, MinIterationCount=50, WarmupCount=3) [Script=coop-6]
Runtime = .NET 10.0.12 (10.0.12, 10.0.1226.42308), X64 RyuJIT x86-64-v4; GC = Concurrent Workstation
Mean = 539.845 us, StdErr = 1.283 us (0.24%), N = 3, StdDev = 2.222 us
Min = 537.316 us, Q1 = 539.028 us, Median = 540.741 us, Q3 = 541.110 us, Max = 541.479 us
IQR = 2.082 us, LowerFence = 535.906 us, UpperFence = 544.233 us
ConfidenceInterval = [499.316 us; 580.375 us] (CI 99.9%), Margin = 40.529 us (7.51% of Mean)
Skewness = -0.34, Kurtosis = 0.67, MValue = 2
-------------------- Histogram --------------------
[535.294 us ; 543.501 us) | @@@
---------------------------------------------------

PlutusUseCasesBenchmarks.DecodeAndEval: ShortRun(IterationCount=3, LaunchCount=1, MinIterationCount=50, WarmupCount=3) [Script=coop-7]
Runtime = .NET 10.0.12 (10.0.12, 10.0.1226.42308), X64 RyuJIT x86-64-v4; GC = Concurrent Workstation
Mean = 273.120 us, StdErr = 0.048 us (0.02%), N = 3, StdDev = 0.083 us
Min = 273.049 us, Q1 = 273.074 us, Median = 273.099 us, Q3 = 273.155 us, Max = 273.210 us
IQR = 0.081 us, LowerFence = 272.953 us, UpperFence = 273.276 us
ConfidenceInterval = [271.613 us; 274.626 us] (CI 99.9%), Margin = 1.506 us (0.55% of Mean)
Skewness = 0.23, Kurtosis = 0.67, MValue = 2
-------------------- Histogram --------------------
[272.974 us ; 273.286 us) | @@@
---------------------------------------------------

PlutusUseCasesBenchmarks.DecodeAndEval: ShortRun(IterationCount=3, LaunchCount=1, MinIterationCount=50, WarmupCount=3) [Script=crowdfunding-success-1]
Runtime = .NET 10.0.12 (10.0.12, 10.0.1226.42308), X64 RyuJIT x86-64-v4; GC = Concurrent Workstation
Mean = 241.627 us, StdErr = 0.390 us (0.16%), N = 3, StdDev = 0.675 us
Min = 240.963 us, Q1 = 241.283 us, Median = 241.603 us, Q3 = 241.958 us, Max = 242.313 us
IQR = 0.675 us, LowerFence = 240.271 us, UpperFence = 242.971 us
ConfidenceInterval = [229.306 us; 253.948 us] (CI 99.9%), Margin = 12.321 us (5.10% of Mean)
Skewness = 0.03, Kurtosis = 0.67, MValue = 2
-------------------- Histogram --------------------
[240.349 us ; 242.928 us) | @@@
---------------------------------------------------

PlutusUseCasesBenchmarks.DecodeAndEval: ShortRun(IterationCount=3, LaunchCount=1, MinIterationCount=50, WarmupCount=3) [Script=crowdfunding-success-2]
Runtime = .NET 10.0.12 (10.0.12, 10.0.1226.42308), X64 RyuJIT x86-64-v4; GC = Concurrent Workstation
Mean = 236.272 us, StdErr = 0.390 us (0.17%), N = 3, StdDev = 0.676 us
Min = 235.658 us, Q1 = 235.911 us, Median = 236.163 us, Q3 = 236.579 us, Max = 236.996 us
IQR = 0.669 us, LowerFence = 234.907 us, UpperFence = 237.583 us
ConfidenceInterval = [223.946 us; 248.598 us] (CI 99.9%), Margin = 12.326 us (5.22% of Mean)
Skewness = 0.16, Kurtosis = 0.67, MValue = 2
-------------------- Histogram --------------------
[235.044 us ; 237.611 us) | @@@
---------------------------------------------------

PlutusUseCasesBenchmarks.DecodeAndEval: ShortRun(IterationCount=3, LaunchCount=1, MinIterationCount=50, WarmupCount=3) [Script=crowdfunding-success-3]
Runtime = .NET 10.0.12 (10.0.12, 10.0.1226.42308), X64 RyuJIT x86-64-v4; GC = Concurrent Workstation
Mean = 238.050 us, StdErr = 0.083 us (0.03%), N = 3, StdDev = 0.144 us
Min = 237.897 us, Q1 = 237.984 us, Median = 238.071 us, Q3 = 238.127 us, Max = 238.182 us
IQR = 0.143 us, LowerFence = 237.769 us, UpperFence = 238.341 us
ConfidenceInterval = [235.422 us; 240.677 us] (CI 99.9%), Margin = 2.627 us (1.10% of Mean)
Skewness = -0.14, Kurtosis = 0.67, MValue = 2
-------------------- Histogram --------------------
[237.765 us ; 238.313 us) | @@@
---------------------------------------------------

PlutusUseCasesBenchmarks.DecodeAndEval: ShortRun(IterationCount=3, LaunchCount=1, MinIterationCount=50, WarmupCount=3) [Script=currency-1]
Runtime = .NET 10.0.12 (10.0.12, 10.0.1226.42308), X64 RyuJIT x86-64-v4; GC = Concurrent Workstation
Mean = 299.644 us, StdErr = 0.206 us (0.07%), N = 3, StdDev = 0.357 us
Min = 299.337 us, Q1 = 299.449 us, Median = 299.560 us, Q3 = 299.798 us, Max = 300.036 us
IQR = 0.350 us, LowerFence = 298.924 us, UpperFence = 300.322 us
ConfidenceInterval = [293.131 us; 306.157 us] (CI 99.9%), Margin = 6.513 us (2.17% of Mean)
Skewness = 0.22, Kurtosis = 0.67, MValue = 2
-------------------- Histogram --------------------
[299.012 us ; 300.361 us) | @@@
---------------------------------------------------

PlutusUseCasesBenchmarks.DecodeAndEval: ShortRun(IterationCount=3, LaunchCount=1, MinIterationCount=50, WarmupCount=3) [Script=escrow-redeem_1-1]
Runtime = .NET 10.0.12 (10.0.12, 10.0.1226.42308), X64 RyuJIT x86-64-v4; GC = Concurrent Workstation
Mean = 395.692 us, StdErr = 0.750 us (0.19%), N = 3, StdDev = 1.299 us
Min = 394.220 us, Q1 = 395.198 us, Median = 396.175 us, Q3 = 396.428 us, Max = 396.680 us
IQR = 1.230 us, LowerFence = 393.353 us, UpperFence = 398.273 us
ConfidenceInterval = [371.989 us; 419.395 us] (CI 99.9%), Margin = 23.703 us (5.99% of Mean)
Skewness = -0.32, Kurtosis = 0.67, MValue = 2
-------------------- Histogram --------------------
[393.038 us ; 397.862 us) | @@@
---------------------------------------------------

PlutusUseCasesBenchmarks.DecodeAndEval: ShortRun(IterationCount=3, LaunchCount=1, MinIterationCount=50, WarmupCount=3) [Script=escrow-redeem_1-2]
Runtime = .NET 10.0.12 (10.0.12, 10.0.1226.42308), X64 RyuJIT x86-64-v4; GC = Concurrent Workstation
Mean = 465.309 us, StdErr = 37.581 us (8.08%), N = 3, StdDev = 65.092 us
Min = 390.148 us, Q1 = 446.271 us, Median = 502.393 us, Q3 = 502.889 us, Max = 503.384 us
IQR = 56.618 us, LowerFence = 361.344 us, UpperFence = 587.815 us
ConfidenceInterval = [-722.219 us; 1,652.836 us] (CI 99.9%), Margin = 1,187.528 us (255.21% of Mean)
Skewness = -0.38, Kurtosis = 0.67, MValue = 2
-------------------- Histogram --------------------
[387.530 us ; 506.003 us) | @@@
---------------------------------------------------

PlutusUseCasesBenchmarks.DecodeAndEval: ShortRun(IterationCount=3, LaunchCount=1, MinIterationCount=50, WarmupCount=3) [Script=escrow-redeem_2-1]
Runtime = .NET 10.0.12 (10.0.12, 10.0.1226.42308), X64 RyuJIT x86-64-v4; GC = Concurrent Workstation
Mean = 462.157 us, StdErr = 0.592 us (0.13%), N = 3, StdDev = 1.025 us
Min = 460.975 us, Q1 = 461.836 us, Median = 462.697 us, Q3 = 462.748 us, Max = 462.800 us
IQR = 0.912 us, LowerFence = 460.467 us, UpperFence = 464.117 us
ConfidenceInterval = [443.454 us; 480.860 us] (CI 99.9%), Margin = 18.703 us (4.05% of Mean)
Skewness = -0.38, Kurtosis = 0.67, MValue = 2
-------------------- Histogram --------------------
[460.954 us ; 462.820 us) | @@@
---------------------------------------------------

PlutusUseCasesBenchmarks.DecodeAndEval: ShortRun(IterationCount=3, LaunchCount=1, MinIterationCount=50, WarmupCount=3) [Script=escrow-redeem_2-2]
Runtime = .NET 10.0.12 (10.0.12, 10.0.1226.42308), X64 RyuJIT x86-64-v4; GC = Concurrent Workstation
Mean = 451.334 us, StdErr = 0.453 us (0.10%), N = 3, StdDev = 0.785 us
Min = 450.453 us, Q1 = 451.021 us, Median = 451.589 us, Q3 = 451.774 us, Max = 451.960 us
IQR = 0.753 us, LowerFence = 449.891 us, UpperFence = 452.904 us
ConfidenceInterval = [437.014 us; 465.654 us] (CI 99.9%), Margin = 14.320 us (3.17% of Mean)
Skewness = -0.29, Kurtosis = 0.67, MValue = 2
-------------------- Histogram --------------------
[449.739 us ; 452.674 us) | @@@
---------------------------------------------------

PlutusUseCasesBenchmarks.DecodeAndEval: ShortRun(IterationCount=3, LaunchCount=1, MinIterationCount=50, WarmupCount=3) [Script=escrow-redeem_2-3]
Runtime = .NET 10.0.12 (10.0.12, 10.0.1226.42308), X64 RyuJIT x86-64-v4; GC = Concurrent Workstation
Mean = 445.764 us, StdErr = 0.666 us (0.15%), N = 3, StdDev = 1.153 us
Min = 444.433 us, Q1 = 445.412 us, Median = 446.392 us, Q3 = 446.429 us, Max = 446.466 us
IQR = 1.016 us, LowerFence = 443.888 us, UpperFence = 447.953 us
ConfidenceInterval = [424.733 us; 466.794 us] (CI 99.9%), Margin = 21.030 us (4.72% of Mean)
Skewness = -0.38, Kurtosis = 0.67, MValue = 2
-------------------- Histogram --------------------
[444.401 us ; 446.499 us) | @@@
---------------------------------------------------

PlutusUseCasesBenchmarks.DecodeAndEval: ShortRun(IterationCount=3, LaunchCount=1, MinIterationCount=50, WarmupCount=3) [Script=escrow-refund-1]
Runtime = .NET 10.0.12 (10.0.12, 10.0.1226.42308), X64 RyuJIT x86-64-v4; GC = Concurrent Workstation
Mean = 256.904 us, StdErr = 17.643 us (6.87%), N = 3, StdDev = 30.558 us
Min = 221.942 us, Q1 = 246.100 us, Median = 270.257 us, Q3 = 274.385 us, Max = 278.514 us
IQR = 28.286 us, LowerFence = 203.671 us, UpperFence = 316.814 us
ConfidenceInterval = [-300.595 us; 814.404 us] (CI 99.9%), Margin = 557.499 us (217.01% of Mean)
Skewness = -0.35, Kurtosis = 0.67, MValue = 2
-------------------- Histogram --------------------
[194.133 us ; 246.576 us) | @
[246.576 us ; 306.323 us) | @@
---------------------------------------------------

PlutusUseCasesBenchmarks.DecodeAndEval: ShortRun(IterationCount=3, LaunchCount=1, MinIterationCount=50, WarmupCount=3) [Script=future-increase-margin-1]
Runtime = .NET 10.0.12 (10.0.12, 10.0.1226.42308), X64 RyuJIT x86-64-v4; GC = Concurrent Workstation
Mean = 295.344 us, StdErr = 0.169 us (0.06%), N = 3, StdDev = 0.293 us
Min = 295.007 us, Q1 = 295.245 us, Median = 295.483 us, Q3 = 295.513 us, Max = 295.542 us
IQR = 0.267 us, LowerFence = 294.844 us, UpperFence = 295.914 us
ConfidenceInterval = [289.993 us; 300.695 us] (CI 99.9%), Margin = 5.351 us (1.81% of Mean)
Skewness = -0.37, Kurtosis = 0.67, MValue = 2
-------------------- Histogram --------------------
[294.740 us ; 295.809 us) | @@@
---------------------------------------------------

PlutusUseCasesBenchmarks.DecodeAndEval: ShortRun(IterationCount=3, LaunchCount=1, MinIterationCount=50, WarmupCount=3) [Script=future-increase-margin-2]
Runtime = .NET 10.0.12 (10.0.12, 10.0.1226.42308), X64 RyuJIT x86-64-v4; GC = Concurrent Workstation
Mean = 610.082 us, StdErr = 0.808 us (0.13%), N = 3, StdDev = 1.399 us
Min = 609.065 us, Q1 = 609.284 us, Median = 609.503 us, Q3 = 610.590 us, Max = 611.677 us
IQR = 1.306 us, LowerFence = 607.325 us, UpperFence = 612.549 us
ConfidenceInterval = [584.561 us; 635.602 us] (CI 99.9%), Margin = 25.521 us (4.18% of Mean)
Skewness = 0.34, Kurtosis = 0.67, MValue = 2
-------------------- Histogram --------------------
[607.792 us ; 612.950 us) | @@@
---------------------------------------------------

PlutusUseCasesBenchmarks.DecodeAndEval: ShortRun(IterationCount=3, LaunchCount=1, MinIterationCount=50, WarmupCount=3) [Script=future-increase-margin-3]
Runtime = .NET 10.0.12 (10.0.12, 10.0.1226.42308), X64 RyuJIT x86-64-v4; GC = Concurrent Workstation
Mean = 583.188 us, StdErr = 0.689 us (0.12%), N = 3, StdDev = 1.194 us
Min = 581.976 us, Q1 = 582.600 us, Median = 583.225 us, Q3 = 583.794 us, Max = 584.363 us
IQR = 1.194 us, LowerFence = 580.810 us, UpperFence = 585.584 us
ConfidenceInterval = [561.406 us; 604.970 us] (CI 99.9%), Margin = 21.782 us (3.74% of Mean)
Skewness = -0.03, Kurtosis = 0.67, MValue = 2
-------------------- Histogram --------------------
[580.889 us ; 585.449 us) | @@@
---------------------------------------------------

PlutusUseCasesBenchmarks.DecodeAndEval: ShortRun(IterationCount=3, LaunchCount=1, MinIterationCount=50, WarmupCount=3) [Script=future-increase-margin-4]
Runtime = .NET 10.0.12 (10.0.12, 10.0.1226.42308), X64 RyuJIT x86-64-v4; GC = Concurrent Workstation
Mean = 783.888 us, StdErr = 57.941 us (7.39%), N = 3, StdDev = 100.357 us
Min = 668.475 us, Q1 = 750.521 us, Median = 832.567 us, Q3 = 841.594 us, Max = 850.621 us
IQR = 91.073 us, LowerFence = 613.911 us, UpperFence = 978.204 us
ConfidenceInterval = [-1,047.004 us; 2,614.780 us] (CI 99.9%), Margin = 1,830.892 us (233.57% of Mean)
Skewness = -0.37, Kurtosis = 0.67, MValue = 2
-------------------- Histogram --------------------
[668.219 us ; 850.877 us) | @@@
---------------------------------------------------

PlutusUseCasesBenchmarks.DecodeAndEval: ShortRun(IterationCount=3, LaunchCount=1, MinIterationCount=50, WarmupCount=3) [Script=future-increase-margin-5]
Runtime = .NET 10.0.12 (10.0.12, 10.0.1226.42308), X64 RyuJIT x86-64-v4; GC = Concurrent Workstation
Mean = 1.042 ms, StdErr = 0.001 ms (0.09%), N = 3, StdDev = 0.002 ms
Min = 1.041 ms, Q1 = 1.041 ms, Median = 1.042 ms, Q3 = 1.043 ms, Max = 1.044 ms
IQR = 0.002 ms, LowerFence = 1.039 ms, UpperFence = 1.046 ms
ConfidenceInterval = [1.012 ms; 1.073 ms] (CI 99.9%), Margin = 0.030 ms (2.91% of Mean)
Skewness = -0.04, Kurtosis = 0.67, MValue = 2
-------------------- Histogram --------------------
[1.039 ms ; 1.045 ms) | @@@
---------------------------------------------------

PlutusUseCasesBenchmarks.DecodeAndEval: ShortRun(IterationCount=3, LaunchCount=1, MinIterationCount=50, WarmupCount=3) [Script=future-pay-out-1]
Runtime = .NET 10.0.12 (10.0.12, 10.0.1226.42308), X64 RyuJIT x86-64-v4; GC = Concurrent Workstation
Mean = 295.125 us, StdErr = 0.441 us (0.15%), N = 3, StdDev = 0.764 us
Min = 294.242 us, Q1 = 294.901 us, Median = 295.560 us, Q3 = 295.566 us, Max = 295.571 us
IQR = 0.664 us, LowerFence = 293.904 us, UpperFence = 296.562 us
ConfidenceInterval = [281.186 us; 309.063 us] (CI 99.9%), Margin = 13.939 us (4.72% of Mean)
Skewness = -0.38, Kurtosis = 0.67, MValue = 2
-------------------- Histogram --------------------
[294.212 us ; 295.602 us) | @@@
---------------------------------------------------

PlutusUseCasesBenchmarks.DecodeAndEval: ShortRun(IterationCount=3, LaunchCount=1, MinIterationCount=50, WarmupCount=3) [Script=future-pay-out-2]
Runtime = .NET 10.0.12 (10.0.12, 10.0.1226.42308), X64 RyuJIT x86-64-v4; GC = Concurrent Workstation
Mean = 585.549 us, StdErr = 2.298 us (0.39%), N = 3, StdDev = 3.980 us
Min = 581.771 us, Q1 = 583.472 us, Median = 585.173 us, Q3 = 587.438 us, Max = 589.704 us
IQR = 3.966 us, LowerFence = 577.523 us, UpperFence = 593.388 us
ConfidenceInterval = [512.945 us; 658.154 us] (CI 99.9%), Margin = 72.605 us (12.40% of Mean)
Skewness = 0.09, Kurtosis = 0.67, MValue = 2
-------------------- Histogram --------------------
[578.150 us ; 593.326 us) | @@@
---------------------------------------------------

PlutusUseCasesBenchmarks.DecodeAndEval: ShortRun(IterationCount=3, LaunchCount=1, MinIterationCount=50, WarmupCount=3) [Script=future-pay-out-3]
Runtime = .NET 10.0.12 (10.0.12, 10.0.1226.42308), X64 RyuJIT x86-64-v4; GC = Concurrent Workstation
Mean = 566.756 us, StdErr = 0.279 us (0.05%), N = 3, StdDev = 0.484 us
Min = 566.328 us, Q1 = 566.494 us, Median = 566.660 us, Q3 = 566.971 us, Max = 567.281 us
IQR = 0.476 us, LowerFence = 565.780 us, UpperFence = 567.685 us
ConfidenceInterval = [557.935 us; 575.578 us] (CI 99.9%), Margin = 8.822 us (1.56% of Mean)
Skewness = 0.19, Kurtosis = 0.67, MValue = 2
-------------------- Histogram --------------------
[565.888 us ; 567.721 us) | @@@
---------------------------------------------------

PlutusUseCasesBenchmarks.DecodeAndEval: ShortRun(IterationCount=3, LaunchCount=1, MinIterationCount=50, WarmupCount=3) [Script=future-pay-out-4]
Runtime = .NET 10.0.12 (10.0.12, 10.0.1226.42308), X64 RyuJIT x86-64-v4; GC = Concurrent Workstation
Mean = 1.020 ms, StdErr = 0.002 ms (0.20%), N = 3, StdDev = 0.004 ms
Min = 1.016 ms, Q1 = 1.019 ms, Median = 1.021 ms, Q3 = 1.022 ms, Max = 1.023 ms
IQR = 0.003 ms, LowerFence = 1.013 ms, UpperFence = 1.027 ms
ConfidenceInterval = [0.956 ms; 1.085 ms] (CI 99.9%), Margin = 0.065 ms (6.33% of Mean)
Skewness = -0.18, Kurtosis = 0.67, MValue = 2
-------------------- Histogram --------------------
[1.013 ms ; 1.027 ms) | @@@
---------------------------------------------------

PlutusUseCasesBenchmarks.DecodeAndEval: ShortRun(IterationCount=3, LaunchCount=1, MinIterationCount=50, WarmupCount=3) [Script=future-settle-early-1]
Runtime = .NET 10.0.12 (10.0.12, 10.0.1226.42308), X64 RyuJIT x86-64-v4; GC = Concurrent Workstation
Mean = 314.172 us, StdErr = 19.998 us (6.37%), N = 3, StdDev = 34.638 us
Min = 294.036 us, Q1 = 294.173 us, Median = 294.310 us, Q3 = 324.239 us, Max = 354.168 us
IQR = 30.066 us, LowerFence = 249.075 us, UpperFence = 369.338 us
ConfidenceInterval = [-317.758 us; 946.101 us] (CI 99.9%), Margin = 631.929 us (201.14% of Mean)
Skewness = 0.38, Kurtosis = 0.67, MValue = 2
-------------------- Histogram --------------------
[292.580 us ; 355.624 us) | @@@
---------------------------------------------------

PlutusUseCasesBenchmarks.DecodeAndEval: ShortRun(IterationCount=3, LaunchCount=1, MinIterationCount=50, WarmupCount=3) [Script=future-settle-early-2]
Runtime = .NET 10.0.12 (10.0.12, 10.0.1226.42308), X64 RyuJIT x86-64-v4; GC = Concurrent Workstation
Mean = 574.620 us, StdErr = 0.582 us (0.10%), N = 3, StdDev = 1.008 us
Min = 573.700 us, Q1 = 574.081 us, Median = 574.463 us, Q3 = 575.080 us, Max = 575.697 us
IQR = 0.999 us, LowerFence = 572.583 us, UpperFence = 576.578 us
ConfidenceInterval = [556.228 us; 593.012 us] (CI 99.9%), Margin = 18.392 us (3.20% of Mean)
Skewness = 0.15, Kurtosis = 0.67, MValue = 2
-------------------- Histogram --------------------
[572.782 us ; 576.615 us) | @@@
---------------------------------------------------

PlutusUseCasesBenchmarks.DecodeAndEval: ShortRun(IterationCount=3, LaunchCount=1, MinIterationCount=50, WarmupCount=3) [Script=future-settle-early-3]
Runtime = .NET 10.0.12 (10.0.12, 10.0.1226.42308), X64 RyuJIT x86-64-v4; GC = Concurrent Workstation
Mean = 574.912 us, StdErr = 0.732 us (0.13%), N = 3, StdDev = 1.269 us
Min = 573.702 us, Q1 = 574.252 us, Median = 574.803 us, Q3 = 575.518 us, Max = 576.232 us
IQR = 1.265 us, LowerFence = 572.355 us, UpperFence = 577.415 us
ConfidenceInterval = [551.768 us; 598.057 us] (CI 99.9%), Margin = 23.145 us (4.03% of Mean)
Skewness = 0.09, Kurtosis = 0.67, MValue = 2
-------------------- Histogram --------------------
[572.548 us ; 577.387 us) | @@@
---------------------------------------------------

PlutusUseCasesBenchmarks.DecodeAndEval: ShortRun(IterationCount=3, LaunchCount=1, MinIterationCount=50, WarmupCount=3) [Script=future-settle-early-4]
Runtime = .NET 10.0.12 (10.0.12, 10.0.1226.42308), X64 RyuJIT x86-64-v4; GC = Concurrent Workstation
Mean = 802.856 us, StdErr = 1.371 us (0.17%), N = 3, StdDev = 2.375 us
Min = 801.484 us, Q1 = 801.485 us, Median = 801.486 us, Q3 = 803.542 us, Max = 805.599 us
IQR = 2.057 us, LowerFence = 798.399 us, UpperFence = 806.628 us
ConfidenceInterval = [759.528 us; 846.184 us] (CI 99.9%), Margin = 43.328 us (5.40% of Mean)
Skewness = 0.38, Kurtosis = 0.67, MValue = 2
-------------------- Histogram --------------------
[801.380 us ; 805.703 us) | @@@
---------------------------------------------------

PlutusUseCasesBenchmarks.DecodeAndEval: ShortRun(IterationCount=3, LaunchCount=1, MinIterationCount=50, WarmupCount=3) [Script=game-sm-success_1-1]
Runtime = .NET 10.0.12 (10.0.12, 10.0.1226.42308), X64 RyuJIT x86-64-v4; GC = Concurrent Workstation
Mean = 567.843 us, StdErr = 42.073 us (7.41%), N = 3, StdDev = 72.873 us
Min = 506.578 us, Q1 = 527.549 us, Median = 548.520 us, Q3 = 598.475 us, Max = 648.430 us
IQR = 70.926 us, LowerFence = 421.160 us, UpperFence = 704.864 us
ConfidenceInterval = [-761.635 us; 1,897.320 us] (CI 99.9%), Margin = 1,329.478 us (234.13% of Mean)
Skewness = 0.25, Kurtosis = 0.67, MValue = 2
-------------------- Histogram --------------------
[461.232 us ; 593.866 us) | @@
[593.866 us ; 714.747 us) | @
---------------------------------------------------

PlutusUseCasesBenchmarks.DecodeAndEval: ShortRun(IterationCount=3, LaunchCount=1, MinIterationCount=50, WarmupCount=3) [Script=game-sm-success_1-2]
Runtime = .NET 10.0.12 (10.0.12, 10.0.1226.42308), X64 RyuJIT x86-64-v4; GC = Concurrent Workstation
Mean = 209.625 us, StdErr = 0.366 us (0.17%), N = 3, StdDev = 0.634 us
Min = 209.012 us, Q1 = 209.299 us, Median = 209.585 us, Q3 = 209.931 us, Max = 210.277 us
IQR = 0.633 us, LowerFence = 208.350 us, UpperFence = 210.880 us
ConfidenceInterval = [198.065 us; 221.184 us] (CI 99.9%), Margin = 11.559 us (5.51% of Mean)
Skewness = 0.06, Kurtosis = 0.67, MValue = 2
-------------------- Histogram --------------------
[208.435 us ; 210.854 us) | @@@
---------------------------------------------------

PlutusUseCasesBenchmarks.DecodeAndEval: ShortRun(IterationCount=3, LaunchCount=1, MinIterationCount=50, WarmupCount=3) [Script=game-sm-success_1-3]
Runtime = .NET 10.0.12 (10.0.12, 10.0.1226.42308), X64 RyuJIT x86-64-v4; GC = Concurrent Workstation
Mean = 736.285 us, StdErr = 1.029 us (0.14%), N = 3, StdDev = 1.782 us
Min = 734.684 us, Q1 = 735.326 us, Median = 735.967 us, Q3 = 737.086 us, Max = 738.205 us
IQR = 1.761 us, LowerFence = 732.685 us, UpperFence = 739.727 us
ConfidenceInterval = [703.774 us; 768.797 us] (CI 99.9%), Margin = 32.511 us (4.42% of Mean)
Skewness = 0.17, Kurtosis = 0.67, MValue = 2
-------------------- Histogram --------------------
[733.062 us ; 739.827 us) | @@@
---------------------------------------------------

PlutusUseCasesBenchmarks.DecodeAndEval: ShortRun(IterationCount=3, LaunchCount=1, MinIterationCount=50, WarmupCount=3) [Script=game-sm-success_1-4]
Runtime = .NET 10.0.12 (10.0.12, 10.0.1226.42308), X64 RyuJIT x86-64-v4; GC = Concurrent Workstation
Mean = 235.891 us, StdErr = 0.538 us (0.23%), N = 3, StdDev = 0.933 us
Min = 234.846 us, Q1 = 235.517 us, Median = 236.188 us, Q3 = 236.414 us, Max = 236.639 us
IQR = 0.897 us, LowerFence = 234.172 us, UpperFence = 237.759 us
ConfidenceInterval = [218.877 us; 252.906 us] (CI 99.9%), Margin = 17.015 us (7.21% of Mean)
Skewness = -0.29, Kurtosis = 0.67, MValue = 2
-------------------- Histogram --------------------
[233.998 us ; 237.488 us) | @@@
---------------------------------------------------

PlutusUseCasesBenchmarks.DecodeAndEval: ShortRun(IterationCount=3, LaunchCount=1, MinIterationCount=50, WarmupCount=3) [Script=game-sm-success_2-1]
Runtime = .NET 10.0.12 (10.0.12, 10.0.1226.42308), X64 RyuJIT x86-64-v4; GC = Concurrent Workstation
Mean = 503.247 us, StdErr = 1.042 us (0.21%), N = 3, StdDev = 1.806 us
Min = 501.345 us, Q1 = 502.401 us, Median = 503.457 us, Q3 = 504.198 us, Max = 504.938 us
IQR = 1.796 us, LowerFence = 499.706 us, UpperFence = 506.892 us
ConfidenceInterval = [470.305 us; 536.188 us] (CI 99.9%), Margin = 32.942 us (6.55% of Mean)
Skewness = -0.11, Kurtosis = 0.67, MValue = 2
-------------------- Histogram --------------------
[499.702 us ; 506.581 us) | @@@
---------------------------------------------------

PlutusUseCasesBenchmarks.DecodeAndEval: ShortRun(IterationCount=3, LaunchCount=1, MinIterationCount=50, WarmupCount=3) [Script=game-sm-success_2-2]
Runtime = .NET 10.0.12 (10.0.12, 10.0.1226.42308), X64 RyuJIT x86-64-v4; GC = Concurrent Workstation
Mean = 246.558 us, StdErr = 16.794 us (6.81%), N = 3, StdDev = 29.088 us
Min = 215.368 us, Q1 = 233.364 us, Median = 251.361 us, Q3 = 262.153 us, Max = 272.945 us
IQR = 28.789 us, LowerFence = 190.181 us, UpperFence = 305.336 us
ConfidenceInterval = [-284.112 us; 777.227 us] (CI 99.9%), Margin = 530.669 us (215.23% of Mean)
Skewness = -0.16, Kurtosis = 0.67, MValue = 2
-------------------- Histogram --------------------
[188.897 us ; 235.682 us) | @
[235.682 us ; 288.624 us) | @@
---------------------------------------------------

PlutusUseCasesBenchmarks.DecodeAndEval: ShortRun(IterationCount=3, LaunchCount=1, MinIterationCount=50, WarmupCount=3) [Script=game-sm-success_2-3]
Runtime = .NET 10.0.12 (10.0.12, 10.0.1226.42308), X64 RyuJIT x86-64-v4; GC = Concurrent Workstation
Mean = 739.990 us, StdErr = 0.972 us (0.13%), N = 3, StdDev = 1.683 us
Min = 738.221 us, Q1 = 739.199 us, Median = 740.177 us, Q3 = 740.875 us, Max = 741.572 us
IQR = 1.676 us, LowerFence = 736.686 us, UpperFence = 743.388 us
ConfidenceInterval = [709.278 us; 770.702 us] (CI 99.9%), Margin = 30.712 us (4.15% of Mean)
Skewness = -0.11, Kurtosis = 0.67, MValue = 2
-------------------- Histogram --------------------
[736.689 us ; 743.104 us) | @@@
---------------------------------------------------

PlutusUseCasesBenchmarks.DecodeAndEval: ShortRun(IterationCount=3, LaunchCount=1, MinIterationCount=50, WarmupCount=3) [Script=game-sm-success_2-4]
Runtime = .NET 10.0.12 (10.0.12, 10.0.1226.42308), X64 RyuJIT x86-64-v4; GC = Concurrent Workstation
Mean = 237.612 us, StdErr = 0.243 us (0.10%), N = 3, StdDev = 0.420 us
Min = 237.156 us, Q1 = 237.425 us, Median = 237.694 us, Q3 = 237.840 us, Max = 237.985 us
IQR = 0.414 us, LowerFence = 236.804 us, UpperFence = 238.461 us
ConfidenceInterval = [229.941 us; 245.282 us] (CI 99.9%), Margin = 7.670 us (3.23% of Mean)
Skewness = -0.19, Kurtosis = 0.67, MValue = 2
-------------------- Histogram --------------------
[236.773 us ; 238.367 us) | @@@
---------------------------------------------------

PlutusUseCasesBenchmarks.DecodeAndEval: ShortRun(IterationCount=3, LaunchCount=1, MinIterationCount=50, WarmupCount=3) [Script=game-sm-success_2-5]
Runtime = .NET 10.0.12 (10.0.12, 10.0.1226.42308), X64 RyuJIT x86-64-v4; GC = Concurrent Workstation
Mean = 825.921 us, StdErr = 58.259 us (7.05%), N = 3, StdDev = 100.907 us
Min = 743.455 us, Q1 = 769.662 us, Median = 795.868 us, Q3 = 867.155 us, Max = 938.441 us
IQR = 97.493 us, LowerFence = 623.422 us, UpperFence = 1,013.394 us
ConfidenceInterval = [-1,015.005 us; 2,666.848 us] (CI 99.9%), Margin = 1,840.927 us (222.89% of Mean)
Skewness = 0.27, Kurtosis = 0.67, MValue = 2
-------------------- Histogram --------------------
[677.832 us ;   861.491 us) | @@
[861.491 us ; 1,030.271 us) | @
---------------------------------------------------

PlutusUseCasesBenchmarks.DecodeAndEval: ShortRun(IterationCount=3, LaunchCount=1, MinIterationCount=50, WarmupCount=3) [Script=game-sm-success_2-6]
Runtime = .NET 10.0.12 (10.0.12, 10.0.1226.42308), X64 RyuJIT x86-64-v4; GC = Concurrent Workstation
Mean = 234.307 us, StdErr = 0.326 us (0.14%), N = 3, StdDev = 0.565 us
Min = 233.739 us, Q1 = 234.026 us, Median = 234.312 us, Q3 = 234.590 us, Max = 234.868 us
IQR = 0.565 us, LowerFence = 233.179 us, UpperFence = 235.437 us
ConfidenceInterval = [224.008 us; 244.606 us] (CI 99.9%), Margin = 10.299 us (4.40% of Mean)
Skewness = -0.01, Kurtosis = 0.67, MValue = 2
-------------------- Histogram --------------------
[233.226 us ; 235.382 us) | @@@
---------------------------------------------------

PlutusUseCasesBenchmarks.DecodeAndEval: ShortRun(IterationCount=3, LaunchCount=1, MinIterationCount=50, WarmupCount=3) [Script=guardrail-sorted-large]
Runtime = .NET 10.0.12 (10.0.12, 10.0.1226.42308), X64 RyuJIT x86-64-v4; GC = Concurrent Workstation
Mean = 419.090 us, StdErr = 0.771 us (0.18%), N = 3, StdDev = 1.335 us
Min = 417.675 us, Q1 = 418.472 us, Median = 419.270 us, Q3 = 419.798 us, Max = 420.327 us
IQR = 1.326 us, LowerFence = 416.483 us, UpperFence = 421.788 us
ConfidenceInterval = [394.731 us; 443.450 us] (CI 99.9%), Margin = 24.359 us (5.81% of Mean)
Skewness = -0.13, Kurtosis = 0.67, MValue = 2
-------------------- Histogram --------------------
[416.459 us ; 421.542 us) | @@@
---------------------------------------------------

PlutusUseCasesBenchmarks.DecodeAndEval: ShortRun(IterationCount=3, LaunchCount=1, MinIterationCount=50, WarmupCount=3) [Script=guardrail-sorted-small]
Runtime = .NET 10.0.12 (10.0.12, 10.0.1226.42308), X64 RyuJIT x86-64-v4; GC = Concurrent Workstation
Mean = 102.157 us, StdErr = 0.183 us (0.18%), N = 3, StdDev = 0.317 us
Min = 101.889 us, Q1 = 101.982 us, Median = 102.075 us, Q3 = 102.291 us, Max = 102.506 us
IQR = 0.309 us, LowerFence = 101.518 us, UpperFence = 102.754 us
ConfidenceInterval = [96.373 us; 107.940 us] (CI 99.9%), Margin = 5.784 us (5.66% of Mean)
Skewness = 0.24, Kurtosis = 0.67, MValue = 2
-------------------- Histogram --------------------
[101.600 us ; 102.795 us) | @@@
---------------------------------------------------

PlutusUseCasesBenchmarks.DecodeAndEval: ShortRun(IterationCount=3, LaunchCount=1, MinIterationCount=50, WarmupCount=3) [Script=guardrail-unsorted-large]
Runtime = .NET 10.0.12 (10.0.12, 10.0.1226.42308), X64 RyuJIT x86-64-v4; GC = Concurrent Workstation
Mean = 570.689 us, StdErr = 1.065 us (0.19%), N = 3, StdDev = 1.844 us
Min = 569.339 us, Q1 = 569.639 us, Median = 569.939 us, Q3 = 571.364 us, Max = 572.790 us
IQR = 1.726 us, LowerFence = 567.050 us, UpperFence = 573.953 us
ConfidenceInterval = [537.048 us; 604.331 us] (CI 99.9%), Margin = 33.641 us (5.89% of Mean)
Skewness = 0.34, Kurtosis = 0.67, MValue = 2
-------------------- Histogram --------------------
[567.661 us ; 574.468 us) | @@@
---------------------------------------------------

PlutusUseCasesBenchmarks.DecodeAndEval: ShortRun(IterationCount=3, LaunchCount=1, MinIterationCount=50, WarmupCount=3) [Script=guardrail-unsorted-small]
Runtime = .NET 10.0.12 (10.0.12, 10.0.1226.42308), X64 RyuJIT x86-64-v4; GC = Concurrent Workstation
Mean = 98.840 us, StdErr = 0.171 us (0.17%), N = 3, StdDev = 0.296 us
Min = 98.514 us, Q1 = 98.714 us, Median = 98.914 us, Q3 = 99.003 us, Max = 99.092 us
IQR = 0.289 us, LowerFence = 98.280 us, UpperFence = 99.437 us
ConfidenceInterval = [93.437 us; 104.243 us] (CI 99.9%), Margin = 5.403 us (5.47% of Mean)
Skewness = -0.24, Kurtosis = 0.67, MValue = 2
-------------------- Histogram --------------------
[98.244 us ; 99.361 us) | @@@
---------------------------------------------------

PlutusUseCasesBenchmarks.DecodeAndEval: ShortRun(IterationCount=3, LaunchCount=1, MinIterationCount=50, WarmupCount=3) [Script=multisig-sm-01]
Runtime = .NET 10.0.12 (10.0.12, 10.0.1226.42308), X64 RyuJIT x86-64-v4; GC = Concurrent Workstation
Mean = 542.500 us, StdErr = 0.485 us (0.09%), N = 3, StdDev = 0.840 us
Min = 541.642 us, Q1 = 542.088 us, Median = 542.535 us, Q3 = 542.928 us, Max = 543.322 us
IQR = 0.840 us, LowerFence = 540.829 us, UpperFence = 544.188 us
ConfidenceInterval = [527.168 us; 557.831 us] (CI 99.9%), Margin = 15.331 us (2.83% of Mean)
Skewness = -0.04, Kurtosis = 0.67, MValue = 2
-------------------- Histogram --------------------
[540.877 us ; 544.086 us) | @@@
---------------------------------------------------

PlutusUseCasesBenchmarks.DecodeAndEval: ShortRun(IterationCount=3, LaunchCount=1, MinIterationCount=50, WarmupCount=3) [Script=multisig-sm-02]
Runtime = .NET 10.0.12 (10.0.12, 10.0.1226.42308), X64 RyuJIT x86-64-v4; GC = Concurrent Workstation
Mean = 537.930 us, StdErr = 0.675 us (0.13%), N = 3, StdDev = 1.169 us
Min = 536.581 us, Q1 = 537.591 us, Median = 538.602 us, Q3 = 538.605 us, Max = 538.608 us
IQR = 1.014 us, LowerFence = 536.071 us, UpperFence = 540.126 us
ConfidenceInterval = [516.609 us; 559.251 us] (CI 99.9%), Margin = 21.321 us (3.96% of Mean)
Skewness = -0.38, Kurtosis = 0.67, MValue = 2
-------------------- Histogram --------------------
[536.531 us ; 538.658 us) | @@@
---------------------------------------------------

PlutusUseCasesBenchmarks.DecodeAndEval: ShortRun(IterationCount=3, LaunchCount=1, MinIterationCount=50, WarmupCount=3) [Script=multisig-sm-03]
Runtime = .NET 10.0.12 (10.0.12, 10.0.1226.42308), X64 RyuJIT x86-64-v4; GC = Concurrent Workstation
Mean = 541.614 us, StdErr = 0.999 us (0.18%), N = 3, StdDev = 1.730 us
Min = 539.660 us, Q1 = 540.947 us, Median = 542.234 us, Q3 = 542.591 us, Max = 542.948 us
IQR = 1.644 us, LowerFence = 538.481 us, UpperFence = 545.057 us
ConfidenceInterval = [510.059 us; 573.169 us] (CI 99.9%), Margin = 31.555 us (5.83% of Mean)
Skewness = -0.31, Kurtosis = 0.67, MValue = 2
-------------------- Histogram --------------------
[538.086 us ; 544.522 us) | @@@
---------------------------------------------------

PlutusUseCasesBenchmarks.DecodeAndEval: ShortRun(IterationCount=3, LaunchCount=1, MinIterationCount=50, WarmupCount=3) [Script=multisig-sm-04]
Runtime = .NET 10.0.12 (10.0.12, 10.0.1226.42308), X64 RyuJIT x86-64-v4; GC = Concurrent Workstation
Mean = 534.466 us, StdErr = 0.407 us (0.08%), N = 3, StdDev = 0.705 us
Min = 534.054 us, Q1 = 534.059 us, Median = 534.065 us, Q3 = 534.672 us, Max = 535.280 us
IQR = 0.613 us, LowerFence = 533.140 us, UpperFence = 535.592 us
ConfidenceInterval = [521.608 us; 547.325 us] (CI 99.9%), Margin = 12.859 us (2.41% of Mean)
Skewness = 0.38, Kurtosis = 0.67, MValue = 2
-------------------- Histogram --------------------
[534.026 us ; 535.309 us) | @@@
---------------------------------------------------

PlutusUseCasesBenchmarks.DecodeAndEval: ShortRun(IterationCount=3, LaunchCount=1, MinIterationCount=50, WarmupCount=3) [Script=multisig-sm-05]
Runtime = .NET 10.0.12 (10.0.12, 10.0.1226.42308), X64 RyuJIT x86-64-v4; GC = Concurrent Workstation
Mean = 704.696 us, StdErr = 0.389 us (0.06%), N = 3, StdDev = 0.674 us
Min = 703.918 us, Q1 = 704.491 us, Median = 705.064 us, Q3 = 705.084 us, Max = 705.104 us
IQR = 0.593 us, LowerFence = 703.601 us, UpperFence = 705.974 us
ConfidenceInterval = [692.407 us; 716.984 us] (CI 99.9%), Margin = 12.289 us (1.74% of Mean)
Skewness = -0.38, Kurtosis = 0.67, MValue = 2
-------------------- Histogram --------------------
[703.898 us ; 705.124 us) | @@@
---------------------------------------------------

PlutusUseCasesBenchmarks.DecodeAndEval: ShortRun(IterationCount=3, LaunchCount=1, MinIterationCount=50, WarmupCount=3) [Script=multisig-sm-06]
Runtime = .NET 10.0.12 (10.0.12, 10.0.1226.42308), X64 RyuJIT x86-64-v4; GC = Concurrent Workstation
Mean = 535.412 us, StdErr = 0.520 us (0.10%), N = 3, StdDev = 0.901 us
Min = 534.375 us, Q1 = 535.113 us, Median = 535.851 us, Q3 = 535.930 us, Max = 536.008 us
IQR = 0.817 us, LowerFence = 533.888 us, UpperFence = 537.155 us
ConfidenceInterval = [518.973 us; 551.851 us] (CI 99.9%), Margin = 16.439 us (3.07% of Mean)
Skewness = -0.37, Kurtosis = 0.67, MValue = 2
-------------------- Histogram --------------------
[534.372 us ; 536.012 us) | @@@
---------------------------------------------------

PlutusUseCasesBenchmarks.DecodeAndEval: ShortRun(IterationCount=3, LaunchCount=1, MinIterationCount=50, WarmupCount=3) [Script=multisig-sm-07]
Runtime = .NET 10.0.12 (10.0.12, 10.0.1226.42308), X64 RyuJIT x86-64-v4; GC = Concurrent Workstation
Mean = 536.119 us, StdErr = 1.170 us (0.22%), N = 3, StdDev = 2.026 us
Min = 534.009 us, Q1 = 535.154 us, Median = 536.299 us, Q3 = 537.174 us, Max = 538.049 us
IQR = 2.020 us, LowerFence = 532.124 us, UpperFence = 540.204 us
ConfidenceInterval = [499.158 us; 573.080 us] (CI 99.9%), Margin = 36.961 us (6.89% of Mean)
Skewness = -0.09, Kurtosis = 0.67, MValue = 2
-------------------- Histogram --------------------
[532.165 us ; 539.892 us) | @@@
---------------------------------------------------

PlutusUseCasesBenchmarks.DecodeAndEval: ShortRun(IterationCount=3, LaunchCount=1, MinIterationCount=50, WarmupCount=3) [Script=multisig-sm-08]
Runtime = .NET 10.0.12 (10.0.12, 10.0.1226.42308), X64 RyuJIT x86-64-v4; GC = Concurrent Workstation
Mean = 532.512 us, StdErr = 0.718 us (0.13%), N = 3, StdDev = 1.243 us
Min = 531.333 us, Q1 = 531.863 us, Median = 532.394 us, Q3 = 533.102 us, Max = 533.810 us
IQR = 1.239 us, LowerFence = 530.005 us, UpperFence = 534.960 us
ConfidenceInterval = [509.837 us; 555.188 us] (CI 99.9%), Margin = 22.675 us (4.26% of Mean)
Skewness = 0.09, Kurtosis = 0.67, MValue = 2
-------------------- Histogram --------------------
[530.202 us ; 534.941 us) | @@@
---------------------------------------------------

PlutusUseCasesBenchmarks.DecodeAndEval: ShortRun(IterationCount=3, LaunchCount=1, MinIterationCount=50, WarmupCount=3) [Script=multisig-sm-09]
Runtime = .NET 10.0.12 (10.0.12, 10.0.1226.42308), X64 RyuJIT x86-64-v4; GC = Concurrent Workstation
Mean = 532.921 us, StdErr = 0.999 us (0.19%), N = 3, StdDev = 1.730 us
Min = 531.024 us, Q1 = 532.174 us, Median = 533.325 us, Q3 = 533.869 us, Max = 534.413 us
IQR = 1.694 us, LowerFence = 529.633 us, UpperFence = 536.410 us
ConfidenceInterval = [501.356 us; 564.485 us] (CI 99.9%), Margin = 31.565 us (5.92% of Mean)
Skewness = -0.22, Kurtosis = 0.67, MValue = 2
-------------------- Histogram --------------------
[529.450 us ; 535.987 us) | @@@
---------------------------------------------------

PlutusUseCasesBenchmarks.DecodeAndEval: ShortRun(IterationCount=3, LaunchCount=1, MinIterationCount=50, WarmupCount=3) [Script=multisig-sm-10]
Runtime = .NET 10.0.12 (10.0.12, 10.0.1226.42308), X64 RyuJIT x86-64-v4; GC = Concurrent Workstation
Mean = 787.414 us, StdErr = 55.965 us (7.11%), N = 3, StdDev = 96.934 us
Min = 717.956 us, Q1 = 732.043 us, Median = 746.130 us, Q3 = 822.143 us, Max = 898.156 us
IQR = 90.100 us, LowerFence = 596.893 us, UpperFence = 957.293 us
ConfidenceInterval = [-981.032 us; 2,555.860 us] (CI 99.9%), Margin = 1,768.446 us (224.59% of Mean)
Skewness = 0.35, Kurtosis = 0.67, MValue = 2
-------------------- Histogram --------------------
[629.742 us ; 820.257 us) | @@
[820.257 us ; 986.370 us) | @
---------------------------------------------------

PlutusUseCasesBenchmarks.DecodeAndEval: ShortRun(IterationCount=3, LaunchCount=1, MinIterationCount=50, WarmupCount=3) [Script=ping-pong_2-1]
Runtime = .NET 10.0.12 (10.0.12, 10.0.1226.42308), X64 RyuJIT x86-64-v4; GC = Concurrent Workstation
Mean = 314.841 us, StdErr = 0.833 us (0.26%), N = 3, StdDev = 1.443 us
Min = 313.584 us, Q1 = 314.053 us, Median = 314.522 us, Q3 = 315.469 us, Max = 316.417 us
IQR = 1.416 us, LowerFence = 311.928 us, UpperFence = 317.594 us
ConfidenceInterval = [288.513 us; 341.169 us] (CI 99.9%), Margin = 26.328 us (8.36% of Mean)
Skewness = 0.21, Kurtosis = 0.67, MValue = 2
-------------------- Histogram --------------------
[312.271 us ; 317.730 us) | @@@
---------------------------------------------------

PlutusUseCasesBenchmarks.DecodeAndEval: ShortRun(IterationCount=3, LaunchCount=1, MinIterationCount=50, WarmupCount=3) [Script=ping-pong-1]
Runtime = .NET 10.0.12 (10.0.12, 10.0.1226.42308), X64 RyuJIT x86-64-v4; GC = Concurrent Workstation
Mean = 435.112 us, StdErr = 0.618 us (0.14%), N = 3, StdDev = 1.070 us
Min = 434.245 us, Q1 = 434.515 us, Median = 434.785 us, Q3 = 435.546 us, Max = 436.308 us
IQR = 1.032 us, LowerFence = 432.967 us, UpperFence = 437.094 us
ConfidenceInterval = [415.593 us; 454.632 us] (CI 99.9%), Margin = 19.520 us (4.49% of Mean)
Skewness = 0.28, Kurtosis = 0.67, MValue = 2
-------------------- Histogram --------------------
[433.271 us ; 437.282 us) | @@@
---------------------------------------------------

PlutusUseCasesBenchmarks.DecodeAndEval: ShortRun(IterationCount=3, LaunchCount=1, MinIterationCount=50, WarmupCount=3) [Script=ping-pong-2]
Runtime = .NET 10.0.12 (10.0.12, 10.0.1226.42308), X64 RyuJIT x86-64-v4; GC = Concurrent Workstation
Mean = 516.830 us, StdErr = 37.314 us (7.22%), N = 3, StdDev = 64.630 us
Min = 442.313 us, Q1 = 496.443 us, Median = 550.572 us, Q3 = 554.089 us, Max = 557.605 us
IQR = 57.646 us, LowerFence = 409.973 us, UpperFence = 640.558 us
ConfidenceInterval = [-662.256 us; 1,695.916 us] (CI 99.9%), Margin = 1,179.086 us (228.14% of Mean)
Skewness = -0.38, Kurtosis = 0.67, MValue = 2
-------------------- Histogram --------------------
[441.143 us ; 558.774 us) | @@@
---------------------------------------------------

PlutusUseCasesBenchmarks.DecodeAndEval: ShortRun(IterationCount=3, LaunchCount=1, MinIterationCount=50, WarmupCount=3) [Script=prism-1]
Runtime = .NET 10.0.12 (10.0.12, 10.0.1226.42308), X64 RyuJIT x86-64-v4; GC = Concurrent Workstation
Mean = 183.646 us, StdErr = 0.351 us (0.19%), N = 3, StdDev = 0.608 us
Min = 182.977 us, Q1 = 183.387 us, Median = 183.797 us, Q3 = 183.981 us, Max = 184.165 us
IQR = 0.594 us, LowerFence = 182.496 us, UpperFence = 184.873 us
ConfidenceInterval = [172.545 us; 194.748 us] (CI 99.9%), Margin = 11.101 us (6.04% of Mean)
Skewness = -0.23, Kurtosis = 0.67, MValue = 2
-------------------- Histogram --------------------
[182.423 us ; 184.719 us) | @@@
---------------------------------------------------

PlutusUseCasesBenchmarks.DecodeAndEval: ShortRun(IterationCount=3, LaunchCount=1, MinIterationCount=50, WarmupCount=3) [Script=prism-2]
Runtime = .NET 10.0.12 (10.0.12, 10.0.1226.42308), X64 RyuJIT x86-64-v4; GC = Concurrent Workstation
Mean = 528.239 us, StdErr = 0.330 us (0.06%), N = 3, StdDev = 0.571 us
Min = 527.585 us, Q1 = 528.039 us, Median = 528.493 us, Q3 = 528.566 us, Max = 528.639 us
IQR = 0.527 us, LowerFence = 527.249 us, UpperFence = 529.356 us
ConfidenceInterval = [517.821 us; 538.657 us] (CI 99.9%), Margin = 10.418 us (1.97% of Mean)
Skewness = -0.36, Kurtosis = 0.67, MValue = 2
-------------------- Histogram --------------------
[527.065 us ; 529.158 us) | @@@
---------------------------------------------------

PlutusUseCasesBenchmarks.DecodeAndEval: ShortRun(IterationCount=3, LaunchCount=1, MinIterationCount=50, WarmupCount=3) [Script=prism-3]
Runtime = .NET 10.0.12 (10.0.12, 10.0.1226.42308), X64 RyuJIT x86-64-v4; GC = Concurrent Workstation
Mean = 412.566 us, StdErr = 0.311 us (0.08%), N = 3, StdDev = 0.538 us
Min = 412.083 us, Q1 = 412.276 us, Median = 412.469 us, Q3 = 412.807 us, Max = 413.145 us
IQR = 0.531 us, LowerFence = 411.479 us, UpperFence = 413.604 us
ConfidenceInterval = [402.754 us; 422.377 us] (CI 99.9%), Margin = 9.812 us (2.38% of Mean)
Skewness = 0.17, Kurtosis = 0.67, MValue = 2
-------------------- Histogram --------------------
[411.593 us ; 413.635 us) | @@@
---------------------------------------------------

PlutusUseCasesBenchmarks.DecodeAndEval: ShortRun(IterationCount=3, LaunchCount=1, MinIterationCount=50, WarmupCount=3) [Script=pubkey-1]
Runtime = .NET 10.0.12 (10.0.12, 10.0.1226.42308), X64 RyuJIT x86-64-v4; GC = Concurrent Workstation
Mean = 162.081 us, StdErr = 0.427 us (0.26%), N = 3, StdDev = 0.739 us
Min = 161.267 us, Q1 = 161.766 us, Median = 162.265 us, Q3 = 162.488 us, Max = 162.710 us
IQR = 0.722 us, LowerFence = 160.683 us, UpperFence = 163.570 us
ConfidenceInterval = [148.595 us; 175.566 us] (CI 99.9%), Margin = 13.485 us (8.32% of Mean)
Skewness = -0.23, Kurtosis = 0.67, MValue = 2
-------------------- Histogram --------------------
[160.594 us ; 163.383 us) | @@@
---------------------------------------------------

PlutusUseCasesBenchmarks.DecodeAndEval: ShortRun(IterationCount=3, LaunchCount=1, MinIterationCount=50, WarmupCount=3) [Script=stablecoin_1-1]
Runtime = .NET 10.0.12 (10.0.12, 10.0.1226.42308), X64 RyuJIT x86-64-v4; GC = Concurrent Workstation
Mean = 1.215 ms, StdErr = 0.001 ms (0.07%), N = 3, StdDev = 0.002 ms
Min = 1.213 ms, Q1 = 1.214 ms, Median = 1.214 ms, Q3 = 1.215 ms, Max = 1.216 ms
IQR = 0.002 ms, LowerFence = 1.212 ms, UpperFence = 1.218 ms
ConfidenceInterval = [1.187 ms; 1.243 ms] (CI 99.9%), Margin = 0.028 ms (2.29% of Mean)
Skewness = 0.13, Kurtosis = 0.67, MValue = 2
-------------------- Histogram --------------------
[1.212 ms ; 1.218 ms) | @@@
---------------------------------------------------

PlutusUseCasesBenchmarks.DecodeAndEval: ShortRun(IterationCount=3, LaunchCount=1, MinIterationCount=50, WarmupCount=3) [Script=stablecoin_1-2]
Runtime = .NET 10.0.12 (10.0.12, 10.0.1226.42308), X64 RyuJIT x86-64-v4; GC = Concurrent Workstation
Mean = 204.798 us, StdErr = 0.386 us (0.19%), N = 3, StdDev = 0.668 us
Min = 204.150 us, Q1 = 204.455 us, Median = 204.761 us, Q3 = 205.123 us, Max = 205.484 us
IQR = 0.667 us, LowerFence = 203.455 us, UpperFence = 206.123 us
ConfidenceInterval = [192.614 us; 216.983 us] (CI 99.9%), Margin = 12.184 us (5.95% of Mean)
Skewness = 0.06, Kurtosis = 0.67, MValue = 2
-------------------- Histogram --------------------
[203.542 us ; 206.092 us) | @@@
---------------------------------------------------

PlutusUseCasesBenchmarks.DecodeAndEval: ShortRun(IterationCount=3, LaunchCount=1, MinIterationCount=50, WarmupCount=3) [Script=stablecoin_1-3]
Runtime = .NET 10.0.12 (10.0.12, 10.0.1226.42308), X64 RyuJIT x86-64-v4; GC = Concurrent Workstation
Mean = 1.386 ms, StdErr = 0.002 ms (0.13%), N = 3, StdDev = 0.003 ms
Min = 1.382 ms, Q1 = 1.385 ms, Median = 1.387 ms, Q3 = 1.388 ms, Max = 1.388 ms
IQR = 0.003 ms, LowerFence = 1.381 ms, UpperFence = 1.392 ms
ConfidenceInterval = [1.328 ms; 1.443 ms] (CI 99.9%), Margin = 0.057 ms (4.14% of Mean)
Skewness = -0.38, Kurtosis = 0.67, MValue = 2
-------------------- Histogram --------------------
[1.382 ms ; 1.388 ms) | @@@
---------------------------------------------------

PlutusUseCasesBenchmarks.DecodeAndEval: ShortRun(IterationCount=3, LaunchCount=1, MinIterationCount=50, WarmupCount=3) [Script=stablecoin_1-4]
Runtime = .NET 10.0.12 (10.0.12, 10.0.1226.42308), X64 RyuJIT x86-64-v4; GC = Concurrent Workstation
Mean = 223.366 us, StdErr = 0.302 us (0.14%), N = 3, StdDev = 0.523 us
Min = 222.763 us, Q1 = 223.201 us, Median = 223.640 us, Q3 = 223.668 us, Max = 223.697 us
IQR = 0.467 us, LowerFence = 222.501 us, UpperFence = 224.368 us
ConfidenceInterval = [213.817 us; 232.916 us] (CI 99.9%), Margin = 9.550 us (4.28% of Mean)
Skewness = -0.38, Kurtosis = 0.67, MValue = 2
-------------------- Histogram --------------------
[222.753 us ; 223.706 us) | @@@
---------------------------------------------------

PlutusUseCasesBenchmarks.DecodeAndEval: ShortRun(IterationCount=3, LaunchCount=1, MinIterationCount=50, WarmupCount=3) [Script=stablecoin_1-5]
Runtime = .NET 10.0.12 (10.0.12, 10.0.1226.42308), X64 RyuJIT x86-64-v4; GC = Concurrent Workstation
Mean = 1.867 ms, StdErr = 0.142 ms (7.60%), N = 3, StdDev = 0.246 ms
Min = 1.705 ms, Q1 = 1.726 ms, Median = 1.747 ms, Q3 = 1.948 ms, Max = 2.150 ms
IQR = 0.223 ms, LowerFence = 1.392 ms, UpperFence = 2.282 ms
ConfidenceInterval = [-2.616 ms; 6.350 ms] (CI 99.9%), Margin = 4.483 ms (240.11% of Mean)
Skewness = 0.37, Kurtosis = 0.67, MValue = 2
-------------------- Histogram --------------------
[1.704 ms ; 2.151 ms) | @@@
---------------------------------------------------

PlutusUseCasesBenchmarks.DecodeAndEval: ShortRun(IterationCount=3, LaunchCount=1, MinIterationCount=50, WarmupCount=3) [Script=stablecoin_1-6]
Runtime = .NET 10.0.12 (10.0.12, 10.0.1226.42308), X64 RyuJIT x86-64-v4; GC = Concurrent Workstation
Mean = 256.495 us, StdErr = 0.842 us (0.33%), N = 3, StdDev = 1.458 us
Min = 255.154 us, Q1 = 255.719 us, Median = 256.284 us, Q3 = 257.166 us, Max = 258.048 us
IQR = 1.447 us, LowerFence = 253.549 us, UpperFence = 259.336 us
ConfidenceInterval = [229.888 us; 283.103 us] (CI 99.9%), Margin = 26.607 us (10.37% of Mean)
Skewness = 0.14, Kurtosis = 0.67, MValue = 2
-------------------- Histogram --------------------
[253.827 us ; 258.276 us) | @@@
---------------------------------------------------

PlutusUseCasesBenchmarks.DecodeAndEval: ShortRun(IterationCount=3, LaunchCount=1, MinIterationCount=50, WarmupCount=3) [Script=stablecoin_2-1]
Runtime = .NET 10.0.12 (10.0.12, 10.0.1226.42308), X64 RyuJIT x86-64-v4; GC = Concurrent Workstation
Mean = 1.224 ms, StdErr = 0.002 ms (0.15%), N = 3, StdDev = 0.003 ms
Min = 1.220 ms, Q1 = 1.223 ms, Median = 1.225 ms, Q3 = 1.226 ms, Max = 1.227 ms
IQR = 0.003 ms, LowerFence = 1.218 ms, UpperFence = 1.231 ms
ConfidenceInterval = [1.164 ms; 1.284 ms] (CI 99.9%), Margin = 0.060 ms (4.88% of Mean)
Skewness = -0.32, Kurtosis = 0.67, MValue = 2
-------------------- Histogram --------------------
[1.217 ms ; 1.230 ms) | @@@
---------------------------------------------------

PlutusUseCasesBenchmarks.DecodeAndEval: ShortRun(IterationCount=3, LaunchCount=1, MinIterationCount=50, WarmupCount=3) [Script=stablecoin_2-2]
Runtime = .NET 10.0.12 (10.0.12, 10.0.1226.42308), X64 RyuJIT x86-64-v4; GC = Concurrent Workstation
Mean = 207.758 us, StdErr = 0.263 us (0.13%), N = 3, StdDev = 0.456 us
Min = 207.411 us, Q1 = 207.501 us, Median = 207.590 us, Q3 = 207.932 us, Max = 208.274 us
IQR = 0.432 us, LowerFence = 206.853 us, UpperFence = 208.580 us
ConfidenceInterval = [199.448 us; 216.069 us] (CI 99.9%), Margin = 8.311 us (4.00% of Mean)
Skewness = 0.32, Kurtosis = 0.67, MValue = 2
-------------------- Histogram --------------------
[206.996 us ; 208.689 us) | @@@
---------------------------------------------------

PlutusUseCasesBenchmarks.DecodeAndEval: ShortRun(IterationCount=3, LaunchCount=1, MinIterationCount=50, WarmupCount=3) [Script=stablecoin_2-3]
Runtime = .NET 10.0.12 (10.0.12, 10.0.1226.42308), X64 RyuJIT x86-64-v4; GC = Concurrent Workstation
Mean = 1.381 ms, StdErr = 0.002 ms (0.15%), N = 3, StdDev = 0.004 ms
Min = 1.377 ms, Q1 = 1.380 ms, Median = 1.383 ms, Q3 = 1.383 ms, Max = 1.384 ms
IQR = 0.003 ms, LowerFence = 1.375 ms, UpperFence = 1.388 ms
ConfidenceInterval = [1.316 ms; 1.446 ms] (CI 99.9%), Margin = 0.065 ms (4.70% of Mean)
Skewness = -0.32, Kurtosis = 0.67, MValue = 2
-------------------- Histogram --------------------
[1.374 ms ; 1.387 ms) | @@@
---------------------------------------------------

PlutusUseCasesBenchmarks.DecodeAndEval: ShortRun(IterationCount=3, LaunchCount=1, MinIterationCount=50, WarmupCount=3) [Script=stablecoin_2-4]
Runtime = .NET 10.0.12 (10.0.12, 10.0.1226.42308), X64 RyuJIT x86-64-v4; GC = Concurrent Workstation
Mean = 255.755 us, StdErr = 20.205 us (7.90%), N = 3, StdDev = 34.996 us
Min = 217.892 us, Q1 = 240.175 us, Median = 262.457 us, Q3 = 274.687 us, Max = 286.916 us
IQR = 34.512 us, LowerFence = 188.407 us, UpperFence = 326.454 us
ConfidenceInterval = [-382.709 us; 894.219 us] (CI 99.9%), Margin = 638.464 us (249.64% of Mean)
Skewness = -0.18, Kurtosis = 0.67, MValue = 2
-------------------- Histogram --------------------
[186.044 us ; 242.839 us) | @
[242.839 us ; 318.764 us) | @@
---------------------------------------------------

PlutusUseCasesBenchmarks.DecodeAndEval: ShortRun(IterationCount=3, LaunchCount=1, MinIterationCount=50, WarmupCount=3) [Script=token-account-1]
Runtime = .NET 10.0.12 (10.0.12, 10.0.1226.42308), X64 RyuJIT x86-64-v4; GC = Concurrent Workstation
Mean = 242.498 us, StdErr = 0.177 us (0.07%), N = 3, StdDev = 0.307 us
Min = 242.179 us, Q1 = 242.351 us, Median = 242.523 us, Q3 = 242.658 us, Max = 242.792 us
IQR = 0.306 us, LowerFence = 241.891 us, UpperFence = 243.117 us
ConfidenceInterval = [236.893 us; 248.103 us] (CI 99.9%), Margin = 5.605 us (2.31% of Mean)
Skewness = -0.08, Kurtosis = 0.67, MValue = 2
-------------------- Histogram --------------------
[241.899 us ; 243.071 us) | @@@
---------------------------------------------------

PlutusUseCasesBenchmarks.DecodeAndEval: ShortRun(IterationCount=3, LaunchCount=1, MinIterationCount=50, WarmupCount=3) [Script=token-account-2]
Runtime = .NET 10.0.12 (10.0.12, 10.0.1226.42308), X64 RyuJIT x86-64-v4; GC = Concurrent Workstation
Mean = 356.037 us, StdErr = 0.368 us (0.10%), N = 3, StdDev = 0.638 us
Min = 355.303 us, Q1 = 355.828 us, Median = 356.353 us, Q3 = 356.403 us, Max = 356.454 us
IQR = 0.575 us, LowerFence = 354.965 us, UpperFence = 357.267 us
ConfidenceInterval = [344.406 us; 367.667 us] (CI 99.9%), Margin = 11.631 us (3.27% of Mean)
Skewness = -0.37, Kurtosis = 0.67, MValue = 2
-------------------- Histogram --------------------
[355.298 us ; 356.458 us) | @@@
---------------------------------------------------

PlutusUseCasesBenchmarks.DecodeAndEval: ShortRun(IterationCount=3, LaunchCount=1, MinIterationCount=50, WarmupCount=3) [Script=uniswap-1]
Runtime = .NET 10.0.12 (10.0.12, 10.0.1226.42308), X64 RyuJIT x86-64-v4; GC = Concurrent Workstation
Mean = 516.654 us, StdErr = 39.001 us (7.55%), N = 3, StdDev = 67.552 us
Min = 448.838 us, Q1 = 483.011 us, Median = 517.185 us, Q3 = 550.562 us, Max = 583.938 us
IQR = 67.550 us, LowerFence = 381.686 us, UpperFence = 651.887 us
ConfidenceInterval = [-715.745 us; 1,749.053 us] (CI 99.9%), Margin = 1,232.399 us (238.53% of Mean)
Skewness = -0.01, Kurtosis = 0.67, MValue = 2
-------------------- Histogram --------------------
[387.363 us ; 489.087 us) | @
[489.087 us ; 612.037 us) | @@
---------------------------------------------------

PlutusUseCasesBenchmarks.DecodeAndEval: ShortRun(IterationCount=3, LaunchCount=1, MinIterationCount=50, WarmupCount=3) [Script=uniswap-2]
Runtime = .NET 10.0.12 (10.0.12, 10.0.1226.42308), X64 RyuJIT x86-64-v4; GC = Concurrent Workstation
Mean = 273.393 us, StdErr = 1.114 us (0.41%), N = 3, StdDev = 1.930 us
Min = 272.184 us, Q1 = 272.280 us, Median = 272.375 us, Q3 = 273.997 us, Max = 275.619 us
IQR = 1.717 us, LowerFence = 269.704 us, UpperFence = 276.572 us
ConfidenceInterval = [238.182 us; 308.603 us] (CI 99.9%), Margin = 35.211 us (12.88% of Mean)
Skewness = 0.38, Kurtosis = 0.67, MValue = 2
-------------------- Histogram --------------------
[272.145 us ; 275.658 us) | @@@
---------------------------------------------------

PlutusUseCasesBenchmarks.DecodeAndEval: ShortRun(IterationCount=3, LaunchCount=1, MinIterationCount=50, WarmupCount=3) [Script=uniswap-3]
Runtime = .NET 10.0.12 (10.0.12, 10.0.1226.42308), X64 RyuJIT x86-64-v4; GC = Concurrent Workstation
Mean = 1.749 ms, StdErr = 0.001 ms (0.07%), N = 3, StdDev = 0.002 ms
Min = 1.748 ms, Q1 = 1.748 ms, Median = 1.748 ms, Q3 = 1.750 ms, Max = 1.752 ms
IQR = 0.002 ms, LowerFence = 1.745 ms, UpperFence = 1.753 ms
ConfidenceInterval = [1.710 ms; 1.788 ms] (CI 99.9%), Margin = 0.039 ms (2.24% of Mean)
Skewness = 0.37, Kurtosis = 0.67, MValue = 2
-------------------- Histogram --------------------
[1.748 ms ; 1.752 ms) | @@@
---------------------------------------------------

PlutusUseCasesBenchmarks.DecodeAndEval: ShortRun(IterationCount=3, LaunchCount=1, MinIterationCount=50, WarmupCount=3) [Script=uniswap-4]
Runtime = .NET 10.0.12 (10.0.12, 10.0.1226.42308), X64 RyuJIT x86-64-v4; GC = Concurrent Workstation
Mean = 328.272 us, StdErr = 0.184 us (0.06%), N = 3, StdDev = 0.319 us
Min = 328.080 us, Q1 = 328.088 us, Median = 328.096 us, Q3 = 328.368 us, Max = 328.640 us
IQR = 0.280 us, LowerFence = 327.667 us, UpperFence = 328.788 us
ConfidenceInterval = [322.451 us; 334.093 us] (CI 99.9%), Margin = 5.821 us (1.77% of Mean)
Skewness = 0.38, Kurtosis = 0.67, MValue = 2
-------------------- Histogram --------------------
[328.070 us ; 328.650 us) | @@@
---------------------------------------------------

PlutusUseCasesBenchmarks.DecodeAndEval: ShortRun(IterationCount=3, LaunchCount=1, MinIterationCount=50, WarmupCount=3) [Script=uniswap-5]
Runtime = .NET 10.0.12 (10.0.12, 10.0.1226.42308), X64 RyuJIT x86-64-v4; GC = Concurrent Workstation
Mean = 1.196 ms, StdErr = 0.000 ms (0.02%), N = 3, StdDev = 0.000 ms
Min = 1.196 ms, Q1 = 1.196 ms, Median = 1.196 ms, Q3 = 1.196 ms, Max = 1.197 ms
IQR = 0.000 ms, LowerFence = 1.195 ms, UpperFence = 1.197 ms
ConfidenceInterval = [1.187 ms; 1.205 ms] (CI 99.9%), Margin = 0.009 ms (0.74% of Mean)
Skewness = 0.38, Kurtosis = 0.67, MValue = 2
-------------------- Histogram --------------------
[1.196 ms ; 1.197 ms) | @@@
---------------------------------------------------

PlutusUseCasesBenchmarks.DecodeAndEval: ShortRun(IterationCount=3, LaunchCount=1, MinIterationCount=50, WarmupCount=3) [Script=uniswap-6]
Runtime = .NET 10.0.12 (10.0.12, 10.0.1226.42308), X64 RyuJIT x86-64-v4; GC = Concurrent Workstation
Mean = 388.137 us, StdErr = 31.105 us (8.01%), N = 3, StdDev = 53.875 us
Min = 326.253 us, Q1 = 369.914 us, Median = 413.574 us, Q3 = 419.079 us, Max = 424.583 us
IQR = 49.165 us, LowerFence = 296.166 us, UpperFence = 492.826 us
ConfidenceInterval = [-594.741 us; 1,371.015 us] (CI 99.9%), Margin = 982.878 us (253.23% of Mean)
Skewness = -0.37, Kurtosis = 0.67, MValue = 2
-------------------- Histogram --------------------
[277.225 us ; 370.050 us) | @
[370.050 us ; 473.611 us) | @@
---------------------------------------------------

PlutusUseCasesBenchmarks.DecodeAndEval: ShortRun(IterationCount=3, LaunchCount=1, MinIterationCount=50, WarmupCount=3) [Script=vesting-1]
Runtime = .NET 10.0.12 (10.0.12, 10.0.1226.42308), X64 RyuJIT x86-64-v4; GC = Concurrent Workstation
Mean = 407.419 us, StdErr = 0.190 us (0.05%), N = 3, StdDev = 0.330 us
Min = 407.215 us, Q1 = 407.229 us, Median = 407.243 us, Q3 = 407.521 us, Max = 407.799 us
IQR = 0.292 us, LowerFence = 406.790 us, UpperFence = 407.960 us
ConfidenceInterval = [401.404 us; 413.434 us] (CI 99.9%), Margin = 6.015 us (1.48% of Mean)
Skewness = 0.38, Kurtosis = 0.67, MValue = 2
-------------------- Histogram --------------------
[407.207 us ; 407.807 us) | @@@
---------------------------------------------------

// * Summary *

BenchmarkDotNet v0.15.8, Linux Ubuntu 24.04.5 LTS (Noble Numbat)
11th Gen Intel Core i9-11900 2.50GHz (Max: 0.80GHz), 1 CPU, 16 logical and 8 physical cores
.NET SDK 10.0.401
  [Host]   : .NET 10.0.12 (10.0.12, 10.0.1226.42308), X64 RyuJIT x86-64-v4
  ShortRun : .NET 10.0.12 (10.0.12, 10.0.1226.42308), X64 RyuJIT x86-64-v4

Job=ShortRun  IterationCount=3  LaunchCount=1  
MinIterationCount=50  WarmupCount=3  

| Method        | Script                   | Mean        | Error        | StdDev     | Gen0     | Gen1     | Allocated  |
|-------------- |------------------------- |------------:|-------------:|-----------:|---------:|---------:|-----------:|
| DecodeAndEval | auction_1-1              |   205.93 us |    14.286 us |   0.783 us |  51.2695 |  17.0898 |  418.93 KB |
| DecodeAndEval | auction_1-2              |   823.23 us | 2,109.912 us | 115.651 us | 141.6016 |  62.5000 | 1162.28 KB |
| DecodeAndEval | auction_1-3              |   755.56 us |    30.554 us |   1.675 us | 143.5547 |  66.4063 | 1176.98 KB |
| DecodeAndEval | auction_1-4              |   243.69 us |    30.576 us |   1.676 us |  61.0352 |  19.5313 |   499.3 KB |
| DecodeAndEval | auction_2-1              |   203.69 us |     3.135 us |   0.172 us |  51.2695 |  17.0898 |  418.93 KB |
| DecodeAndEval | auction_2-2              |   769.88 us |   606.538 us |  33.246 us | 141.6016 |  62.5000 | 1162.28 KB |
| DecodeAndEval | auction_2-3              |   948.74 us |    23.769 us |   1.303 us | 172.8516 |  82.0313 | 1417.45 KB |
| DecodeAndEval | auction_2-4              |   759.51 us |    43.098 us |   2.362 us | 143.5547 |  66.4063 | 1176.98 KB |
| DecodeAndEval | auction_2-5              |   247.07 us |     4.210 us |   0.231 us |  61.0352 |  19.5313 |   499.3 KB |
| DecodeAndEval | coop-1                   |   203.06 us |    12.492 us |   0.685 us |  59.0820 |  17.5781 |  483.32 KB |
| DecodeAndEval | coop-2                   |   651.14 us |    52.264 us |   2.865 us | 163.0859 |  59.5703 | 1332.59 KB |
| DecodeAndEval | coop-3                   | 1,989.83 us |    49.094 us |   2.691 us | 410.1563 | 136.7188 |  3367.9 KB |
| DecodeAndEval | coop-4                   |   829.56 us |   105.039 us |   5.758 us | 185.5469 |  71.2891 | 1516.02 KB |
| DecodeAndEval | coop-5                   |   475.89 us | 1,196.371 us |  65.577 us | 101.0742 |  30.7617 |  828.55 KB |
| DecodeAndEval | coop-6                   |   539.85 us |    40.529 us |   2.222 us | 144.5313 |  46.8750 |  1186.8 KB |
| DecodeAndEval | coop-7                   |   273.12 us |     1.506 us |   0.083 us |  78.6133 |  23.9258 |  643.53 KB |
| DecodeAndEval | crowdfunding-success-1   |   241.63 us |    12.321 us |   0.675 us |  60.5469 |  19.2871 |  496.15 KB |
| DecodeAndEval | crowdfunding-success-2   |   236.27 us |    12.326 us |   0.676 us |  60.5469 |  19.2871 |  496.15 KB |
| DecodeAndEval | crowdfunding-success-3   |   238.05 us |     2.627 us |   0.144 us |  60.5469 |  19.2871 |  496.15 KB |
| DecodeAndEval | currency-1               |   299.64 us |     6.513 us |   0.357 us |  63.9648 |  19.0430 |  526.27 KB |
| DecodeAndEval | escrow-redeem_1-1        |   395.69 us |    23.703 us |   1.299 us |  87.4023 |  28.3203 |  716.17 KB |
| DecodeAndEval | escrow-redeem_1-2        |   465.31 us | 1,187.528 us |  65.092 us |  87.4023 |  28.3203 |  716.17 KB |
| DecodeAndEval | escrow-redeem_2-1        |   462.16 us |    18.703 us |   1.025 us |  97.1680 |  31.2500 |  795.33 KB |
| DecodeAndEval | escrow-redeem_2-2        |   451.33 us |    14.320 us |   0.785 us |  97.1680 |  31.2500 |  795.33 KB |
| DecodeAndEval | escrow-redeem_2-3        |   445.76 us |    21.030 us |   1.153 us |  97.1680 |  31.2500 |  795.33 KB |
| DecodeAndEval | escrow-refund-1          |   256.90 us |   557.499 us |  30.558 us |  56.1523 |  18.5547 |  460.34 KB |
| DecodeAndEval | future-increase-margin-1 |   295.34 us |     5.351 us |   0.293 us |  63.9648 |  20.0195 |  526.06 KB |
| DecodeAndEval | future-increase-margin-2 |   610.08 us |    25.521 us |   1.399 us | 118.1641 |  39.0625 |  969.84 KB |
| DecodeAndEval | future-increase-margin-3 |   583.19 us |    21.782 us |   1.194 us | 118.1641 |  39.0625 |  969.84 KB |
| DecodeAndEval | future-increase-margin-4 |   783.89 us | 1,830.892 us | 100.357 us | 127.9297 |  57.6172 |  1050.5 KB |
| DecodeAndEval | future-increase-margin-5 | 1,042.27 us |    30.287 us |   1.660 us | 167.9688 |  74.2188 | 1386.66 KB |
| DecodeAndEval | future-pay-out-1         |   295.12 us |    13.939 us |   0.764 us |  63.9648 |  20.0195 |  526.06 KB |
| DecodeAndEval | future-pay-out-2         |   585.55 us |    72.605 us |   3.980 us | 118.1641 |  39.0625 |  969.84 KB |
| DecodeAndEval | future-pay-out-3         |   566.76 us |     8.822 us |   0.484 us | 118.1641 |  39.0625 |  969.84 KB |
| DecodeAndEval | future-pay-out-4         | 1,020.29 us |    64.605 us |   3.541 us | 167.9688 |  76.1719 | 1384.77 KB |
| DecodeAndEval | future-settle-early-1    |   314.17 us |   631.929 us |  34.638 us |  63.9648 |  20.0195 |  526.06 KB |
| DecodeAndEval | future-settle-early-2    |   574.62 us |    18.392 us |   1.008 us | 118.1641 |  39.0625 |  969.84 KB |
| DecodeAndEval | future-settle-early-3    |   574.91 us |    23.145 us |   1.269 us | 118.1641 |  39.0625 |  969.84 KB |
| DecodeAndEval | future-settle-early-4    |   802.86 us |    43.328 us |   2.375 us | 138.6719 |  66.4063 | 1138.91 KB |
| DecodeAndEval | game-sm-success_1-1      |   567.84 us | 1,329.478 us |  72.873 us | 103.5156 |  43.9453 |   852.7 KB |
| DecodeAndEval | game-sm-success_1-2      |   209.62 us |    11.559 us |   0.634 us |  53.4668 |  15.1367 |   438.2 KB |
| DecodeAndEval | game-sm-success_1-3      |   736.29 us |    32.511 us |   1.782 us | 142.5781 |  63.4766 | 1172.41 KB |
| DecodeAndEval | game-sm-success_1-4      |   235.89 us |    17.015 us |   0.933 us |  59.5703 |  16.8457 |  488.59 KB |
| DecodeAndEval | game-sm-success_2-1      |   503.25 us |    32.942 us |   1.806 us | 103.5156 |  43.9453 |   852.7 KB |
| DecodeAndEval | game-sm-success_2-2      |   246.56 us |   530.669 us |  29.088 us |  53.4668 |  15.1367 |   438.2 KB |
| DecodeAndEval | game-sm-success_2-3      |   739.99 us |    30.712 us |   1.683 us | 142.5781 |  63.4766 | 1172.41 KB |
| DecodeAndEval | game-sm-success_2-4      |   237.61 us |     7.670 us |   0.420 us |  59.5703 |  16.8457 |  488.59 KB |
| DecodeAndEval | game-sm-success_2-5      |   825.92 us | 1,840.927 us | 100.907 us | 142.5781 |  63.4766 | 1172.43 KB |
| DecodeAndEval | game-sm-success_2-6      |   234.31 us |    10.299 us |   0.565 us |  59.5703 |  16.8457 |  488.59 KB |
| DecodeAndEval | guardrail-sorted-large   |   419.09 us |    24.359 us |   1.335 us | 104.0039 |  30.2734 |  851.96 KB |
| DecodeAndEval | guardrail-sorted-small   |   102.16 us |     5.784 us |   0.317 us |  28.0762 |   6.2256 |  229.41 KB |
| DecodeAndEval | guardrail-unsorted-large |   570.69 us |    33.641 us |   1.844 us | 132.8125 |  41.0156 | 1086.63 KB |
| DecodeAndEval | guardrail-unsorted-small |    98.84 us |     5.403 us |   0.296 us |  27.7100 |   5.8594 |  226.48 KB |
| DecodeAndEval | multisig-sm-01           |   542.50 us |    15.331 us |   0.840 us | 108.3984 |  44.9219 |   886.8 KB |
| DecodeAndEval | multisig-sm-02           |   537.93 us |    21.321 us |   1.169 us | 106.4453 |  37.1094 |  873.32 KB |
| DecodeAndEval | multisig-sm-03           |   541.61 us |    31.555 us |   1.730 us | 107.4219 |  42.9688 |  878.52 KB |
| DecodeAndEval | multisig-sm-04           |   534.47 us |    12.859 us |   0.705 us | 107.4219 |  51.7578 |  883.71 KB |
| DecodeAndEval | multisig-sm-05           |   704.70 us |    12.289 us |   0.674 us | 131.8359 |  59.5703 | 1081.67 KB |
| DecodeAndEval | multisig-sm-06           |   535.41 us |    16.439 us |   0.901 us | 108.3984 |  45.8984 |  886.58 KB |
| DecodeAndEval | multisig-sm-07           |   536.12 us |    36.961 us |   2.026 us | 106.4453 |  38.0859 |   873.1 KB |
| DecodeAndEval | multisig-sm-08           |   532.51 us |    22.675 us |   1.243 us | 107.4219 |  41.9922 |   878.3 KB |
| DecodeAndEval | multisig-sm-09           |   532.92 us |    31.565 us |   1.730 us | 107.4219 |  52.7344 |  883.49 KB |
| DecodeAndEval | multisig-sm-10           |   787.41 us | 1,768.446 us |  96.934 us | 131.8359 |  58.5938 | 1081.56 KB |
| DecodeAndEval | ping-pong_2-1            |   314.84 us |    26.328 us |   1.443 us |  73.7305 |  36.1328 |   604.7 KB |
| DecodeAndEval | ping-pong-1              |   435.11 us |    19.520 us |   1.070 us |  92.7734 |  38.5742 |  758.89 KB |
| DecodeAndEval | ping-pong-2              |   516.83 us | 1,179.086 us |  64.630 us |  92.7734 |  38.5742 |  758.89 KB |
| DecodeAndEval | prism-1                  |   183.65 us |    11.101 us |   0.608 us |  47.1191 |  13.1836 |  386.23 KB |
| DecodeAndEval | prism-2                  |   528.24 us |    10.418 us |   0.571 us | 109.3750 |  46.8750 |  893.42 KB |
| DecodeAndEval | prism-3                  |   412.57 us |     9.812 us |   0.538 us |  85.4492 |  28.3203 |  700.56 KB |
| DecodeAndEval | pubkey-1                 |   162.08 us |    13.485 us |   0.739 us |  43.2129 |  12.4512 |  353.33 KB |
| DecodeAndEval | stablecoin_1-1           | 1,214.66 us |    27.864 us |   1.527 us | 177.7344 |  74.2188 | 1459.14 KB |
| DecodeAndEval | stablecoin_1-2           |   204.80 us |    12.184 us |   0.668 us |  52.7344 |  15.1367 |  432.82 KB |
| DecodeAndEval | stablecoin_1-3           | 1,385.78 us |    57.336 us |   3.143 us | 197.2656 |  89.8438 | 1615.12 KB |
| DecodeAndEval | stablecoin_1-4           |   223.37 us |     9.550 us |   0.523 us |  54.9316 |  16.6016 |  450.53 KB |
| DecodeAndEval | stablecoin_1-5           | 1,867.14 us | 4,483.201 us | 245.739 us | 236.3281 | 101.5625 | 1942.56 KB |
| DecodeAndEval | stablecoin_1-6           |   256.50 us |    26.607 us |   1.458 us |  63.9648 |  20.0195 |   524.3 KB |
| DecodeAndEval | stablecoin_2-1           | 1,224.07 us |    59.702 us |   3.272 us | 177.7344 |  74.2188 | 1459.14 KB |
| DecodeAndEval | stablecoin_2-2           |   207.76 us |     8.311 us |   0.456 us |  52.9785 |  15.3809 |  432.82 KB |
| DecodeAndEval | stablecoin_2-3           | 1,381.26 us |    64.860 us |   3.555 us | 197.2656 |  89.8438 | 1615.12 KB |
| DecodeAndEval | stablecoin_2-4           |   255.76 us |   638.464 us |  34.996 us |  54.9316 |  16.6016 |  450.53 KB |
| DecodeAndEval | token-account-1          |   242.50 us |     5.605 us |   0.307 us |  54.4434 |  17.8223 |   445.4 KB |
| DecodeAndEval | token-account-2          |   356.04 us |    11.631 us |   0.638 us |  79.1016 |  25.8789 |  649.16 KB |
| DecodeAndEval | uniswap-1                |   516.65 us | 1,232.399 us |  67.552 us |  91.3086 |  27.8320 |  749.47 KB |
| DecodeAndEval | uniswap-2                |   273.39 us |    35.211 us |   1.930 us |  60.5469 |  17.0898 |   497.3 KB |
| DecodeAndEval | uniswap-3                | 1,749.07 us |    39.108 us |   2.144 us | 304.6875 | 144.5313 |  2504.3 KB |
| DecodeAndEval | uniswap-4                |   328.27 us |     5.821 us |   0.319 us |  79.1016 |  24.4141 |  647.35 KB |
| DecodeAndEval | uniswap-5                | 1,195.98 us |     8.835 us |   0.484 us | 222.6563 | 103.5156 | 1829.12 KB |
| DecodeAndEval | uniswap-6                |   388.14 us |   982.878 us |  53.875 us |  76.1719 |  23.9258 |  623.95 KB |
| DecodeAndEval | vesting-1                |   407.42 us |     6.015 us |   0.330 us |  86.4258 |  28.8086 |  707.22 KB |

// * Legends *
  Script    : Value of the 'Script' parameter
  Mean      : Arithmetic mean of all measurements
  Error     : Half of 99.9% confidence interval
  StdDev    : Standard deviation of all measurements
  Gen0      : GC Generation 0 collects per 1000 operations
  Gen1      : GC Generation 1 collects per 1000 operations
  Allocated : Allocated memory per single operation (managed only, inclusive, 1KB = 1024B)
  1 us      : 1 Microsecond (0.000001 sec)

// * Diagnostic Output - MemoryDiagnoser *


// ***** BenchmarkRunner: End *****
Run time: 00:10:24 (624.42 sec), executed benchmarks: 89

Global total time: 00:10:36 (636.98 sec), executed benchmarks: 89
// * Artifacts cleanup *
Artifacts cleanup is finished
