EVAL_FAIL: coop-1 Failure
EVAL_FAIL: coop-2 Failure
EVAL_FAIL: coop-3 Failure
EVAL_FAIL: coop-4 Failure
EVAL_FAIL: coop-5 Failure
EVAL_FAIL: coop-6 Failure
EVAL_FAIL: coop-7 Failure
EVAL_FAIL: guardrail-sorted-large Failure
EVAL_FAIL: guardrail-sorted-small Failure
EVAL_FAIL: guardrail-unsorted-large Failure
EVAL_FAIL: guardrail-unsorted-small Failure
WARNING: A terminally deprecated method in sun.misc.Unsafe has been called
WARNING: sun.misc.Unsafe::objectFieldOffset has been called by org.openjdk.jmh.util.Utils (file:/bench/julc/julc-benchmark-jmh.jar)
WARNING: Please consider reporting this to the maintainers of class org.openjdk.jmh.util.Utils
WARNING: sun.misc.Unsafe::objectFieldOffset will be removed in a future release
# JMH version: 1.36
# VM version: JDK 25.0.2, Java HotSpot(TM) 64-Bit Server VM, 25.0.2+10-LTS-jvmci-b01
# VM invoker: /opt/jdk-25/bin/java
# VM options: -XX:ThreadPriorityPolicy=1 -XX:+UnlockExperimentalVMOptions -XX:+EnableJVMCIProduct -XX:+EnableJVMCI -XX:-UnlockExperimentalVMOptions
# Blackhole mode: compiler (auto-detected, use -Djmh.blackhole.autoDetect=false to disable)
# Warmup: 1 iterations, 5 s each
# Measurement: 1 iterations, 5 s each
# Timeout: 10 min per iteration
# Threads: 1 thread, will synchronize iterations
# Benchmark mode: Average time, time/op
# Benchmark: com.bloxbean.cardano.julc.benchmark.CekJavaBenchmark.bench
# Parameters: (file = auction_1-1.flat)

# Run progress: 0.00% complete, ETA 00:14:50
# Fork: 1 of 1
Java HotSpot(TM) 64-Bit Server VM warning: -XX:ThreadPriorityPolicy=1 may require system level permission, e.g., being the root user. If the necessary permission is not possessed, changes to priority will be silently ignored.
WARNING: A terminally deprecated method in sun.misc.Unsafe has been called
WARNING: sun.misc.Unsafe::objectFieldOffset has been called by org.openjdk.jmh.util.Utils (file:/bench/julc/julc-benchmark-jmh.jar)
WARNING: Please consider reporting this to the maintainers of class org.openjdk.jmh.util.Utils
WARNING: sun.misc.Unsafe::objectFieldOffset will be removed in a future release
# Warmup Iteration   1: 210.667 us/op
Iteration   1: 157.984 us/op


Result "com.bloxbean.cardano.julc.benchmark.CekJavaBenchmark.bench":
  157.984 us/op


# JMH version: 1.36
# VM version: JDK 25.0.2, Java HotSpot(TM) 64-Bit Server VM, 25.0.2+10-LTS-jvmci-b01
# VM invoker: /opt/jdk-25/bin/java
# VM options: -XX:ThreadPriorityPolicy=1 -XX:+UnlockExperimentalVMOptions -XX:+EnableJVMCIProduct -XX:+EnableJVMCI -XX:-UnlockExperimentalVMOptions
# Blackhole mode: compiler (auto-detected, use -Djmh.blackhole.autoDetect=false to disable)
# Warmup: 1 iterations, 5 s each
# Measurement: 1 iterations, 5 s each
# Timeout: 10 min per iteration
# Threads: 1 thread, will synchronize iterations
# Benchmark mode: Average time, time/op
# Benchmark: com.bloxbean.cardano.julc.benchmark.CekJavaBenchmark.bench
# Parameters: (file = auction_1-2.flat)

# Run progress: 1.12% complete, ETA 00:15:02
# Fork: 1 of 1
Java HotSpot(TM) 64-Bit Server VM warning: -XX:ThreadPriorityPolicy=1 may require system level permission, e.g., being the root user. If the necessary permission is not possessed, changes to priority will be silently ignored.
WARNING: A terminally deprecated method in sun.misc.Unsafe has been called
WARNING: sun.misc.Unsafe::objectFieldOffset has been called by org.openjdk.jmh.util.Utils (file:/bench/julc/julc-benchmark-jmh.jar)
WARNING: Please consider reporting this to the maintainers of class org.openjdk.jmh.util.Utils
WARNING: sun.misc.Unsafe::objectFieldOffset will be removed in a future release
# Warmup Iteration   1: 584.545 us/op
Iteration   1: 514.639 us/op


Result "com.bloxbean.cardano.julc.benchmark.CekJavaBenchmark.bench":
  514.639 us/op


# JMH version: 1.36
# VM version: JDK 25.0.2, Java HotSpot(TM) 64-Bit Server VM, 25.0.2+10-LTS-jvmci-b01
# VM invoker: /opt/jdk-25/bin/java
# VM options: -XX:ThreadPriorityPolicy=1 -XX:+UnlockExperimentalVMOptions -XX:+EnableJVMCIProduct -XX:+EnableJVMCI -XX:-UnlockExperimentalVMOptions
# Blackhole mode: compiler (auto-detected, use -Djmh.blackhole.autoDetect=false to disable)
# Warmup: 1 iterations, 5 s each
# Measurement: 1 iterations, 5 s each
# Timeout: 10 min per iteration
# Threads: 1 thread, will synchronize iterations
# Benchmark mode: Average time, time/op
# Benchmark: com.bloxbean.cardano.julc.benchmark.CekJavaBenchmark.bench
# Parameters: (file = auction_1-3.flat)

# Run progress: 2.25% complete, ETA 00:14:50
# Fork: 1 of 1
Java HotSpot(TM) 64-Bit Server VM warning: -XX:ThreadPriorityPolicy=1 may require system level permission, e.g., being the root user. If the necessary permission is not possessed, changes to priority will be silently ignored.
WARNING: A terminally deprecated method in sun.misc.Unsafe has been called
WARNING: sun.misc.Unsafe::objectFieldOffset has been called by org.openjdk.jmh.util.Utils (file:/bench/julc/julc-benchmark-jmh.jar)
WARNING: Please consider reporting this to the maintainers of class org.openjdk.jmh.util.Utils
WARNING: sun.misc.Unsafe::objectFieldOffset will be removed in a future release
# Warmup Iteration   1: 607.531 us/op
Iteration   1: 570.149 us/op


Result "com.bloxbean.cardano.julc.benchmark.CekJavaBenchmark.bench":
  570.149 us/op


# JMH version: 1.36
# VM version: JDK 25.0.2, Java HotSpot(TM) 64-Bit Server VM, 25.0.2+10-LTS-jvmci-b01
# VM invoker: /opt/jdk-25/bin/java
# VM options: -XX:ThreadPriorityPolicy=1 -XX:+UnlockExperimentalVMOptions -XX:+EnableJVMCIProduct -XX:+EnableJVMCI -XX:-UnlockExperimentalVMOptions
# Blackhole mode: compiler (auto-detected, use -Djmh.blackhole.autoDetect=false to disable)
# Warmup: 1 iterations, 5 s each
# Measurement: 1 iterations, 5 s each
# Timeout: 10 min per iteration
# Threads: 1 thread, will synchronize iterations
# Benchmark mode: Average time, time/op
# Benchmark: com.bloxbean.cardano.julc.benchmark.CekJavaBenchmark.bench
# Parameters: (file = auction_1-4.flat)

# Run progress: 3.37% complete, ETA 00:14:40
# Fork: 1 of 1
Java HotSpot(TM) 64-Bit Server VM warning: -XX:ThreadPriorityPolicy=1 may require system level permission, e.g., being the root user. If the necessary permission is not possessed, changes to priority will be silently ignored.
WARNING: A terminally deprecated method in sun.misc.Unsafe has been called
WARNING: sun.misc.Unsafe::objectFieldOffset has been called by org.openjdk.jmh.util.Utils (file:/bench/julc/julc-benchmark-jmh.jar)
WARNING: Please consider reporting this to the maintainers of class org.openjdk.jmh.util.Utils
WARNING: sun.misc.Unsafe::objectFieldOffset will be removed in a future release
# Warmup Iteration   1: 233.278 us/op
Iteration   1: 195.549 us/op


Result "com.bloxbean.cardano.julc.benchmark.CekJavaBenchmark.bench":
  195.549 us/op


# JMH version: 1.36
# VM version: JDK 25.0.2, Java HotSpot(TM) 64-Bit Server VM, 25.0.2+10-LTS-jvmci-b01
# VM invoker: /opt/jdk-25/bin/java
# VM options: -XX:ThreadPriorityPolicy=1 -XX:+UnlockExperimentalVMOptions -XX:+EnableJVMCIProduct -XX:+EnableJVMCI -XX:-UnlockExperimentalVMOptions
# Blackhole mode: compiler (auto-detected, use -Djmh.blackhole.autoDetect=false to disable)
# Warmup: 1 iterations, 5 s each
# Measurement: 1 iterations, 5 s each
# Timeout: 10 min per iteration
# Threads: 1 thread, will synchronize iterations
# Benchmark mode: Average time, time/op
# Benchmark: com.bloxbean.cardano.julc.benchmark.CekJavaBenchmark.bench
# Parameters: (file = auction_2-1.flat)

# Run progress: 4.49% complete, ETA 00:14:29
# Fork: 1 of 1
Java HotSpot(TM) 64-Bit Server VM warning: -XX:ThreadPriorityPolicy=1 may require system level permission, e.g., being the root user. If the necessary permission is not possessed, changes to priority will be silently ignored.
WARNING: A terminally deprecated method in sun.misc.Unsafe has been called
WARNING: sun.misc.Unsafe::objectFieldOffset has been called by org.openjdk.jmh.util.Utils (file:/bench/julc/julc-benchmark-jmh.jar)
WARNING: Please consider reporting this to the maintainers of class org.openjdk.jmh.util.Utils
WARNING: sun.misc.Unsafe::objectFieldOffset will be removed in a future release
# Warmup Iteration   1: 184.174 us/op
Iteration   1: 157.777 us/op


Result "com.bloxbean.cardano.julc.benchmark.CekJavaBenchmark.bench":
  157.777 us/op


# JMH version: 1.36
# VM version: JDK 25.0.2, Java HotSpot(TM) 64-Bit Server VM, 25.0.2+10-LTS-jvmci-b01
# VM invoker: /opt/jdk-25/bin/java
# VM options: -XX:ThreadPriorityPolicy=1 -XX:+UnlockExperimentalVMOptions -XX:+EnableJVMCIProduct -XX:+EnableJVMCI -XX:-UnlockExperimentalVMOptions
# Blackhole mode: compiler (auto-detected, use -Djmh.blackhole.autoDetect=false to disable)
# Warmup: 1 iterations, 5 s each
# Measurement: 1 iterations, 5 s each
# Timeout: 10 min per iteration
# Threads: 1 thread, will synchronize iterations
# Benchmark mode: Average time, time/op
# Benchmark: com.bloxbean.cardano.julc.benchmark.CekJavaBenchmark.bench
# Parameters: (file = auction_2-2.flat)

# Run progress: 5.62% complete, ETA 00:14:18
# Fork: 1 of 1
Java HotSpot(TM) 64-Bit Server VM warning: -XX:ThreadPriorityPolicy=1 may require system level permission, e.g., being the root user. If the necessary permission is not possessed, changes to priority will be silently ignored.
WARNING: A terminally deprecated method in sun.misc.Unsafe has been called
WARNING: sun.misc.Unsafe::objectFieldOffset has been called by org.openjdk.jmh.util.Utils (file:/bench/julc/julc-benchmark-jmh.jar)
WARNING: Please consider reporting this to the maintainers of class org.openjdk.jmh.util.Utils
WARNING: sun.misc.Unsafe::objectFieldOffset will be removed in a future release
# Warmup Iteration   1: 653.562 us/op
Iteration   1: 516.522 us/op


Result "com.bloxbean.cardano.julc.benchmark.CekJavaBenchmark.bench":
  516.522 us/op


# JMH version: 1.36
# VM version: JDK 25.0.2, Java HotSpot(TM) 64-Bit Server VM, 25.0.2+10-LTS-jvmci-b01
# VM invoker: /opt/jdk-25/bin/java
# VM options: -XX:ThreadPriorityPolicy=1 -XX:+UnlockExperimentalVMOptions -XX:+EnableJVMCIProduct -XX:+EnableJVMCI -XX:-UnlockExperimentalVMOptions
# Blackhole mode: compiler (auto-detected, use -Djmh.blackhole.autoDetect=false to disable)
# Warmup: 1 iterations, 5 s each
# Measurement: 1 iterations, 5 s each
# Timeout: 10 min per iteration
# Threads: 1 thread, will synchronize iterations
# Benchmark mode: Average time, time/op
# Benchmark: com.bloxbean.cardano.julc.benchmark.CekJavaBenchmark.bench
# Parameters: (file = auction_2-3.flat)

# Run progress: 6.74% complete, ETA 00:14:08
# Fork: 1 of 1
Java HotSpot(TM) 64-Bit Server VM warning: -XX:ThreadPriorityPolicy=1 may require system level permission, e.g., being the root user. If the necessary permission is not possessed, changes to priority will be silently ignored.
WARNING: A terminally deprecated method in sun.misc.Unsafe has been called
WARNING: sun.misc.Unsafe::objectFieldOffset has been called by org.openjdk.jmh.util.Utils (file:/bench/julc/julc-benchmark-jmh.jar)
WARNING: Please consider reporting this to the maintainers of class org.openjdk.jmh.util.Utils
WARNING: sun.misc.Unsafe::objectFieldOffset will be removed in a future release
# Warmup Iteration   1: 814.159 us/op
Iteration   1: 653.354 us/op


Result "com.bloxbean.cardano.julc.benchmark.CekJavaBenchmark.bench":
  653.354 us/op


# JMH version: 1.36
# VM version: JDK 25.0.2, Java HotSpot(TM) 64-Bit Server VM, 25.0.2+10-LTS-jvmci-b01
# VM invoker: /opt/jdk-25/bin/java
# VM options: -XX:ThreadPriorityPolicy=1 -XX:+UnlockExperimentalVMOptions -XX:+EnableJVMCIProduct -XX:+EnableJVMCI -XX:-UnlockExperimentalVMOptions
# Blackhole mode: compiler (auto-detected, use -Djmh.blackhole.autoDetect=false to disable)
# Warmup: 1 iterations, 5 s each
# Measurement: 1 iterations, 5 s each
# Timeout: 10 min per iteration
# Threads: 1 thread, will synchronize iterations
# Benchmark mode: Average time, time/op
# Benchmark: com.bloxbean.cardano.julc.benchmark.CekJavaBenchmark.bench
# Parameters: (file = auction_2-4.flat)

# Run progress: 7.87% complete, ETA 00:13:58
# Fork: 1 of 1
Java HotSpot(TM) 64-Bit Server VM warning: -XX:ThreadPriorityPolicy=1 may require system level permission, e.g., being the root user. If the necessary permission is not possessed, changes to priority will be silently ignored.
WARNING: A terminally deprecated method in sun.misc.Unsafe has been called
WARNING: sun.misc.Unsafe::objectFieldOffset has been called by org.openjdk.jmh.util.Utils (file:/bench/julc/julc-benchmark-jmh.jar)
WARNING: Please consider reporting this to the maintainers of class org.openjdk.jmh.util.Utils
WARNING: sun.misc.Unsafe::objectFieldOffset will be removed in a future release
# Warmup Iteration   1: 579.095 us/op
Iteration   1: 518.741 us/op


Result "com.bloxbean.cardano.julc.benchmark.CekJavaBenchmark.bench":
  518.741 us/op


# JMH version: 1.36
# VM version: JDK 25.0.2, Java HotSpot(TM) 64-Bit Server VM, 25.0.2+10-LTS-jvmci-b01
# VM invoker: /opt/jdk-25/bin/java
# VM options: -XX:ThreadPriorityPolicy=1 -XX:+UnlockExperimentalVMOptions -XX:+EnableJVMCIProduct -XX:+EnableJVMCI -XX:-UnlockExperimentalVMOptions
# Blackhole mode: compiler (auto-detected, use -Djmh.blackhole.autoDetect=false to disable)
# Warmup: 1 iterations, 5 s each
# Measurement: 1 iterations, 5 s each
# Timeout: 10 min per iteration
# Threads: 1 thread, will synchronize iterations
# Benchmark mode: Average time, time/op
# Benchmark: com.bloxbean.cardano.julc.benchmark.CekJavaBenchmark.bench
# Parameters: (file = auction_2-5.flat)

# Run progress: 8.99% complete, ETA 00:13:47
# Fork: 1 of 1
Java HotSpot(TM) 64-Bit Server VM warning: -XX:ThreadPriorityPolicy=1 may require system level permission, e.g., being the root user. If the necessary permission is not possessed, changes to priority will be silently ignored.
WARNING: A terminally deprecated method in sun.misc.Unsafe has been called
WARNING: sun.misc.Unsafe::objectFieldOffset has been called by org.openjdk.jmh.util.Utils (file:/bench/julc/julc-benchmark-jmh.jar)
WARNING: Please consider reporting this to the maintainers of class org.openjdk.jmh.util.Utils
WARNING: sun.misc.Unsafe::objectFieldOffset will be removed in a future release
# Warmup Iteration   1: 238.413 us/op
Iteration   1: 222.228 us/op


Result "com.bloxbean.cardano.julc.benchmark.CekJavaBenchmark.bench":
  222.228 us/op


# JMH version: 1.36
# VM version: JDK 25.0.2, Java HotSpot(TM) 64-Bit Server VM, 25.0.2+10-LTS-jvmci-b01
# VM invoker: /opt/jdk-25/bin/java
# VM options: -XX:ThreadPriorityPolicy=1 -XX:+UnlockExperimentalVMOptions -XX:+EnableJVMCIProduct -XX:+EnableJVMCI -XX:-UnlockExperimentalVMOptions
# Blackhole mode: compiler (auto-detected, use -Djmh.blackhole.autoDetect=false to disable)
# Warmup: 1 iterations, 5 s each
# Measurement: 1 iterations, 5 s each
# Timeout: 10 min per iteration
# Threads: 1 thread, will synchronize iterations
# Benchmark mode: Average time, time/op
# Benchmark: com.bloxbean.cardano.julc.benchmark.CekJavaBenchmark.bench
# Parameters: (file = coop-1.flat)

# Run progress: 10.11% complete, ETA 00:13:37
# Fork: 1 of 1
Java HotSpot(TM) 64-Bit Server VM warning: -XX:ThreadPriorityPolicy=1 may require system level permission, e.g., being the root user. If the necessary permission is not possessed, changes to priority will be silently ignored.
WARNING: A terminally deprecated method in sun.misc.Unsafe has been called
WARNING: sun.misc.Unsafe::objectFieldOffset has been called by org.openjdk.jmh.util.Utils (file:/bench/julc/julc-benchmark-jmh.jar)
WARNING: Please consider reporting this to the maintainers of class org.openjdk.jmh.util.Utils
WARNING: sun.misc.Unsafe::objectFieldOffset will be removed in a future release
# Warmup Iteration   1: 16.576 us/op
Iteration   1: 15.596 us/op


Result "com.bloxbean.cardano.julc.benchmark.CekJavaBenchmark.bench":
  15.596 us/op


# JMH version: 1.36
# VM version: JDK 25.0.2, Java HotSpot(TM) 64-Bit Server VM, 25.0.2+10-LTS-jvmci-b01
# VM invoker: /opt/jdk-25/bin/java
# VM options: -XX:ThreadPriorityPolicy=1 -XX:+UnlockExperimentalVMOptions -XX:+EnableJVMCIProduct -XX:+EnableJVMCI -XX:-UnlockExperimentalVMOptions
# Blackhole mode: compiler (auto-detected, use -Djmh.blackhole.autoDetect=false to disable)
# Warmup: 1 iterations, 5 s each
# Measurement: 1 iterations, 5 s each
# Timeout: 10 min per iteration
# Threads: 1 thread, will synchronize iterations
# Benchmark mode: Average time, time/op
# Benchmark: com.bloxbean.cardano.julc.benchmark.CekJavaBenchmark.bench
# Parameters: (file = coop-2.flat)

# Run progress: 11.24% complete, ETA 00:13:27
# Fork: 1 of 1
Java HotSpot(TM) 64-Bit Server VM warning: -XX:ThreadPriorityPolicy=1 may require system level permission, e.g., being the root user. If the necessary permission is not possessed, changes to priority will be silently ignored.
WARNING: A terminally deprecated method in sun.misc.Unsafe has been called
WARNING: sun.misc.Unsafe::objectFieldOffset has been called by org.openjdk.jmh.util.Utils (file:/bench/julc/julc-benchmark-jmh.jar)
WARNING: Please consider reporting this to the maintainers of class org.openjdk.jmh.util.Utils
WARNING: sun.misc.Unsafe::objectFieldOffset will be removed in a future release
# Warmup Iteration   1: 29.398 us/op
Iteration   1: 27.111 us/op


Result "com.bloxbean.cardano.julc.benchmark.CekJavaBenchmark.bench":
  27.111 us/op


# JMH version: 1.36
# VM version: JDK 25.0.2, Java HotSpot(TM) 64-Bit Server VM, 25.0.2+10-LTS-jvmci-b01
# VM invoker: /opt/jdk-25/bin/java
# VM options: -XX:ThreadPriorityPolicy=1 -XX:+UnlockExperimentalVMOptions -XX:+EnableJVMCIProduct -XX:+EnableJVMCI -XX:-UnlockExperimentalVMOptions
# Blackhole mode: compiler (auto-detected, use -Djmh.blackhole.autoDetect=false to disable)
# Warmup: 1 iterations, 5 s each
# Measurement: 1 iterations, 5 s each
# Timeout: 10 min per iteration
# Threads: 1 thread, will synchronize iterations
# Benchmark mode: Average time, time/op
# Benchmark: com.bloxbean.cardano.julc.benchmark.CekJavaBenchmark.bench
# Parameters: (file = coop-3.flat)

# Run progress: 12.36% complete, ETA 00:13:16
# Fork: 1 of 1
Java HotSpot(TM) 64-Bit Server VM warning: -XX:ThreadPriorityPolicy=1 may require system level permission, e.g., being the root user. If the necessary permission is not possessed, changes to priority will be silently ignored.
WARNING: A terminally deprecated method in sun.misc.Unsafe has been called
WARNING: sun.misc.Unsafe::objectFieldOffset has been called by org.openjdk.jmh.util.Utils (file:/bench/julc/julc-benchmark-jmh.jar)
WARNING: Please consider reporting this to the maintainers of class org.openjdk.jmh.util.Utils
WARNING: sun.misc.Unsafe::objectFieldOffset will be removed in a future release
# Warmup Iteration   1: 29.100 us/op
Iteration   1: 27.084 us/op


Result "com.bloxbean.cardano.julc.benchmark.CekJavaBenchmark.bench":
  27.084 us/op


# JMH version: 1.36
# VM version: JDK 25.0.2, Java HotSpot(TM) 64-Bit Server VM, 25.0.2+10-LTS-jvmci-b01
# VM invoker: /opt/jdk-25/bin/java
# VM options: -XX:ThreadPriorityPolicy=1 -XX:+UnlockExperimentalVMOptions -XX:+EnableJVMCIProduct -XX:+EnableJVMCI -XX:-UnlockExperimentalVMOptions
# Blackhole mode: compiler (auto-detected, use -Djmh.blackhole.autoDetect=false to disable)
# Warmup: 1 iterations, 5 s each
# Measurement: 1 iterations, 5 s each
# Timeout: 10 min per iteration
# Threads: 1 thread, will synchronize iterations
# Benchmark mode: Average time, time/op
# Benchmark: com.bloxbean.cardano.julc.benchmark.CekJavaBenchmark.bench
# Parameters: (file = coop-4.flat)

# Run progress: 13.48% complete, ETA 00:13:06
# Fork: 1 of 1
Java HotSpot(TM) 64-Bit Server VM warning: -XX:ThreadPriorityPolicy=1 may require system level permission, e.g., being the root user. If the necessary permission is not possessed, changes to priority will be silently ignored.
WARNING: A terminally deprecated method in sun.misc.Unsafe has been called
WARNING: sun.misc.Unsafe::objectFieldOffset has been called by org.openjdk.jmh.util.Utils (file:/bench/julc/julc-benchmark-jmh.jar)
WARNING: Please consider reporting this to the maintainers of class org.openjdk.jmh.util.Utils
WARNING: sun.misc.Unsafe::objectFieldOffset will be removed in a future release
# Warmup Iteration   1: 37.483 us/op
Iteration   1: 29.308 us/op


Result "com.bloxbean.cardano.julc.benchmark.CekJavaBenchmark.bench":
  29.308 us/op


# JMH version: 1.36
# VM version: JDK 25.0.2, Java HotSpot(TM) 64-Bit Server VM, 25.0.2+10-LTS-jvmci-b01
# VM invoker: /opt/jdk-25/bin/java
# VM options: -XX:ThreadPriorityPolicy=1 -XX:+UnlockExperimentalVMOptions -XX:+EnableJVMCIProduct -XX:+EnableJVMCI -XX:-UnlockExperimentalVMOptions
# Blackhole mode: compiler (auto-detected, use -Djmh.blackhole.autoDetect=false to disable)
# Warmup: 1 iterations, 5 s each
# Measurement: 1 iterations, 5 s each
# Timeout: 10 min per iteration
# Threads: 1 thread, will synchronize iterations
# Benchmark mode: Average time, time/op
# Benchmark: com.bloxbean.cardano.julc.benchmark.CekJavaBenchmark.bench
# Parameters: (file = coop-5.flat)

# Run progress: 14.61% complete, ETA 00:12:56
# Fork: 1 of 1
Java HotSpot(TM) 64-Bit Server VM warning: -XX:ThreadPriorityPolicy=1 may require system level permission, e.g., being the root user. If the necessary permission is not possessed, changes to priority will be silently ignored.
WARNING: A terminally deprecated method in sun.misc.Unsafe has been called
WARNING: sun.misc.Unsafe::objectFieldOffset has been called by org.openjdk.jmh.util.Utils (file:/bench/julc/julc-benchmark-jmh.jar)
WARNING: Please consider reporting this to the maintainers of class org.openjdk.jmh.util.Utils
WARNING: sun.misc.Unsafe::objectFieldOffset will be removed in a future release
# Warmup Iteration   1: 32.448 us/op
Iteration   1: 29.993 us/op


Result "com.bloxbean.cardano.julc.benchmark.CekJavaBenchmark.bench":
  29.993 us/op


# JMH version: 1.36
# VM version: JDK 25.0.2, Java HotSpot(TM) 64-Bit Server VM, 25.0.2+10-LTS-jvmci-b01
# VM invoker: /opt/jdk-25/bin/java
# VM options: -XX:ThreadPriorityPolicy=1 -XX:+UnlockExperimentalVMOptions -XX:+EnableJVMCIProduct -XX:+EnableJVMCI -XX:-UnlockExperimentalVMOptions
# Blackhole mode: compiler (auto-detected, use -Djmh.blackhole.autoDetect=false to disable)
# Warmup: 1 iterations, 5 s each
# Measurement: 1 iterations, 5 s each
# Timeout: 10 min per iteration
# Threads: 1 thread, will synchronize iterations
# Benchmark mode: Average time, time/op
# Benchmark: com.bloxbean.cardano.julc.benchmark.CekJavaBenchmark.bench
# Parameters: (file = coop-6.flat)

# Run progress: 15.73% complete, ETA 00:12:46
# Fork: 1 of 1
Java HotSpot(TM) 64-Bit Server VM warning: -XX:ThreadPriorityPolicy=1 may require system level permission, e.g., being the root user. If the necessary permission is not possessed, changes to priority will be silently ignored.
WARNING: A terminally deprecated method in sun.misc.Unsafe has been called
WARNING: sun.misc.Unsafe::objectFieldOffset has been called by org.openjdk.jmh.util.Utils (file:/bench/julc/julc-benchmark-jmh.jar)
WARNING: Please consider reporting this to the maintainers of class org.openjdk.jmh.util.Utils
WARNING: sun.misc.Unsafe::objectFieldOffset will be removed in a future release
# Warmup Iteration   1: 16.333 us/op
Iteration   1: 17.063 us/op


Result "com.bloxbean.cardano.julc.benchmark.CekJavaBenchmark.bench":
  17.063 us/op


# JMH version: 1.36
# VM version: JDK 25.0.2, Java HotSpot(TM) 64-Bit Server VM, 25.0.2+10-LTS-jvmci-b01
# VM invoker: /opt/jdk-25/bin/java
# VM options: -XX:ThreadPriorityPolicy=1 -XX:+UnlockExperimentalVMOptions -XX:+EnableJVMCIProduct -XX:+EnableJVMCI -XX:-UnlockExperimentalVMOptions
# Blackhole mode: compiler (auto-detected, use -Djmh.blackhole.autoDetect=false to disable)
# Warmup: 1 iterations, 5 s each
# Measurement: 1 iterations, 5 s each
# Timeout: 10 min per iteration
# Threads: 1 thread, will synchronize iterations
# Benchmark mode: Average time, time/op
# Benchmark: com.bloxbean.cardano.julc.benchmark.CekJavaBenchmark.bench
# Parameters: (file = coop-7.flat)

# Run progress: 16.85% complete, ETA 00:12:36
# Fork: 1 of 1
Java HotSpot(TM) 64-Bit Server VM warning: -XX:ThreadPriorityPolicy=1 may require system level permission, e.g., being the root user. If the necessary permission is not possessed, changes to priority will be silently ignored.
WARNING: A terminally deprecated method in sun.misc.Unsafe has been called
WARNING: sun.misc.Unsafe::objectFieldOffset has been called by org.openjdk.jmh.util.Utils (file:/bench/julc/julc-benchmark-jmh.jar)
WARNING: Please consider reporting this to the maintainers of class org.openjdk.jmh.util.Utils
WARNING: sun.misc.Unsafe::objectFieldOffset will be removed in a future release
# Warmup Iteration   1: 16.721 us/op
Iteration   1: 15.612 us/op


Result "com.bloxbean.cardano.julc.benchmark.CekJavaBenchmark.bench":
  15.612 us/op


# JMH version: 1.36
# VM version: JDK 25.0.2, Java HotSpot(TM) 64-Bit Server VM, 25.0.2+10-LTS-jvmci-b01
# VM invoker: /opt/jdk-25/bin/java
# VM options: -XX:ThreadPriorityPolicy=1 -XX:+UnlockExperimentalVMOptions -XX:+EnableJVMCIProduct -XX:+EnableJVMCI -XX:-UnlockExperimentalVMOptions
# Blackhole mode: compiler (auto-detected, use -Djmh.blackhole.autoDetect=false to disable)
# Warmup: 1 iterations, 5 s each
# Measurement: 1 iterations, 5 s each
# Timeout: 10 min per iteration
# Threads: 1 thread, will synchronize iterations
# Benchmark mode: Average time, time/op
# Benchmark: com.bloxbean.cardano.julc.benchmark.CekJavaBenchmark.bench
# Parameters: (file = crowdfunding-success-1.flat)

# Run progress: 17.98% complete, ETA 00:12:25
# Fork: 1 of 1
Java HotSpot(TM) 64-Bit Server VM warning: -XX:ThreadPriorityPolicy=1 may require system level permission, e.g., being the root user. If the necessary permission is not possessed, changes to priority will be silently ignored.
WARNING: A terminally deprecated method in sun.misc.Unsafe has been called
WARNING: sun.misc.Unsafe::objectFieldOffset has been called by org.openjdk.jmh.util.Utils (file:/bench/julc/julc-benchmark-jmh.jar)
WARNING: Please consider reporting this to the maintainers of class org.openjdk.jmh.util.Utils
WARNING: sun.misc.Unsafe::objectFieldOffset will be removed in a future release
# Warmup Iteration   1: 231.461 us/op
Iteration   1: 175.192 us/op


Result "com.bloxbean.cardano.julc.benchmark.CekJavaBenchmark.bench":
  175.192 us/op


# JMH version: 1.36
# VM version: JDK 25.0.2, Java HotSpot(TM) 64-Bit Server VM, 25.0.2+10-LTS-jvmci-b01
# VM invoker: /opt/jdk-25/bin/java
# VM options: -XX:ThreadPriorityPolicy=1 -XX:+UnlockExperimentalVMOptions -XX:+EnableJVMCIProduct -XX:+EnableJVMCI -XX:-UnlockExperimentalVMOptions
# Blackhole mode: compiler (auto-detected, use -Djmh.blackhole.autoDetect=false to disable)
# Warmup: 1 iterations, 5 s each
# Measurement: 1 iterations, 5 s each
# Timeout: 10 min per iteration
# Threads: 1 thread, will synchronize iterations
# Benchmark mode: Average time, time/op
# Benchmark: com.bloxbean.cardano.julc.benchmark.CekJavaBenchmark.bench
# Parameters: (file = crowdfunding-success-2.flat)

# Run progress: 19.10% complete, ETA 00:12:15
# Fork: 1 of 1
Java HotSpot(TM) 64-Bit Server VM warning: -XX:ThreadPriorityPolicy=1 may require system level permission, e.g., being the root user. If the necessary permission is not possessed, changes to priority will be silently ignored.
WARNING: A terminally deprecated method in sun.misc.Unsafe has been called
WARNING: sun.misc.Unsafe::objectFieldOffset has been called by org.openjdk.jmh.util.Utils (file:/bench/julc/julc-benchmark-jmh.jar)
WARNING: Please consider reporting this to the maintainers of class org.openjdk.jmh.util.Utils
WARNING: sun.misc.Unsafe::objectFieldOffset will be removed in a future release
# Warmup Iteration   1: 198.568 us/op
Iteration   1: 174.873 us/op


Result "com.bloxbean.cardano.julc.benchmark.CekJavaBenchmark.bench":
  174.873 us/op


# JMH version: 1.36
# VM version: JDK 25.0.2, Java HotSpot(TM) 64-Bit Server VM, 25.0.2+10-LTS-jvmci-b01
# VM invoker: /opt/jdk-25/bin/java
# VM options: -XX:ThreadPriorityPolicy=1 -XX:+UnlockExperimentalVMOptions -XX:+EnableJVMCIProduct -XX:+EnableJVMCI -XX:-UnlockExperimentalVMOptions
# Blackhole mode: compiler (auto-detected, use -Djmh.blackhole.autoDetect=false to disable)
# Warmup: 1 iterations, 5 s each
# Measurement: 1 iterations, 5 s each
# Timeout: 10 min per iteration
# Threads: 1 thread, will synchronize iterations
# Benchmark mode: Average time, time/op
# Benchmark: com.bloxbean.cardano.julc.benchmark.CekJavaBenchmark.bench
# Parameters: (file = crowdfunding-success-3.flat)

# Run progress: 20.22% complete, ETA 00:12:05
# Fork: 1 of 1
Java HotSpot(TM) 64-Bit Server VM warning: -XX:ThreadPriorityPolicy=1 may require system level permission, e.g., being the root user. If the necessary permission is not possessed, changes to priority will be silently ignored.
WARNING: A terminally deprecated method in sun.misc.Unsafe has been called
WARNING: sun.misc.Unsafe::objectFieldOffset has been called by org.openjdk.jmh.util.Utils (file:/bench/julc/julc-benchmark-jmh.jar)
WARNING: Please consider reporting this to the maintainers of class org.openjdk.jmh.util.Utils
WARNING: sun.misc.Unsafe::objectFieldOffset will be removed in a future release
# Warmup Iteration   1: 226.844 us/op
Iteration   1: 171.207 us/op


Result "com.bloxbean.cardano.julc.benchmark.CekJavaBenchmark.bench":
  171.207 us/op


# JMH version: 1.36
# VM version: JDK 25.0.2, Java HotSpot(TM) 64-Bit Server VM, 25.0.2+10-LTS-jvmci-b01
# VM invoker: /opt/jdk-25/bin/java
# VM options: -XX:ThreadPriorityPolicy=1 -XX:+UnlockExperimentalVMOptions -XX:+EnableJVMCIProduct -XX:+EnableJVMCI -XX:-UnlockExperimentalVMOptions
# Blackhole mode: compiler (auto-detected, use -Djmh.blackhole.autoDetect=false to disable)
# Warmup: 1 iterations, 5 s each
# Measurement: 1 iterations, 5 s each
# Timeout: 10 min per iteration
# Threads: 1 thread, will synchronize iterations
# Benchmark mode: Average time, time/op
# Benchmark: com.bloxbean.cardano.julc.benchmark.CekJavaBenchmark.bench
# Parameters: (file = currency-1.flat)

# Run progress: 21.35% complete, ETA 00:11:55
# Fork: 1 of 1
Java HotSpot(TM) 64-Bit Server VM warning: -XX:ThreadPriorityPolicy=1 may require system level permission, e.g., being the root user. If the necessary permission is not possessed, changes to priority will be silently ignored.
WARNING: A terminally deprecated method in sun.misc.Unsafe has been called
WARNING: sun.misc.Unsafe::objectFieldOffset has been called by org.openjdk.jmh.util.Utils (file:/bench/julc/julc-benchmark-jmh.jar)
WARNING: Please consider reporting this to the maintainers of class org.openjdk.jmh.util.Utils
WARNING: sun.misc.Unsafe::objectFieldOffset will be removed in a future release
# Warmup Iteration   1: 251.929 us/op
Iteration   1: 196.629 us/op


Result "com.bloxbean.cardano.julc.benchmark.CekJavaBenchmark.bench":
  196.629 us/op


# JMH version: 1.36
# VM version: JDK 25.0.2, Java HotSpot(TM) 64-Bit Server VM, 25.0.2+10-LTS-jvmci-b01
# VM invoker: /opt/jdk-25/bin/java
# VM options: -XX:ThreadPriorityPolicy=1 -XX:+UnlockExperimentalVMOptions -XX:+EnableJVMCIProduct -XX:+EnableJVMCI -XX:-UnlockExperimentalVMOptions
# Blackhole mode: compiler (auto-detected, use -Djmh.blackhole.autoDetect=false to disable)
# Warmup: 1 iterations, 5 s each
# Measurement: 1 iterations, 5 s each
# Timeout: 10 min per iteration
# Threads: 1 thread, will synchronize iterations
# Benchmark mode: Average time, time/op
# Benchmark: com.bloxbean.cardano.julc.benchmark.CekJavaBenchmark.bench
# Parameters: (file = escrow-redeem_1-1.flat)

# Run progress: 22.47% complete, ETA 00:11:45
# Fork: 1 of 1
Java HotSpot(TM) 64-Bit Server VM warning: -XX:ThreadPriorityPolicy=1 may require system level permission, e.g., being the root user. If the necessary permission is not possessed, changes to priority will be silently ignored.
WARNING: A terminally deprecated method in sun.misc.Unsafe has been called
WARNING: sun.misc.Unsafe::objectFieldOffset has been called by org.openjdk.jmh.util.Utils (file:/bench/julc/julc-benchmark-jmh.jar)
WARNING: Please consider reporting this to the maintainers of class org.openjdk.jmh.util.Utils
WARNING: sun.misc.Unsafe::objectFieldOffset will be removed in a future release
# Warmup Iteration   1: 351.803 us/op
Iteration   1: 302.757 us/op


Result "com.bloxbean.cardano.julc.benchmark.CekJavaBenchmark.bench":
  302.757 us/op


# JMH version: 1.36
# VM version: JDK 25.0.2, Java HotSpot(TM) 64-Bit Server VM, 25.0.2+10-LTS-jvmci-b01
# VM invoker: /opt/jdk-25/bin/java
# VM options: -XX:ThreadPriorityPolicy=1 -XX:+UnlockExperimentalVMOptions -XX:+EnableJVMCIProduct -XX:+EnableJVMCI -XX:-UnlockExperimentalVMOptions
# Blackhole mode: compiler (auto-detected, use -Djmh.blackhole.autoDetect=false to disable)
# Warmup: 1 iterations, 5 s each
# Measurement: 1 iterations, 5 s each
# Timeout: 10 min per iteration
# Threads: 1 thread, will synchronize iterations
# Benchmark mode: Average time, time/op
# Benchmark: com.bloxbean.cardano.julc.benchmark.CekJavaBenchmark.bench
# Parameters: (file = escrow-redeem_1-2.flat)

# Run progress: 23.60% complete, ETA 00:11:34
# Fork: 1 of 1
Java HotSpot(TM) 64-Bit Server VM warning: -XX:ThreadPriorityPolicy=1 may require system level permission, e.g., being the root user. If the necessary permission is not possessed, changes to priority will be silently ignored.
WARNING: A terminally deprecated method in sun.misc.Unsafe has been called
WARNING: sun.misc.Unsafe::objectFieldOffset has been called by org.openjdk.jmh.util.Utils (file:/bench/julc/julc-benchmark-jmh.jar)
WARNING: Please consider reporting this to the maintainers of class org.openjdk.jmh.util.Utils
WARNING: sun.misc.Unsafe::objectFieldOffset will be removed in a future release
# Warmup Iteration   1: 320.025 us/op
Iteration   1: 272.722 us/op


Result "com.bloxbean.cardano.julc.benchmark.CekJavaBenchmark.bench":
  272.722 us/op


# JMH version: 1.36
# VM version: JDK 25.0.2, Java HotSpot(TM) 64-Bit Server VM, 25.0.2+10-LTS-jvmci-b01
# VM invoker: /opt/jdk-25/bin/java
# VM options: -XX:ThreadPriorityPolicy=1 -XX:+UnlockExperimentalVMOptions -XX:+EnableJVMCIProduct -XX:+EnableJVMCI -XX:-UnlockExperimentalVMOptions
# Blackhole mode: compiler (auto-detected, use -Djmh.blackhole.autoDetect=false to disable)
# Warmup: 1 iterations, 5 s each
# Measurement: 1 iterations, 5 s each
# Timeout: 10 min per iteration
# Threads: 1 thread, will synchronize iterations
# Benchmark mode: Average time, time/op
# Benchmark: com.bloxbean.cardano.julc.benchmark.CekJavaBenchmark.bench
# Parameters: (file = escrow-redeem_2-1.flat)

# Run progress: 24.72% complete, ETA 00:11:24
# Fork: 1 of 1
Java HotSpot(TM) 64-Bit Server VM warning: -XX:ThreadPriorityPolicy=1 may require system level permission, e.g., being the root user. If the necessary permission is not possessed, changes to priority will be silently ignored.
WARNING: A terminally deprecated method in sun.misc.Unsafe has been called
WARNING: sun.misc.Unsafe::objectFieldOffset has been called by org.openjdk.jmh.util.Utils (file:/bench/julc/julc-benchmark-jmh.jar)
WARNING: Please consider reporting this to the maintainers of class org.openjdk.jmh.util.Utils
WARNING: sun.misc.Unsafe::objectFieldOffset will be removed in a future release
# Warmup Iteration   1: 373.663 us/op
Iteration   1: 307.779 us/op


Result "com.bloxbean.cardano.julc.benchmark.CekJavaBenchmark.bench":
  307.779 us/op


# JMH version: 1.36
# VM version: JDK 25.0.2, Java HotSpot(TM) 64-Bit Server VM, 25.0.2+10-LTS-jvmci-b01
# VM invoker: /opt/jdk-25/bin/java
# VM options: -XX:ThreadPriorityPolicy=1 -XX:+UnlockExperimentalVMOptions -XX:+EnableJVMCIProduct -XX:+EnableJVMCI -XX:-UnlockExperimentalVMOptions
# Blackhole mode: compiler (auto-detected, use -Djmh.blackhole.autoDetect=false to disable)
# Warmup: 1 iterations, 5 s each
# Measurement: 1 iterations, 5 s each
# Timeout: 10 min per iteration
# Threads: 1 thread, will synchronize iterations
# Benchmark mode: Average time, time/op
# Benchmark: com.bloxbean.cardano.julc.benchmark.CekJavaBenchmark.bench
# Parameters: (file = escrow-redeem_2-2.flat)

# Run progress: 25.84% complete, ETA 00:11:14
# Fork: 1 of 1
Java HotSpot(TM) 64-Bit Server VM warning: -XX:ThreadPriorityPolicy=1 may require system level permission, e.g., being the root user. If the necessary permission is not possessed, changes to priority will be silently ignored.
WARNING: A terminally deprecated method in sun.misc.Unsafe has been called
WARNING: sun.misc.Unsafe::objectFieldOffset has been called by org.openjdk.jmh.util.Utils (file:/bench/julc/julc-benchmark-jmh.jar)
WARNING: Please consider reporting this to the maintainers of class org.openjdk.jmh.util.Utils
WARNING: sun.misc.Unsafe::objectFieldOffset will be removed in a future release
# Warmup Iteration   1: 375.491 us/op
Iteration   1: 342.498 us/op


Result "com.bloxbean.cardano.julc.benchmark.CekJavaBenchmark.bench":
  342.498 us/op


# JMH version: 1.36
# VM version: JDK 25.0.2, Java HotSpot(TM) 64-Bit Server VM, 25.0.2+10-LTS-jvmci-b01
# VM invoker: /opt/jdk-25/bin/java
# VM options: -XX:ThreadPriorityPolicy=1 -XX:+UnlockExperimentalVMOptions -XX:+EnableJVMCIProduct -XX:+EnableJVMCI -XX:-UnlockExperimentalVMOptions
# Blackhole mode: compiler (auto-detected, use -Djmh.blackhole.autoDetect=false to disable)
# Warmup: 1 iterations, 5 s each
# Measurement: 1 iterations, 5 s each
# Timeout: 10 min per iteration
# Threads: 1 thread, will synchronize iterations
# Benchmark mode: Average time, time/op
# Benchmark: com.bloxbean.cardano.julc.benchmark.CekJavaBenchmark.bench
# Parameters: (file = escrow-redeem_2-3.flat)

# Run progress: 26.97% complete, ETA 00:11:04
# Fork: 1 of 1
Java HotSpot(TM) 64-Bit Server VM warning: -XX:ThreadPriorityPolicy=1 may require system level permission, e.g., being the root user. If the necessary permission is not possessed, changes to priority will be silently ignored.
WARNING: A terminally deprecated method in sun.misc.Unsafe has been called
WARNING: sun.misc.Unsafe::objectFieldOffset has been called by org.openjdk.jmh.util.Utils (file:/bench/julc/julc-benchmark-jmh.jar)
WARNING: Please consider reporting this to the maintainers of class org.openjdk.jmh.util.Utils
WARNING: sun.misc.Unsafe::objectFieldOffset will be removed in a future release
# Warmup Iteration   1: 381.571 us/op
Iteration   1: 316.357 us/op


Result "com.bloxbean.cardano.julc.benchmark.CekJavaBenchmark.bench":
  316.357 us/op


# JMH version: 1.36
# VM version: JDK 25.0.2, Java HotSpot(TM) 64-Bit Server VM, 25.0.2+10-LTS-jvmci-b01
# VM invoker: /opt/jdk-25/bin/java
# VM options: -XX:ThreadPriorityPolicy=1 -XX:+UnlockExperimentalVMOptions -XX:+EnableJVMCIProduct -XX:+EnableJVMCI -XX:-UnlockExperimentalVMOptions
# Blackhole mode: compiler (auto-detected, use -Djmh.blackhole.autoDetect=false to disable)
# Warmup: 1 iterations, 5 s each
# Measurement: 1 iterations, 5 s each
# Timeout: 10 min per iteration
# Threads: 1 thread, will synchronize iterations
# Benchmark mode: Average time, time/op
# Benchmark: com.bloxbean.cardano.julc.benchmark.CekJavaBenchmark.bench
# Parameters: (file = escrow-refund-1.flat)

# Run progress: 28.09% complete, ETA 00:10:53
# Fork: 1 of 1
Java HotSpot(TM) 64-Bit Server VM warning: -XX:ThreadPriorityPolicy=1 may require system level permission, e.g., being the root user. If the necessary permission is not possessed, changes to priority will be silently ignored.
WARNING: A terminally deprecated method in sun.misc.Unsafe has been called
WARNING: sun.misc.Unsafe::objectFieldOffset has been called by org.openjdk.jmh.util.Utils (file:/bench/julc/julc-benchmark-jmh.jar)
WARNING: Please consider reporting this to the maintainers of class org.openjdk.jmh.util.Utils
WARNING: sun.misc.Unsafe::objectFieldOffset will be removed in a future release
# Warmup Iteration   1: 172.087 us/op
Iteration   1: 143.221 us/op


Result "com.bloxbean.cardano.julc.benchmark.CekJavaBenchmark.bench":
  143.221 us/op


# JMH version: 1.36
# VM version: JDK 25.0.2, Java HotSpot(TM) 64-Bit Server VM, 25.0.2+10-LTS-jvmci-b01
# VM invoker: /opt/jdk-25/bin/java
# VM options: -XX:ThreadPriorityPolicy=1 -XX:+UnlockExperimentalVMOptions -XX:+EnableJVMCIProduct -XX:+EnableJVMCI -XX:-UnlockExperimentalVMOptions
# Blackhole mode: compiler (auto-detected, use -Djmh.blackhole.autoDetect=false to disable)
# Warmup: 1 iterations, 5 s each
# Measurement: 1 iterations, 5 s each
# Timeout: 10 min per iteration
# Threads: 1 thread, will synchronize iterations
# Benchmark mode: Average time, time/op
# Benchmark: com.bloxbean.cardano.julc.benchmark.CekJavaBenchmark.bench
# Parameters: (file = future-increase-margin-1.flat)

# Run progress: 29.21% complete, ETA 00:10:43
# Fork: 1 of 1
Java HotSpot(TM) 64-Bit Server VM warning: -XX:ThreadPriorityPolicy=1 may require system level permission, e.g., being the root user. If the necessary permission is not possessed, changes to priority will be silently ignored.
WARNING: A terminally deprecated method in sun.misc.Unsafe has been called
WARNING: sun.misc.Unsafe::objectFieldOffset has been called by org.openjdk.jmh.util.Utils (file:/bench/julc/julc-benchmark-jmh.jar)
WARNING: Please consider reporting this to the maintainers of class org.openjdk.jmh.util.Utils
WARNING: sun.misc.Unsafe::objectFieldOffset will be removed in a future release
# Warmup Iteration   1: 297.156 us/op
Iteration   1: 196.132 us/op


Result "com.bloxbean.cardano.julc.benchmark.CekJavaBenchmark.bench":
  196.132 us/op


# JMH version: 1.36
# VM version: JDK 25.0.2, Java HotSpot(TM) 64-Bit Server VM, 25.0.2+10-LTS-jvmci-b01
# VM invoker: /opt/jdk-25/bin/java
# VM options: -XX:ThreadPriorityPolicy=1 -XX:+UnlockExperimentalVMOptions -XX:+EnableJVMCIProduct -XX:+EnableJVMCI -XX:-UnlockExperimentalVMOptions
# Blackhole mode: compiler (auto-detected, use -Djmh.blackhole.autoDetect=false to disable)
# Warmup: 1 iterations, 5 s each
# Measurement: 1 iterations, 5 s each
# Timeout: 10 min per iteration
# Threads: 1 thread, will synchronize iterations
# Benchmark mode: Average time, time/op
# Benchmark: com.bloxbean.cardano.julc.benchmark.CekJavaBenchmark.bench
# Parameters: (file = future-increase-margin-2.flat)

# Run progress: 30.34% complete, ETA 00:10:33
# Fork: 1 of 1
Java HotSpot(TM) 64-Bit Server VM warning: -XX:ThreadPriorityPolicy=1 may require system level permission, e.g., being the root user. If the necessary permission is not possessed, changes to priority will be silently ignored.
WARNING: A terminally deprecated method in sun.misc.Unsafe has been called
WARNING: sun.misc.Unsafe::objectFieldOffset has been called by org.openjdk.jmh.util.Utils (file:/bench/julc/julc-benchmark-jmh.jar)
WARNING: Please consider reporting this to the maintainers of class org.openjdk.jmh.util.Utils
WARNING: sun.misc.Unsafe::objectFieldOffset will be removed in a future release
# Warmup Iteration   1: 470.944 us/op
Iteration   1: 405.611 us/op


Result "com.bloxbean.cardano.julc.benchmark.CekJavaBenchmark.bench":
  405.611 us/op


# JMH version: 1.36
# VM version: JDK 25.0.2, Java HotSpot(TM) 64-Bit Server VM, 25.0.2+10-LTS-jvmci-b01
# VM invoker: /opt/jdk-25/bin/java
# VM options: -XX:ThreadPriorityPolicy=1 -XX:+UnlockExperimentalVMOptions -XX:+EnableJVMCIProduct -XX:+EnableJVMCI -XX:-UnlockExperimentalVMOptions
# Blackhole mode: compiler (auto-detected, use -Djmh.blackhole.autoDetect=false to disable)
# Warmup: 1 iterations, 5 s each
# Measurement: 1 iterations, 5 s each
# Timeout: 10 min per iteration
# Threads: 1 thread, will synchronize iterations
# Benchmark mode: Average time, time/op
# Benchmark: com.bloxbean.cardano.julc.benchmark.CekJavaBenchmark.bench
# Parameters: (file = future-increase-margin-3.flat)

# Run progress: 31.46% complete, ETA 00:10:23
# Fork: 1 of 1
Java HotSpot(TM) 64-Bit Server VM warning: -XX:ThreadPriorityPolicy=1 may require system level permission, e.g., being the root user. If the necessary permission is not possessed, changes to priority will be silently ignored.
WARNING: A terminally deprecated method in sun.misc.Unsafe has been called
WARNING: sun.misc.Unsafe::objectFieldOffset has been called by org.openjdk.jmh.util.Utils (file:/bench/julc/julc-benchmark-jmh.jar)
WARNING: Please consider reporting this to the maintainers of class org.openjdk.jmh.util.Utils
WARNING: sun.misc.Unsafe::objectFieldOffset will be removed in a future release
# Warmup Iteration   1: 448.935 us/op
Iteration   1: 404.891 us/op


Result "com.bloxbean.cardano.julc.benchmark.CekJavaBenchmark.bench":
  404.891 us/op


# JMH version: 1.36
# VM version: JDK 25.0.2, Java HotSpot(TM) 64-Bit Server VM, 25.0.2+10-LTS-jvmci-b01
# VM invoker: /opt/jdk-25/bin/java
# VM options: -XX:ThreadPriorityPolicy=1 -XX:+UnlockExperimentalVMOptions -XX:+EnableJVMCIProduct -XX:+EnableJVMCI -XX:-UnlockExperimentalVMOptions
# Blackhole mode: compiler (auto-detected, use -Djmh.blackhole.autoDetect=false to disable)
# Warmup: 1 iterations, 5 s each
# Measurement: 1 iterations, 5 s each
# Timeout: 10 min per iteration
# Threads: 1 thread, will synchronize iterations
# Benchmark mode: Average time, time/op
# Benchmark: com.bloxbean.cardano.julc.benchmark.CekJavaBenchmark.bench
# Parameters: (file = future-increase-margin-4.flat)

# Run progress: 32.58% complete, ETA 00:10:13
# Fork: 1 of 1
Java HotSpot(TM) 64-Bit Server VM warning: -XX:ThreadPriorityPolicy=1 may require system level permission, e.g., being the root user. If the necessary permission is not possessed, changes to priority will be silently ignored.
WARNING: A terminally deprecated method in sun.misc.Unsafe has been called
WARNING: sun.misc.Unsafe::objectFieldOffset has been called by org.openjdk.jmh.util.Utils (file:/bench/julc/julc-benchmark-jmh.jar)
WARNING: Please consider reporting this to the maintainers of class org.openjdk.jmh.util.Utils
WARNING: sun.misc.Unsafe::objectFieldOffset will be removed in a future release
# Warmup Iteration   1: 523.039 us/op
Iteration   1: 487.451 us/op


Result "com.bloxbean.cardano.julc.benchmark.CekJavaBenchmark.bench":
  487.451 us/op


# JMH version: 1.36
# VM version: JDK 25.0.2, Java HotSpot(TM) 64-Bit Server VM, 25.0.2+10-LTS-jvmci-b01
# VM invoker: /opt/jdk-25/bin/java
# VM options: -XX:ThreadPriorityPolicy=1 -XX:+UnlockExperimentalVMOptions -XX:+EnableJVMCIProduct -XX:+EnableJVMCI -XX:-UnlockExperimentalVMOptions
# Blackhole mode: compiler (auto-detected, use -Djmh.blackhole.autoDetect=false to disable)
# Warmup: 1 iterations, 5 s each
# Measurement: 1 iterations, 5 s each
# Timeout: 10 min per iteration
# Threads: 1 thread, will synchronize iterations
# Benchmark mode: Average time, time/op
# Benchmark: com.bloxbean.cardano.julc.benchmark.CekJavaBenchmark.bench
# Parameters: (file = future-increase-margin-5.flat)

# Run progress: 33.71% complete, ETA 00:10:02
# Fork: 1 of 1
Java HotSpot(TM) 64-Bit Server VM warning: -XX:ThreadPriorityPolicy=1 may require system level permission, e.g., being the root user. If the necessary permission is not possessed, changes to priority will be silently ignored.
WARNING: A terminally deprecated method in sun.misc.Unsafe has been called
WARNING: sun.misc.Unsafe::objectFieldOffset has been called by org.openjdk.jmh.util.Utils (file:/bench/julc/julc-benchmark-jmh.jar)
WARNING: Please consider reporting this to the maintainers of class org.openjdk.jmh.util.Utils
WARNING: sun.misc.Unsafe::objectFieldOffset will be removed in a future release
# Warmup Iteration   1: 801.189 us/op
Iteration   1: 713.029 us/op


Result "com.bloxbean.cardano.julc.benchmark.CekJavaBenchmark.bench":
  713.029 us/op


# JMH version: 1.36
# VM version: JDK 25.0.2, Java HotSpot(TM) 64-Bit Server VM, 25.0.2+10-LTS-jvmci-b01
# VM invoker: /opt/jdk-25/bin/java
# VM options: -XX:ThreadPriorityPolicy=1 -XX:+UnlockExperimentalVMOptions -XX:+EnableJVMCIProduct -XX:+EnableJVMCI -XX:-UnlockExperimentalVMOptions
# Blackhole mode: compiler (auto-detected, use -Djmh.blackhole.autoDetect=false to disable)
# Warmup: 1 iterations, 5 s each
# Measurement: 1 iterations, 5 s each
# Timeout: 10 min per iteration
# Threads: 1 thread, will synchronize iterations
# Benchmark mode: Average time, time/op
# Benchmark: com.bloxbean.cardano.julc.benchmark.CekJavaBenchmark.bench
# Parameters: (file = future-pay-out-1.flat)

# Run progress: 34.83% complete, ETA 00:09:52
# Fork: 1 of 1
Java HotSpot(TM) 64-Bit Server VM warning: -XX:ThreadPriorityPolicy=1 may require system level permission, e.g., being the root user. If the necessary permission is not possessed, changes to priority will be silently ignored.
WARNING: A terminally deprecated method in sun.misc.Unsafe has been called
WARNING: sun.misc.Unsafe::objectFieldOffset has been called by org.openjdk.jmh.util.Utils (file:/bench/julc/julc-benchmark-jmh.jar)
WARNING: Please consider reporting this to the maintainers of class org.openjdk.jmh.util.Utils
WARNING: sun.misc.Unsafe::objectFieldOffset will be removed in a future release
# Warmup Iteration   1: 240.365 us/op
Iteration   1: 197.741 us/op


Result "com.bloxbean.cardano.julc.benchmark.CekJavaBenchmark.bench":
  197.741 us/op


# JMH version: 1.36
# VM version: JDK 25.0.2, Java HotSpot(TM) 64-Bit Server VM, 25.0.2+10-LTS-jvmci-b01
# VM invoker: /opt/jdk-25/bin/java
# VM options: -XX:ThreadPriorityPolicy=1 -XX:+UnlockExperimentalVMOptions -XX:+EnableJVMCIProduct -XX:+EnableJVMCI -XX:-UnlockExperimentalVMOptions
# Blackhole mode: compiler (auto-detected, use -Djmh.blackhole.autoDetect=false to disable)
# Warmup: 1 iterations, 5 s each
# Measurement: 1 iterations, 5 s each
# Timeout: 10 min per iteration
# Threads: 1 thread, will synchronize iterations
# Benchmark mode: Average time, time/op
# Benchmark: com.bloxbean.cardano.julc.benchmark.CekJavaBenchmark.bench
# Parameters: (file = future-pay-out-2.flat)

# Run progress: 35.96% complete, ETA 00:09:42
# Fork: 1 of 1
Java HotSpot(TM) 64-Bit Server VM warning: -XX:ThreadPriorityPolicy=1 may require system level permission, e.g., being the root user. If the necessary permission is not possessed, changes to priority will be silently ignored.
WARNING: A terminally deprecated method in sun.misc.Unsafe has been called
WARNING: sun.misc.Unsafe::objectFieldOffset has been called by org.openjdk.jmh.util.Utils (file:/bench/julc/julc-benchmark-jmh.jar)
WARNING: Please consider reporting this to the maintainers of class org.openjdk.jmh.util.Utils
WARNING: sun.misc.Unsafe::objectFieldOffset will be removed in a future release
# Warmup Iteration   1: 512.527 us/op
Iteration   1: 401.386 us/op


Result "com.bloxbean.cardano.julc.benchmark.CekJavaBenchmark.bench":
  401.386 us/op


# JMH version: 1.36
# VM version: JDK 25.0.2, Java HotSpot(TM) 64-Bit Server VM, 25.0.2+10-LTS-jvmci-b01
# VM invoker: /opt/jdk-25/bin/java
# VM options: -XX:ThreadPriorityPolicy=1 -XX:+UnlockExperimentalVMOptions -XX:+EnableJVMCIProduct -XX:+EnableJVMCI -XX:-UnlockExperimentalVMOptions
# Blackhole mode: compiler (auto-detected, use -Djmh.blackhole.autoDetect=false to disable)
# Warmup: 1 iterations, 5 s each
# Measurement: 1 iterations, 5 s each
# Timeout: 10 min per iteration
# Threads: 1 thread, will synchronize iterations
# Benchmark mode: Average time, time/op
# Benchmark: com.bloxbean.cardano.julc.benchmark.CekJavaBenchmark.bench
# Parameters: (file = future-pay-out-3.flat)

# Run progress: 37.08% complete, ETA 00:09:32
# Fork: 1 of 1
Java HotSpot(TM) 64-Bit Server VM warning: -XX:ThreadPriorityPolicy=1 may require system level permission, e.g., being the root user. If the necessary permission is not possessed, changes to priority will be silently ignored.
WARNING: A terminally deprecated method in sun.misc.Unsafe has been called
WARNING: sun.misc.Unsafe::objectFieldOffset has been called by org.openjdk.jmh.util.Utils (file:/bench/julc/julc-benchmark-jmh.jar)
WARNING: Please consider reporting this to the maintainers of class org.openjdk.jmh.util.Utils
WARNING: sun.misc.Unsafe::objectFieldOffset will be removed in a future release
# Warmup Iteration   1: 470.508 us/op
Iteration   1: 408.053 us/op


Result "com.bloxbean.cardano.julc.benchmark.CekJavaBenchmark.bench":
  408.053 us/op


# JMH version: 1.36
# VM version: JDK 25.0.2, Java HotSpot(TM) 64-Bit Server VM, 25.0.2+10-LTS-jvmci-b01
# VM invoker: /opt/jdk-25/bin/java
# VM options: -XX:ThreadPriorityPolicy=1 -XX:+UnlockExperimentalVMOptions -XX:+EnableJVMCIProduct -XX:+EnableJVMCI -XX:-UnlockExperimentalVMOptions
# Blackhole mode: compiler (auto-detected, use -Djmh.blackhole.autoDetect=false to disable)
# Warmup: 1 iterations, 5 s each
# Measurement: 1 iterations, 5 s each
# Timeout: 10 min per iteration
# Threads: 1 thread, will synchronize iterations
# Benchmark mode: Average time, time/op
# Benchmark: com.bloxbean.cardano.julc.benchmark.CekJavaBenchmark.bench
# Parameters: (file = future-pay-out-4.flat)

# Run progress: 38.20% complete, ETA 00:09:21
# Fork: 1 of 1
Java HotSpot(TM) 64-Bit Server VM warning: -XX:ThreadPriorityPolicy=1 may require system level permission, e.g., being the root user. If the necessary permission is not possessed, changes to priority will be silently ignored.
WARNING: A terminally deprecated method in sun.misc.Unsafe has been called
WARNING: sun.misc.Unsafe::objectFieldOffset has been called by org.openjdk.jmh.util.Utils (file:/bench/julc/julc-benchmark-jmh.jar)
WARNING: Please consider reporting this to the maintainers of class org.openjdk.jmh.util.Utils
WARNING: sun.misc.Unsafe::objectFieldOffset will be removed in a future release
# Warmup Iteration   1: 798.584 us/op
Iteration   1: 715.566 us/op


Result "com.bloxbean.cardano.julc.benchmark.CekJavaBenchmark.bench":
  715.566 us/op


# JMH version: 1.36
# VM version: JDK 25.0.2, Java HotSpot(TM) 64-Bit Server VM, 25.0.2+10-LTS-jvmci-b01
# VM invoker: /opt/jdk-25/bin/java
# VM options: -XX:ThreadPriorityPolicy=1 -XX:+UnlockExperimentalVMOptions -XX:+EnableJVMCIProduct -XX:+EnableJVMCI -XX:-UnlockExperimentalVMOptions
# Blackhole mode: compiler (auto-detected, use -Djmh.blackhole.autoDetect=false to disable)
# Warmup: 1 iterations, 5 s each
# Measurement: 1 iterations, 5 s each
# Timeout: 10 min per iteration
# Threads: 1 thread, will synchronize iterations
# Benchmark mode: Average time, time/op
# Benchmark: com.bloxbean.cardano.julc.benchmark.CekJavaBenchmark.bench
# Parameters: (file = future-settle-early-1.flat)

# Run progress: 39.33% complete, ETA 00:09:11
# Fork: 1 of 1
Java HotSpot(TM) 64-Bit Server VM warning: -XX:ThreadPriorityPolicy=1 may require system level permission, e.g., being the root user. If the necessary permission is not possessed, changes to priority will be silently ignored.
WARNING: A terminally deprecated method in sun.misc.Unsafe has been called
WARNING: sun.misc.Unsafe::objectFieldOffset has been called by org.openjdk.jmh.util.Utils (file:/bench/julc/julc-benchmark-jmh.jar)
WARNING: Please consider reporting this to the maintainers of class org.openjdk.jmh.util.Utils
WARNING: sun.misc.Unsafe::objectFieldOffset will be removed in a future release
# Warmup Iteration   1: 245.300 us/op
Iteration   1: 220.575 us/op


Result "com.bloxbean.cardano.julc.benchmark.CekJavaBenchmark.bench":
  220.575 us/op


# JMH version: 1.36
# VM version: JDK 25.0.2, Java HotSpot(TM) 64-Bit Server VM, 25.0.2+10-LTS-jvmci-b01
# VM invoker: /opt/jdk-25/bin/java
# VM options: -XX:ThreadPriorityPolicy=1 -XX:+UnlockExperimentalVMOptions -XX:+EnableJVMCIProduct -XX:+EnableJVMCI -XX:-UnlockExperimentalVMOptions
# Blackhole mode: compiler (auto-detected, use -Djmh.blackhole.autoDetect=false to disable)
# Warmup: 1 iterations, 5 s each
# Measurement: 1 iterations, 5 s each
# Timeout: 10 min per iteration
# Threads: 1 thread, will synchronize iterations
# Benchmark mode: Average time, time/op
# Benchmark: com.bloxbean.cardano.julc.benchmark.CekJavaBenchmark.bench
# Parameters: (file = future-settle-early-2.flat)

# Run progress: 40.45% complete, ETA 00:09:01
# Fork: 1 of 1
Java HotSpot(TM) 64-Bit Server VM warning: -XX:ThreadPriorityPolicy=1 may require system level permission, e.g., being the root user. If the necessary permission is not possessed, changes to priority will be silently ignored.
WARNING: A terminally deprecated method in sun.misc.Unsafe has been called
WARNING: sun.misc.Unsafe::objectFieldOffset has been called by org.openjdk.jmh.util.Utils (file:/bench/julc/julc-benchmark-jmh.jar)
WARNING: Please consider reporting this to the maintainers of class org.openjdk.jmh.util.Utils
WARNING: sun.misc.Unsafe::objectFieldOffset will be removed in a future release
# Warmup Iteration   1: 497.189 us/op
Iteration   1: 397.596 us/op


Result "com.bloxbean.cardano.julc.benchmark.CekJavaBenchmark.bench":
  397.596 us/op


# JMH version: 1.36
# VM version: JDK 25.0.2, Java HotSpot(TM) 64-Bit Server VM, 25.0.2+10-LTS-jvmci-b01
# VM invoker: /opt/jdk-25/bin/java
# VM options: -XX:ThreadPriorityPolicy=1 -XX:+UnlockExperimentalVMOptions -XX:+EnableJVMCIProduct -XX:+EnableJVMCI -XX:-UnlockExperimentalVMOptions
# Blackhole mode: compiler (auto-detected, use -Djmh.blackhole.autoDetect=false to disable)
# Warmup: 1 iterations, 5 s each
# Measurement: 1 iterations, 5 s each
# Timeout: 10 min per iteration
# Threads: 1 thread, will synchronize iterations
# Benchmark mode: Average time, time/op
# Benchmark: com.bloxbean.cardano.julc.benchmark.CekJavaBenchmark.bench
# Parameters: (file = future-settle-early-3.flat)

# Run progress: 41.57% complete, ETA 00:08:51
# Fork: 1 of 1
Java HotSpot(TM) 64-Bit Server VM warning: -XX:ThreadPriorityPolicy=1 may require system level permission, e.g., being the root user. If the necessary permission is not possessed, changes to priority will be silently ignored.
WARNING: A terminally deprecated method in sun.misc.Unsafe has been called
WARNING: sun.misc.Unsafe::objectFieldOffset has been called by org.openjdk.jmh.util.Utils (file:/bench/julc/julc-benchmark-jmh.jar)
WARNING: Please consider reporting this to the maintainers of class org.openjdk.jmh.util.Utils
WARNING: sun.misc.Unsafe::objectFieldOffset will be removed in a future release
# Warmup Iteration   1: 468.648 us/op
Iteration   1: 405.998 us/op


Result "com.bloxbean.cardano.julc.benchmark.CekJavaBenchmark.bench":
  405.998 us/op


# JMH version: 1.36
# VM version: JDK 25.0.2, Java HotSpot(TM) 64-Bit Server VM, 25.0.2+10-LTS-jvmci-b01
# VM invoker: /opt/jdk-25/bin/java
# VM options: -XX:ThreadPriorityPolicy=1 -XX:+UnlockExperimentalVMOptions -XX:+EnableJVMCIProduct -XX:+EnableJVMCI -XX:-UnlockExperimentalVMOptions
# Blackhole mode: compiler (auto-detected, use -Djmh.blackhole.autoDetect=false to disable)
# Warmup: 1 iterations, 5 s each
# Measurement: 1 iterations, 5 s each
# Timeout: 10 min per iteration
# Threads: 1 thread, will synchronize iterations
# Benchmark mode: Average time, time/op
# Benchmark: com.bloxbean.cardano.julc.benchmark.CekJavaBenchmark.bench
# Parameters: (file = future-settle-early-4.flat)

# Run progress: 42.70% complete, ETA 00:08:40
# Fork: 1 of 1
Java HotSpot(TM) 64-Bit Server VM warning: -XX:ThreadPriorityPolicy=1 may require system level permission, e.g., being the root user. If the necessary permission is not possessed, changes to priority will be silently ignored.
WARNING: A terminally deprecated method in sun.misc.Unsafe has been called
WARNING: sun.misc.Unsafe::objectFieldOffset has been called by org.openjdk.jmh.util.Utils (file:/bench/julc/julc-benchmark-jmh.jar)
WARNING: Please consider reporting this to the maintainers of class org.openjdk.jmh.util.Utils
WARNING: sun.misc.Unsafe::objectFieldOffset will be removed in a future release
# Warmup Iteration   1: 786.921 us/op
Iteration   1: 555.702 us/op


Result "com.bloxbean.cardano.julc.benchmark.CekJavaBenchmark.bench":
  555.702 us/op


# JMH version: 1.36
# VM version: JDK 25.0.2, Java HotSpot(TM) 64-Bit Server VM, 25.0.2+10-LTS-jvmci-b01
# VM invoker: /opt/jdk-25/bin/java
# VM options: -XX:ThreadPriorityPolicy=1 -XX:+UnlockExperimentalVMOptions -XX:+EnableJVMCIProduct -XX:+EnableJVMCI -XX:-UnlockExperimentalVMOptions
# Blackhole mode: compiler (auto-detected, use -Djmh.blackhole.autoDetect=false to disable)
# Warmup: 1 iterations, 5 s each
# Measurement: 1 iterations, 5 s each
# Timeout: 10 min per iteration
# Threads: 1 thread, will synchronize iterations
# Benchmark mode: Average time, time/op
# Benchmark: com.bloxbean.cardano.julc.benchmark.CekJavaBenchmark.bench
# Parameters: (file = game-sm-success_1-1.flat)

# Run progress: 43.82% complete, ETA 00:08:30
# Fork: 1 of 1
Java HotSpot(TM) 64-Bit Server VM warning: -XX:ThreadPriorityPolicy=1 may require system level permission, e.g., being the root user. If the necessary permission is not possessed, changes to priority will be silently ignored.
WARNING: A terminally deprecated method in sun.misc.Unsafe has been called
WARNING: sun.misc.Unsafe::objectFieldOffset has been called by org.openjdk.jmh.util.Utils (file:/bench/julc/julc-benchmark-jmh.jar)
WARNING: Please consider reporting this to the maintainers of class org.openjdk.jmh.util.Utils
WARNING: sun.misc.Unsafe::objectFieldOffset will be removed in a future release
# Warmup Iteration   1: 398.654 us/op
Iteration   1: 335.863 us/op


Result "com.bloxbean.cardano.julc.benchmark.CekJavaBenchmark.bench":
  335.863 us/op


# JMH version: 1.36
# VM version: JDK 25.0.2, Java HotSpot(TM) 64-Bit Server VM, 25.0.2+10-LTS-jvmci-b01
# VM invoker: /opt/jdk-25/bin/java
# VM options: -XX:ThreadPriorityPolicy=1 -XX:+UnlockExperimentalVMOptions -XX:+EnableJVMCIProduct -XX:+EnableJVMCI -XX:-UnlockExperimentalVMOptions
# Blackhole mode: compiler (auto-detected, use -Djmh.blackhole.autoDetect=false to disable)
# Warmup: 1 iterations, 5 s each
# Measurement: 1 iterations, 5 s each
# Timeout: 10 min per iteration
# Threads: 1 thread, will synchronize iterations
# Benchmark mode: Average time, time/op
# Benchmark: com.bloxbean.cardano.julc.benchmark.CekJavaBenchmark.bench
# Parameters: (file = game-sm-success_1-2.flat)

# Run progress: 44.94% complete, ETA 00:08:20
# Fork: 1 of 1
Java HotSpot(TM) 64-Bit Server VM warning: -XX:ThreadPriorityPolicy=1 may require system level permission, e.g., being the root user. If the necessary permission is not possessed, changes to priority will be silently ignored.
WARNING: A terminally deprecated method in sun.misc.Unsafe has been called
WARNING: sun.misc.Unsafe::objectFieldOffset has been called by org.openjdk.jmh.util.Utils (file:/bench/julc/julc-benchmark-jmh.jar)
WARNING: Please consider reporting this to the maintainers of class org.openjdk.jmh.util.Utils
WARNING: sun.misc.Unsafe::objectFieldOffset will be removed in a future release
# Warmup Iteration   1: 207.023 us/op
Iteration   1: 169.212 us/op


Result "com.bloxbean.cardano.julc.benchmark.CekJavaBenchmark.bench":
  169.212 us/op


# JMH version: 1.36
# VM version: JDK 25.0.2, Java HotSpot(TM) 64-Bit Server VM, 25.0.2+10-LTS-jvmci-b01
# VM invoker: /opt/jdk-25/bin/java
# VM options: -XX:ThreadPriorityPolicy=1 -XX:+UnlockExperimentalVMOptions -XX:+EnableJVMCIProduct -XX:+EnableJVMCI -XX:-UnlockExperimentalVMOptions
# Blackhole mode: compiler (auto-detected, use -Djmh.blackhole.autoDetect=false to disable)
# Warmup: 1 iterations, 5 s each
# Measurement: 1 iterations, 5 s each
# Timeout: 10 min per iteration
# Threads: 1 thread, will synchronize iterations
# Benchmark mode: Average time, time/op
# Benchmark: com.bloxbean.cardano.julc.benchmark.CekJavaBenchmark.bench
# Parameters: (file = game-sm-success_1-3.flat)

# Run progress: 46.07% complete, ETA 00:08:10
# Fork: 1 of 1
Java HotSpot(TM) 64-Bit Server VM warning: -XX:ThreadPriorityPolicy=1 may require system level permission, e.g., being the root user. If the necessary permission is not possessed, changes to priority will be silently ignored.
WARNING: A terminally deprecated method in sun.misc.Unsafe has been called
WARNING: sun.misc.Unsafe::objectFieldOffset has been called by org.openjdk.jmh.util.Utils (file:/bench/julc/julc-benchmark-jmh.jar)
WARNING: Please consider reporting this to the maintainers of class org.openjdk.jmh.util.Utils
WARNING: sun.misc.Unsafe::objectFieldOffset will be removed in a future release
# Warmup Iteration   1: 690.472 us/op
Iteration   1: 544.898 us/op


Result "com.bloxbean.cardano.julc.benchmark.CekJavaBenchmark.bench":
  544.898 us/op


# JMH version: 1.36
# VM version: JDK 25.0.2, Java HotSpot(TM) 64-Bit Server VM, 25.0.2+10-LTS-jvmci-b01
# VM invoker: /opt/jdk-25/bin/java
# VM options: -XX:ThreadPriorityPolicy=1 -XX:+UnlockExperimentalVMOptions -XX:+EnableJVMCIProduct -XX:+EnableJVMCI -XX:-UnlockExperimentalVMOptions
# Blackhole mode: compiler (auto-detected, use -Djmh.blackhole.autoDetect=false to disable)
# Warmup: 1 iterations, 5 s each
# Measurement: 1 iterations, 5 s each
# Timeout: 10 min per iteration
# Threads: 1 thread, will synchronize iterations
# Benchmark mode: Average time, time/op
# Benchmark: com.bloxbean.cardano.julc.benchmark.CekJavaBenchmark.bench
# Parameters: (file = game-sm-success_1-4.flat)

# Run progress: 47.19% complete, ETA 00:08:00
# Fork: 1 of 1
Java HotSpot(TM) 64-Bit Server VM warning: -XX:ThreadPriorityPolicy=1 may require system level permission, e.g., being the root user. If the necessary permission is not possessed, changes to priority will be silently ignored.
WARNING: A terminally deprecated method in sun.misc.Unsafe has been called
WARNING: sun.misc.Unsafe::objectFieldOffset has been called by org.openjdk.jmh.util.Utils (file:/bench/julc/julc-benchmark-jmh.jar)
WARNING: Please consider reporting this to the maintainers of class org.openjdk.jmh.util.Utils
WARNING: sun.misc.Unsafe::objectFieldOffset will be removed in a future release
# Warmup Iteration   1: 226.603 us/op
Iteration   1: 192.384 us/op


Result "com.bloxbean.cardano.julc.benchmark.CekJavaBenchmark.bench":
  192.384 us/op


# JMH version: 1.36
# VM version: JDK 25.0.2, Java HotSpot(TM) 64-Bit Server VM, 25.0.2+10-LTS-jvmci-b01
# VM invoker: /opt/jdk-25/bin/java
# VM options: -XX:ThreadPriorityPolicy=1 -XX:+UnlockExperimentalVMOptions -XX:+EnableJVMCIProduct -XX:+EnableJVMCI -XX:-UnlockExperimentalVMOptions
# Blackhole mode: compiler (auto-detected, use -Djmh.blackhole.autoDetect=false to disable)
# Warmup: 1 iterations, 5 s each
# Measurement: 1 iterations, 5 s each
# Timeout: 10 min per iteration
# Threads: 1 thread, will synchronize iterations
# Benchmark mode: Average time, time/op
# Benchmark: com.bloxbean.cardano.julc.benchmark.CekJavaBenchmark.bench
# Parameters: (file = game-sm-success_2-1.flat)

# Run progress: 48.31% complete, ETA 00:07:49
# Fork: 1 of 1
Java HotSpot(TM) 64-Bit Server VM warning: -XX:ThreadPriorityPolicy=1 may require system level permission, e.g., being the root user. If the necessary permission is not possessed, changes to priority will be silently ignored.
WARNING: A terminally deprecated method in sun.misc.Unsafe has been called
WARNING: sun.misc.Unsafe::objectFieldOffset has been called by org.openjdk.jmh.util.Utils (file:/bench/julc/julc-benchmark-jmh.jar)
WARNING: Please consider reporting this to the maintainers of class org.openjdk.jmh.util.Utils
WARNING: sun.misc.Unsafe::objectFieldOffset will be removed in a future release
# Warmup Iteration   1: 444.489 us/op
Iteration   1: 349.776 us/op


Result "com.bloxbean.cardano.julc.benchmark.CekJavaBenchmark.bench":
  349.776 us/op


# JMH version: 1.36
# VM version: JDK 25.0.2, Java HotSpot(TM) 64-Bit Server VM, 25.0.2+10-LTS-jvmci-b01
# VM invoker: /opt/jdk-25/bin/java
# VM options: -XX:ThreadPriorityPolicy=1 -XX:+UnlockExperimentalVMOptions -XX:+EnableJVMCIProduct -XX:+EnableJVMCI -XX:-UnlockExperimentalVMOptions
# Blackhole mode: compiler (auto-detected, use -Djmh.blackhole.autoDetect=false to disable)
# Warmup: 1 iterations, 5 s each
# Measurement: 1 iterations, 5 s each
# Timeout: 10 min per iteration
# Threads: 1 thread, will synchronize iterations
# Benchmark mode: Average time, time/op
# Benchmark: com.bloxbean.cardano.julc.benchmark.CekJavaBenchmark.bench
# Parameters: (file = game-sm-success_2-2.flat)

# Run progress: 49.44% complete, ETA 00:07:39
# Fork: 1 of 1
Java HotSpot(TM) 64-Bit Server VM warning: -XX:ThreadPriorityPolicy=1 may require system level permission, e.g., being the root user. If the necessary permission is not possessed, changes to priority will be silently ignored.
WARNING: A terminally deprecated method in sun.misc.Unsafe has been called
WARNING: sun.misc.Unsafe::objectFieldOffset has been called by org.openjdk.jmh.util.Utils (file:/bench/julc/julc-benchmark-jmh.jar)
WARNING: Please consider reporting this to the maintainers of class org.openjdk.jmh.util.Utils
WARNING: sun.misc.Unsafe::objectFieldOffset will be removed in a future release
# Warmup Iteration   1: 212.507 us/op
Iteration   1: 166.392 us/op


Result "com.bloxbean.cardano.julc.benchmark.CekJavaBenchmark.bench":
  166.392 us/op


# JMH version: 1.36
# VM version: JDK 25.0.2, Java HotSpot(TM) 64-Bit Server VM, 25.0.2+10-LTS-jvmci-b01
# VM invoker: /opt/jdk-25/bin/java
# VM options: -XX:ThreadPriorityPolicy=1 -XX:+UnlockExperimentalVMOptions -XX:+EnableJVMCIProduct -XX:+EnableJVMCI -XX:-UnlockExperimentalVMOptions
# Blackhole mode: compiler (auto-detected, use -Djmh.blackhole.autoDetect=false to disable)
# Warmup: 1 iterations, 5 s each
# Measurement: 1 iterations, 5 s each
# Timeout: 10 min per iteration
# Threads: 1 thread, will synchronize iterations
# Benchmark mode: Average time, time/op
# Benchmark: com.bloxbean.cardano.julc.benchmark.CekJavaBenchmark.bench
# Parameters: (file = game-sm-success_2-3.flat)

# Run progress: 50.56% complete, ETA 00:07:29
# Fork: 1 of 1
Java HotSpot(TM) 64-Bit Server VM warning: -XX:ThreadPriorityPolicy=1 may require system level permission, e.g., being the root user. If the necessary permission is not possessed, changes to priority will be silently ignored.
WARNING: A terminally deprecated method in sun.misc.Unsafe has been called
WARNING: sun.misc.Unsafe::objectFieldOffset has been called by org.openjdk.jmh.util.Utils (file:/bench/julc/julc-benchmark-jmh.jar)
WARNING: Please consider reporting this to the maintainers of class org.openjdk.jmh.util.Utils
WARNING: sun.misc.Unsafe::objectFieldOffset will be removed in a future release
# Warmup Iteration   1: 653.578 us/op
Iteration   1: 502.958 us/op


Result "com.bloxbean.cardano.julc.benchmark.CekJavaBenchmark.bench":
  502.958 us/op


# JMH version: 1.36
# VM version: JDK 25.0.2, Java HotSpot(TM) 64-Bit Server VM, 25.0.2+10-LTS-jvmci-b01
# VM invoker: /opt/jdk-25/bin/java
# VM options: -XX:ThreadPriorityPolicy=1 -XX:+UnlockExperimentalVMOptions -XX:+EnableJVMCIProduct -XX:+EnableJVMCI -XX:-UnlockExperimentalVMOptions
# Blackhole mode: compiler (auto-detected, use -Djmh.blackhole.autoDetect=false to disable)
# Warmup: 1 iterations, 5 s each
# Measurement: 1 iterations, 5 s each
# Timeout: 10 min per iteration
# Threads: 1 thread, will synchronize iterations
# Benchmark mode: Average time, time/op
# Benchmark: com.bloxbean.cardano.julc.benchmark.CekJavaBenchmark.bench
# Parameters: (file = game-sm-success_2-4.flat)

# Run progress: 51.69% complete, ETA 00:07:19
# Fork: 1 of 1
Java HotSpot(TM) 64-Bit Server VM warning: -XX:ThreadPriorityPolicy=1 may require system level permission, e.g., being the root user. If the necessary permission is not possessed, changes to priority will be silently ignored.
WARNING: A terminally deprecated method in sun.misc.Unsafe has been called
WARNING: sun.misc.Unsafe::objectFieldOffset has been called by org.openjdk.jmh.util.Utils (file:/bench/julc/julc-benchmark-jmh.jar)
WARNING: Please consider reporting this to the maintainers of class org.openjdk.jmh.util.Utils
WARNING: sun.misc.Unsafe::objectFieldOffset will be removed in a future release
# Warmup Iteration   1: 229.644 us/op
Iteration   1: 187.246 us/op


Result "com.bloxbean.cardano.julc.benchmark.CekJavaBenchmark.bench":
  187.246 us/op


# JMH version: 1.36
# VM version: JDK 25.0.2, Java HotSpot(TM) 64-Bit Server VM, 25.0.2+10-LTS-jvmci-b01
# VM invoker: /opt/jdk-25/bin/java
# VM options: -XX:ThreadPriorityPolicy=1 -XX:+UnlockExperimentalVMOptions -XX:+EnableJVMCIProduct -XX:+EnableJVMCI -XX:-UnlockExperimentalVMOptions
# Blackhole mode: compiler (auto-detected, use -Djmh.blackhole.autoDetect=false to disable)
# Warmup: 1 iterations, 5 s each
# Measurement: 1 iterations, 5 s each
# Timeout: 10 min per iteration
# Threads: 1 thread, will synchronize iterations
# Benchmark mode: Average time, time/op
# Benchmark: com.bloxbean.cardano.julc.benchmark.CekJavaBenchmark.bench
# Parameters: (file = game-sm-success_2-5.flat)

# Run progress: 52.81% complete, ETA 00:07:09
# Fork: 1 of 1
Java HotSpot(TM) 64-Bit Server VM warning: -XX:ThreadPriorityPolicy=1 may require system level permission, e.g., being the root user. If the necessary permission is not possessed, changes to priority will be silently ignored.
WARNING: A terminally deprecated method in sun.misc.Unsafe has been called
WARNING: sun.misc.Unsafe::objectFieldOffset has been called by org.openjdk.jmh.util.Utils (file:/bench/julc/julc-benchmark-jmh.jar)
WARNING: Please consider reporting this to the maintainers of class org.openjdk.jmh.util.Utils
WARNING: sun.misc.Unsafe::objectFieldOffset will be removed in a future release
# Warmup Iteration   1: 745.109 us/op
Iteration   1: 505.623 us/op


Result "com.bloxbean.cardano.julc.benchmark.CekJavaBenchmark.bench":
  505.623 us/op


# JMH version: 1.36
# VM version: JDK 25.0.2, Java HotSpot(TM) 64-Bit Server VM, 25.0.2+10-LTS-jvmci-b01
# VM invoker: /opt/jdk-25/bin/java
# VM options: -XX:ThreadPriorityPolicy=1 -XX:+UnlockExperimentalVMOptions -XX:+EnableJVMCIProduct -XX:+EnableJVMCI -XX:-UnlockExperimentalVMOptions
# Blackhole mode: compiler (auto-detected, use -Djmh.blackhole.autoDetect=false to disable)
# Warmup: 1 iterations, 5 s each
# Measurement: 1 iterations, 5 s each
# Timeout: 10 min per iteration
# Threads: 1 thread, will synchronize iterations
# Benchmark mode: Average time, time/op
# Benchmark: com.bloxbean.cardano.julc.benchmark.CekJavaBenchmark.bench
# Parameters: (file = game-sm-success_2-6.flat)

# Run progress: 53.93% complete, ETA 00:06:58
# Fork: 1 of 1
Java HotSpot(TM) 64-Bit Server VM warning: -XX:ThreadPriorityPolicy=1 may require system level permission, e.g., being the root user. If the necessary permission is not possessed, changes to priority will be silently ignored.
WARNING: A terminally deprecated method in sun.misc.Unsafe has been called
WARNING: sun.misc.Unsafe::objectFieldOffset has been called by org.openjdk.jmh.util.Utils (file:/bench/julc/julc-benchmark-jmh.jar)
WARNING: Please consider reporting this to the maintainers of class org.openjdk.jmh.util.Utils
WARNING: sun.misc.Unsafe::objectFieldOffset will be removed in a future release
# Warmup Iteration   1: 235.659 us/op
Iteration   1: 191.750 us/op


Result "com.bloxbean.cardano.julc.benchmark.CekJavaBenchmark.bench":
  191.750 us/op


# JMH version: 1.36
# VM version: JDK 25.0.2, Java HotSpot(TM) 64-Bit Server VM, 25.0.2+10-LTS-jvmci-b01
# VM invoker: /opt/jdk-25/bin/java
# VM options: -XX:ThreadPriorityPolicy=1 -XX:+UnlockExperimentalVMOptions -XX:+EnableJVMCIProduct -XX:+EnableJVMCI -XX:-UnlockExperimentalVMOptions
# Blackhole mode: compiler (auto-detected, use -Djmh.blackhole.autoDetect=false to disable)
# Warmup: 1 iterations, 5 s each
# Measurement: 1 iterations, 5 s each
# Timeout: 10 min per iteration
# Threads: 1 thread, will synchronize iterations
# Benchmark mode: Average time, time/op
# Benchmark: com.bloxbean.cardano.julc.benchmark.CekJavaBenchmark.bench
# Parameters: (file = guardrail-sorted-large.flat)

# Run progress: 55.06% complete, ETA 00:06:48
# Fork: 1 of 1
Java HotSpot(TM) 64-Bit Server VM warning: -XX:ThreadPriorityPolicy=1 may require system level permission, e.g., being the root user. If the necessary permission is not possessed, changes to priority will be silently ignored.
WARNING: A terminally deprecated method in sun.misc.Unsafe has been called
WARNING: sun.misc.Unsafe::objectFieldOffset has been called by org.openjdk.jmh.util.Utils (file:/bench/julc/julc-benchmark-jmh.jar)
WARNING: Please consider reporting this to the maintainers of class org.openjdk.jmh.util.Utils
WARNING: sun.misc.Unsafe::objectFieldOffset will be removed in a future release
# Warmup Iteration   1: 17.793 us/op
Iteration   1: 18.946 us/op


Result "com.bloxbean.cardano.julc.benchmark.CekJavaBenchmark.bench":
  18.946 us/op


# JMH version: 1.36
# VM version: JDK 25.0.2, Java HotSpot(TM) 64-Bit Server VM, 25.0.2+10-LTS-jvmci-b01
# VM invoker: /opt/jdk-25/bin/java
# VM options: -XX:ThreadPriorityPolicy=1 -XX:+UnlockExperimentalVMOptions -XX:+EnableJVMCIProduct -XX:+EnableJVMCI -XX:-UnlockExperimentalVMOptions
# Blackhole mode: compiler (auto-detected, use -Djmh.blackhole.autoDetect=false to disable)
# Warmup: 1 iterations, 5 s each
# Measurement: 1 iterations, 5 s each
# Timeout: 10 min per iteration
# Threads: 1 thread, will synchronize iterations
# Benchmark mode: Average time, time/op
# Benchmark: com.bloxbean.cardano.julc.benchmark.CekJavaBenchmark.bench
# Parameters: (file = guardrail-sorted-small.flat)

# Run progress: 56.18% complete, ETA 00:06:38
# Fork: 1 of 1
Java HotSpot(TM) 64-Bit Server VM warning: -XX:ThreadPriorityPolicy=1 may require system level permission, e.g., being the root user. If the necessary permission is not possessed, changes to priority will be silently ignored.
WARNING: A terminally deprecated method in sun.misc.Unsafe has been called
WARNING: sun.misc.Unsafe::objectFieldOffset has been called by org.openjdk.jmh.util.Utils (file:/bench/julc/julc-benchmark-jmh.jar)
WARNING: Please consider reporting this to the maintainers of class org.openjdk.jmh.util.Utils
WARNING: sun.misc.Unsafe::objectFieldOffset will be removed in a future release
# Warmup Iteration   1: 17.484 us/op
Iteration   1: 16.059 us/op


Result "com.bloxbean.cardano.julc.benchmark.CekJavaBenchmark.bench":
  16.059 us/op


# JMH version: 1.36
# VM version: JDK 25.0.2, Java HotSpot(TM) 64-Bit Server VM, 25.0.2+10-LTS-jvmci-b01
# VM invoker: /opt/jdk-25/bin/java
# VM options: -XX:ThreadPriorityPolicy=1 -XX:+UnlockExperimentalVMOptions -XX:+EnableJVMCIProduct -XX:+EnableJVMCI -XX:-UnlockExperimentalVMOptions
# Blackhole mode: compiler (auto-detected, use -Djmh.blackhole.autoDetect=false to disable)
# Warmup: 1 iterations, 5 s each
# Measurement: 1 iterations, 5 s each
# Timeout: 10 min per iteration
# Threads: 1 thread, will synchronize iterations
# Benchmark mode: Average time, time/op
# Benchmark: com.bloxbean.cardano.julc.benchmark.CekJavaBenchmark.bench
# Parameters: (file = guardrail-unsorted-large.flat)

# Run progress: 57.30% complete, ETA 00:06:28
# Fork: 1 of 1
Java HotSpot(TM) 64-Bit Server VM warning: -XX:ThreadPriorityPolicy=1 may require system level permission, e.g., being the root user. If the necessary permission is not possessed, changes to priority will be silently ignored.
WARNING: A terminally deprecated method in sun.misc.Unsafe has been called
WARNING: sun.misc.Unsafe::objectFieldOffset has been called by org.openjdk.jmh.util.Utils (file:/bench/julc/julc-benchmark-jmh.jar)
WARNING: Please consider reporting this to the maintainers of class org.openjdk.jmh.util.Utils
WARNING: sun.misc.Unsafe::objectFieldOffset will be removed in a future release
# Warmup Iteration   1: 17.461 us/op
Iteration   1: 16.268 us/op


Result "com.bloxbean.cardano.julc.benchmark.CekJavaBenchmark.bench":
  16.268 us/op


# JMH version: 1.36
# VM version: JDK 25.0.2, Java HotSpot(TM) 64-Bit Server VM, 25.0.2+10-LTS-jvmci-b01
# VM invoker: /opt/jdk-25/bin/java
# VM options: -XX:ThreadPriorityPolicy=1 -XX:+UnlockExperimentalVMOptions -XX:+EnableJVMCIProduct -XX:+EnableJVMCI -XX:-UnlockExperimentalVMOptions
# Blackhole mode: compiler (auto-detected, use -Djmh.blackhole.autoDetect=false to disable)
# Warmup: 1 iterations, 5 s each
# Measurement: 1 iterations, 5 s each
# Timeout: 10 min per iteration
# Threads: 1 thread, will synchronize iterations
# Benchmark mode: Average time, time/op
# Benchmark: com.bloxbean.cardano.julc.benchmark.CekJavaBenchmark.bench
# Parameters: (file = guardrail-unsorted-small.flat)

# Run progress: 58.43% complete, ETA 00:06:17
# Fork: 1 of 1
Java HotSpot(TM) 64-Bit Server VM warning: -XX:ThreadPriorityPolicy=1 may require system level permission, e.g., being the root user. If the necessary permission is not possessed, changes to priority will be silently ignored.
WARNING: A terminally deprecated method in sun.misc.Unsafe has been called
WARNING: sun.misc.Unsafe::objectFieldOffset has been called by org.openjdk.jmh.util.Utils (file:/bench/julc/julc-benchmark-jmh.jar)
WARNING: Please consider reporting this to the maintainers of class org.openjdk.jmh.util.Utils
WARNING: sun.misc.Unsafe::objectFieldOffset will be removed in a future release
# Warmup Iteration   1: 17.170 us/op
Iteration   1: 15.782 us/op


Result "com.bloxbean.cardano.julc.benchmark.CekJavaBenchmark.bench":
  15.782 us/op


# JMH version: 1.36
# VM version: JDK 25.0.2, Java HotSpot(TM) 64-Bit Server VM, 25.0.2+10-LTS-jvmci-b01
# VM invoker: /opt/jdk-25/bin/java
# VM options: -XX:ThreadPriorityPolicy=1 -XX:+UnlockExperimentalVMOptions -XX:+EnableJVMCIProduct -XX:+EnableJVMCI -XX:-UnlockExperimentalVMOptions
# Blackhole mode: compiler (auto-detected, use -Djmh.blackhole.autoDetect=false to disable)
# Warmup: 1 iterations, 5 s each
# Measurement: 1 iterations, 5 s each
# Timeout: 10 min per iteration
# Threads: 1 thread, will synchronize iterations
# Benchmark mode: Average time, time/op
# Benchmark: com.bloxbean.cardano.julc.benchmark.CekJavaBenchmark.bench
# Parameters: (file = multisig-sm-01.flat)

# Run progress: 59.55% complete, ETA 00:06:07
# Fork: 1 of 1
Java HotSpot(TM) 64-Bit Server VM warning: -XX:ThreadPriorityPolicy=1 may require system level permission, e.g., being the root user. If the necessary permission is not possessed, changes to priority will be silently ignored.
WARNING: A terminally deprecated method in sun.misc.Unsafe has been called
WARNING: sun.misc.Unsafe::objectFieldOffset has been called by org.openjdk.jmh.util.Utils (file:/bench/julc/julc-benchmark-jmh.jar)
WARNING: Please consider reporting this to the maintainers of class org.openjdk.jmh.util.Utils
WARNING: sun.misc.Unsafe::objectFieldOffset will be removed in a future release
# Warmup Iteration   1: 487.772 us/op
Iteration   1: 359.418 us/op


Result "com.bloxbean.cardano.julc.benchmark.CekJavaBenchmark.bench":
  359.418 us/op


# JMH version: 1.36
# VM version: JDK 25.0.2, Java HotSpot(TM) 64-Bit Server VM, 25.0.2+10-LTS-jvmci-b01
# VM invoker: /opt/jdk-25/bin/java
# VM options: -XX:ThreadPriorityPolicy=1 -XX:+UnlockExperimentalVMOptions -XX:+EnableJVMCIProduct -XX:+EnableJVMCI -XX:-UnlockExperimentalVMOptions
# Blackhole mode: compiler (auto-detected, use -Djmh.blackhole.autoDetect=false to disable)
# Warmup: 1 iterations, 5 s each
# Measurement: 1 iterations, 5 s each
# Timeout: 10 min per iteration
# Threads: 1 thread, will synchronize iterations
# Benchmark mode: Average time, time/op
# Benchmark: com.bloxbean.cardano.julc.benchmark.CekJavaBenchmark.bench
# Parameters: (file = multisig-sm-02.flat)

# Run progress: 60.67% complete, ETA 00:05:57
# Fork: 1 of 1
Java HotSpot(TM) 64-Bit Server VM warning: -XX:ThreadPriorityPolicy=1 may require system level permission, e.g., being the root user. If the necessary permission is not possessed, changes to priority will be silently ignored.
WARNING: A terminally deprecated method in sun.misc.Unsafe has been called
WARNING: sun.misc.Unsafe::objectFieldOffset has been called by org.openjdk.jmh.util.Utils (file:/bench/julc/julc-benchmark-jmh.jar)
WARNING: Please consider reporting this to the maintainers of class org.openjdk.jmh.util.Utils
WARNING: sun.misc.Unsafe::objectFieldOffset will be removed in a future release
# Warmup Iteration   1: 420.283 us/op
Iteration   1: 347.814 us/op


Result "com.bloxbean.cardano.julc.benchmark.CekJavaBenchmark.bench":
  347.814 us/op


# JMH version: 1.36
# VM version: JDK 25.0.2, Java HotSpot(TM) 64-Bit Server VM, 25.0.2+10-LTS-jvmci-b01
# VM invoker: /opt/jdk-25/bin/java
# VM options: -XX:ThreadPriorityPolicy=1 -XX:+UnlockExperimentalVMOptions -XX:+EnableJVMCIProduct -XX:+EnableJVMCI -XX:-UnlockExperimentalVMOptions
# Blackhole mode: compiler (auto-detected, use -Djmh.blackhole.autoDetect=false to disable)
# Warmup: 1 iterations, 5 s each
# Measurement: 1 iterations, 5 s each
# Timeout: 10 min per iteration
# Threads: 1 thread, will synchronize iterations
# Benchmark mode: Average time, time/op
# Benchmark: com.bloxbean.cardano.julc.benchmark.CekJavaBenchmark.bench
# Parameters: (file = multisig-sm-03.flat)

# Run progress: 61.80% complete, ETA 00:05:47
# Fork: 1 of 1
Java HotSpot(TM) 64-Bit Server VM warning: -XX:ThreadPriorityPolicy=1 may require system level permission, e.g., being the root user. If the necessary permission is not possessed, changes to priority will be silently ignored.
WARNING: A terminally deprecated method in sun.misc.Unsafe has been called
WARNING: sun.misc.Unsafe::objectFieldOffset has been called by org.openjdk.jmh.util.Utils (file:/bench/julc/julc-benchmark-jmh.jar)
WARNING: Please consider reporting this to the maintainers of class org.openjdk.jmh.util.Utils
WARNING: sun.misc.Unsafe::objectFieldOffset will be removed in a future release
# Warmup Iteration   1: 416.042 us/op
Iteration   1: 391.376 us/op


Result "com.bloxbean.cardano.julc.benchmark.CekJavaBenchmark.bench":
  391.376 us/op


# JMH version: 1.36
# VM version: JDK 25.0.2, Java HotSpot(TM) 64-Bit Server VM, 25.0.2+10-LTS-jvmci-b01
# VM invoker: /opt/jdk-25/bin/java
# VM options: -XX:ThreadPriorityPolicy=1 -XX:+UnlockExperimentalVMOptions -XX:+EnableJVMCIProduct -XX:+EnableJVMCI -XX:-UnlockExperimentalVMOptions
# Blackhole mode: compiler (auto-detected, use -Djmh.blackhole.autoDetect=false to disable)
# Warmup: 1 iterations, 5 s each
# Measurement: 1 iterations, 5 s each
# Timeout: 10 min per iteration
# Threads: 1 thread, will synchronize iterations
# Benchmark mode: Average time, time/op
# Benchmark: com.bloxbean.cardano.julc.benchmark.CekJavaBenchmark.bench
# Parameters: (file = multisig-sm-04.flat)

# Run progress: 62.92% complete, ETA 00:05:37
# Fork: 1 of 1
Java HotSpot(TM) 64-Bit Server VM warning: -XX:ThreadPriorityPolicy=1 may require system level permission, e.g., being the root user. If the necessary permission is not possessed, changes to priority will be silently ignored.
WARNING: A terminally deprecated method in sun.misc.Unsafe has been called
WARNING: sun.misc.Unsafe::objectFieldOffset has been called by org.openjdk.jmh.util.Utils (file:/bench/julc/julc-benchmark-jmh.jar)
WARNING: Please consider reporting this to the maintainers of class org.openjdk.jmh.util.Utils
WARNING: sun.misc.Unsafe::objectFieldOffset will be removed in a future release
# Warmup Iteration   1: 415.301 us/op
Iteration   1: 346.600 us/op


Result "com.bloxbean.cardano.julc.benchmark.CekJavaBenchmark.bench":
  346.600 us/op


# JMH version: 1.36
# VM version: JDK 25.0.2, Java HotSpot(TM) 64-Bit Server VM, 25.0.2+10-LTS-jvmci-b01
# VM invoker: /opt/jdk-25/bin/java
# VM options: -XX:ThreadPriorityPolicy=1 -XX:+UnlockExperimentalVMOptions -XX:+EnableJVMCIProduct -XX:+EnableJVMCI -XX:-UnlockExperimentalVMOptions
# Blackhole mode: compiler (auto-detected, use -Djmh.blackhole.autoDetect=false to disable)
# Warmup: 1 iterations, 5 s each
# Measurement: 1 iterations, 5 s each
# Timeout: 10 min per iteration
# Threads: 1 thread, will synchronize iterations
# Benchmark mode: Average time, time/op
# Benchmark: com.bloxbean.cardano.julc.benchmark.CekJavaBenchmark.bench
# Parameters: (file = multisig-sm-05.flat)

# Run progress: 64.04% complete, ETA 00:05:26
# Fork: 1 of 1
Java HotSpot(TM) 64-Bit Server VM warning: -XX:ThreadPriorityPolicy=1 may require system level permission, e.g., being the root user. If the necessary permission is not possessed, changes to priority will be silently ignored.
WARNING: A terminally deprecated method in sun.misc.Unsafe has been called
WARNING: sun.misc.Unsafe::objectFieldOffset has been called by org.openjdk.jmh.util.Utils (file:/bench/julc/julc-benchmark-jmh.jar)
WARNING: Please consider reporting this to the maintainers of class org.openjdk.jmh.util.Utils
WARNING: sun.misc.Unsafe::objectFieldOffset will be removed in a future release
# Warmup Iteration   1: 608.814 us/op
Iteration   1: 474.326 us/op


Result "com.bloxbean.cardano.julc.benchmark.CekJavaBenchmark.bench":
  474.326 us/op


# JMH version: 1.36
# VM version: JDK 25.0.2, Java HotSpot(TM) 64-Bit Server VM, 25.0.2+10-LTS-jvmci-b01
# VM invoker: /opt/jdk-25/bin/java
# VM options: -XX:ThreadPriorityPolicy=1 -XX:+UnlockExperimentalVMOptions -XX:+EnableJVMCIProduct -XX:+EnableJVMCI -XX:-UnlockExperimentalVMOptions
# Blackhole mode: compiler (auto-detected, use -Djmh.blackhole.autoDetect=false to disable)
# Warmup: 1 iterations, 5 s each
# Measurement: 1 iterations, 5 s each
# Timeout: 10 min per iteration
# Threads: 1 thread, will synchronize iterations
# Benchmark mode: Average time, time/op
# Benchmark: com.bloxbean.cardano.julc.benchmark.CekJavaBenchmark.bench
# Parameters: (file = multisig-sm-06.flat)

# Run progress: 65.17% complete, ETA 00:05:16
# Fork: 1 of 1
Java HotSpot(TM) 64-Bit Server VM warning: -XX:ThreadPriorityPolicy=1 may require system level permission, e.g., being the root user. If the necessary permission is not possessed, changes to priority will be silently ignored.
WARNING: A terminally deprecated method in sun.misc.Unsafe has been called
WARNING: sun.misc.Unsafe::objectFieldOffset has been called by org.openjdk.jmh.util.Utils (file:/bench/julc/julc-benchmark-jmh.jar)
WARNING: Please consider reporting this to the maintainers of class org.openjdk.jmh.util.Utils
WARNING: sun.misc.Unsafe::objectFieldOffset will be removed in a future release
# Warmup Iteration   1: 431.172 us/op
Iteration   1: 362.232 us/op


Result "com.bloxbean.cardano.julc.benchmark.CekJavaBenchmark.bench":
  362.232 us/op


# JMH version: 1.36
# VM version: JDK 25.0.2, Java HotSpot(TM) 64-Bit Server VM, 25.0.2+10-LTS-jvmci-b01
# VM invoker: /opt/jdk-25/bin/java
# VM options: -XX:ThreadPriorityPolicy=1 -XX:+UnlockExperimentalVMOptions -XX:+EnableJVMCIProduct -XX:+EnableJVMCI -XX:-UnlockExperimentalVMOptions
# Blackhole mode: compiler (auto-detected, use -Djmh.blackhole.autoDetect=false to disable)
# Warmup: 1 iterations, 5 s each
# Measurement: 1 iterations, 5 s each
# Timeout: 10 min per iteration
# Threads: 1 thread, will synchronize iterations
# Benchmark mode: Average time, time/op
# Benchmark: com.bloxbean.cardano.julc.benchmark.CekJavaBenchmark.bench
# Parameters: (file = multisig-sm-07.flat)

# Run progress: 66.29% complete, ETA 00:05:06
# Fork: 1 of 1
Java HotSpot(TM) 64-Bit Server VM warning: -XX:ThreadPriorityPolicy=1 may require system level permission, e.g., being the root user. If the necessary permission is not possessed, changes to priority will be silently ignored.
WARNING: A terminally deprecated method in sun.misc.Unsafe has been called
WARNING: sun.misc.Unsafe::objectFieldOffset has been called by org.openjdk.jmh.util.Utils (file:/bench/julc/julc-benchmark-jmh.jar)
WARNING: Please consider reporting this to the maintainers of class org.openjdk.jmh.util.Utils
WARNING: sun.misc.Unsafe::objectFieldOffset will be removed in a future release
# Warmup Iteration   1: 467.845 us/op
Iteration   1: 342.982 us/op


Result "com.bloxbean.cardano.julc.benchmark.CekJavaBenchmark.bench":
  342.982 us/op


# JMH version: 1.36
# VM version: JDK 25.0.2, Java HotSpot(TM) 64-Bit Server VM, 25.0.2+10-LTS-jvmci-b01
# VM invoker: /opt/jdk-25/bin/java
# VM options: -XX:ThreadPriorityPolicy=1 -XX:+UnlockExperimentalVMOptions -XX:+EnableJVMCIProduct -XX:+EnableJVMCI -XX:-UnlockExperimentalVMOptions
# Blackhole mode: compiler (auto-detected, use -Djmh.blackhole.autoDetect=false to disable)
# Warmup: 1 iterations, 5 s each
# Measurement: 1 iterations, 5 s each
# Timeout: 10 min per iteration
# Threads: 1 thread, will synchronize iterations
# Benchmark mode: Average time, time/op
# Benchmark: com.bloxbean.cardano.julc.benchmark.CekJavaBenchmark.bench
# Parameters: (file = multisig-sm-08.flat)

# Run progress: 67.42% complete, ETA 00:04:56
# Fork: 1 of 1
Java HotSpot(TM) 64-Bit Server VM warning: -XX:ThreadPriorityPolicy=1 may require system level permission, e.g., being the root user. If the necessary permission is not possessed, changes to priority will be silently ignored.
WARNING: A terminally deprecated method in sun.misc.Unsafe has been called
WARNING: sun.misc.Unsafe::objectFieldOffset has been called by org.openjdk.jmh.util.Utils (file:/bench/julc/julc-benchmark-jmh.jar)
WARNING: Please consider reporting this to the maintainers of class org.openjdk.jmh.util.Utils
WARNING: sun.misc.Unsafe::objectFieldOffset will be removed in a future release
# Warmup Iteration   1: 433.539 us/op
Iteration   1: 350.341 us/op


Result "com.bloxbean.cardano.julc.benchmark.CekJavaBenchmark.bench":
  350.341 us/op


# JMH version: 1.36
# VM version: JDK 25.0.2, Java HotSpot(TM) 64-Bit Server VM, 25.0.2+10-LTS-jvmci-b01
# VM invoker: /opt/jdk-25/bin/java
# VM options: -XX:ThreadPriorityPolicy=1 -XX:+UnlockExperimentalVMOptions -XX:+EnableJVMCIProduct -XX:+EnableJVMCI -XX:-UnlockExperimentalVMOptions
# Blackhole mode: compiler (auto-detected, use -Djmh.blackhole.autoDetect=false to disable)
# Warmup: 1 iterations, 5 s each
# Measurement: 1 iterations, 5 s each
# Timeout: 10 min per iteration
# Threads: 1 thread, will synchronize iterations
# Benchmark mode: Average time, time/op
# Benchmark: com.bloxbean.cardano.julc.benchmark.CekJavaBenchmark.bench
# Parameters: (file = multisig-sm-09.flat)

# Run progress: 68.54% complete, ETA 00:04:45
# Fork: 1 of 1
Java HotSpot(TM) 64-Bit Server VM warning: -XX:ThreadPriorityPolicy=1 may require system level permission, e.g., being the root user. If the necessary permission is not possessed, changes to priority will be silently ignored.
WARNING: A terminally deprecated method in sun.misc.Unsafe has been called
WARNING: sun.misc.Unsafe::objectFieldOffset has been called by org.openjdk.jmh.util.Utils (file:/bench/julc/julc-benchmark-jmh.jar)
WARNING: Please consider reporting this to the maintainers of class org.openjdk.jmh.util.Utils
WARNING: sun.misc.Unsafe::objectFieldOffset will be removed in a future release
# Warmup Iteration   1: 421.774 us/op
Iteration   1: 390.339 us/op


Result "com.bloxbean.cardano.julc.benchmark.CekJavaBenchmark.bench":
  390.339 us/op


# JMH version: 1.36
# VM version: JDK 25.0.2, Java HotSpot(TM) 64-Bit Server VM, 25.0.2+10-LTS-jvmci-b01
# VM invoker: /opt/jdk-25/bin/java
# VM options: -XX:ThreadPriorityPolicy=1 -XX:+UnlockExperimentalVMOptions -XX:+EnableJVMCIProduct -XX:+EnableJVMCI -XX:-UnlockExperimentalVMOptions
# Blackhole mode: compiler (auto-detected, use -Djmh.blackhole.autoDetect=false to disable)
# Warmup: 1 iterations, 5 s each
# Measurement: 1 iterations, 5 s each
# Timeout: 10 min per iteration
# Threads: 1 thread, will synchronize iterations
# Benchmark mode: Average time, time/op
# Benchmark: com.bloxbean.cardano.julc.benchmark.CekJavaBenchmark.bench
# Parameters: (file = multisig-sm-10.flat)

# Run progress: 69.66% complete, ETA 00:04:35
# Fork: 1 of 1
Java HotSpot(TM) 64-Bit Server VM warning: -XX:ThreadPriorityPolicy=1 may require system level permission, e.g., being the root user. If the necessary permission is not possessed, changes to priority will be silently ignored.
WARNING: A terminally deprecated method in sun.misc.Unsafe has been called
WARNING: sun.misc.Unsafe::objectFieldOffset has been called by org.openjdk.jmh.util.Utils (file:/bench/julc/julc-benchmark-jmh.jar)
WARNING: Please consider reporting this to the maintainers of class org.openjdk.jmh.util.Utils
WARNING: sun.misc.Unsafe::objectFieldOffset will be removed in a future release
# Warmup Iteration   1: 532.519 us/op
Iteration   1: 481.576 us/op


Result "com.bloxbean.cardano.julc.benchmark.CekJavaBenchmark.bench":
  481.576 us/op


# JMH version: 1.36
# VM version: JDK 25.0.2, Java HotSpot(TM) 64-Bit Server VM, 25.0.2+10-LTS-jvmci-b01
# VM invoker: /opt/jdk-25/bin/java
# VM options: -XX:ThreadPriorityPolicy=1 -XX:+UnlockExperimentalVMOptions -XX:+EnableJVMCIProduct -XX:+EnableJVMCI -XX:-UnlockExperimentalVMOptions
# Blackhole mode: compiler (auto-detected, use -Djmh.blackhole.autoDetect=false to disable)
# Warmup: 1 iterations, 5 s each
# Measurement: 1 iterations, 5 s each
# Timeout: 10 min per iteration
# Threads: 1 thread, will synchronize iterations
# Benchmark mode: Average time, time/op
# Benchmark: com.bloxbean.cardano.julc.benchmark.CekJavaBenchmark.bench
# Parameters: (file = ping-pong-1.flat)

# Run progress: 70.79% complete, ETA 00:04:25
# Fork: 1 of 1
Java HotSpot(TM) 64-Bit Server VM warning: -XX:ThreadPriorityPolicy=1 may require system level permission, e.g., being the root user. If the necessary permission is not possessed, changes to priority will be silently ignored.
WARNING: A terminally deprecated method in sun.misc.Unsafe has been called
WARNING: sun.misc.Unsafe::objectFieldOffset has been called by org.openjdk.jmh.util.Utils (file:/bench/julc/julc-benchmark-jmh.jar)
WARNING: Please consider reporting this to the maintainers of class org.openjdk.jmh.util.Utils
WARNING: sun.misc.Unsafe::objectFieldOffset will be removed in a future release
# Warmup Iteration   1: 340.976 us/op
Iteration   1: 287.233 us/op


Result "com.bloxbean.cardano.julc.benchmark.CekJavaBenchmark.bench":
  287.233 us/op


# JMH version: 1.36
# VM version: JDK 25.0.2, Java HotSpot(TM) 64-Bit Server VM, 25.0.2+10-LTS-jvmci-b01
# VM invoker: /opt/jdk-25/bin/java
# VM options: -XX:ThreadPriorityPolicy=1 -XX:+UnlockExperimentalVMOptions -XX:+EnableJVMCIProduct -XX:+EnableJVMCI -XX:-UnlockExperimentalVMOptions
# Blackhole mode: compiler (auto-detected, use -Djmh.blackhole.autoDetect=false to disable)
# Warmup: 1 iterations, 5 s each
# Measurement: 1 iterations, 5 s each
# Timeout: 10 min per iteration
# Threads: 1 thread, will synchronize iterations
# Benchmark mode: Average time, time/op
# Benchmark: com.bloxbean.cardano.julc.benchmark.CekJavaBenchmark.bench
# Parameters: (file = ping-pong-2.flat)

# Run progress: 71.91% complete, ETA 00:04:15
# Fork: 1 of 1
Java HotSpot(TM) 64-Bit Server VM warning: -XX:ThreadPriorityPolicy=1 may require system level permission, e.g., being the root user. If the necessary permission is not possessed, changes to priority will be silently ignored.
WARNING: A terminally deprecated method in sun.misc.Unsafe has been called
WARNING: sun.misc.Unsafe::objectFieldOffset has been called by org.openjdk.jmh.util.Utils (file:/bench/julc/julc-benchmark-jmh.jar)
WARNING: Please consider reporting this to the maintainers of class org.openjdk.jmh.util.Utils
WARNING: sun.misc.Unsafe::objectFieldOffset will be removed in a future release
# Warmup Iteration   1: 328.099 us/op
Iteration   1: 284.175 us/op


Result "com.bloxbean.cardano.julc.benchmark.CekJavaBenchmark.bench":
  284.175 us/op


# JMH version: 1.36
# VM version: JDK 25.0.2, Java HotSpot(TM) 64-Bit Server VM, 25.0.2+10-LTS-jvmci-b01
# VM invoker: /opt/jdk-25/bin/java
# VM options: -XX:ThreadPriorityPolicy=1 -XX:+UnlockExperimentalVMOptions -XX:+EnableJVMCIProduct -XX:+EnableJVMCI -XX:-UnlockExperimentalVMOptions
# Blackhole mode: compiler (auto-detected, use -Djmh.blackhole.autoDetect=false to disable)
# Warmup: 1 iterations, 5 s each
# Measurement: 1 iterations, 5 s each
# Timeout: 10 min per iteration
# Threads: 1 thread, will synchronize iterations
# Benchmark mode: Average time, time/op
# Benchmark: com.bloxbean.cardano.julc.benchmark.CekJavaBenchmark.bench
# Parameters: (file = ping-pong_2-1.flat)

# Run progress: 73.03% complete, ETA 00:04:05
# Fork: 1 of 1
Java HotSpot(TM) 64-Bit Server VM warning: -XX:ThreadPriorityPolicy=1 may require system level permission, e.g., being the root user. If the necessary permission is not possessed, changes to priority will be silently ignored.
WARNING: A terminally deprecated method in sun.misc.Unsafe has been called
WARNING: sun.misc.Unsafe::objectFieldOffset has been called by org.openjdk.jmh.util.Utils (file:/bench/julc/julc-benchmark-jmh.jar)
WARNING: Please consider reporting this to the maintainers of class org.openjdk.jmh.util.Utils
WARNING: sun.misc.Unsafe::objectFieldOffset will be removed in a future release
# Warmup Iteration   1: 243.399 us/op
Iteration   1: 188.157 us/op


Result "com.bloxbean.cardano.julc.benchmark.CekJavaBenchmark.bench":
  188.157 us/op


# JMH version: 1.36
# VM version: JDK 25.0.2, Java HotSpot(TM) 64-Bit Server VM, 25.0.2+10-LTS-jvmci-b01
# VM invoker: /opt/jdk-25/bin/java
# VM options: -XX:ThreadPriorityPolicy=1 -XX:+UnlockExperimentalVMOptions -XX:+EnableJVMCIProduct -XX:+EnableJVMCI -XX:-UnlockExperimentalVMOptions
# Blackhole mode: compiler (auto-detected, use -Djmh.blackhole.autoDetect=false to disable)
# Warmup: 1 iterations, 5 s each
# Measurement: 1 iterations, 5 s each
# Timeout: 10 min per iteration
# Threads: 1 thread, will synchronize iterations
# Benchmark mode: Average time, time/op
# Benchmark: com.bloxbean.cardano.julc.benchmark.CekJavaBenchmark.bench
# Parameters: (file = prism-1.flat)

# Run progress: 74.16% complete, ETA 00:03:54
# Fork: 1 of 1
Java HotSpot(TM) 64-Bit Server VM warning: -XX:ThreadPriorityPolicy=1 may require system level permission, e.g., being the root user. If the necessary permission is not possessed, changes to priority will be silently ignored.
WARNING: A terminally deprecated method in sun.misc.Unsafe has been called
WARNING: sun.misc.Unsafe::objectFieldOffset has been called by org.openjdk.jmh.util.Utils (file:/bench/julc/julc-benchmark-jmh.jar)
WARNING: Please consider reporting this to the maintainers of class org.openjdk.jmh.util.Utils
WARNING: sun.misc.Unsafe::objectFieldOffset will be removed in a future release
# Warmup Iteration   1: 169.559 us/op
Iteration   1: 148.270 us/op


Result "com.bloxbean.cardano.julc.benchmark.CekJavaBenchmark.bench":
  148.270 us/op


# JMH version: 1.36
# VM version: JDK 25.0.2, Java HotSpot(TM) 64-Bit Server VM, 25.0.2+10-LTS-jvmci-b01
# VM invoker: /opt/jdk-25/bin/java
# VM options: -XX:ThreadPriorityPolicy=1 -XX:+UnlockExperimentalVMOptions -XX:+EnableJVMCIProduct -XX:+EnableJVMCI -XX:-UnlockExperimentalVMOptions
# Blackhole mode: compiler (auto-detected, use -Djmh.blackhole.autoDetect=false to disable)
# Warmup: 1 iterations, 5 s each
# Measurement: 1 iterations, 5 s each
# Timeout: 10 min per iteration
# Threads: 1 thread, will synchronize iterations
# Benchmark mode: Average time, time/op
# Benchmark: com.bloxbean.cardano.julc.benchmark.CekJavaBenchmark.bench
# Parameters: (file = prism-2.flat)

# Run progress: 75.28% complete, ETA 00:03:44
# Fork: 1 of 1
Java HotSpot(TM) 64-Bit Server VM warning: -XX:ThreadPriorityPolicy=1 may require system level permission, e.g., being the root user. If the necessary permission is not possessed, changes to priority will be silently ignored.
WARNING: A terminally deprecated method in sun.misc.Unsafe has been called
WARNING: sun.misc.Unsafe::objectFieldOffset has been called by org.openjdk.jmh.util.Utils (file:/bench/julc/julc-benchmark-jmh.jar)
WARNING: Please consider reporting this to the maintainers of class org.openjdk.jmh.util.Utils
WARNING: sun.misc.Unsafe::objectFieldOffset will be removed in a future release
# Warmup Iteration   1: 464.365 us/op
Iteration   1: 377.185 us/op


Result "com.bloxbean.cardano.julc.benchmark.CekJavaBenchmark.bench":
  377.185 us/op


# JMH version: 1.36
# VM version: JDK 25.0.2, Java HotSpot(TM) 64-Bit Server VM, 25.0.2+10-LTS-jvmci-b01
# VM invoker: /opt/jdk-25/bin/java
# VM options: -XX:ThreadPriorityPolicy=1 -XX:+UnlockExperimentalVMOptions -XX:+EnableJVMCIProduct -XX:+EnableJVMCI -XX:-UnlockExperimentalVMOptions
# Blackhole mode: compiler (auto-detected, use -Djmh.blackhole.autoDetect=false to disable)
# Warmup: 1 iterations, 5 s each
# Measurement: 1 iterations, 5 s each
# Timeout: 10 min per iteration
# Threads: 1 thread, will synchronize iterations
# Benchmark mode: Average time, time/op
# Benchmark: com.bloxbean.cardano.julc.benchmark.CekJavaBenchmark.bench
# Parameters: (file = prism-3.flat)

# Run progress: 76.40% complete, ETA 00:03:34
# Fork: 1 of 1
Java HotSpot(TM) 64-Bit Server VM warning: -XX:ThreadPriorityPolicy=1 may require system level permission, e.g., being the root user. If the necessary permission is not possessed, changes to priority will be silently ignored.
WARNING: A terminally deprecated method in sun.misc.Unsafe has been called
WARNING: sun.misc.Unsafe::objectFieldOffset has been called by org.openjdk.jmh.util.Utils (file:/bench/julc/julc-benchmark-jmh.jar)
WARNING: Please consider reporting this to the maintainers of class org.openjdk.jmh.util.Utils
WARNING: sun.misc.Unsafe::objectFieldOffset will be removed in a future release
# Warmup Iteration   1: 350.818 us/op
Iteration   1: 292.625 us/op


Result "com.bloxbean.cardano.julc.benchmark.CekJavaBenchmark.bench":
  292.625 us/op


# JMH version: 1.36
# VM version: JDK 25.0.2, Java HotSpot(TM) 64-Bit Server VM, 25.0.2+10-LTS-jvmci-b01
# VM invoker: /opt/jdk-25/bin/java
# VM options: -XX:ThreadPriorityPolicy=1 -XX:+UnlockExperimentalVMOptions -XX:+EnableJVMCIProduct -XX:+EnableJVMCI -XX:-UnlockExperimentalVMOptions
# Blackhole mode: compiler (auto-detected, use -Djmh.blackhole.autoDetect=false to disable)
# Warmup: 1 iterations, 5 s each
# Measurement: 1 iterations, 5 s each
# Timeout: 10 min per iteration
# Threads: 1 thread, will synchronize iterations
# Benchmark mode: Average time, time/op
# Benchmark: com.bloxbean.cardano.julc.benchmark.CekJavaBenchmark.bench
# Parameters: (file = pubkey-1.flat)

# Run progress: 77.53% complete, ETA 00:03:24
# Fork: 1 of 1
Java HotSpot(TM) 64-Bit Server VM warning: -XX:ThreadPriorityPolicy=1 may require system level permission, e.g., being the root user. If the necessary permission is not possessed, changes to priority will be silently ignored.
WARNING: A terminally deprecated method in sun.misc.Unsafe has been called
WARNING: sun.misc.Unsafe::objectFieldOffset has been called by org.openjdk.jmh.util.Utils (file:/bench/julc/julc-benchmark-jmh.jar)
WARNING: Please consider reporting this to the maintainers of class org.openjdk.jmh.util.Utils
WARNING: sun.misc.Unsafe::objectFieldOffset will be removed in a future release
# Warmup Iteration   1: 147.771 us/op
Iteration   1: 122.753 us/op


Result "com.bloxbean.cardano.julc.benchmark.CekJavaBenchmark.bench":
  122.753 us/op


# JMH version: 1.36
# VM version: JDK 25.0.2, Java HotSpot(TM) 64-Bit Server VM, 25.0.2+10-LTS-jvmci-b01
# VM invoker: /opt/jdk-25/bin/java
# VM options: -XX:ThreadPriorityPolicy=1 -XX:+UnlockExperimentalVMOptions -XX:+EnableJVMCIProduct -XX:+EnableJVMCI -XX:-UnlockExperimentalVMOptions
# Blackhole mode: compiler (auto-detected, use -Djmh.blackhole.autoDetect=false to disable)
# Warmup: 1 iterations, 5 s each
# Measurement: 1 iterations, 5 s each
# Timeout: 10 min per iteration
# Threads: 1 thread, will synchronize iterations
# Benchmark mode: Average time, time/op
# Benchmark: com.bloxbean.cardano.julc.benchmark.CekJavaBenchmark.bench
# Parameters: (file = stablecoin_1-1.flat)

# Run progress: 78.65% complete, ETA 00:03:14
# Fork: 1 of 1
Java HotSpot(TM) 64-Bit Server VM warning: -XX:ThreadPriorityPolicy=1 may require system level permission, e.g., being the root user. If the necessary permission is not possessed, changes to priority will be silently ignored.
WARNING: A terminally deprecated method in sun.misc.Unsafe has been called
WARNING: sun.misc.Unsafe::objectFieldOffset has been called by org.openjdk.jmh.util.Utils (file:/bench/julc/julc-benchmark-jmh.jar)
WARNING: Please consider reporting this to the maintainers of class org.openjdk.jmh.util.Utils
WARNING: sun.misc.Unsafe::objectFieldOffset will be removed in a future release
# Warmup Iteration   1: 1044.764 us/op
Iteration   1: 980.998 us/op


Result "com.bloxbean.cardano.julc.benchmark.CekJavaBenchmark.bench":
  980.998 us/op


# JMH version: 1.36
# VM version: JDK 25.0.2, Java HotSpot(TM) 64-Bit Server VM, 25.0.2+10-LTS-jvmci-b01
# VM invoker: /opt/jdk-25/bin/java
# VM options: -XX:ThreadPriorityPolicy=1 -XX:+UnlockExperimentalVMOptions -XX:+EnableJVMCIProduct -XX:+EnableJVMCI -XX:-UnlockExperimentalVMOptions
# Blackhole mode: compiler (auto-detected, use -Djmh.blackhole.autoDetect=false to disable)
# Warmup: 1 iterations, 5 s each
# Measurement: 1 iterations, 5 s each
# Timeout: 10 min per iteration
# Threads: 1 thread, will synchronize iterations
# Benchmark mode: Average time, time/op
# Benchmark: com.bloxbean.cardano.julc.benchmark.CekJavaBenchmark.bench
# Parameters: (file = stablecoin_1-2.flat)

# Run progress: 79.78% complete, ETA 00:03:03
# Fork: 1 of 1
Java HotSpot(TM) 64-Bit Server VM warning: -XX:ThreadPriorityPolicy=1 may require system level permission, e.g., being the root user. If the necessary permission is not possessed, changes to priority will be silently ignored.
WARNING: A terminally deprecated method in sun.misc.Unsafe has been called
WARNING: sun.misc.Unsafe::objectFieldOffset has been called by org.openjdk.jmh.util.Utils (file:/bench/julc/julc-benchmark-jmh.jar)
WARNING: Please consider reporting this to the maintainers of class org.openjdk.jmh.util.Utils
WARNING: sun.misc.Unsafe::objectFieldOffset will be removed in a future release
# Warmup Iteration   1: 196.271 us/op
Iteration   1: 163.576 us/op


Result "com.bloxbean.cardano.julc.benchmark.CekJavaBenchmark.bench":
  163.576 us/op


# JMH version: 1.36
# VM version: JDK 25.0.2, Java HotSpot(TM) 64-Bit Server VM, 25.0.2+10-LTS-jvmci-b01
# VM invoker: /opt/jdk-25/bin/java
# VM options: -XX:ThreadPriorityPolicy=1 -XX:+UnlockExperimentalVMOptions -XX:+EnableJVMCIProduct -XX:+EnableJVMCI -XX:-UnlockExperimentalVMOptions
# Blackhole mode: compiler (auto-detected, use -Djmh.blackhole.autoDetect=false to disable)
# Warmup: 1 iterations, 5 s each
# Measurement: 1 iterations, 5 s each
# Timeout: 10 min per iteration
# Threads: 1 thread, will synchronize iterations
# Benchmark mode: Average time, time/op
# Benchmark: com.bloxbean.cardano.julc.benchmark.CekJavaBenchmark.bench
# Parameters: (file = stablecoin_1-3.flat)

# Run progress: 80.90% complete, ETA 00:02:53
# Fork: 1 of 1
Java HotSpot(TM) 64-Bit Server VM warning: -XX:ThreadPriorityPolicy=1 may require system level permission, e.g., being the root user. If the necessary permission is not possessed, changes to priority will be silently ignored.
WARNING: A terminally deprecated method in sun.misc.Unsafe has been called
WARNING: sun.misc.Unsafe::objectFieldOffset has been called by org.openjdk.jmh.util.Utils (file:/bench/julc/julc-benchmark-jmh.jar)
WARNING: Please consider reporting this to the maintainers of class org.openjdk.jmh.util.Utils
WARNING: sun.misc.Unsafe::objectFieldOffset will be removed in a future release
# Warmup Iteration   1: 1243.498 us/op
Iteration   1: 1031.416 us/op


Result "com.bloxbean.cardano.julc.benchmark.CekJavaBenchmark.bench":
  1031.416 us/op


# JMH version: 1.36
# VM version: JDK 25.0.2, Java HotSpot(TM) 64-Bit Server VM, 25.0.2+10-LTS-jvmci-b01
# VM invoker: /opt/jdk-25/bin/java
# VM options: -XX:ThreadPriorityPolicy=1 -XX:+UnlockExperimentalVMOptions -XX:+EnableJVMCIProduct -XX:+EnableJVMCI -XX:-UnlockExperimentalVMOptions
# Blackhole mode: compiler (auto-detected, use -Djmh.blackhole.autoDetect=false to disable)
# Warmup: 1 iterations, 5 s each
# Measurement: 1 iterations, 5 s each
# Timeout: 10 min per iteration
# Threads: 1 thread, will synchronize iterations
# Benchmark mode: Average time, time/op
# Benchmark: com.bloxbean.cardano.julc.benchmark.CekJavaBenchmark.bench
# Parameters: (file = stablecoin_1-4.flat)

# Run progress: 82.02% complete, ETA 00:02:43
# Fork: 1 of 1
Java HotSpot(TM) 64-Bit Server VM warning: -XX:ThreadPriorityPolicy=1 may require system level permission, e.g., being the root user. If the necessary permission is not possessed, changes to priority will be silently ignored.
WARNING: A terminally deprecated method in sun.misc.Unsafe has been called
WARNING: sun.misc.Unsafe::objectFieldOffset has been called by org.openjdk.jmh.util.Utils (file:/bench/julc/julc-benchmark-jmh.jar)
WARNING: Please consider reporting this to the maintainers of class org.openjdk.jmh.util.Utils
WARNING: sun.misc.Unsafe::objectFieldOffset will be removed in a future release
# Warmup Iteration   1: 244.179 us/op
Iteration   1: 172.841 us/op


Result "com.bloxbean.cardano.julc.benchmark.CekJavaBenchmark.bench":
  172.841 us/op


# JMH version: 1.36
# VM version: JDK 25.0.2, Java HotSpot(TM) 64-Bit Server VM, 25.0.2+10-LTS-jvmci-b01
# VM invoker: /opt/jdk-25/bin/java
# VM options: -XX:ThreadPriorityPolicy=1 -XX:+UnlockExperimentalVMOptions -XX:+EnableJVMCIProduct -XX:+EnableJVMCI -XX:-UnlockExperimentalVMOptions
# Blackhole mode: compiler (auto-detected, use -Djmh.blackhole.autoDetect=false to disable)
# Warmup: 1 iterations, 5 s each
# Measurement: 1 iterations, 5 s each
# Timeout: 10 min per iteration
# Threads: 1 thread, will synchronize iterations
# Benchmark mode: Average time, time/op
# Benchmark: com.bloxbean.cardano.julc.benchmark.CekJavaBenchmark.bench
# Parameters: (file = stablecoin_1-5.flat)

# Run progress: 83.15% complete, ETA 00:02:33
# Fork: 1 of 1
Java HotSpot(TM) 64-Bit Server VM warning: -XX:ThreadPriorityPolicy=1 may require system level permission, e.g., being the root user. If the necessary permission is not possessed, changes to priority will be silently ignored.
WARNING: A terminally deprecated method in sun.misc.Unsafe has been called
WARNING: sun.misc.Unsafe::objectFieldOffset has been called by org.openjdk.jmh.util.Utils (file:/bench/julc/julc-benchmark-jmh.jar)
WARNING: Please consider reporting this to the maintainers of class org.openjdk.jmh.util.Utils
WARNING: sun.misc.Unsafe::objectFieldOffset will be removed in a future release
# Warmup Iteration   1: 1529.860 us/op
Iteration   1: 1342.409 us/op


Result "com.bloxbean.cardano.julc.benchmark.CekJavaBenchmark.bench":
  1342.409 us/op


# JMH version: 1.36
# VM version: JDK 25.0.2, Java HotSpot(TM) 64-Bit Server VM, 25.0.2+10-LTS-jvmci-b01
# VM invoker: /opt/jdk-25/bin/java
# VM options: -XX:ThreadPriorityPolicy=1 -XX:+UnlockExperimentalVMOptions -XX:+EnableJVMCIProduct -XX:+EnableJVMCI -XX:-UnlockExperimentalVMOptions
# Blackhole mode: compiler (auto-detected, use -Djmh.blackhole.autoDetect=false to disable)
# Warmup: 1 iterations, 5 s each
# Measurement: 1 iterations, 5 s each
# Timeout: 10 min per iteration
# Threads: 1 thread, will synchronize iterations
# Benchmark mode: Average time, time/op
# Benchmark: com.bloxbean.cardano.julc.benchmark.CekJavaBenchmark.bench
# Parameters: (file = stablecoin_1-6.flat)

# Run progress: 84.27% complete, ETA 00:02:22
# Fork: 1 of 1
Java HotSpot(TM) 64-Bit Server VM warning: -XX:ThreadPriorityPolicy=1 may require system level permission, e.g., being the root user. If the necessary permission is not possessed, changes to priority will be silently ignored.
WARNING: A terminally deprecated method in sun.misc.Unsafe has been called
WARNING: sun.misc.Unsafe::objectFieldOffset has been called by org.openjdk.jmh.util.Utils (file:/bench/julc/julc-benchmark-jmh.jar)
WARNING: Please consider reporting this to the maintainers of class org.openjdk.jmh.util.Utils
WARNING: sun.misc.Unsafe::objectFieldOffset will be removed in a future release
# Warmup Iteration   1: 243.345 us/op
Iteration   1: 212.399 us/op


Result "com.bloxbean.cardano.julc.benchmark.CekJavaBenchmark.bench":
  212.399 us/op


# JMH version: 1.36
# VM version: JDK 25.0.2, Java HotSpot(TM) 64-Bit Server VM, 25.0.2+10-LTS-jvmci-b01
# VM invoker: /opt/jdk-25/bin/java
# VM options: -XX:ThreadPriorityPolicy=1 -XX:+UnlockExperimentalVMOptions -XX:+EnableJVMCIProduct -XX:+EnableJVMCI -XX:-UnlockExperimentalVMOptions
# Blackhole mode: compiler (auto-detected, use -Djmh.blackhole.autoDetect=false to disable)
# Warmup: 1 iterations, 5 s each
# Measurement: 1 iterations, 5 s each
# Timeout: 10 min per iteration
# Threads: 1 thread, will synchronize iterations
# Benchmark mode: Average time, time/op
# Benchmark: com.bloxbean.cardano.julc.benchmark.CekJavaBenchmark.bench
# Parameters: (file = stablecoin_2-1.flat)

# Run progress: 85.39% complete, ETA 00:02:12
# Fork: 1 of 1
Java HotSpot(TM) 64-Bit Server VM warning: -XX:ThreadPriorityPolicy=1 may require system level permission, e.g., being the root user. If the necessary permission is not possessed, changes to priority will be silently ignored.
WARNING: A terminally deprecated method in sun.misc.Unsafe has been called
WARNING: sun.misc.Unsafe::objectFieldOffset has been called by org.openjdk.jmh.util.Utils (file:/bench/julc/julc-benchmark-jmh.jar)
WARNING: Please consider reporting this to the maintainers of class org.openjdk.jmh.util.Utils
WARNING: sun.misc.Unsafe::objectFieldOffset will be removed in a future release
# Warmup Iteration   1: 1226.643 us/op
Iteration   1: 1004.526 us/op


Result "com.bloxbean.cardano.julc.benchmark.CekJavaBenchmark.bench":
  1004.526 us/op


# JMH version: 1.36
# VM version: JDK 25.0.2, Java HotSpot(TM) 64-Bit Server VM, 25.0.2+10-LTS-jvmci-b01
# VM invoker: /opt/jdk-25/bin/java
# VM options: -XX:ThreadPriorityPolicy=1 -XX:+UnlockExperimentalVMOptions -XX:+EnableJVMCIProduct -XX:+EnableJVMCI -XX:-UnlockExperimentalVMOptions
# Blackhole mode: compiler (auto-detected, use -Djmh.blackhole.autoDetect=false to disable)
# Warmup: 1 iterations, 5 s each
# Measurement: 1 iterations, 5 s each
# Timeout: 10 min per iteration
# Threads: 1 thread, will synchronize iterations
# Benchmark mode: Average time, time/op
# Benchmark: com.bloxbean.cardano.julc.benchmark.CekJavaBenchmark.bench
# Parameters: (file = stablecoin_2-2.flat)

# Run progress: 86.52% complete, ETA 00:02:02
# Fork: 1 of 1
Java HotSpot(TM) 64-Bit Server VM warning: -XX:ThreadPriorityPolicy=1 may require system level permission, e.g., being the root user. If the necessary permission is not possessed, changes to priority will be silently ignored.
WARNING: A terminally deprecated method in sun.misc.Unsafe has been called
WARNING: sun.misc.Unsafe::objectFieldOffset has been called by org.openjdk.jmh.util.Utils (file:/bench/julc/julc-benchmark-jmh.jar)
WARNING: Please consider reporting this to the maintainers of class org.openjdk.jmh.util.Utils
WARNING: sun.misc.Unsafe::objectFieldOffset will be removed in a future release
# Warmup Iteration   1: 199.635 us/op
Iteration   1: 163.149 us/op


Result "com.bloxbean.cardano.julc.benchmark.CekJavaBenchmark.bench":
  163.149 us/op


# JMH version: 1.36
# VM version: JDK 25.0.2, Java HotSpot(TM) 64-Bit Server VM, 25.0.2+10-LTS-jvmci-b01
# VM invoker: /opt/jdk-25/bin/java
# VM options: -XX:ThreadPriorityPolicy=1 -XX:+UnlockExperimentalVMOptions -XX:+EnableJVMCIProduct -XX:+EnableJVMCI -XX:-UnlockExperimentalVMOptions
# Blackhole mode: compiler (auto-detected, use -Djmh.blackhole.autoDetect=false to disable)
# Warmup: 1 iterations, 5 s each
# Measurement: 1 iterations, 5 s each
# Timeout: 10 min per iteration
# Threads: 1 thread, will synchronize iterations
# Benchmark mode: Average time, time/op
# Benchmark: com.bloxbean.cardano.julc.benchmark.CekJavaBenchmark.bench
# Parameters: (file = stablecoin_2-3.flat)

# Run progress: 87.64% complete, ETA 00:01:52
# Fork: 1 of 1
Java HotSpot(TM) 64-Bit Server VM warning: -XX:ThreadPriorityPolicy=1 may require system level permission, e.g., being the root user. If the necessary permission is not possessed, changes to priority will be silently ignored.
WARNING: A terminally deprecated method in sun.misc.Unsafe has been called
WARNING: sun.misc.Unsafe::objectFieldOffset has been called by org.openjdk.jmh.util.Utils (file:/bench/julc/julc-benchmark-jmh.jar)
WARNING: Please consider reporting this to the maintainers of class org.openjdk.jmh.util.Utils
WARNING: sun.misc.Unsafe::objectFieldOffset will be removed in a future release
# Warmup Iteration   1: 1436.715 us/op
Iteration   1: 1030.364 us/op


Result "com.bloxbean.cardano.julc.benchmark.CekJavaBenchmark.bench":
  1030.364 us/op


# JMH version: 1.36
# VM version: JDK 25.0.2, Java HotSpot(TM) 64-Bit Server VM, 25.0.2+10-LTS-jvmci-b01
# VM invoker: /opt/jdk-25/bin/java
# VM options: -XX:ThreadPriorityPolicy=1 -XX:+UnlockExperimentalVMOptions -XX:+EnableJVMCIProduct -XX:+EnableJVMCI -XX:-UnlockExperimentalVMOptions
# Blackhole mode: compiler (auto-detected, use -Djmh.blackhole.autoDetect=false to disable)
# Warmup: 1 iterations, 5 s each
# Measurement: 1 iterations, 5 s each
# Timeout: 10 min per iteration
# Threads: 1 thread, will synchronize iterations
# Benchmark mode: Average time, time/op
# Benchmark: com.bloxbean.cardano.julc.benchmark.CekJavaBenchmark.bench
# Parameters: (file = stablecoin_2-4.flat)

# Run progress: 88.76% complete, ETA 00:01:42
# Fork: 1 of 1
Java HotSpot(TM) 64-Bit Server VM warning: -XX:ThreadPriorityPolicy=1 may require system level permission, e.g., being the root user. If the necessary permission is not possessed, changes to priority will be silently ignored.
WARNING: A terminally deprecated method in sun.misc.Unsafe has been called
WARNING: sun.misc.Unsafe::objectFieldOffset has been called by org.openjdk.jmh.util.Utils (file:/bench/julc/julc-benchmark-jmh.jar)
WARNING: Please consider reporting this to the maintainers of class org.openjdk.jmh.util.Utils
WARNING: sun.misc.Unsafe::objectFieldOffset will be removed in a future release
# Warmup Iteration   1: 263.187 us/op
Iteration   1: 173.824 us/op


Result "com.bloxbean.cardano.julc.benchmark.CekJavaBenchmark.bench":
  173.824 us/op


# JMH version: 1.36
# VM version: JDK 25.0.2, Java HotSpot(TM) 64-Bit Server VM, 25.0.2+10-LTS-jvmci-b01
# VM invoker: /opt/jdk-25/bin/java
# VM options: -XX:ThreadPriorityPolicy=1 -XX:+UnlockExperimentalVMOptions -XX:+EnableJVMCIProduct -XX:+EnableJVMCI -XX:-UnlockExperimentalVMOptions
# Blackhole mode: compiler (auto-detected, use -Djmh.blackhole.autoDetect=false to disable)
# Warmup: 1 iterations, 5 s each
# Measurement: 1 iterations, 5 s each
# Timeout: 10 min per iteration
# Threads: 1 thread, will synchronize iterations
# Benchmark mode: Average time, time/op
# Benchmark: com.bloxbean.cardano.julc.benchmark.CekJavaBenchmark.bench
# Parameters: (file = token-account-1.flat)

# Run progress: 89.89% complete, ETA 00:01:31
# Fork: 1 of 1
Java HotSpot(TM) 64-Bit Server VM warning: -XX:ThreadPriorityPolicy=1 may require system level permission, e.g., being the root user. If the necessary permission is not possessed, changes to priority will be silently ignored.
WARNING: A terminally deprecated method in sun.misc.Unsafe has been called
WARNING: sun.misc.Unsafe::objectFieldOffset has been called by org.openjdk.jmh.util.Utils (file:/bench/julc/julc-benchmark-jmh.jar)
WARNING: Please consider reporting this to the maintainers of class org.openjdk.jmh.util.Utils
WARNING: sun.misc.Unsafe::objectFieldOffset will be removed in a future release
# Warmup Iteration   1: 197.380 us/op
Iteration   1: 157.420 us/op


Result "com.bloxbean.cardano.julc.benchmark.CekJavaBenchmark.bench":
  157.420 us/op


# JMH version: 1.36
# VM version: JDK 25.0.2, Java HotSpot(TM) 64-Bit Server VM, 25.0.2+10-LTS-jvmci-b01
# VM invoker: /opt/jdk-25/bin/java
# VM options: -XX:ThreadPriorityPolicy=1 -XX:+UnlockExperimentalVMOptions -XX:+EnableJVMCIProduct -XX:+EnableJVMCI -XX:-UnlockExperimentalVMOptions
# Blackhole mode: compiler (auto-detected, use -Djmh.blackhole.autoDetect=false to disable)
# Warmup: 1 iterations, 5 s each
# Measurement: 1 iterations, 5 s each
# Timeout: 10 min per iteration
# Threads: 1 thread, will synchronize iterations
# Benchmark mode: Average time, time/op
# Benchmark: com.bloxbean.cardano.julc.benchmark.CekJavaBenchmark.bench
# Parameters: (file = token-account-2.flat)

# Run progress: 91.01% complete, ETA 00:01:21
# Fork: 1 of 1
Java HotSpot(TM) 64-Bit Server VM warning: -XX:ThreadPriorityPolicy=1 may require system level permission, e.g., being the root user. If the necessary permission is not possessed, changes to priority will be silently ignored.
WARNING: A terminally deprecated method in sun.misc.Unsafe has been called
WARNING: sun.misc.Unsafe::objectFieldOffset has been called by org.openjdk.jmh.util.Utils (file:/bench/julc/julc-benchmark-jmh.jar)
WARNING: Please consider reporting this to the maintainers of class org.openjdk.jmh.util.Utils
WARNING: sun.misc.Unsafe::objectFieldOffset will be removed in a future release
# Warmup Iteration   1: 299.661 us/op
Iteration   1: 251.653 us/op


Result "com.bloxbean.cardano.julc.benchmark.CekJavaBenchmark.bench":
  251.653 us/op


# JMH version: 1.36
# VM version: JDK 25.0.2, Java HotSpot(TM) 64-Bit Server VM, 25.0.2+10-LTS-jvmci-b01
# VM invoker: /opt/jdk-25/bin/java
# VM options: -XX:ThreadPriorityPolicy=1 -XX:+UnlockExperimentalVMOptions -XX:+EnableJVMCIProduct -XX:+EnableJVMCI -XX:-UnlockExperimentalVMOptions
# Blackhole mode: compiler (auto-detected, use -Djmh.blackhole.autoDetect=false to disable)
# Warmup: 1 iterations, 5 s each
# Measurement: 1 iterations, 5 s each
# Timeout: 10 min per iteration
# Threads: 1 thread, will synchronize iterations
# Benchmark mode: Average time, time/op
# Benchmark: com.bloxbean.cardano.julc.benchmark.CekJavaBenchmark.bench
# Parameters: (file = uniswap-1.flat)

# Run progress: 92.13% complete, ETA 00:01:11
# Fork: 1 of 1
Java HotSpot(TM) 64-Bit Server VM warning: -XX:ThreadPriorityPolicy=1 may require system level permission, e.g., being the root user. If the necessary permission is not possessed, changes to priority will be silently ignored.
WARNING: A terminally deprecated method in sun.misc.Unsafe has been called
WARNING: sun.misc.Unsafe::objectFieldOffset has been called by org.openjdk.jmh.util.Utils (file:/bench/julc/julc-benchmark-jmh.jar)
WARNING: Please consider reporting this to the maintainers of class org.openjdk.jmh.util.Utils
WARNING: sun.misc.Unsafe::objectFieldOffset will be removed in a future release
# Warmup Iteration   1: 395.938 us/op
Iteration   1: 334.915 us/op


Result "com.bloxbean.cardano.julc.benchmark.CekJavaBenchmark.bench":
  334.915 us/op


# JMH version: 1.36
# VM version: JDK 25.0.2, Java HotSpot(TM) 64-Bit Server VM, 25.0.2+10-LTS-jvmci-b01
# VM invoker: /opt/jdk-25/bin/java
# VM options: -XX:ThreadPriorityPolicy=1 -XX:+UnlockExperimentalVMOptions -XX:+EnableJVMCIProduct -XX:+EnableJVMCI -XX:-UnlockExperimentalVMOptions
# Blackhole mode: compiler (auto-detected, use -Djmh.blackhole.autoDetect=false to disable)
# Warmup: 1 iterations, 5 s each
# Measurement: 1 iterations, 5 s each
# Timeout: 10 min per iteration
# Threads: 1 thread, will synchronize iterations
# Benchmark mode: Average time, time/op
# Benchmark: com.bloxbean.cardano.julc.benchmark.CekJavaBenchmark.bench
# Parameters: (file = uniswap-2.flat)

# Run progress: 93.26% complete, ETA 00:01:01
# Fork: 1 of 1
Java HotSpot(TM) 64-Bit Server VM warning: -XX:ThreadPriorityPolicy=1 may require system level permission, e.g., being the root user. If the necessary permission is not possessed, changes to priority will be silently ignored.
WARNING: A terminally deprecated method in sun.misc.Unsafe has been called
WARNING: sun.misc.Unsafe::objectFieldOffset has been called by org.openjdk.jmh.util.Utils (file:/bench/julc/julc-benchmark-jmh.jar)
WARNING: Please consider reporting this to the maintainers of class org.openjdk.jmh.util.Utils
WARNING: sun.misc.Unsafe::objectFieldOffset will be removed in a future release
# Warmup Iteration   1: 219.107 us/op
Iteration   1: 186.753 us/op


Result "com.bloxbean.cardano.julc.benchmark.CekJavaBenchmark.bench":
  186.753 us/op


# JMH version: 1.36
# VM version: JDK 25.0.2, Java HotSpot(TM) 64-Bit Server VM, 25.0.2+10-LTS-jvmci-b01
# VM invoker: /opt/jdk-25/bin/java
# VM options: -XX:ThreadPriorityPolicy=1 -XX:+UnlockExperimentalVMOptions -XX:+EnableJVMCIProduct -XX:+EnableJVMCI -XX:-UnlockExperimentalVMOptions
# Blackhole mode: compiler (auto-detected, use -Djmh.blackhole.autoDetect=false to disable)
# Warmup: 1 iterations, 5 s each
# Measurement: 1 iterations, 5 s each
# Timeout: 10 min per iteration
# Threads: 1 thread, will synchronize iterations
# Benchmark mode: Average time, time/op
# Benchmark: com.bloxbean.cardano.julc.benchmark.CekJavaBenchmark.bench
# Parameters: (file = uniswap-3.flat)

# Run progress: 94.38% complete, ETA 00:00:51
# Fork: 1 of 1
Java HotSpot(TM) 64-Bit Server VM warning: -XX:ThreadPriorityPolicy=1 may require system level permission, e.g., being the root user. If the necessary permission is not possessed, changes to priority will be silently ignored.
WARNING: A terminally deprecated method in sun.misc.Unsafe has been called
WARNING: sun.misc.Unsafe::objectFieldOffset has been called by org.openjdk.jmh.util.Utils (file:/bench/julc/julc-benchmark-jmh.jar)
WARNING: Please consider reporting this to the maintainers of class org.openjdk.jmh.util.Utils
WARNING: sun.misc.Unsafe::objectFieldOffset will be removed in a future release
# Warmup Iteration   1: 1521.658 us/op
Iteration   1: 1268.093 us/op


Result "com.bloxbean.cardano.julc.benchmark.CekJavaBenchmark.bench":
  1268.093 us/op


# JMH version: 1.36
# VM version: JDK 25.0.2, Java HotSpot(TM) 64-Bit Server VM, 25.0.2+10-LTS-jvmci-b01
# VM invoker: /opt/jdk-25/bin/java
# VM options: -XX:ThreadPriorityPolicy=1 -XX:+UnlockExperimentalVMOptions -XX:+EnableJVMCIProduct -XX:+EnableJVMCI -XX:-UnlockExperimentalVMOptions
# Blackhole mode: compiler (auto-detected, use -Djmh.blackhole.autoDetect=false to disable)
# Warmup: 1 iterations, 5 s each
# Measurement: 1 iterations, 5 s each
# Timeout: 10 min per iteration
# Threads: 1 thread, will synchronize iterations
# Benchmark mode: Average time, time/op
# Benchmark: com.bloxbean.cardano.julc.benchmark.CekJavaBenchmark.bench
# Parameters: (file = uniswap-4.flat)

# Run progress: 95.51% complete, ETA 00:00:40
# Fork: 1 of 1
Java HotSpot(TM) 64-Bit Server VM warning: -XX:ThreadPriorityPolicy=1 may require system level permission, e.g., being the root user. If the necessary permission is not possessed, changes to priority will be silently ignored.
WARNING: A terminally deprecated method in sun.misc.Unsafe has been called
WARNING: sun.misc.Unsafe::objectFieldOffset has been called by org.openjdk.jmh.util.Utils (file:/bench/julc/julc-benchmark-jmh.jar)
WARNING: Please consider reporting this to the maintainers of class org.openjdk.jmh.util.Utils
WARNING: sun.misc.Unsafe::objectFieldOffset will be removed in a future release
# Warmup Iteration   1: 352.548 us/op
Iteration   1: 275.505 us/op


Result "com.bloxbean.cardano.julc.benchmark.CekJavaBenchmark.bench":
  275.505 us/op


# JMH version: 1.36
# VM version: JDK 25.0.2, Java HotSpot(TM) 64-Bit Server VM, 25.0.2+10-LTS-jvmci-b01
# VM invoker: /opt/jdk-25/bin/java
# VM options: -XX:ThreadPriorityPolicy=1 -XX:+UnlockExperimentalVMOptions -XX:+EnableJVMCIProduct -XX:+EnableJVMCI -XX:-UnlockExperimentalVMOptions
# Blackhole mode: compiler (auto-detected, use -Djmh.blackhole.autoDetect=false to disable)
# Warmup: 1 iterations, 5 s each
# Measurement: 1 iterations, 5 s each
# Timeout: 10 min per iteration
# Threads: 1 thread, will synchronize iterations
# Benchmark mode: Average time, time/op
# Benchmark: com.bloxbean.cardano.julc.benchmark.CekJavaBenchmark.bench
# Parameters: (file = uniswap-5.flat)

# Run progress: 96.63% complete, ETA 00:00:30
# Fork: 1 of 1
Java HotSpot(TM) 64-Bit Server VM warning: -XX:ThreadPriorityPolicy=1 may require system level permission, e.g., being the root user. If the necessary permission is not possessed, changes to priority will be silently ignored.
WARNING: A terminally deprecated method in sun.misc.Unsafe has been called
WARNING: sun.misc.Unsafe::objectFieldOffset has been called by org.openjdk.jmh.util.Utils (file:/bench/julc/julc-benchmark-jmh.jar)
WARNING: Please consider reporting this to the maintainers of class org.openjdk.jmh.util.Utils
WARNING: sun.misc.Unsafe::objectFieldOffset will be removed in a future release
# Warmup Iteration   1: 1021.596 us/op
Iteration   1: 842.169 us/op


Result "com.bloxbean.cardano.julc.benchmark.CekJavaBenchmark.bench":
  842.169 us/op


# JMH version: 1.36
# VM version: JDK 25.0.2, Java HotSpot(TM) 64-Bit Server VM, 25.0.2+10-LTS-jvmci-b01
# VM invoker: /opt/jdk-25/bin/java
# VM options: -XX:ThreadPriorityPolicy=1 -XX:+UnlockExperimentalVMOptions -XX:+EnableJVMCIProduct -XX:+EnableJVMCI -XX:-UnlockExperimentalVMOptions
# Blackhole mode: compiler (auto-detected, use -Djmh.blackhole.autoDetect=false to disable)
# Warmup: 1 iterations, 5 s each
# Measurement: 1 iterations, 5 s each
# Timeout: 10 min per iteration
# Threads: 1 thread, will synchronize iterations
# Benchmark mode: Average time, time/op
# Benchmark: com.bloxbean.cardano.julc.benchmark.CekJavaBenchmark.bench
# Parameters: (file = uniswap-6.flat)

# Run progress: 97.75% complete, ETA 00:00:20
# Fork: 1 of 1
Java HotSpot(TM) 64-Bit Server VM warning: -XX:ThreadPriorityPolicy=1 may require system level permission, e.g., being the root user. If the necessary permission is not possessed, changes to priority will be silently ignored.
WARNING: A terminally deprecated method in sun.misc.Unsafe has been called
WARNING: sun.misc.Unsafe::objectFieldOffset has been called by org.openjdk.jmh.util.Utils (file:/bench/julc/julc-benchmark-jmh.jar)
WARNING: Please consider reporting this to the maintainers of class org.openjdk.jmh.util.Utils
WARNING: sun.misc.Unsafe::objectFieldOffset will be removed in a future release
# Warmup Iteration   1: 297.692 us/op
Iteration   1: 269.318 us/op


Result "com.bloxbean.cardano.julc.benchmark.CekJavaBenchmark.bench":
  269.318 us/op


# JMH version: 1.36
# VM version: JDK 25.0.2, Java HotSpot(TM) 64-Bit Server VM, 25.0.2+10-LTS-jvmci-b01
# VM invoker: /opt/jdk-25/bin/java
# VM options: -XX:ThreadPriorityPolicy=1 -XX:+UnlockExperimentalVMOptions -XX:+EnableJVMCIProduct -XX:+EnableJVMCI -XX:-UnlockExperimentalVMOptions
# Blackhole mode: compiler (auto-detected, use -Djmh.blackhole.autoDetect=false to disable)
# Warmup: 1 iterations, 5 s each
# Measurement: 1 iterations, 5 s each
# Timeout: 10 min per iteration
# Threads: 1 thread, will synchronize iterations
# Benchmark mode: Average time, time/op
# Benchmark: com.bloxbean.cardano.julc.benchmark.CekJavaBenchmark.bench
# Parameters: (file = vesting-1.flat)

# Run progress: 98.88% complete, ETA 00:00:10
# Fork: 1 of 1
Java HotSpot(TM) 64-Bit Server VM warning: -XX:ThreadPriorityPolicy=1 may require system level permission, e.g., being the root user. If the necessary permission is not possessed, changes to priority will be silently ignored.
WARNING: A terminally deprecated method in sun.misc.Unsafe has been called
WARNING: sun.misc.Unsafe::objectFieldOffset has been called by org.openjdk.jmh.util.Utils (file:/bench/julc/julc-benchmark-jmh.jar)
WARNING: Please consider reporting this to the maintainers of class org.openjdk.jmh.util.Utils
WARNING: sun.misc.Unsafe::objectFieldOffset will be removed in a future release
# Warmup Iteration   1: 323.272 us/op
Iteration   1: 298.335 us/op


Result "com.bloxbean.cardano.julc.benchmark.CekJavaBenchmark.bench":
  298.335 us/op


# Run complete. Total time: 00:15:08

REMEMBER: The numbers below are just data. To gain reusable insights, you need to follow up on
why the numbers are the way they are. Use profilers (see -prof, -lprof), design factorial
experiments, perform baseline and negative tests that provide experimental control, make sure
the benchmarking environment is safe on JVM/OS/HW level, ask for reviews from the domain experts.
Do not assume the numbers tell you what you want them to tell.

NOTE: Current JVM experimentally supports Compiler Blackholes, and they are in use. Please exercise
extra caution when trusting the results, look into the generated code to check the benchmark still
works, and factor in a small probability of new VM bugs. Additionally, while comparisons between
different JVMs are already problematic, the performance difference caused by different Blackhole
modes can be very significant. Please make sure you use the consistent Blackhole mode for comparisons.

Benchmark                                      (file)  Mode  Cnt     Score   Error  Units
CekJavaBenchmark.bench               auction_1-1.flat  avgt        157.984          us/op
CekJavaBenchmark.bench               auction_1-2.flat  avgt        514.639          us/op
CekJavaBenchmark.bench               auction_1-3.flat  avgt        570.149          us/op
CekJavaBenchmark.bench               auction_1-4.flat  avgt        195.549          us/op
CekJavaBenchmark.bench               auction_2-1.flat  avgt        157.777          us/op
CekJavaBenchmark.bench               auction_2-2.flat  avgt        516.522          us/op
CekJavaBenchmark.bench               auction_2-3.flat  avgt        653.354          us/op
CekJavaBenchmark.bench               auction_2-4.flat  avgt        518.741          us/op
CekJavaBenchmark.bench               auction_2-5.flat  avgt        222.228          us/op
CekJavaBenchmark.bench                    coop-1.flat  avgt         15.596          us/op
CekJavaBenchmark.bench                    coop-2.flat  avgt         27.111          us/op
CekJavaBenchmark.bench                    coop-3.flat  avgt         27.084          us/op
CekJavaBenchmark.bench                    coop-4.flat  avgt         29.308          us/op
CekJavaBenchmark.bench                    coop-5.flat  avgt         29.993          us/op
CekJavaBenchmark.bench                    coop-6.flat  avgt         17.063          us/op
CekJavaBenchmark.bench                    coop-7.flat  avgt         15.612          us/op
CekJavaBenchmark.bench    crowdfunding-success-1.flat  avgt        175.192          us/op
CekJavaBenchmark.bench    crowdfunding-success-2.flat  avgt        174.873          us/op
CekJavaBenchmark.bench    crowdfunding-success-3.flat  avgt        171.207          us/op
CekJavaBenchmark.bench                currency-1.flat  avgt        196.629          us/op
CekJavaBenchmark.bench         escrow-redeem_1-1.flat  avgt        302.757          us/op
CekJavaBenchmark.bench         escrow-redeem_1-2.flat  avgt        272.722          us/op
CekJavaBenchmark.bench         escrow-redeem_2-1.flat  avgt        307.779          us/op
CekJavaBenchmark.bench         escrow-redeem_2-2.flat  avgt        342.498          us/op
CekJavaBenchmark.bench         escrow-redeem_2-3.flat  avgt        316.357          us/op
CekJavaBenchmark.bench           escrow-refund-1.flat  avgt        143.221          us/op
CekJavaBenchmark.bench  future-increase-margin-1.flat  avgt        196.132          us/op
CekJavaBenchmark.bench  future-increase-margin-2.flat  avgt        405.611          us/op
CekJavaBenchmark.bench  future-increase-margin-3.flat  avgt        404.891          us/op
CekJavaBenchmark.bench  future-increase-margin-4.flat  avgt        487.451          us/op
CekJavaBenchmark.bench  future-increase-margin-5.flat  avgt        713.029          us/op
CekJavaBenchmark.bench          future-pay-out-1.flat  avgt        197.741          us/op
CekJavaBenchmark.bench          future-pay-out-2.flat  avgt        401.386          us/op
CekJavaBenchmark.bench          future-pay-out-3.flat  avgt        408.053          us/op
CekJavaBenchmark.bench          future-pay-out-4.flat  avgt        715.566          us/op
CekJavaBenchmark.bench     future-settle-early-1.flat  avgt        220.575          us/op
CekJavaBenchmark.bench     future-settle-early-2.flat  avgt        397.596          us/op
CekJavaBenchmark.bench     future-settle-early-3.flat  avgt        405.998          us/op
CekJavaBenchmark.bench     future-settle-early-4.flat  avgt        555.702          us/op
CekJavaBenchmark.bench       game-sm-success_1-1.flat  avgt        335.863          us/op
CekJavaBenchmark.bench       game-sm-success_1-2.flat  avgt        169.212          us/op
CekJavaBenchmark.bench       game-sm-success_1-3.flat  avgt        544.898          us/op
CekJavaBenchmark.bench       game-sm-success_1-4.flat  avgt        192.384          us/op
CekJavaBenchmark.bench       game-sm-success_2-1.flat  avgt        349.776          us/op
CekJavaBenchmark.bench       game-sm-success_2-2.flat  avgt        166.392          us/op
CekJavaBenchmark.bench       game-sm-success_2-3.flat  avgt        502.958          us/op
CekJavaBenchmark.bench       game-sm-success_2-4.flat  avgt        187.246          us/op
CekJavaBenchmark.bench       game-sm-success_2-5.flat  avgt        505.623          us/op
CekJavaBenchmark.bench       game-sm-success_2-6.flat  avgt        191.750          us/op
CekJavaBenchmark.bench    guardrail-sorted-large.flat  avgt         18.946          us/op
CekJavaBenchmark.bench    guardrail-sorted-small.flat  avgt         16.059          us/op
CekJavaBenchmark.bench  guardrail-unsorted-large.flat  avgt         16.268          us/op
CekJavaBenchmark.bench  guardrail-unsorted-small.flat  avgt         15.782          us/op
CekJavaBenchmark.bench            multisig-sm-01.flat  avgt        359.418          us/op
CekJavaBenchmark.bench            multisig-sm-02.flat  avgt        347.814          us/op
CekJavaBenchmark.bench            multisig-sm-03.flat  avgt        391.376          us/op
CekJavaBenchmark.bench            multisig-sm-04.flat  avgt        346.600          us/op
CekJavaBenchmark.bench            multisig-sm-05.flat  avgt        474.326          us/op
CekJavaBenchmark.bench            multisig-sm-06.flat  avgt        362.232          us/op
CekJavaBenchmark.bench            multisig-sm-07.flat  avgt        342.982          us/op
CekJavaBenchmark.bench            multisig-sm-08.flat  avgt        350.341          us/op
CekJavaBenchmark.bench            multisig-sm-09.flat  avgt        390.339          us/op
CekJavaBenchmark.bench            multisig-sm-10.flat  avgt        481.576          us/op
CekJavaBenchmark.bench               ping-pong-1.flat  avgt        287.233          us/op
CekJavaBenchmark.bench               ping-pong-2.flat  avgt        284.175          us/op
CekJavaBenchmark.bench             ping-pong_2-1.flat  avgt        188.157          us/op
CekJavaBenchmark.bench                   prism-1.flat  avgt        148.270          us/op
CekJavaBenchmark.bench                   prism-2.flat  avgt        377.185          us/op
CekJavaBenchmark.bench                   prism-3.flat  avgt        292.625          us/op
CekJavaBenchmark.bench                  pubkey-1.flat  avgt        122.753          us/op
CekJavaBenchmark.bench            stablecoin_1-1.flat  avgt        980.998          us/op
CekJavaBenchmark.bench            stablecoin_1-2.flat  avgt        163.576          us/op
CekJavaBenchmark.bench            stablecoin_1-3.flat  avgt       1031.416          us/op
CekJavaBenchmark.bench            stablecoin_1-4.flat  avgt        172.841          us/op
CekJavaBenchmark.bench            stablecoin_1-5.flat  avgt       1342.409          us/op
CekJavaBenchmark.bench            stablecoin_1-6.flat  avgt        212.399          us/op
CekJavaBenchmark.bench            stablecoin_2-1.flat  avgt       1004.526          us/op
CekJavaBenchmark.bench            stablecoin_2-2.flat  avgt        163.149          us/op
CekJavaBenchmark.bench            stablecoin_2-3.flat  avgt       1030.364          us/op
CekJavaBenchmark.bench            stablecoin_2-4.flat  avgt        173.824          us/op
CekJavaBenchmark.bench           token-account-1.flat  avgt        157.420          us/op
CekJavaBenchmark.bench           token-account-2.flat  avgt        251.653          us/op
CekJavaBenchmark.bench                 uniswap-1.flat  avgt        334.915          us/op
CekJavaBenchmark.bench                 uniswap-2.flat  avgt        186.753          us/op
CekJavaBenchmark.bench                 uniswap-3.flat  avgt       1268.093          us/op
CekJavaBenchmark.bench                 uniswap-4.flat  avgt        275.505          us/op
CekJavaBenchmark.bench                 uniswap-5.flat  avgt        842.169          us/op
CekJavaBenchmark.bench                 uniswap-6.flat  avgt        269.318          us/op
CekJavaBenchmark.bench                 vesting-1.flat  avgt        298.335          us/op

Benchmark result is saved to /rerun/bumped/julc-java-jmh.csv
