
Welcome to .NET 10.0!
---------------------
SDK Version: 10.0.401

Telemetry
---------
The .NET tools collect usage data in order to help us improve your experience. It is collected by Microsoft and shared with the community. You can opt-out of telemetry by setting the DOTNET_CLI_TELEMETRY_OPTOUT environment variable to '1' or 'true' using your favorite shell.

Read more about .NET CLI Tools telemetry: https://aka.ms/dotnet-cli-telemetry

----------------
Installed an ASP.NET Core HTTPS development certificate.
To trust the certificate, run 'dotnet dev-certs https --trust'
Learn about HTTPS: https://aka.ms/dotnet-https

----------------
Write your first app: https://aka.ms/dotnet-hello-world
Find out what's new: https://aka.ms/dotnet-whats-new
Explore documentation: https://aka.ms/dotnet-docs
Report issues and find source on GitHub: https://github.com/dotnet/core
Use 'dotnet --help' to see available commands or visit: https://aka.ms/dotnet-cli
--------------------------------------------------------------------------------------
An issue was encountered verifying workloads. For more information, run "dotnet workload update".
// Validating benchmarks:
// ***** BenchmarkRunner: Start   *****
// ***** Found 89 benchmark(s) in total *****
// ***** Building 1 exe(s) in Parallel: Start   *****
// start dotnet  restore --nodeReuse:false /p:UseSharedCompilation=false /p:Deterministic=true /p:Optimize=true /p:ArtifactsPath="/bench/chrysalis/benchmarks/PlutusBench/bin/Release/net10.0/PlutusBench-ShortRun-1/" /p:OutDir="/bench/chrysalis/benchmarks/PlutusBench/bin/Release/net10.0/PlutusBench-ShortRun-1/bin/Release/net10.0/" /p:OutputPath="/bench/chrysalis/benchmarks/PlutusBench/bin/Release/net10.0/PlutusBench-ShortRun-1/bin/Release/net10.0/" /p:PublishDir="/bench/chrysalis/benchmarks/PlutusBench/bin/Release/net10.0/PlutusBench-ShortRun-1/publish/" in /bench/chrysalis/benchmarks/PlutusBench/bin/Release/net10.0/PlutusBench-ShortRun-1
// command took 0.87 sec and exited with 0
// start dotnet  build -c Release --no-restore --nodeReuse:false /p:UseSharedCompilation=false /p:Deterministic=true /p:Optimize=true /p:ArtifactsPath="/bench/chrysalis/benchmarks/PlutusBench/bin/Release/net10.0/PlutusBench-ShortRun-1/" /p:OutDir="/bench/chrysalis/benchmarks/PlutusBench/bin/Release/net10.0/PlutusBench-ShortRun-1/bin/Release/net10.0/" /p:OutputPath="/bench/chrysalis/benchmarks/PlutusBench/bin/Release/net10.0/PlutusBench-ShortRun-1/bin/Release/net10.0/" /p:PublishDir="/bench/chrysalis/benchmarks/PlutusBench/bin/Release/net10.0/PlutusBench-ShortRun-1/publish/" --output "/bench/chrysalis/benchmarks/PlutusBench/bin/Release/net10.0/PlutusBench-ShortRun-1/bin/Release/net10.0/" in /bench/chrysalis/benchmarks/PlutusBench/bin/Release/net10.0/PlutusBench-ShortRun-1
// command took 11.7 sec and exited with 0
// ***** Done, took 00:00:12 (12.63 sec)   *****
// Found 89 benchmarks:
//   PlutusUseCasesBenchmarks.DecodeAndEval: ShortRun(IterationCount=3, LaunchCount=1, MinIterationCount=50, WarmupCount=3) [Script=auction_1-1]
//   PlutusUseCasesBenchmarks.DecodeAndEval: ShortRun(IterationCount=3, LaunchCount=1, MinIterationCount=50, WarmupCount=3) [Script=auction_1-2]
//   PlutusUseCasesBenchmarks.DecodeAndEval: ShortRun(IterationCount=3, LaunchCount=1, MinIterationCount=50, WarmupCount=3) [Script=auction_1-3]
//   PlutusUseCasesBenchmarks.DecodeAndEval: ShortRun(IterationCount=3, LaunchCount=1, MinIterationCount=50, WarmupCount=3) [Script=auction_1-4]
//   PlutusUseCasesBenchmarks.DecodeAndEval: ShortRun(IterationCount=3, LaunchCount=1, MinIterationCount=50, WarmupCount=3) [Script=auction_2-1]
//   PlutusUseCasesBenchmarks.DecodeAndEval: ShortRun(IterationCount=3, LaunchCount=1, MinIterationCount=50, WarmupCount=3) [Script=auction_2-2]
//   PlutusUseCasesBenchmarks.DecodeAndEval: ShortRun(IterationCount=3, LaunchCount=1, MinIterationCount=50, WarmupCount=3) [Script=auction_2-3]
//   PlutusUseCasesBenchmarks.DecodeAndEval: ShortRun(IterationCount=3, LaunchCount=1, MinIterationCount=50, WarmupCount=3) [Script=auction_2-4]
//   PlutusUseCasesBenchmarks.DecodeAndEval: ShortRun(IterationCount=3, LaunchCount=1, MinIterationCount=50, WarmupCount=3) [Script=auction_2-5]
//   PlutusUseCasesBenchmarks.DecodeAndEval: ShortRun(IterationCount=3, LaunchCount=1, MinIterationCount=50, WarmupCount=3) [Script=coop-1]
//   PlutusUseCasesBenchmarks.DecodeAndEval: ShortRun(IterationCount=3, LaunchCount=1, MinIterationCount=50, WarmupCount=3) [Script=coop-2]
//   PlutusUseCasesBenchmarks.DecodeAndEval: ShortRun(IterationCount=3, LaunchCount=1, MinIterationCount=50, WarmupCount=3) [Script=coop-3]
//   PlutusUseCasesBenchmarks.DecodeAndEval: ShortRun(IterationCount=3, LaunchCount=1, MinIterationCount=50, WarmupCount=3) [Script=coop-4]
//   PlutusUseCasesBenchmarks.DecodeAndEval: ShortRun(IterationCount=3, LaunchCount=1, MinIterationCount=50, WarmupCount=3) [Script=coop-5]
//   PlutusUseCasesBenchmarks.DecodeAndEval: ShortRun(IterationCount=3, LaunchCount=1, MinIterationCount=50, WarmupCount=3) [Script=coop-6]
//   PlutusUseCasesBenchmarks.DecodeAndEval: ShortRun(IterationCount=3, LaunchCount=1, MinIterationCount=50, WarmupCount=3) [Script=coop-7]
//   PlutusUseCasesBenchmarks.DecodeAndEval: ShortRun(IterationCount=3, LaunchCount=1, MinIterationCount=50, WarmupCount=3) [Script=crowdfunding-success-1]
//   PlutusUseCasesBenchmarks.DecodeAndEval: ShortRun(IterationCount=3, LaunchCount=1, MinIterationCount=50, WarmupCount=3) [Script=crowdfunding-success-2]
//   PlutusUseCasesBenchmarks.DecodeAndEval: ShortRun(IterationCount=3, LaunchCount=1, MinIterationCount=50, WarmupCount=3) [Script=crowdfunding-success-3]
//   PlutusUseCasesBenchmarks.DecodeAndEval: ShortRun(IterationCount=3, LaunchCount=1, MinIterationCount=50, WarmupCount=3) [Script=currency-1]
//   PlutusUseCasesBenchmarks.DecodeAndEval: ShortRun(IterationCount=3, LaunchCount=1, MinIterationCount=50, WarmupCount=3) [Script=escrow-redeem_1-1]
//   PlutusUseCasesBenchmarks.DecodeAndEval: ShortRun(IterationCount=3, LaunchCount=1, MinIterationCount=50, WarmupCount=3) [Script=escrow-redeem_1-2]
//   PlutusUseCasesBenchmarks.DecodeAndEval: ShortRun(IterationCount=3, LaunchCount=1, MinIterationCount=50, WarmupCount=3) [Script=escrow-redeem_2-1]
//   PlutusUseCasesBenchmarks.DecodeAndEval: ShortRun(IterationCount=3, LaunchCount=1, MinIterationCount=50, WarmupCount=3) [Script=escrow-redeem_2-2]
//   PlutusUseCasesBenchmarks.DecodeAndEval: ShortRun(IterationCount=3, LaunchCount=1, MinIterationCount=50, WarmupCount=3) [Script=escrow-redeem_2-3]
//   PlutusUseCasesBenchmarks.DecodeAndEval: ShortRun(IterationCount=3, LaunchCount=1, MinIterationCount=50, WarmupCount=3) [Script=escrow-refund-1]
//   PlutusUseCasesBenchmarks.DecodeAndEval: ShortRun(IterationCount=3, LaunchCount=1, MinIterationCount=50, WarmupCount=3) [Script=future-increase-margin-1]
//   PlutusUseCasesBenchmarks.DecodeAndEval: ShortRun(IterationCount=3, LaunchCount=1, MinIterationCount=50, WarmupCount=3) [Script=future-increase-margin-2]
//   PlutusUseCasesBenchmarks.DecodeAndEval: ShortRun(IterationCount=3, LaunchCount=1, MinIterationCount=50, WarmupCount=3) [Script=future-increase-margin-3]
//   PlutusUseCasesBenchmarks.DecodeAndEval: ShortRun(IterationCount=3, LaunchCount=1, MinIterationCount=50, WarmupCount=3) [Script=future-increase-margin-4]
//   PlutusUseCasesBenchmarks.DecodeAndEval: ShortRun(IterationCount=3, LaunchCount=1, MinIterationCount=50, WarmupCount=3) [Script=future-increase-margin-5]
//   PlutusUseCasesBenchmarks.DecodeAndEval: ShortRun(IterationCount=3, LaunchCount=1, MinIterationCount=50, WarmupCount=3) [Script=future-pay-out-1]
//   PlutusUseCasesBenchmarks.DecodeAndEval: ShortRun(IterationCount=3, LaunchCount=1, MinIterationCount=50, WarmupCount=3) [Script=future-pay-out-2]
//   PlutusUseCasesBenchmarks.DecodeAndEval: ShortRun(IterationCount=3, LaunchCount=1, MinIterationCount=50, WarmupCount=3) [Script=future-pay-out-3]
//   PlutusUseCasesBenchmarks.DecodeAndEval: ShortRun(IterationCount=3, LaunchCount=1, MinIterationCount=50, WarmupCount=3) [Script=future-pay-out-4]
//   PlutusUseCasesBenchmarks.DecodeAndEval: ShortRun(IterationCount=3, LaunchCount=1, MinIterationCount=50, WarmupCount=3) [Script=future-settle-early-1]
//   PlutusUseCasesBenchmarks.DecodeAndEval: ShortRun(IterationCount=3, LaunchCount=1, MinIterationCount=50, WarmupCount=3) [Script=future-settle-early-2]
//   PlutusUseCasesBenchmarks.DecodeAndEval: ShortRun(IterationCount=3, LaunchCount=1, MinIterationCount=50, WarmupCount=3) [Script=future-settle-early-3]
//   PlutusUseCasesBenchmarks.DecodeAndEval: ShortRun(IterationCount=3, LaunchCount=1, MinIterationCount=50, WarmupCount=3) [Script=future-settle-early-4]
//   PlutusUseCasesBenchmarks.DecodeAndEval: ShortRun(IterationCount=3, LaunchCount=1, MinIterationCount=50, WarmupCount=3) [Script=game-sm-success_1-1]
//   PlutusUseCasesBenchmarks.DecodeAndEval: ShortRun(IterationCount=3, LaunchCount=1, MinIterationCount=50, WarmupCount=3) [Script=game-sm-success_1-2]
//   PlutusUseCasesBenchmarks.DecodeAndEval: ShortRun(IterationCount=3, LaunchCount=1, MinIterationCount=50, WarmupCount=3) [Script=game-sm-success_1-3]
//   PlutusUseCasesBenchmarks.DecodeAndEval: ShortRun(IterationCount=3, LaunchCount=1, MinIterationCount=50, WarmupCount=3) [Script=game-sm-success_1-4]
//   PlutusUseCasesBenchmarks.DecodeAndEval: ShortRun(IterationCount=3, LaunchCount=1, MinIterationCount=50, WarmupCount=3) [Script=game-sm-success_2-1]
//   PlutusUseCasesBenchmarks.DecodeAndEval: ShortRun(IterationCount=3, LaunchCount=1, MinIterationCount=50, WarmupCount=3) [Script=game-sm-success_2-2]
//   PlutusUseCasesBenchmarks.DecodeAndEval: ShortRun(IterationCount=3, LaunchCount=1, MinIterationCount=50, WarmupCount=3) [Script=game-sm-success_2-3]
//   PlutusUseCasesBenchmarks.DecodeAndEval: ShortRun(IterationCount=3, LaunchCount=1, MinIterationCount=50, WarmupCount=3) [Script=game-sm-success_2-4]
//   PlutusUseCasesBenchmarks.DecodeAndEval: ShortRun(IterationCount=3, LaunchCount=1, MinIterationCount=50, WarmupCount=3) [Script=game-sm-success_2-5]
//   PlutusUseCasesBenchmarks.DecodeAndEval: ShortRun(IterationCount=3, LaunchCount=1, MinIterationCount=50, WarmupCount=3) [Script=game-sm-success_2-6]
//   PlutusUseCasesBenchmarks.DecodeAndEval: ShortRun(IterationCount=3, LaunchCount=1, MinIterationCount=50, WarmupCount=3) [Script=guardrail-sorted-large]
//   PlutusUseCasesBenchmarks.DecodeAndEval: ShortRun(IterationCount=3, LaunchCount=1, MinIterationCount=50, WarmupCount=3) [Script=guardrail-sorted-small]
//   PlutusUseCasesBenchmarks.DecodeAndEval: ShortRun(IterationCount=3, LaunchCount=1, MinIterationCount=50, WarmupCount=3) [Script=guardrail-unsorted-large]
//   PlutusUseCasesBenchmarks.DecodeAndEval: ShortRun(IterationCount=3, LaunchCount=1, MinIterationCount=50, WarmupCount=3) [Script=guardrail-unsorted-small]
//   PlutusUseCasesBenchmarks.DecodeAndEval: ShortRun(IterationCount=3, LaunchCount=1, MinIterationCount=50, WarmupCount=3) [Script=multisig-sm-01]
//   PlutusUseCasesBenchmarks.DecodeAndEval: ShortRun(IterationCount=3, LaunchCount=1, MinIterationCount=50, WarmupCount=3) [Script=multisig-sm-02]
//   PlutusUseCasesBenchmarks.DecodeAndEval: ShortRun(IterationCount=3, LaunchCount=1, MinIterationCount=50, WarmupCount=3) [Script=multisig-sm-03]
//   PlutusUseCasesBenchmarks.DecodeAndEval: ShortRun(IterationCount=3, LaunchCount=1, MinIterationCount=50, WarmupCount=3) [Script=multisig-sm-04]
//   PlutusUseCasesBenchmarks.DecodeAndEval: ShortRun(IterationCount=3, LaunchCount=1, MinIterationCount=50, WarmupCount=3) [Script=multisig-sm-05]
//   PlutusUseCasesBenchmarks.DecodeAndEval: ShortRun(IterationCount=3, LaunchCount=1, MinIterationCount=50, WarmupCount=3) [Script=multisig-sm-06]
//   PlutusUseCasesBenchmarks.DecodeAndEval: ShortRun(IterationCount=3, LaunchCount=1, MinIterationCount=50, WarmupCount=3) [Script=multisig-sm-07]
//   PlutusUseCasesBenchmarks.DecodeAndEval: ShortRun(IterationCount=3, LaunchCount=1, MinIterationCount=50, WarmupCount=3) [Script=multisig-sm-08]
//   PlutusUseCasesBenchmarks.DecodeAndEval: ShortRun(IterationCount=3, LaunchCount=1, MinIterationCount=50, WarmupCount=3) [Script=multisig-sm-09]
//   PlutusUseCasesBenchmarks.DecodeAndEval: ShortRun(IterationCount=3, LaunchCount=1, MinIterationCount=50, WarmupCount=3) [Script=multisig-sm-10]
//   PlutusUseCasesBenchmarks.DecodeAndEval: ShortRun(IterationCount=3, LaunchCount=1, MinIterationCount=50, WarmupCount=3) [Script=ping-pong_2-1]
//   PlutusUseCasesBenchmarks.DecodeAndEval: ShortRun(IterationCount=3, LaunchCount=1, MinIterationCount=50, WarmupCount=3) [Script=ping-pong-1]
//   PlutusUseCasesBenchmarks.DecodeAndEval: ShortRun(IterationCount=3, LaunchCount=1, MinIterationCount=50, WarmupCount=3) [Script=ping-pong-2]
//   PlutusUseCasesBenchmarks.DecodeAndEval: ShortRun(IterationCount=3, LaunchCount=1, MinIterationCount=50, WarmupCount=3) [Script=prism-1]
//   PlutusUseCasesBenchmarks.DecodeAndEval: ShortRun(IterationCount=3, LaunchCount=1, MinIterationCount=50, WarmupCount=3) [Script=prism-2]
//   PlutusUseCasesBenchmarks.DecodeAndEval: ShortRun(IterationCount=3, LaunchCount=1, MinIterationCount=50, WarmupCount=3) [Script=prism-3]
//   PlutusUseCasesBenchmarks.DecodeAndEval: ShortRun(IterationCount=3, LaunchCount=1, MinIterationCount=50, WarmupCount=3) [Script=pubkey-1]
//   PlutusUseCasesBenchmarks.DecodeAndEval: ShortRun(IterationCount=3, LaunchCount=1, MinIterationCount=50, WarmupCount=3) [Script=stablecoin_1-1]
//   PlutusUseCasesBenchmarks.DecodeAndEval: ShortRun(IterationCount=3, LaunchCount=1, MinIterationCount=50, WarmupCount=3) [Script=stablecoin_1-2]
//   PlutusUseCasesBenchmarks.DecodeAndEval: ShortRun(IterationCount=3, LaunchCount=1, MinIterationCount=50, WarmupCount=3) [Script=stablecoin_1-3]
//   PlutusUseCasesBenchmarks.DecodeAndEval: ShortRun(IterationCount=3, LaunchCount=1, MinIterationCount=50, WarmupCount=3) [Script=stablecoin_1-4]
//   PlutusUseCasesBenchmarks.DecodeAndEval: ShortRun(IterationCount=3, LaunchCount=1, MinIterationCount=50, WarmupCount=3) [Script=stablecoin_1-5]
//   PlutusUseCasesBenchmarks.DecodeAndEval: ShortRun(IterationCount=3, LaunchCount=1, MinIterationCount=50, WarmupCount=3) [Script=stablecoin_1-6]
//   PlutusUseCasesBenchmarks.DecodeAndEval: ShortRun(IterationCount=3, LaunchCount=1, MinIterationCount=50, WarmupCount=3) [Script=stablecoin_2-1]
//   PlutusUseCasesBenchmarks.DecodeAndEval: ShortRun(IterationCount=3, LaunchCount=1, MinIterationCount=50, WarmupCount=3) [Script=stablecoin_2-2]
//   PlutusUseCasesBenchmarks.DecodeAndEval: ShortRun(IterationCount=3, LaunchCount=1, MinIterationCount=50, WarmupCount=3) [Script=stablecoin_2-3]
//   PlutusUseCasesBenchmarks.DecodeAndEval: ShortRun(IterationCount=3, LaunchCount=1, MinIterationCount=50, WarmupCount=3) [Script=stablecoin_2-4]
//   PlutusUseCasesBenchmarks.DecodeAndEval: ShortRun(IterationCount=3, LaunchCount=1, MinIterationCount=50, WarmupCount=3) [Script=token-account-1]
//   PlutusUseCasesBenchmarks.DecodeAndEval: ShortRun(IterationCount=3, LaunchCount=1, MinIterationCount=50, WarmupCount=3) [Script=token-account-2]
//   PlutusUseCasesBenchmarks.DecodeAndEval: ShortRun(IterationCount=3, LaunchCount=1, MinIterationCount=50, WarmupCount=3) [Script=uniswap-1]
//   PlutusUseCasesBenchmarks.DecodeAndEval: ShortRun(IterationCount=3, LaunchCount=1, MinIterationCount=50, WarmupCount=3) [Script=uniswap-2]
//   PlutusUseCasesBenchmarks.DecodeAndEval: ShortRun(IterationCount=3, LaunchCount=1, MinIterationCount=50, WarmupCount=3) [Script=uniswap-3]
//   PlutusUseCasesBenchmarks.DecodeAndEval: ShortRun(IterationCount=3, LaunchCount=1, MinIterationCount=50, WarmupCount=3) [Script=uniswap-4]
//   PlutusUseCasesBenchmarks.DecodeAndEval: ShortRun(IterationCount=3, LaunchCount=1, MinIterationCount=50, WarmupCount=3) [Script=uniswap-5]
//   PlutusUseCasesBenchmarks.DecodeAndEval: ShortRun(IterationCount=3, LaunchCount=1, MinIterationCount=50, WarmupCount=3) [Script=uniswap-6]
//   PlutusUseCasesBenchmarks.DecodeAndEval: ShortRun(IterationCount=3, LaunchCount=1, MinIterationCount=50, WarmupCount=3) [Script=vesting-1]

// **************************
// Benchmark: PlutusUseCasesBenchmarks.DecodeAndEval: ShortRun(IterationCount=3, LaunchCount=1, MinIterationCount=50, WarmupCount=3) [Script=auction_1-1]
// *** Execute ***
// Launch: 1 / 1
// Execute: dotnet PlutusBench-ShortRun-1.dll --anonymousPipes 113 114 --benchmarkName "PlutusUseCasesBenchmarks.DecodeAndEval(Script: \"auction_1-1\")" --job ShortRun --benchmarkId 0 in /bench/chrysalis/benchmarks/PlutusBench/bin/Release/net10.0/PlutusBench-ShortRun-1/bin/Release/net10.0
// BeforeAnythingElse

// Benchmark Process Environment Information:
// BenchmarkDotNet v0.15.8
// Runtime=.NET 10.0.12 (10.0.12, 10.0.1226.42308), X64 RyuJIT x86-64-v4
// GC=Concurrent Workstation
// HardwareIntrinsics=AVX512 BITALG+VBMI2+VNNI+VPOPCNTDQ,AVX512 IFMA+VBMI,AVX512 F+BW+CD+DQ+VL,AVX2+BMI1+BMI2+F16C+FMA+LZCNT+MOVBE,AVX,SSE3+SSSE3+SSE4.1+SSE4.2+POPCNT,X86Base+SSE+SSE2,AES+PCLMUL VectorSize=256
// Job: ShortRun(IterationCount=3, LaunchCount=1, MinIterationCount=50, WarmupCount=3)

OverheadJitting  1: 1 op, 148233.00 ns, 148.2330 us/op
WorkloadJitting  1: 1 op, 15192287.00 ns, 15.1923 ms/op

OverheadJitting  2: 16 op, 323759.00 ns, 20.2349 us/op
WorkloadJitting  2: 16 op, 11751286.00 ns, 734.4554 us/op

WorkloadPilot    1: 16 op, 10350305.00 ns, 646.8941 us/op
WorkloadPilot    2: 32 op, 18893870.00 ns, 590.4334 us/op
WorkloadPilot    3: 64 op, 38070662.00 ns, 594.8541 us/op
WorkloadPilot    4: 128 op, 74017603.00 ns, 578.2625 us/op
WorkloadPilot    5: 256 op, 122280418.00 ns, 477.6579 us/op
WorkloadPilot    6: 512 op, 175400423.00 ns, 342.5790 us/op
WorkloadPilot    7: 1024 op, 216498868.00 ns, 211.4247 us/op
WorkloadPilot    8: 2048 op, 450246265.00 ns, 219.8468 us/op
WorkloadPilot    9: 4096 op, 1097401862.00 ns, 267.9204 us/op

OverheadWarmup   1: 4096 op, 17711.00 ns, 4.3240 ns/op
OverheadWarmup   2: 4096 op, 20436.00 ns, 4.9893 ns/op
OverheadWarmup   3: 4096 op, 14418.00 ns, 3.5200 ns/op
OverheadWarmup   4: 4096 op, 14428.00 ns, 3.5225 ns/op
OverheadWarmup   5: 4096 op, 14817.00 ns, 3.6174 ns/op
OverheadWarmup   6: 4096 op, 14923.00 ns, 3.6433 ns/op
OverheadWarmup   7: 4096 op, 14439.00 ns, 3.5251 ns/op

OverheadActual   1: 4096 op, 14630.00 ns, 3.5718 ns/op
OverheadActual   2: 4096 op, 14553.00 ns, 3.5530 ns/op
OverheadActual   3: 4096 op, 14648.00 ns, 3.5762 ns/op
OverheadActual   4: 4096 op, 14392.00 ns, 3.5137 ns/op
OverheadActual   5: 4096 op, 14576.00 ns, 3.5586 ns/op
OverheadActual   6: 4096 op, 14485.00 ns, 3.5364 ns/op
OverheadActual   7: 4096 op, 14507.00 ns, 3.5417 ns/op
OverheadActual   8: 4096 op, 14363.00 ns, 3.5066 ns/op
OverheadActual   9: 4096 op, 14370.00 ns, 3.5083 ns/op
OverheadActual  10: 4096 op, 14893.00 ns, 3.6360 ns/op
OverheadActual  11: 4096 op, 14618.00 ns, 3.5688 ns/op
OverheadActual  12: 4096 op, 14471.00 ns, 3.5330 ns/op
OverheadActual  13: 4096 op, 17230.00 ns, 4.2065 ns/op
OverheadActual  14: 4096 op, 14878.00 ns, 3.6323 ns/op
OverheadActual  15: 4096 op, 14481.00 ns, 3.5354 ns/op
OverheadActual  16: 4096 op, 14497.00 ns, 3.5393 ns/op
OverheadActual  17: 4096 op, 14635.00 ns, 3.5730 ns/op
OverheadActual  18: 4096 op, 14462.00 ns, 3.5308 ns/op
OverheadActual  19: 4096 op, 14445.00 ns, 3.5266 ns/op
OverheadActual  20: 4096 op, 14519.00 ns, 3.5447 ns/op

WorkloadWarmup   1: 4096 op, 1043625884.00 ns, 254.7915 us/op
WorkloadWarmup   2: 4096 op, 843950205.00 ns, 206.0425 us/op
WorkloadWarmup   3: 4096 op, 837181159.00 ns, 204.3899 us/op

// BeforeActualRun
WorkloadActual   1: 4096 op, 839273583.00 ns, 204.9008 us/op
WorkloadActual   2: 4096 op, 844179101.00 ns, 206.0984 us/op
WorkloadActual   3: 4096 op, 844370685.00 ns, 206.1452 us/op

// AfterActualRun
WorkloadResult   1: 4096 op, 839259070.00 ns, 204.8972 us/op
WorkloadResult   2: 4096 op, 844164588.00 ns, 206.0949 us/op
WorkloadResult   3: 4096 op, 844356172.00 ns, 206.1416 us/op
// GC:  195 60 0 1635713024 4096
// Threading:  0 0 4096

// AfterAll
// Benchmark Process 619 has exited with code 0.

Mean = 205.711 us, StdErr = 0.407 us (0.20%), N = 3, StdDev = 0.705 us
Min = 204.897 us, Q1 = 205.496 us, Median = 206.095 us, Q3 = 206.118 us, Max = 206.142 us
IQR = 0.622 us, LowerFence = 204.563 us, UpperFence = 207.052 us
ConfidenceInterval = [192.843 us; 218.579 us] (CI 99.9%), Margin = 12.868 us (6.26% of Mean)
Skewness = -0.38, Kurtosis = 0.67, MValue = 2

// ** Remained 88 (98.9 %) benchmark(s) to run. Estimated finish 2026-10-07 19:45 (0h 12m from now) **
// **************************
// Benchmark: PlutusUseCasesBenchmarks.DecodeAndEval: ShortRun(IterationCount=3, LaunchCount=1, MinIterationCount=50, WarmupCount=3) [Script=auction_1-2]
// *** Execute ***
// Launch: 1 / 1
// Execute: dotnet PlutusBench-ShortRun-1.dll --anonymousPipes 113 114 --benchmarkName "PlutusUseCasesBenchmarks.DecodeAndEval(Script: \"auction_1-2\")" --job ShortRun --benchmarkId 1 in /bench/chrysalis/benchmarks/PlutusBench/bin/Release/net10.0/PlutusBench-ShortRun-1/bin/Release/net10.0
// BeforeAnythingElse

// Benchmark Process Environment Information:
// BenchmarkDotNet v0.15.8
// Runtime=.NET 10.0.12 (10.0.12, 10.0.1226.42308), X64 RyuJIT x86-64-v4
// GC=Concurrent Workstation
// HardwareIntrinsics=AVX512 BITALG+VBMI2+VNNI+VPOPCNTDQ,AVX512 IFMA+VBMI,AVX512 F+BW+CD+DQ+VL,AVX2+BMI1+BMI2+F16C+FMA+LZCNT+MOVBE,AVX,SSE3+SSSE3+SSE4.1+SSE4.2+POPCNT,X86Base+SSE+SSE2,AES+PCLMUL VectorSize=256
// Job: ShortRun(IterationCount=3, LaunchCount=1, MinIterationCount=50, WarmupCount=3)

OverheadJitting  1: 1 op, 151469.00 ns, 151.4690 us/op
WorkloadJitting  1: 1 op, 18919556.00 ns, 18.9196 ms/op

OverheadJitting  2: 16 op, 333706.00 ns, 20.8566 us/op
WorkloadJitting  2: 16 op, 37459723.00 ns, 2.3412 ms/op

WorkloadPilot    1: 16 op, 36195412.00 ns, 2.2622 ms/op
WorkloadPilot    2: 32 op, 68171035.00 ns, 2.1303 ms/op
WorkloadPilot    3: 64 op, 124788559.00 ns, 1.9498 ms/op
WorkloadPilot    4: 128 op, 118483453.00 ns, 925.6520 us/op
WorkloadPilot    5: 256 op, 224771386.00 ns, 878.0132 us/op
WorkloadPilot    6: 512 op, 377644109.00 ns, 737.5862 us/op
WorkloadPilot    7: 1024 op, 749787292.00 ns, 732.2142 us/op

OverheadWarmup   1: 1024 op, 5394.00 ns, 5.2676 ns/op
OverheadWarmup   2: 1024 op, 4408.00 ns, 4.3047 ns/op
OverheadWarmup   3: 1024 op, 4038.00 ns, 3.9434 ns/op
OverheadWarmup   4: 1024 op, 4013.00 ns, 3.9189 ns/op
OverheadWarmup   5: 1024 op, 3887.00 ns, 3.7959 ns/op
OverheadWarmup   6: 1024 op, 4061.00 ns, 3.9658 ns/op
OverheadWarmup   7: 1024 op, 4055.00 ns, 3.9600 ns/op
OverheadWarmup   8: 1024 op, 4164.00 ns, 4.0664 ns/op
OverheadWarmup   9: 1024 op, 3967.00 ns, 3.8740 ns/op

OverheadActual   1: 1024 op, 4101.00 ns, 4.0049 ns/op
OverheadActual   2: 1024 op, 4023.00 ns, 3.9287 ns/op
OverheadActual   3: 1024 op, 4303.00 ns, 4.2021 ns/op
OverheadActual   4: 1024 op, 4243.00 ns, 4.1436 ns/op
OverheadActual   5: 1024 op, 4208.00 ns, 4.1094 ns/op
OverheadActual   6: 1024 op, 4091.00 ns, 3.9951 ns/op
OverheadActual   7: 1024 op, 4190.00 ns, 4.0918 ns/op
OverheadActual   8: 1024 op, 4093.00 ns, 3.9971 ns/op
OverheadActual   9: 1024 op, 4073.00 ns, 3.9775 ns/op
OverheadActual  10: 1024 op, 4074.00 ns, 3.9785 ns/op
OverheadActual  11: 1024 op, 4076.00 ns, 3.9805 ns/op
OverheadActual  12: 1024 op, 4160.00 ns, 4.0625 ns/op
OverheadActual  13: 1024 op, 4173.00 ns, 4.0752 ns/op
OverheadActual  14: 1024 op, 4152.00 ns, 4.0547 ns/op
OverheadActual  15: 1024 op, 4102.00 ns, 4.0059 ns/op
OverheadActual  16: 1024 op, 4221.00 ns, 4.1221 ns/op
OverheadActual  17: 1024 op, 4198.00 ns, 4.0996 ns/op
OverheadActual  18: 1024 op, 4182.00 ns, 4.0840 ns/op
OverheadActual  19: 1024 op, 4107.00 ns, 4.0107 ns/op
OverheadActual  20: 1024 op, 4206.00 ns, 4.1074 ns/op

WorkloadWarmup   1: 1024 op, 753539194.00 ns, 735.8781 us/op
WorkloadWarmup   2: 1024 op, 757408926.00 ns, 739.6572 us/op
WorkloadWarmup   3: 1024 op, 749659336.00 ns, 732.0892 us/op

// BeforeActualRun
WorkloadActual   1: 1024 op, 752397588.00 ns, 734.7633 us/op
WorkloadActual   2: 1024 op, 756692219.00 ns, 738.9572 us/op
WorkloadActual   3: 1024 op, 756507012.00 ns, 738.7764 us/op

// AfterActualRun
WorkloadResult   1: 1024 op, 752393432.00 ns, 734.7592 us/op
WorkloadResult   2: 1024 op, 756688063.00 ns, 738.9532 us/op
WorkloadResult   3: 1024 op, 756502856.00 ns, 738.7723 us/op
// GC:  139 55 0 1168949248 1024
// Threading:  0 0 1024

// AfterAll
// Benchmark Process 631 has exited with code 0.

Mean = 737.495 us, StdErr = 1.369 us (0.19%), N = 3, StdDev = 2.371 us
Min = 734.759 us, Q1 = 736.766 us, Median = 738.772 us, Q3 = 738.863 us, Max = 738.953 us
IQR = 2.097 us, LowerFence = 733.620 us, UpperFence = 742.008 us
ConfidenceInterval = [694.241 us; 780.749 us] (CI 99.9%), Margin = 43.254 us (5.87% of Mean)
Skewness = -0.38, Kurtosis = 0.67, MValue = 2

// ** Remained 87 (97.8 %) benchmark(s) to run. Estimated finish 2026-10-07 19:44 (0h 11m from now) **
// **************************
// Benchmark: PlutusUseCasesBenchmarks.DecodeAndEval: ShortRun(IterationCount=3, LaunchCount=1, MinIterationCount=50, WarmupCount=3) [Script=auction_1-3]
// *** Execute ***
// Launch: 1 / 1
// Execute: dotnet PlutusBench-ShortRun-1.dll --anonymousPipes 113 114 --benchmarkName "PlutusUseCasesBenchmarks.DecodeAndEval(Script: \"auction_1-3\")" --job ShortRun --benchmarkId 2 in /bench/chrysalis/benchmarks/PlutusBench/bin/Release/net10.0/PlutusBench-ShortRun-1/bin/Release/net10.0
// BeforeAnythingElse

// Benchmark Process Environment Information:
// BenchmarkDotNet v0.15.8
// Runtime=.NET 10.0.12 (10.0.12, 10.0.1226.42308), X64 RyuJIT x86-64-v4
// GC=Concurrent Workstation
// HardwareIntrinsics=AVX512 BITALG+VBMI2+VNNI+VPOPCNTDQ,AVX512 IFMA+VBMI,AVX512 F+BW+CD+DQ+VL,AVX2+BMI1+BMI2+F16C+FMA+LZCNT+MOVBE,AVX,SSE3+SSSE3+SSE4.1+SSE4.2+POPCNT,X86Base+SSE+SSE2,AES+PCLMUL VectorSize=256
// Job: ShortRun(IterationCount=3, LaunchCount=1, MinIterationCount=50, WarmupCount=3)

OverheadJitting  1: 1 op, 152358.00 ns, 152.3580 us/op
WorkloadJitting  1: 1 op, 17349494.00 ns, 17.3495 ms/op

OverheadJitting  2: 16 op, 367794.00 ns, 22.9871 us/op
WorkloadJitting  2: 16 op, 37162998.00 ns, 2.3227 ms/op

WorkloadPilot    1: 16 op, 36150620.00 ns, 2.2594 ms/op
WorkloadPilot    2: 32 op, 68531012.00 ns, 2.1416 ms/op
WorkloadPilot    3: 64 op, 110678912.00 ns, 1.7294 ms/op
WorkloadPilot    4: 128 op, 116715155.00 ns, 911.8371 us/op
WorkloadPilot    5: 256 op, 214511189.00 ns, 837.9343 us/op
WorkloadPilot    6: 512 op, 403418535.00 ns, 787.9268 us/op
WorkloadPilot    7: 1024 op, 768903292.00 ns, 750.8821 us/op

OverheadWarmup   1: 1024 op, 5173.00 ns, 5.0518 ns/op
OverheadWarmup   2: 1024 op, 4177.00 ns, 4.0791 ns/op
OverheadWarmup   3: 1024 op, 3951.00 ns, 3.8584 ns/op
OverheadWarmup   4: 1024 op, 16950.00 ns, 16.5527 ns/op
OverheadWarmup   5: 1024 op, 4138.00 ns, 4.0410 ns/op
OverheadWarmup   6: 1024 op, 4103.00 ns, 4.0068 ns/op
OverheadWarmup   7: 1024 op, 4166.00 ns, 4.0684 ns/op
OverheadWarmup   8: 1024 op, 4098.00 ns, 4.0020 ns/op

OverheadActual   1: 1024 op, 4159.00 ns, 4.0615 ns/op
OverheadActual   2: 1024 op, 4000.00 ns, 3.9063 ns/op
OverheadActual   3: 1024 op, 4058.00 ns, 3.9629 ns/op
OverheadActual   4: 1024 op, 4197.00 ns, 4.0986 ns/op
OverheadActual   5: 1024 op, 4071.00 ns, 3.9756 ns/op
OverheadActual   6: 1024 op, 4118.00 ns, 4.0215 ns/op
OverheadActual   7: 1024 op, 4222.00 ns, 4.1230 ns/op
OverheadActual   8: 1024 op, 4089.00 ns, 3.9932 ns/op
OverheadActual   9: 1024 op, 4121.00 ns, 4.0244 ns/op
OverheadActual  10: 1024 op, 4189.00 ns, 4.0908 ns/op
OverheadActual  11: 1024 op, 4286.00 ns, 4.1855 ns/op
OverheadActual  12: 1024 op, 4259.00 ns, 4.1592 ns/op
OverheadActual  13: 1024 op, 4136.00 ns, 4.0391 ns/op
OverheadActual  14: 1024 op, 4187.00 ns, 4.0889 ns/op
OverheadActual  15: 1024 op, 4145.00 ns, 4.0479 ns/op
OverheadActual  16: 1024 op, 4208.00 ns, 4.1094 ns/op
OverheadActual  17: 1024 op, 4177.00 ns, 4.0791 ns/op
OverheadActual  18: 1024 op, 4310.00 ns, 4.2090 ns/op
OverheadActual  19: 1024 op, 4219.00 ns, 4.1201 ns/op
OverheadActual  20: 1024 op, 4264.00 ns, 4.1641 ns/op

WorkloadWarmup   1: 1024 op, 771137814.00 ns, 753.0643 us/op
WorkloadWarmup   2: 1024 op, 768662936.00 ns, 750.6474 us/op
WorkloadWarmup   3: 1024 op, 764072171.00 ns, 746.1642 us/op

// BeforeActualRun
WorkloadActual   1: 1024 op, 767250118.00 ns, 749.2677 us/op
WorkloadActual   2: 1024 op, 767460556.00 ns, 749.4732 us/op
WorkloadActual   3: 1024 op, 766215611.00 ns, 748.2574 us/op

// AfterActualRun
WorkloadResult   1: 1024 op, 767245936.00 ns, 749.2636 us/op
WorkloadResult   2: 1024 op, 767456374.00 ns, 749.4691 us/op
WorkloadResult   3: 1024 op, 766211429.00 ns, 748.2533 us/op
// GC:  141 70 0 1181884416 1024
// Threading:  0 0 1024

// AfterAll
// Benchmark Process 640 has exited with code 0.

Mean = 748.995 us, StdErr = 0.376 us (0.05%), N = 3, StdDev = 0.651 us
Min = 748.253 us, Q1 = 748.758 us, Median = 749.264 us, Q3 = 749.366 us, Max = 749.469 us
IQR = 0.608 us, LowerFence = 747.847 us, UpperFence = 750.278 us
ConfidenceInterval = [737.123 us; 760.868 us] (CI 99.9%), Margin = 11.872 us (1.59% of Mean)
Skewness = -0.34, Kurtosis = 0.67, MValue = 2

// ** Remained 86 (96.6 %) benchmark(s) to run. Estimated finish 2026-10-07 19:44 (0h 10m from now) **
// **************************
// Benchmark: PlutusUseCasesBenchmarks.DecodeAndEval: ShortRun(IterationCount=3, LaunchCount=1, MinIterationCount=50, WarmupCount=3) [Script=auction_1-4]
// *** Execute ***
// Launch: 1 / 1
// Execute: dotnet PlutusBench-ShortRun-1.dll --anonymousPipes 113 114 --benchmarkName "PlutusUseCasesBenchmarks.DecodeAndEval(Script: \"auction_1-4\")" --job ShortRun --benchmarkId 3 in /bench/chrysalis/benchmarks/PlutusBench/bin/Release/net10.0/PlutusBench-ShortRun-1/bin/Release/net10.0
// BeforeAnythingElse

// Benchmark Process Environment Information:
// BenchmarkDotNet v0.15.8
// Runtime=.NET 10.0.12 (10.0.12, 10.0.1226.42308), X64 RyuJIT x86-64-v4
// GC=Concurrent Workstation
// HardwareIntrinsics=AVX512 BITALG+VBMI2+VNNI+VPOPCNTDQ,AVX512 IFMA+VBMI,AVX512 F+BW+CD+DQ+VL,AVX2+BMI1+BMI2+F16C+FMA+LZCNT+MOVBE,AVX,SSE3+SSSE3+SSE4.1+SSE4.2+POPCNT,X86Base+SSE+SSE2,AES+PCLMUL VectorSize=256
// Job: ShortRun(IterationCount=3, LaunchCount=1, MinIterationCount=50, WarmupCount=3)

OverheadJitting  1: 1 op, 150856.00 ns, 150.8560 us/op
WorkloadJitting  1: 1 op, 15307597.00 ns, 15.3076 ms/op

OverheadJitting  2: 16 op, 320432.00 ns, 20.0270 us/op
WorkloadJitting  2: 16 op, 14157703.00 ns, 884.8564 us/op

WorkloadPilot    1: 16 op, 12645683.00 ns, 790.3552 us/op
WorkloadPilot    2: 32 op, 23551288.00 ns, 735.9778 us/op
WorkloadPilot    3: 64 op, 46144598.00 ns, 721.0093 us/op
WorkloadPilot    4: 128 op, 91433051.00 ns, 714.3207 us/op
WorkloadPilot    5: 256 op, 121053074.00 ns, 472.8636 us/op
WorkloadPilot    6: 512 op, 193336424.00 ns, 377.6102 us/op
WorkloadPilot    7: 1024 op, 263675466.00 ns, 257.4956 us/op
WorkloadPilot    8: 2048 op, 485845244.00 ns, 237.2291 us/op
WorkloadPilot    9: 4096 op, 970836596.00 ns, 237.0207 us/op

OverheadWarmup   1: 4096 op, 15541.00 ns, 3.7942 ns/op
OverheadWarmup   2: 4096 op, 44899.00 ns, 10.9617 ns/op
OverheadWarmup   3: 4096 op, 15127.00 ns, 3.6931 ns/op
OverheadWarmup   4: 4096 op, 41549.00 ns, 10.1438 ns/op
OverheadWarmup   5: 4096 op, 15650.00 ns, 3.8208 ns/op

OverheadActual   1: 4096 op, 14846.00 ns, 3.6245 ns/op
OverheadActual   2: 4096 op, 14747.00 ns, 3.6003 ns/op
OverheadActual   3: 4096 op, 14765.00 ns, 3.6047 ns/op
OverheadActual   4: 4096 op, 48213.00 ns, 11.7708 ns/op
OverheadActual   5: 4096 op, 14699.00 ns, 3.5886 ns/op
OverheadActual   6: 4096 op, 15272.00 ns, 3.7285 ns/op
OverheadActual   7: 4096 op, 15223.00 ns, 3.7166 ns/op
OverheadActual   8: 4096 op, 15549.00 ns, 3.7961 ns/op
OverheadActual   9: 4096 op, 15908.00 ns, 3.8838 ns/op
OverheadActual  10: 4096 op, 15904.00 ns, 3.8828 ns/op
OverheadActual  11: 4096 op, 15618.00 ns, 3.8130 ns/op
OverheadActual  12: 4096 op, 15867.00 ns, 3.8738 ns/op
OverheadActual  13: 4096 op, 15874.00 ns, 3.8755 ns/op
OverheadActual  14: 4096 op, 15877.00 ns, 3.8762 ns/op
OverheadActual  15: 4096 op, 15543.00 ns, 3.7947 ns/op
OverheadActual  16: 4096 op, 15858.00 ns, 3.8716 ns/op
OverheadActual  17: 4096 op, 15551.00 ns, 3.7966 ns/op
OverheadActual  18: 4096 op, 15989.00 ns, 3.9036 ns/op
OverheadActual  19: 4096 op, 28961.00 ns, 7.0706 ns/op
OverheadActual  20: 4096 op, 15897.00 ns, 3.8811 ns/op

WorkloadWarmup   1: 4096 op, 980009364.00 ns, 239.2601 us/op
WorkloadWarmup   2: 4096 op, 1255685941.00 ns, 306.5640 us/op
WorkloadWarmup   3: 4096 op, 1156178213.00 ns, 282.2701 us/op

// BeforeActualRun
WorkloadActual   1: 4096 op, 974083202.00 ns, 237.8133 us/op
WorkloadActual   2: 4096 op, 980714167.00 ns, 239.4322 us/op
WorkloadActual   3: 4096 op, 976502680.00 ns, 238.4040 us/op

// AfterActualRun
WorkloadResult   1: 4096 op, 974067464.00 ns, 237.8094 us/op
WorkloadResult   2: 4096 op, 980698429.00 ns, 239.4283 us/op
WorkloadResult   3: 4096 op, 976486942.00 ns, 238.4001 us/op
// GC:  230 58 0 1930493952 4096
// Threading:  0 0 4096

// AfterAll
// Benchmark Process 649 has exited with code 0.

Mean = 238.546 us, StdErr = 0.473 us (0.20%), N = 3, StdDev = 0.819 us
Min = 237.809 us, Q1 = 238.105 us, Median = 238.400 us, Q3 = 238.914 us, Max = 239.428 us
IQR = 0.809 us, LowerFence = 236.891 us, UpperFence = 240.128 us
ConfidenceInterval = [223.600 us; 253.492 us] (CI 99.9%), Margin = 14.946 us (6.27% of Mean)
Skewness = 0.17, Kurtosis = 0.67, MValue = 2

// ** Remained 85 (95.5 %) benchmark(s) to run. Estimated finish 2026-10-07 19:45 (0h 11m from now) **
// **************************
// Benchmark: PlutusUseCasesBenchmarks.DecodeAndEval: ShortRun(IterationCount=3, LaunchCount=1, MinIterationCount=50, WarmupCount=3) [Script=auction_2-1]
// *** Execute ***
// Launch: 1 / 1
// Execute: dotnet PlutusBench-ShortRun-1.dll --anonymousPipes 113 114 --benchmarkName "PlutusUseCasesBenchmarks.DecodeAndEval(Script: \"auction_2-1\")" --job ShortRun --benchmarkId 4 in /bench/chrysalis/benchmarks/PlutusBench/bin/Release/net10.0/PlutusBench-ShortRun-1/bin/Release/net10.0
// BeforeAnythingElse

// Benchmark Process Environment Information:
// BenchmarkDotNet v0.15.8
// Runtime=.NET 10.0.12 (10.0.12, 10.0.1226.42308), X64 RyuJIT x86-64-v4
// GC=Concurrent Workstation
// HardwareIntrinsics=AVX512 BITALG+VBMI2+VNNI+VPOPCNTDQ,AVX512 IFMA+VBMI,AVX512 F+BW+CD+DQ+VL,AVX2+BMI1+BMI2+F16C+FMA+LZCNT+MOVBE,AVX,SSE3+SSSE3+SSE4.1+SSE4.2+POPCNT,X86Base+SSE+SSE2,AES+PCLMUL VectorSize=256
// Job: ShortRun(IterationCount=3, LaunchCount=1, MinIterationCount=50, WarmupCount=3)

OverheadJitting  1: 1 op, 150047.00 ns, 150.0470 us/op
WorkloadJitting  1: 1 op, 15251322.00 ns, 15.2513 ms/op

OverheadJitting  2: 16 op, 324280.00 ns, 20.2675 us/op
WorkloadJitting  2: 16 op, 12170845.00 ns, 760.6778 us/op

WorkloadPilot    1: 16 op, 11120584.00 ns, 695.0365 us/op
WorkloadPilot    2: 32 op, 19804600.00 ns, 618.8938 us/op
WorkloadPilot    3: 64 op, 40542183.00 ns, 633.4716 us/op
WorkloadPilot    4: 128 op, 76030253.00 ns, 593.9864 us/op
WorkloadPilot    5: 256 op, 162501616.00 ns, 634.7719 us/op
WorkloadPilot    6: 512 op, 126003408.00 ns, 246.1004 us/op
WorkloadPilot    7: 1024 op, 209768117.00 ns, 204.8517 us/op
WorkloadPilot    8: 2048 op, 419491376.00 ns, 204.8298 us/op
WorkloadPilot    9: 4096 op, 839041938.00 ns, 204.8442 us/op

OverheadWarmup   1: 4096 op, 24835.00 ns, 6.0632 ns/op
OverheadWarmup   2: 4096 op, 15962.00 ns, 3.8970 ns/op
OverheadWarmup   3: 4096 op, 15307.00 ns, 3.7371 ns/op
OverheadWarmup   4: 4096 op, 15774.00 ns, 3.8511 ns/op
OverheadWarmup   5: 4096 op, 15728.00 ns, 3.8398 ns/op
OverheadWarmup   6: 4096 op, 31650.00 ns, 7.7271 ns/op
OverheadWarmup   7: 4096 op, 15673.00 ns, 3.8264 ns/op

OverheadActual   1: 4096 op, 15049.00 ns, 3.6741 ns/op
OverheadActual   2: 4096 op, 14938.00 ns, 3.6470 ns/op
OverheadActual   3: 4096 op, 24144.00 ns, 5.8945 ns/op
OverheadActual   4: 4096 op, 15817.00 ns, 3.8616 ns/op
OverheadActual   5: 4096 op, 14942.00 ns, 3.6479 ns/op
OverheadActual   6: 4096 op, 33251.00 ns, 8.1179 ns/op
OverheadActual   7: 4096 op, 16070.00 ns, 3.9233 ns/op
OverheadActual   8: 4096 op, 15748.00 ns, 3.8447 ns/op
OverheadActual   9: 4096 op, 15726.00 ns, 3.8394 ns/op
OverheadActual  10: 4096 op, 15993.00 ns, 3.9045 ns/op
OverheadActual  11: 4096 op, 15877.00 ns, 3.8762 ns/op
OverheadActual  12: 4096 op, 15823.00 ns, 3.8630 ns/op
OverheadActual  13: 4096 op, 15778.00 ns, 3.8521 ns/op
OverheadActual  14: 4096 op, 16130.00 ns, 3.9380 ns/op
OverheadActual  15: 4096 op, 15735.00 ns, 3.8416 ns/op
OverheadActual  16: 4096 op, 15773.00 ns, 3.8508 ns/op
OverheadActual  17: 4096 op, 16068.00 ns, 3.9229 ns/op
OverheadActual  18: 4096 op, 16209.00 ns, 3.9573 ns/op
OverheadActual  19: 4096 op, 16204.00 ns, 3.9561 ns/op
OverheadActual  20: 4096 op, 16155.00 ns, 3.9441 ns/op

WorkloadWarmup   1: 4096 op, 840933887.00 ns, 205.3061 us/op
WorkloadWarmup   2: 4096 op, 854005240.00 ns, 208.4974 us/op
WorkloadWarmup   3: 4096 op, 840357116.00 ns, 205.1653 us/op

// BeforeActualRun
WorkloadActual   1: 4096 op, 842215789.00 ns, 205.6191 us/op
WorkloadActual   2: 4096 op, 843091452.00 ns, 205.8329 us/op
WorkloadActual   3: 4096 op, 844075666.00 ns, 206.0732 us/op

// AfterActualRun
WorkloadResult   1: 4096 op, 842199939.00 ns, 205.6152 us/op
WorkloadResult   2: 4096 op, 843075602.00 ns, 205.8290 us/op
WorkloadResult   3: 4096 op, 844059816.00 ns, 206.0693 us/op
// GC:  195 60 0 1635713024 4096
// Threading:  0 0 4096

// AfterAll
// Benchmark Process 656 has exited with code 0.

Mean = 205.838 us, StdErr = 0.131 us (0.06%), N = 3, StdDev = 0.227 us
Min = 205.615 us, Q1 = 205.722 us, Median = 205.829 us, Q3 = 205.949 us, Max = 206.069 us
IQR = 0.227 us, LowerFence = 205.382 us, UpperFence = 206.290 us
ConfidenceInterval = [201.694 us; 209.982 us] (CI 99.9%), Margin = 4.144 us (2.01% of Mean)
Skewness = 0.04, Kurtosis = 0.67, MValue = 2

// ** Remained 84 (94.4 %) benchmark(s) to run. Estimated finish 2026-10-07 19:45 (0h 11m from now) **
// **************************
// Benchmark: PlutusUseCasesBenchmarks.DecodeAndEval: ShortRun(IterationCount=3, LaunchCount=1, MinIterationCount=50, WarmupCount=3) [Script=auction_2-2]
// *** Execute ***
// Launch: 1 / 1
// Execute: dotnet PlutusBench-ShortRun-1.dll --anonymousPipes 113 114 --benchmarkName "PlutusUseCasesBenchmarks.DecodeAndEval(Script: \"auction_2-2\")" --job ShortRun --benchmarkId 5 in /bench/chrysalis/benchmarks/PlutusBench/bin/Release/net10.0/PlutusBench-ShortRun-1/bin/Release/net10.0
// BeforeAnythingElse

// Benchmark Process Environment Information:
// BenchmarkDotNet v0.15.8
// Runtime=.NET 10.0.12 (10.0.12, 10.0.1226.42308), X64 RyuJIT x86-64-v4
// GC=Concurrent Workstation
// HardwareIntrinsics=AVX512 BITALG+VBMI2+VNNI+VPOPCNTDQ,AVX512 IFMA+VBMI,AVX512 F+BW+CD+DQ+VL,AVX2+BMI1+BMI2+F16C+FMA+LZCNT+MOVBE,AVX,SSE3+SSSE3+SSE4.1+SSE4.2+POPCNT,X86Base+SSE+SSE2,AES+PCLMUL VectorSize=256
// Job: ShortRun(IterationCount=3, LaunchCount=1, MinIterationCount=50, WarmupCount=3)

OverheadJitting  1: 1 op, 169688.00 ns, 169.6880 us/op
WorkloadJitting  1: 1 op, 18886083.00 ns, 18.8861 ms/op

OverheadJitting  2: 16 op, 327853.00 ns, 20.4908 us/op
WorkloadJitting  2: 16 op, 38443708.00 ns, 2.4027 ms/op

WorkloadPilot    1: 16 op, 36003380.00 ns, 2.2502 ms/op
WorkloadPilot    2: 32 op, 67557606.00 ns, 2.1112 ms/op
WorkloadPilot    3: 64 op, 111542136.00 ns, 1.7428 ms/op
WorkloadPilot    4: 128 op, 128048374.00 ns, 1.0004 ms/op
WorkloadPilot    5: 256 op, 202402032.00 ns, 790.6329 us/op
WorkloadPilot    6: 512 op, 386335104.00 ns, 754.5608 us/op
WorkloadPilot    7: 1024 op, 778661720.00 ns, 760.4118 us/op

OverheadWarmup   1: 1024 op, 4887.00 ns, 4.7725 ns/op
OverheadWarmup   2: 1024 op, 4014.00 ns, 3.9199 ns/op
OverheadWarmup   3: 1024 op, 4013.00 ns, 3.9189 ns/op
OverheadWarmup   4: 1024 op, 4210.00 ns, 4.1113 ns/op
OverheadWarmup   5: 1024 op, 4168.00 ns, 4.0703 ns/op
OverheadWarmup   6: 1024 op, 4186.00 ns, 4.0879 ns/op
OverheadWarmup   7: 1024 op, 4041.00 ns, 3.9463 ns/op

OverheadActual   1: 1024 op, 4000.00 ns, 3.9063 ns/op
OverheadActual   2: 1024 op, 3941.00 ns, 3.8486 ns/op
OverheadActual   3: 1024 op, 3961.00 ns, 3.8682 ns/op
OverheadActual   4: 1024 op, 4118.00 ns, 4.0215 ns/op
OverheadActual   5: 1024 op, 4006.00 ns, 3.9121 ns/op
OverheadActual   6: 1024 op, 4064.00 ns, 3.9688 ns/op
OverheadActual   7: 1024 op, 4072.00 ns, 3.9766 ns/op
OverheadActual   8: 1024 op, 20171.00 ns, 19.6982 ns/op
OverheadActual   9: 1024 op, 4163.00 ns, 4.0654 ns/op
OverheadActual  10: 1024 op, 4007.00 ns, 3.9131 ns/op
OverheadActual  11: 1024 op, 4026.00 ns, 3.9316 ns/op
OverheadActual  12: 1024 op, 4136.00 ns, 4.0391 ns/op
OverheadActual  13: 1024 op, 4181.00 ns, 4.0830 ns/op
OverheadActual  14: 1024 op, 4161.00 ns, 4.0635 ns/op
OverheadActual  15: 1024 op, 4141.00 ns, 4.0439 ns/op
OverheadActual  16: 1024 op, 4228.00 ns, 4.1289 ns/op
OverheadActual  17: 1024 op, 4139.00 ns, 4.0420 ns/op
OverheadActual  18: 1024 op, 4255.00 ns, 4.1553 ns/op
OverheadActual  19: 1024 op, 4051.00 ns, 3.9561 ns/op
OverheadActual  20: 1024 op, 4160.00 ns, 4.0625 ns/op

WorkloadWarmup   1: 1024 op, 781259898.00 ns, 762.9491 us/op
WorkloadWarmup   2: 1024 op, 781602037.00 ns, 763.2832 us/op
WorkloadWarmup   3: 1024 op, 773232149.00 ns, 755.1095 us/op

// BeforeActualRun
WorkloadActual   1: 1024 op, 775710146.00 ns, 757.5294 us/op
WorkloadActual   2: 1024 op, 778128431.00 ns, 759.8910 us/op
WorkloadActual   3: 1024 op, 780516933.00 ns, 762.2236 us/op

// AfterActualRun
WorkloadResult   1: 1024 op, 775706019.00 ns, 757.5254 us/op
WorkloadResult   2: 1024 op, 778124304.00 ns, 759.8870 us/op
WorkloadResult   3: 1024 op, 780512806.00 ns, 762.2195 us/op
// GC:  139 55 0 1168949248 1024
// Threading:  0 0 1024

// AfterAll
// Benchmark Process 665 has exited with code 0.

Mean = 759.877 us, StdErr = 1.355 us (0.18%), N = 3, StdDev = 2.347 us
Min = 757.525 us, Q1 = 758.706 us, Median = 759.887 us, Q3 = 761.053 us, Max = 762.220 us
IQR = 2.347 us, LowerFence = 755.186 us, UpperFence = 764.574 us
ConfidenceInterval = [717.058 us; 802.697 us] (CI 99.9%), Margin = 42.819 us (5.64% of Mean)
Skewness = -0, Kurtosis = 0.67, MValue = 2

// ** Remained 83 (93.3 %) benchmark(s) to run. Estimated finish 2026-10-07 19:45 (0h 11m from now) **
// **************************
// Benchmark: PlutusUseCasesBenchmarks.DecodeAndEval: ShortRun(IterationCount=3, LaunchCount=1, MinIterationCount=50, WarmupCount=3) [Script=auction_2-3]
// *** Execute ***
// Launch: 1 / 1
// Execute: dotnet PlutusBench-ShortRun-1.dll --anonymousPipes 113 114 --benchmarkName "PlutusUseCasesBenchmarks.DecodeAndEval(Script: \"auction_2-3\")" --job ShortRun --benchmarkId 6 in /bench/chrysalis/benchmarks/PlutusBench/bin/Release/net10.0/PlutusBench-ShortRun-1/bin/Release/net10.0
// BeforeAnythingElse

// Benchmark Process Environment Information:
// BenchmarkDotNet v0.15.8
// Runtime=.NET 10.0.12 (10.0.12, 10.0.1226.42308), X64 RyuJIT x86-64-v4
// GC=Concurrent Workstation
// HardwareIntrinsics=AVX512 BITALG+VBMI2+VNNI+VPOPCNTDQ,AVX512 IFMA+VBMI,AVX512 F+BW+CD+DQ+VL,AVX2+BMI1+BMI2+F16C+FMA+LZCNT+MOVBE,AVX,SSE3+SSSE3+SSE4.1+SSE4.2+POPCNT,X86Base+SSE+SSE2,AES+PCLMUL VectorSize=256
// Job: ShortRun(IterationCount=3, LaunchCount=1, MinIterationCount=50, WarmupCount=3)

OverheadJitting  1: 1 op, 150387.00 ns, 150.3870 us/op
WorkloadJitting  1: 1 op, 19437550.00 ns, 19.4376 ms/op

OverheadJitting  2: 16 op, 341540.00 ns, 21.3463 us/op
WorkloadJitting  2: 16 op, 48484312.00 ns, 3.0303 ms/op

WorkloadPilot    1: 16 op, 44936568.00 ns, 2.8085 ms/op
WorkloadPilot    2: 32 op, 86944526.00 ns, 2.7170 ms/op
WorkloadPilot    3: 64 op, 102797676.00 ns, 1.6062 ms/op
WorkloadPilot    4: 128 op, 161360502.00 ns, 1.2606 ms/op
WorkloadPilot    5: 256 op, 242804903.00 ns, 948.4567 us/op
WorkloadPilot    6: 512 op, 477117433.00 ns, 931.8700 us/op
WorkloadPilot    7: 1024 op, 954748842.00 ns, 932.3719 us/op

OverheadWarmup   1: 1024 op, 4790.00 ns, 4.6777 ns/op
OverheadWarmup   2: 1024 op, 4153.00 ns, 4.0557 ns/op
OverheadWarmup   3: 1024 op, 4067.00 ns, 3.9717 ns/op
OverheadWarmup   4: 1024 op, 4098.00 ns, 4.0020 ns/op
OverheadWarmup   5: 1024 op, 4044.00 ns, 3.9492 ns/op
OverheadWarmup   6: 1024 op, 4068.00 ns, 3.9727 ns/op
OverheadWarmup   7: 1024 op, 4163.00 ns, 4.0654 ns/op
OverheadWarmup   8: 1024 op, 4121.00 ns, 4.0244 ns/op

OverheadActual   1: 1024 op, 4082.00 ns, 3.9863 ns/op
OverheadActual   2: 1024 op, 4198.00 ns, 4.0996 ns/op
OverheadActual   3: 1024 op, 4394.00 ns, 4.2910 ns/op
OverheadActual   4: 1024 op, 4353.00 ns, 4.2510 ns/op
OverheadActual   5: 1024 op, 4087.00 ns, 3.9912 ns/op
OverheadActual   6: 1024 op, 4710.00 ns, 4.5996 ns/op
OverheadActual   7: 1024 op, 4221.00 ns, 4.1221 ns/op
OverheadActual   8: 1024 op, 4245.00 ns, 4.1455 ns/op
OverheadActual   9: 1024 op, 4129.00 ns, 4.0322 ns/op
OverheadActual  10: 1024 op, 4218.00 ns, 4.1191 ns/op
OverheadActual  11: 1024 op, 4275.00 ns, 4.1748 ns/op
OverheadActual  12: 1024 op, 4251.00 ns, 4.1514 ns/op
OverheadActual  13: 1024 op, 4236.00 ns, 4.1367 ns/op
OverheadActual  14: 1024 op, 4225.00 ns, 4.1260 ns/op
OverheadActual  15: 1024 op, 4189.00 ns, 4.0908 ns/op
OverheadActual  16: 1024 op, 4106.00 ns, 4.0098 ns/op
OverheadActual  17: 1024 op, 4167.00 ns, 4.0693 ns/op
OverheadActual  18: 1024 op, 4188.00 ns, 4.0898 ns/op
OverheadActual  19: 1024 op, 4185.00 ns, 4.0869 ns/op
OverheadActual  20: 1024 op, 4194.00 ns, 4.0957 ns/op

WorkloadWarmup   1: 1024 op, 970477019.00 ns, 947.7315 us/op
WorkloadWarmup   2: 1024 op, 958839856.00 ns, 936.3670 us/op
WorkloadWarmup   3: 1024 op, 955455167.00 ns, 933.0617 us/op

// BeforeActualRun
WorkloadActual   1: 1024 op, 956509464.00 ns, 934.0913 us/op
WorkloadActual   2: 1024 op, 958384724.00 ns, 935.9226 us/op
WorkloadActual   3: 1024 op, 957358218.00 ns, 934.9201 us/op

// AfterActualRun
WorkloadResult   1: 1024 op, 956505256.00 ns, 934.0872 us/op
WorkloadResult   2: 1024 op, 958380516.00 ns, 935.9185 us/op
WorkloadResult   3: 1024 op, 957354010.00 ns, 934.9160 us/op
// GC:  170 78 0 1423228928 1024
// Threading:  0 0 1024

// AfterAll
// Benchmark Process 676 has exited with code 0.

Mean = 934.974 us, StdErr = 0.529 us (0.06%), N = 3, StdDev = 0.917 us
Min = 934.087 us, Q1 = 934.502 us, Median = 934.916 us, Q3 = 935.417 us, Max = 935.918 us
IQR = 0.916 us, LowerFence = 933.128 us, UpperFence = 936.791 us
ConfidenceInterval = [918.244 us; 951.704 us] (CI 99.9%), Margin = 16.730 us (1.79% of Mean)
Skewness = 0.06, Kurtosis = 0.67, MValue = 2

// ** Remained 82 (92.1 %) benchmark(s) to run. Estimated finish 2026-10-07 19:45 (0h 11m from now) **
// **************************
// Benchmark: PlutusUseCasesBenchmarks.DecodeAndEval: ShortRun(IterationCount=3, LaunchCount=1, MinIterationCount=50, WarmupCount=3) [Script=auction_2-4]
// *** Execute ***
// Launch: 1 / 1
// Execute: dotnet PlutusBench-ShortRun-1.dll --anonymousPipes 113 114 --benchmarkName "PlutusUseCasesBenchmarks.DecodeAndEval(Script: \"auction_2-4\")" --job ShortRun --benchmarkId 7 in /bench/chrysalis/benchmarks/PlutusBench/bin/Release/net10.0/PlutusBench-ShortRun-1/bin/Release/net10.0
// BeforeAnythingElse

// Benchmark Process Environment Information:
// BenchmarkDotNet v0.15.8
// Runtime=.NET 10.0.12 (10.0.12, 10.0.1226.42308), X64 RyuJIT x86-64-v4
// GC=Concurrent Workstation
// HardwareIntrinsics=AVX512 BITALG+VBMI2+VNNI+VPOPCNTDQ,AVX512 IFMA+VBMI,AVX512 F+BW+CD+DQ+VL,AVX2+BMI1+BMI2+F16C+FMA+LZCNT+MOVBE,AVX,SSE3+SSSE3+SSE4.1+SSE4.2+POPCNT,X86Base+SSE+SSE2,AES+PCLMUL VectorSize=256
// Job: ShortRun(IterationCount=3, LaunchCount=1, MinIterationCount=50, WarmupCount=3)

OverheadJitting  1: 1 op, 173187.00 ns, 173.1870 us/op
WorkloadJitting  1: 1 op, 17144197.00 ns, 17.1442 ms/op

OverheadJitting  2: 16 op, 324819.00 ns, 20.3012 us/op
WorkloadJitting  2: 16 op, 37777752.00 ns, 2.3611 ms/op

WorkloadPilot    1: 16 op, 36638566.00 ns, 2.2899 ms/op
WorkloadPilot    2: 32 op, 68390619.00 ns, 2.1372 ms/op
WorkloadPilot    3: 64 op, 150106131.00 ns, 2.3454 ms/op
WorkloadPilot    4: 128 op, 142104587.00 ns, 1.1102 ms/op
WorkloadPilot    5: 256 op, 198970486.00 ns, 777.2285 us/op
WorkloadPilot    6: 512 op, 384229559.00 ns, 750.4484 us/op
WorkloadPilot    7: 1024 op, 764934895.00 ns, 747.0067 us/op

OverheadWarmup   1: 1024 op, 4992.00 ns, 4.8750 ns/op
OverheadWarmup   2: 1024 op, 4326.00 ns, 4.2246 ns/op
OverheadWarmup   3: 1024 op, 4167.00 ns, 4.0693 ns/op
OverheadWarmup   4: 1024 op, 4805.00 ns, 4.6924 ns/op
OverheadWarmup   5: 1024 op, 4081.00 ns, 3.9854 ns/op
OverheadWarmup   6: 1024 op, 4097.00 ns, 4.0010 ns/op
OverheadWarmup   7: 1024 op, 4132.00 ns, 4.0352 ns/op
OverheadWarmup   8: 1024 op, 4256.00 ns, 4.1563 ns/op
OverheadWarmup   9: 1024 op, 4232.00 ns, 4.1328 ns/op

OverheadActual   1: 1024 op, 4113.00 ns, 4.0166 ns/op
OverheadActual   2: 1024 op, 4145.00 ns, 4.0479 ns/op
OverheadActual   3: 1024 op, 4048.00 ns, 3.9531 ns/op
OverheadActual   4: 1024 op, 4229.00 ns, 4.1299 ns/op
OverheadActual   5: 1024 op, 4077.00 ns, 3.9814 ns/op
OverheadActual   6: 1024 op, 4211.00 ns, 4.1123 ns/op
OverheadActual   7: 1024 op, 4110.00 ns, 4.0137 ns/op
OverheadActual   8: 1024 op, 4170.00 ns, 4.0723 ns/op
OverheadActual   9: 1024 op, 4182.00 ns, 4.0840 ns/op
OverheadActual  10: 1024 op, 4093.00 ns, 3.9971 ns/op
OverheadActual  11: 1024 op, 3911.00 ns, 3.8193 ns/op
OverheadActual  12: 1024 op, 4874.00 ns, 4.7598 ns/op
OverheadActual  13: 1024 op, 4257.00 ns, 4.1572 ns/op
OverheadActual  14: 1024 op, 4116.00 ns, 4.0195 ns/op
OverheadActual  15: 1024 op, 4094.00 ns, 3.9980 ns/op
OverheadActual  16: 1024 op, 4126.00 ns, 4.0293 ns/op
OverheadActual  17: 1024 op, 4092.00 ns, 3.9961 ns/op
OverheadActual  18: 1024 op, 4265.00 ns, 4.1650 ns/op
OverheadActual  19: 1024 op, 4153.00 ns, 4.0557 ns/op
OverheadActual  20: 1024 op, 4141.00 ns, 4.0439 ns/op

WorkloadWarmup   1: 1024 op, 762160458.00 ns, 744.2973 us/op
WorkloadWarmup   2: 1024 op, 764087171.00 ns, 746.1789 us/op
WorkloadWarmup   3: 1024 op, 787521126.00 ns, 769.0636 us/op

// BeforeActualRun
WorkloadActual   1: 1024 op, 963894593.00 ns, 941.3033 us/op
WorkloadActual   2: 1024 op, 987414301.00 ns, 964.2718 us/op
WorkloadActual   3: 1024 op, 771937073.00 ns, 753.8448 us/op

// AfterActualRun
WorkloadResult   1: 1024 op, 963890459.50 ns, 941.2993 us/op
WorkloadResult   2: 1024 op, 987410167.50 ns, 964.2677 us/op
WorkloadResult   3: 1024 op, 771932939.50 ns, 753.8408 us/op
// GC:  141 70 0 1181884416 1024
// Threading:  0 0 1024

// AfterAll
// Benchmark Process 684 has exited with code 0.

Mean = 886.469 us, StdErr = 66.645 us (7.52%), N = 3, StdDev = 115.432 us
Min = 753.841 us, Q1 = 847.570 us, Median = 941.299 us, Q3 = 952.784 us, Max = 964.268 us
IQR = 105.213 us, LowerFence = 689.750 us, UpperFence = 1,110.604 us
ConfidenceInterval = [-1,219.446 us; 2,992.385 us] (CI 99.9%), Margin = 2,105.916 us (237.56% of Mean)
Skewness = -0.37, Kurtosis = 0.67, MValue = 2

// ** Remained 81 (91.0 %) benchmark(s) to run. Estimated finish 2026-10-07 19:45 (0h 10m from now) **
// **************************
// Benchmark: PlutusUseCasesBenchmarks.DecodeAndEval: ShortRun(IterationCount=3, LaunchCount=1, MinIterationCount=50, WarmupCount=3) [Script=auction_2-5]
// *** Execute ***
// Launch: 1 / 1
// Execute: dotnet PlutusBench-ShortRun-1.dll --anonymousPipes 113 114 --benchmarkName "PlutusUseCasesBenchmarks.DecodeAndEval(Script: \"auction_2-5\")" --job ShortRun --benchmarkId 8 in /bench/chrysalis/benchmarks/PlutusBench/bin/Release/net10.0/PlutusBench-ShortRun-1/bin/Release/net10.0
// BeforeAnythingElse

// Benchmark Process Environment Information:
// BenchmarkDotNet v0.15.8
// Runtime=.NET 10.0.12 (10.0.12, 10.0.1226.42308), X64 RyuJIT x86-64-v4
// GC=Concurrent Workstation
// HardwareIntrinsics=AVX512 BITALG+VBMI2+VNNI+VPOPCNTDQ,AVX512 IFMA+VBMI,AVX512 F+BW+CD+DQ+VL,AVX2+BMI1+BMI2+F16C+FMA+LZCNT+MOVBE,AVX,SSE3+SSSE3+SSE4.1+SSE4.2+POPCNT,X86Base+SSE+SSE2,AES+PCLMUL VectorSize=256
// Job: ShortRun(IterationCount=3, LaunchCount=1, MinIterationCount=50, WarmupCount=3)

OverheadJitting  1: 1 op, 150313.00 ns, 150.3130 us/op
WorkloadJitting  1: 1 op, 15362122.00 ns, 15.3621 ms/op

OverheadJitting  2: 16 op, 365641.00 ns, 22.8526 us/op
WorkloadJitting  2: 16 op, 14199256.00 ns, 887.4535 us/op

WorkloadPilot    1: 16 op, 12817877.00 ns, 801.1173 us/op
WorkloadPilot    2: 32 op, 23678543.00 ns, 739.9545 us/op
WorkloadPilot    3: 64 op, 46961714.00 ns, 733.7768 us/op
WorkloadPilot    4: 128 op, 89209326.00 ns, 696.9479 us/op
WorkloadPilot    5: 256 op, 121206969.00 ns, 473.4647 us/op
WorkloadPilot    6: 512 op, 177797203.00 ns, 347.2602 us/op
WorkloadPilot    7: 1024 op, 244944131.00 ns, 239.2033 us/op
WorkloadPilot    8: 2048 op, 489544194.00 ns, 239.0353 us/op
WorkloadPilot    9: 4096 op, 979327641.00 ns, 239.0937 us/op

OverheadWarmup   1: 4096 op, 15594.00 ns, 3.8071 ns/op
OverheadWarmup   2: 4096 op, 15519.00 ns, 3.7888 ns/op
OverheadWarmup   3: 4096 op, 31720.00 ns, 7.7441 ns/op
OverheadWarmup   4: 4096 op, 31851.00 ns, 7.7761 ns/op
OverheadWarmup   5: 4096 op, 31490.00 ns, 7.6880 ns/op
OverheadWarmup   6: 4096 op, 63951.00 ns, 15.6130 ns/op
OverheadWarmup   7: 4096 op, 31900.00 ns, 7.7881 ns/op

OverheadActual   1: 4096 op, 15096.00 ns, 3.6855 ns/op
OverheadActual   2: 4096 op, 14763.00 ns, 3.6042 ns/op
OverheadActual   3: 4096 op, 14825.00 ns, 3.6194 ns/op
OverheadActual   4: 4096 op, 15516.00 ns, 3.7881 ns/op
OverheadActual   5: 4096 op, 14740.00 ns, 3.5986 ns/op
OverheadActual   6: 4096 op, 15483.00 ns, 3.7800 ns/op
OverheadActual   7: 4096 op, 15800.00 ns, 3.8574 ns/op
OverheadActual   8: 4096 op, 45928.00 ns, 11.2129 ns/op
OverheadActual   9: 4096 op, 15482.00 ns, 3.7798 ns/op
OverheadActual  10: 4096 op, 31440.00 ns, 7.6758 ns/op
OverheadActual  11: 4096 op, 14836.00 ns, 3.6221 ns/op
OverheadActual  12: 4096 op, 46154.00 ns, 11.2681 ns/op
OverheadActual  13: 4096 op, 33210.00 ns, 8.1079 ns/op
OverheadActual  14: 4096 op, 15783.00 ns, 3.8533 ns/op
OverheadActual  15: 4096 op, 15881.00 ns, 3.8772 ns/op
OverheadActual  16: 4096 op, 15480.00 ns, 3.7793 ns/op
OverheadActual  17: 4096 op, 15796.00 ns, 3.8564 ns/op
OverheadActual  18: 4096 op, 15993.00 ns, 3.9045 ns/op
OverheadActual  19: 4096 op, 28737.00 ns, 7.0159 ns/op
OverheadActual  20: 4096 op, 15759.00 ns, 3.8474 ns/op

WorkloadWarmup   1: 4096 op, 978291486.00 ns, 238.8407 us/op
WorkloadWarmup   2: 4096 op, 981030307.00 ns, 239.5094 us/op
WorkloadWarmup   3: 4096 op, 977799958.00 ns, 238.7207 us/op

// BeforeActualRun
WorkloadActual   1: 4096 op, 977961360.00 ns, 238.7601 us/op
WorkloadActual   2: 4096 op, 980608915.00 ns, 239.4065 us/op
WorkloadActual   3: 4096 op, 980982150.00 ns, 239.4976 us/op

// AfterActualRun
WorkloadResult   1: 4096 op, 977945589.00 ns, 238.7562 us/op
WorkloadResult   2: 4096 op, 980593144.00 ns, 239.4026 us/op
WorkloadResult   3: 4096 op, 980966379.00 ns, 239.4937 us/op
// GC:  230 58 0 1930493952 4096
// Threading:  0 0 4096

// AfterAll
// Benchmark Process 691 has exited with code 0.

Mean = 239.218 us, StdErr = 0.232 us (0.10%), N = 3, StdDev = 0.402 us
Min = 238.756 us, Q1 = 239.079 us, Median = 239.403 us, Q3 = 239.448 us, Max = 239.494 us
IQR = 0.369 us, LowerFence = 238.526 us, UpperFence = 240.001 us
ConfidenceInterval = [231.882 us; 246.553 us] (CI 99.9%), Margin = 7.335 us (3.07% of Mean)
Skewness = -0.36, Kurtosis = 0.67, MValue = 2

// ** Remained 80 (89.9 %) benchmark(s) to run. Estimated finish 2026-10-07 19:45 (0h 10m from now) **
// **************************
// Benchmark: PlutusUseCasesBenchmarks.DecodeAndEval: ShortRun(IterationCount=3, LaunchCount=1, MinIterationCount=50, WarmupCount=3) [Script=coop-1]
// *** Execute ***
// Launch: 1 / 1
// Execute: dotnet PlutusBench-ShortRun-1.dll --anonymousPipes 113 114 --benchmarkName "PlutusUseCasesBenchmarks.DecodeAndEval(Script: \"coop-1\")" --job ShortRun --benchmarkId 9 in /bench/chrysalis/benchmarks/PlutusBench/bin/Release/net10.0/PlutusBench-ShortRun-1/bin/Release/net10.0
// BeforeAnythingElse

// Benchmark Process Environment Information:
// BenchmarkDotNet v0.15.8
// Runtime=.NET 10.0.12 (10.0.12, 10.0.1226.42308), X64 RyuJIT x86-64-v4
// GC=Concurrent Workstation
// HardwareIntrinsics=AVX512 BITALG+VBMI2+VNNI+VPOPCNTDQ,AVX512 IFMA+VBMI,AVX512 F+BW+CD+DQ+VL,AVX2+BMI1+BMI2+F16C+FMA+LZCNT+MOVBE,AVX,SSE3+SSSE3+SSE4.1+SSE4.2+POPCNT,X86Base+SSE+SSE2,AES+PCLMUL VectorSize=256
// Job: ShortRun(IterationCount=3, LaunchCount=1, MinIterationCount=50, WarmupCount=3)

OverheadJitting  1: 1 op, 155202.00 ns, 155.2020 us/op
WorkloadJitting  1: 1 op, 17472034.00 ns, 17.4720 ms/op

OverheadJitting  2: 16 op, 329402.00 ns, 20.5876 us/op
WorkloadJitting  2: 16 op, 13015315.00 ns, 813.4572 us/op

WorkloadPilot    1: 16 op, 11388711.00 ns, 711.7944 us/op
WorkloadPilot    2: 32 op, 21107526.00 ns, 659.6102 us/op
WorkloadPilot    3: 64 op, 41653804.00 ns, 650.8407 us/op
WorkloadPilot    4: 128 op, 79963138.00 ns, 624.7120 us/op
WorkloadPilot    5: 256 op, 144356787.00 ns, 563.8937 us/op
WorkloadPilot    6: 512 op, 179285391.00 ns, 350.1668 us/op
WorkloadPilot    7: 1024 op, 231214098.00 ns, 225.7950 us/op
WorkloadPilot    8: 2048 op, 403408392.00 ns, 196.9768 us/op
WorkloadPilot    9: 4096 op, 806384222.00 ns, 196.8711 us/op

OverheadWarmup   1: 4096 op, 15758.00 ns, 3.8472 ns/op
OverheadWarmup   2: 4096 op, 15893.00 ns, 3.8801 ns/op
OverheadWarmup   3: 4096 op, 32951.00 ns, 8.0447 ns/op
OverheadWarmup   4: 4096 op, 15348.00 ns, 3.7471 ns/op
OverheadWarmup   5: 4096 op, 31452.00 ns, 7.6787 ns/op
OverheadWarmup   6: 4096 op, 15248.00 ns, 3.7227 ns/op

OverheadActual   1: 4096 op, 15314.00 ns, 3.7388 ns/op
OverheadActual   2: 4096 op, 14996.00 ns, 3.6611 ns/op
OverheadActual   3: 4096 op, 14973.00 ns, 3.6555 ns/op
OverheadActual   4: 4096 op, 15826.00 ns, 3.8638 ns/op
OverheadActual   5: 4096 op, 15306.00 ns, 3.7368 ns/op
OverheadActual   6: 4096 op, 15737.00 ns, 3.8420 ns/op
OverheadActual   7: 4096 op, 33010.00 ns, 8.0591 ns/op
OverheadActual   8: 4096 op, 15364.00 ns, 3.7510 ns/op
OverheadActual   9: 4096 op, 15678.00 ns, 3.8276 ns/op
OverheadActual  10: 4096 op, 31536.00 ns, 7.6992 ns/op
OverheadActual  11: 4096 op, 16655.00 ns, 4.0662 ns/op
OverheadActual  12: 4096 op, 16206.00 ns, 3.9565 ns/op
OverheadActual  13: 4096 op, 30627.00 ns, 7.4773 ns/op
OverheadActual  14: 4096 op, 16067.00 ns, 3.9226 ns/op
OverheadActual  15: 4096 op, 15715.00 ns, 3.8367 ns/op
OverheadActual  16: 4096 op, 16176.00 ns, 3.9492 ns/op
OverheadActual  17: 4096 op, 29156.00 ns, 7.1182 ns/op
OverheadActual  18: 4096 op, 15926.00 ns, 3.8882 ns/op
OverheadActual  19: 4096 op, 29102.00 ns, 7.1050 ns/op
OverheadActual  20: 4096 op, 16160.00 ns, 3.9453 ns/op

WorkloadWarmup   1: 4096 op, 811356471.00 ns, 198.0851 us/op
WorkloadWarmup   2: 4096 op, 819742339.00 ns, 200.1324 us/op
WorkloadWarmup   3: 4096 op, 807112967.00 ns, 197.0491 us/op

// BeforeActualRun
WorkloadActual   1: 4096 op, 818799047.00 ns, 199.9021 us/op
WorkloadActual   2: 4096 op, 812286065.00 ns, 198.3120 us/op
WorkloadActual   3: 4096 op, 813015882.00 ns, 198.4902 us/op

// AfterActualRun
WorkloadResult   1: 4096 op, 818783050.50 ns, 199.8982 us/op
WorkloadResult   2: 4096 op, 812270068.50 ns, 198.3081 us/op
WorkloadResult   3: 4096 op, 812999885.50 ns, 198.4863 us/op
// GC:  219 59 0 1834123264 4096
// Threading:  0 0 4096

// AfterAll
// Benchmark Process 699 has exited with code 0.

Mean = 198.898 us, StdErr = 0.503 us (0.25%), N = 3, StdDev = 0.871 us
Min = 198.308 us, Q1 = 198.397 us, Median = 198.486 us, Q3 = 199.192 us, Max = 199.898 us
IQR = 0.795 us, LowerFence = 197.205 us, UpperFence = 200.385 us
ConfidenceInterval = [183.004 us; 214.791 us] (CI 99.9%), Margin = 15.893 us (7.99% of Mean)
Skewness = 0.37, Kurtosis = 0.67, MValue = 2

// ** Remained 79 (88.8 %) benchmark(s) to run. Estimated finish 2026-10-07 19:45 (0h 10m from now) **
// **************************
// Benchmark: PlutusUseCasesBenchmarks.DecodeAndEval: ShortRun(IterationCount=3, LaunchCount=1, MinIterationCount=50, WarmupCount=3) [Script=coop-2]
// *** Execute ***
// Launch: 1 / 1
// Execute: dotnet PlutusBench-ShortRun-1.dll --anonymousPipes 113 114 --benchmarkName "PlutusUseCasesBenchmarks.DecodeAndEval(Script: \"coop-2\")" --job ShortRun --benchmarkId 10 in /bench/chrysalis/benchmarks/PlutusBench/bin/Release/net10.0/PlutusBench-ShortRun-1/bin/Release/net10.0
// BeforeAnythingElse

// Benchmark Process Environment Information:
// BenchmarkDotNet v0.15.8
// Runtime=.NET 10.0.12 (10.0.12, 10.0.1226.42308), X64 RyuJIT x86-64-v4
// GC=Concurrent Workstation
// HardwareIntrinsics=AVX512 BITALG+VBMI2+VNNI+VPOPCNTDQ,AVX512 IFMA+VBMI,AVX512 F+BW+CD+DQ+VL,AVX2+BMI1+BMI2+F16C+FMA+LZCNT+MOVBE,AVX,SSE3+SSSE3+SSE4.1+SSE4.2+POPCNT,X86Base+SSE+SSE2,AES+PCLMUL VectorSize=256
// Job: ShortRun(IterationCount=3, LaunchCount=1, MinIterationCount=50, WarmupCount=3)

OverheadJitting  1: 1 op, 151404.00 ns, 151.4040 us/op
WorkloadJitting  1: 1 op, 27488983.00 ns, 27.4890 ms/op

OverheadJitting  2: 16 op, 350717.00 ns, 21.9198 us/op
WorkloadJitting  2: 16 op, 34859165.00 ns, 2.1787 ms/op

WorkloadPilot    1: 16 op, 33303875.00 ns, 2.0815 ms/op
WorkloadPilot    2: 32 op, 58889761.00 ns, 1.8403 ms/op
WorkloadPilot    3: 64 op, 114204830.00 ns, 1.7845 ms/op
WorkloadPilot    4: 128 op, 171562795.00 ns, 1.3403 ms/op
WorkloadPilot    5: 256 op, 182503379.00 ns, 712.9038 us/op
WorkloadPilot    6: 512 op, 317797683.00 ns, 620.6986 us/op
WorkloadPilot    7: 1024 op, 633172676.00 ns, 618.3327 us/op

OverheadWarmup   1: 1024 op, 5071.00 ns, 4.9521 ns/op
OverheadWarmup   2: 1024 op, 4148.00 ns, 4.0508 ns/op
OverheadWarmup   3: 1024 op, 3942.00 ns, 3.8496 ns/op
OverheadWarmup   4: 1024 op, 4047.00 ns, 3.9521 ns/op
OverheadWarmup   5: 1024 op, 4021.00 ns, 3.9268 ns/op
OverheadWarmup   6: 1024 op, 4076.00 ns, 3.9805 ns/op
OverheadWarmup   7: 1024 op, 4046.00 ns, 3.9512 ns/op

OverheadActual   1: 1024 op, 4113.00 ns, 4.0166 ns/op
OverheadActual   2: 1024 op, 3997.00 ns, 3.9033 ns/op
OverheadActual   3: 1024 op, 3989.00 ns, 3.8955 ns/op
OverheadActual   4: 1024 op, 4240.00 ns, 4.1406 ns/op
OverheadActual   5: 1024 op, 4045.00 ns, 3.9502 ns/op
OverheadActual   6: 1024 op, 4146.00 ns, 4.0488 ns/op
OverheadActual   7: 1024 op, 4250.00 ns, 4.1504 ns/op
OverheadActual   8: 1024 op, 4147.00 ns, 4.0498 ns/op
OverheadActual   9: 1024 op, 4220.00 ns, 4.1211 ns/op
OverheadActual  10: 1024 op, 4119.00 ns, 4.0225 ns/op
OverheadActual  11: 1024 op, 4092.00 ns, 3.9961 ns/op
OverheadActual  12: 1024 op, 4111.00 ns, 4.0146 ns/op
OverheadActual  13: 1024 op, 4068.00 ns, 3.9727 ns/op
OverheadActual  14: 1024 op, 4200.00 ns, 4.1016 ns/op
OverheadActual  15: 1024 op, 4085.00 ns, 3.9893 ns/op
OverheadActual  16: 1024 op, 4024.00 ns, 3.9297 ns/op
OverheadActual  17: 1024 op, 4088.00 ns, 3.9922 ns/op
OverheadActual  18: 1024 op, 4202.00 ns, 4.1035 ns/op
OverheadActual  19: 1024 op, 4185.00 ns, 4.0869 ns/op
OverheadActual  20: 1024 op, 4084.00 ns, 3.9883 ns/op

WorkloadWarmup   1: 1024 op, 635951025.00 ns, 621.0459 us/op
WorkloadWarmup   2: 1024 op, 635150690.00 ns, 620.2643 us/op
WorkloadWarmup   3: 1024 op, 631428436.00 ns, 616.6293 us/op

// BeforeActualRun
WorkloadActual   1: 1024 op, 715453046.00 ns, 698.6846 us/op
WorkloadActual   2: 1024 op, 841902649.00 ns, 822.1706 us/op
WorkloadActual   3: 1024 op, 862877902.00 ns, 842.6542 us/op

// AfterActualRun
WorkloadResult   1: 1024 op, 715448934.00 ns, 698.6806 us/op
WorkloadResult   2: 1024 op, 841898537.00 ns, 822.1665 us/op
WorkloadResult   3: 1024 op, 862873790.00 ns, 842.6502 us/op
// GC:  151 56 0 1269440848 1024
// Threading:  0 0 1024

// AfterAll
// Benchmark Process 710 has exited with code 0.

Mean = 787.832 us, StdErr = 44.966 us (5.71%), N = 3, StdDev = 77.884 us
Min = 698.681 us, Q1 = 760.424 us, Median = 822.167 us, Q3 = 832.408 us, Max = 842.650 us
IQR = 71.985 us, LowerFence = 652.446 us, UpperFence = 940.386 us
ConfidenceInterval = [-633.063 us; 2,208.728 us] (CI 99.9%), Margin = 1,420.896 us (180.36% of Mean)
Skewness = -0.36, Kurtosis = 0.67, MValue = 2

// ** Remained 78 (87.6 %) benchmark(s) to run. Estimated finish 2026-10-07 19:45 (0h 10m from now) **
// **************************
// Benchmark: PlutusUseCasesBenchmarks.DecodeAndEval: ShortRun(IterationCount=3, LaunchCount=1, MinIterationCount=50, WarmupCount=3) [Script=coop-3]
// *** Execute ***
// Launch: 1 / 1
// Execute: dotnet PlutusBench-ShortRun-1.dll --anonymousPipes 113 114 --benchmarkName "PlutusUseCasesBenchmarks.DecodeAndEval(Script: \"coop-3\")" --job ShortRun --benchmarkId 11 in /bench/chrysalis/benchmarks/PlutusBench/bin/Release/net10.0/PlutusBench-ShortRun-1/bin/Release/net10.0
// BeforeAnythingElse

// Benchmark Process Environment Information:
// BenchmarkDotNet v0.15.8
// Runtime=.NET 10.0.12 (10.0.12, 10.0.1226.42308), X64 RyuJIT x86-64-v4
// GC=Concurrent Workstation
// HardwareIntrinsics=AVX512 BITALG+VBMI2+VNNI+VPOPCNTDQ,AVX512 IFMA+VBMI,AVX512 F+BW+CD+DQ+VL,AVX2+BMI1+BMI2+F16C+FMA+LZCNT+MOVBE,AVX,SSE3+SSSE3+SSE4.1+SSE4.2+POPCNT,X86Base+SSE+SSE2,AES+PCLMUL VectorSize=256
// Job: ShortRun(IterationCount=3, LaunchCount=1, MinIterationCount=50, WarmupCount=3)

OverheadJitting  1: 1 op, 155994.00 ns, 155.9940 us/op
WorkloadJitting  1: 1 op, 23649170.00 ns, 23.6492 ms/op

OverheadJitting  2: 16 op, 345224.00 ns, 21.5765 us/op
WorkloadJitting  2: 16 op, 98224057.00 ns, 6.1390 ms/op

WorkloadPilot    1: 16 op, 97449806.00 ns, 6.0906 ms/op
WorkloadPilot    2: 32 op, 155289308.00 ns, 4.8528 ms/op
WorkloadPilot    3: 64 op, 158286876.00 ns, 2.4732 ms/op
WorkloadPilot    4: 128 op, 266556157.00 ns, 2.0825 ms/op
WorkloadPilot    5: 256 op, 509135840.00 ns, 1.9888 ms/op

OverheadWarmup   1: 256 op, 9859.00 ns, 38.5117 ns/op
OverheadWarmup   2: 256 op, 1257.00 ns, 4.9102 ns/op
OverheadWarmup   3: 256 op, 1194.00 ns, 4.6641 ns/op
OverheadWarmup   4: 256 op, 1179.00 ns, 4.6055 ns/op
OverheadWarmup   5: 256 op, 1173.00 ns, 4.5820 ns/op
OverheadWarmup   6: 256 op, 1134.00 ns, 4.4297 ns/op
OverheadWarmup   7: 256 op, 1182.00 ns, 4.6172 ns/op
OverheadWarmup   8: 256 op, 1143.00 ns, 4.4648 ns/op
OverheadWarmup   9: 256 op, 1220.00 ns, 4.7656 ns/op
OverheadWarmup  10: 256 op, 1154.00 ns, 4.5078 ns/op

OverheadActual   1: 256 op, 1299.00 ns, 5.0742 ns/op
OverheadActual   2: 256 op, 1284.00 ns, 5.0156 ns/op
OverheadActual   3: 256 op, 1308.00 ns, 5.1094 ns/op
OverheadActual   4: 256 op, 1772.00 ns, 6.9219 ns/op
OverheadActual   5: 256 op, 1238.00 ns, 4.8359 ns/op
OverheadActual   6: 256 op, 1246.00 ns, 4.8672 ns/op
OverheadActual   7: 256 op, 1247.00 ns, 4.8711 ns/op
OverheadActual   8: 256 op, 1371.00 ns, 5.3555 ns/op
OverheadActual   9: 256 op, 1283.00 ns, 5.0117 ns/op
OverheadActual  10: 256 op, 1274.00 ns, 4.9766 ns/op
OverheadActual  11: 256 op, 1288.00 ns, 5.0313 ns/op
OverheadActual  12: 256 op, 1297.00 ns, 5.0664 ns/op
OverheadActual  13: 256 op, 1281.00 ns, 5.0039 ns/op
OverheadActual  14: 256 op, 1281.00 ns, 5.0039 ns/op
OverheadActual  15: 256 op, 1309.00 ns, 5.1133 ns/op
OverheadActual  16: 256 op, 1277.00 ns, 4.9883 ns/op
OverheadActual  17: 256 op, 1284.00 ns, 5.0156 ns/op
OverheadActual  18: 256 op, 1339.00 ns, 5.2305 ns/op
OverheadActual  19: 256 op, 1311.00 ns, 5.1211 ns/op
OverheadActual  20: 256 op, 1300.00 ns, 5.0781 ns/op

WorkloadWarmup   1: 256 op, 518848784.00 ns, 2.0268 ms/op
WorkloadWarmup   2: 256 op, 513525725.00 ns, 2.0060 ms/op
WorkloadWarmup   3: 256 op, 508577913.00 ns, 1.9866 ms/op

// BeforeActualRun
WorkloadActual   1: 256 op, 509507257.00 ns, 1.9903 ms/op
WorkloadActual   2: 256 op, 516209668.00 ns, 2.0164 ms/op
WorkloadActual   3: 256 op, 512207490.00 ns, 2.0008 ms/op

// AfterActualRun
WorkloadResult   1: 256 op, 509505971.00 ns, 1.9903 ms/op
WorkloadResult   2: 256 op, 516208382.00 ns, 2.0164 ms/op
WorkloadResult   3: 256 op, 512206204.00 ns, 2.0008 ms/op
// GC:  101 33 0 846759936 256
// Threading:  0 0 256

// AfterAll
// Benchmark Process 718 has exited with code 0.

Mean = 2.003 ms, StdErr = 0.008 ms (0.38%), N = 3, StdDev = 0.013 ms
Min = 1.990 ms, Q1 = 1.996 ms, Median = 2.001 ms, Q3 = 2.009 ms, Max = 2.016 ms
IQR = 0.013 ms, LowerFence = 1.976 ms, UpperFence = 2.028 ms
ConfidenceInterval = [1.762 ms; 2.243 ms] (CI 99.9%), Margin = 0.240 ms (12.00% of Mean)
Skewness = 0.13, Kurtosis = 0.67, MValue = 2

// ** Remained 77 (86.5 %) benchmark(s) to run. Estimated finish 2026-10-07 19:44 (0h 9m from now) **
// **************************
// Benchmark: PlutusUseCasesBenchmarks.DecodeAndEval: ShortRun(IterationCount=3, LaunchCount=1, MinIterationCount=50, WarmupCount=3) [Script=coop-4]
// *** Execute ***
// Launch: 1 / 1
// Execute: dotnet PlutusBench-ShortRun-1.dll --anonymousPipes 113 114 --benchmarkName "PlutusUseCasesBenchmarks.DecodeAndEval(Script: \"coop-4\")" --job ShortRun --benchmarkId 12 in /bench/chrysalis/benchmarks/PlutusBench/bin/Release/net10.0/PlutusBench-ShortRun-1/bin/Release/net10.0
// BeforeAnythingElse

// Benchmark Process Environment Information:
// BenchmarkDotNet v0.15.8
// Runtime=.NET 10.0.12 (10.0.12, 10.0.1226.42308), X64 RyuJIT x86-64-v4
// GC=Concurrent Workstation
// HardwareIntrinsics=AVX512 BITALG+VBMI2+VNNI+VPOPCNTDQ,AVX512 IFMA+VBMI,AVX512 F+BW+CD+DQ+VL,AVX2+BMI1+BMI2+F16C+FMA+LZCNT+MOVBE,AVX,SSE3+SSSE3+SSE4.1+SSE4.2+POPCNT,X86Base+SSE+SSE2,AES+PCLMUL VectorSize=256
// Job: ShortRun(IterationCount=3, LaunchCount=1, MinIterationCount=50, WarmupCount=3)

OverheadJitting  1: 1 op, 149637.00 ns, 149.6370 us/op
WorkloadJitting  1: 1 op, 28350899.00 ns, 28.3509 ms/op

OverheadJitting  2: 16 op, 331166.00 ns, 20.6979 us/op
WorkloadJitting  2: 16 op, 42452578.00 ns, 2.6533 ms/op

WorkloadPilot    1: 16 op, 40013752.00 ns, 2.5009 ms/op
WorkloadPilot    2: 32 op, 77735860.00 ns, 2.4292 ms/op
WorkloadPilot    3: 64 op, 180403618.00 ns, 2.8188 ms/op
WorkloadPilot    4: 128 op, 162602728.00 ns, 1.2703 ms/op
WorkloadPilot    5: 256 op, 204059792.00 ns, 797.1086 us/op
WorkloadPilot    6: 512 op, 406831545.00 ns, 794.5929 us/op
WorkloadPilot    7: 1024 op, 821508175.00 ns, 802.2541 us/op

OverheadWarmup   1: 1024 op, 4994.00 ns, 4.8770 ns/op
OverheadWarmup   2: 1024 op, 4177.00 ns, 4.0791 ns/op
OverheadWarmup   3: 1024 op, 4066.00 ns, 3.9707 ns/op
OverheadWarmup   4: 1024 op, 4240.00 ns, 4.1406 ns/op
OverheadWarmup   5: 1024 op, 4217.00 ns, 4.1182 ns/op
OverheadWarmup   6: 1024 op, 4264.00 ns, 4.1641 ns/op
OverheadWarmup   7: 1024 op, 4111.00 ns, 4.0146 ns/op

OverheadActual   1: 1024 op, 4299.00 ns, 4.1982 ns/op
OverheadActual   2: 1024 op, 3987.00 ns, 3.8936 ns/op
OverheadActual   3: 1024 op, 4028.00 ns, 3.9336 ns/op
OverheadActual   4: 1024 op, 4186.00 ns, 4.0879 ns/op
OverheadActual   5: 1024 op, 4072.00 ns, 3.9766 ns/op
OverheadActual   6: 1024 op, 18745.00 ns, 18.3057 ns/op
OverheadActual   7: 1024 op, 4152.00 ns, 4.0547 ns/op
OverheadActual   8: 1024 op, 4230.00 ns, 4.1309 ns/op
OverheadActual   9: 1024 op, 4255.00 ns, 4.1553 ns/op
OverheadActual  10: 1024 op, 4273.00 ns, 4.1729 ns/op
OverheadActual  11: 1024 op, 4249.00 ns, 4.1494 ns/op
OverheadActual  12: 1024 op, 4247.00 ns, 4.1475 ns/op
OverheadActual  13: 1024 op, 4127.00 ns, 4.0303 ns/op
OverheadActual  14: 1024 op, 19827.00 ns, 19.3623 ns/op
OverheadActual  15: 1024 op, 4179.00 ns, 4.0811 ns/op
OverheadActual  16: 1024 op, 4223.00 ns, 4.1240 ns/op
OverheadActual  17: 1024 op, 4195.00 ns, 4.0967 ns/op
OverheadActual  18: 1024 op, 4310.00 ns, 4.2090 ns/op
OverheadActual  19: 1024 op, 4222.00 ns, 4.1230 ns/op
OverheadActual  20: 1024 op, 4225.00 ns, 4.1260 ns/op

WorkloadWarmup   1: 1024 op, 816186355.00 ns, 797.0570 us/op
WorkloadWarmup   2: 1024 op, 818063226.00 ns, 798.8899 us/op
WorkloadWarmup   3: 1024 op, 813113542.00 ns, 794.0562 us/op

// BeforeActualRun
WorkloadActual   1: 1024 op, 816534439.00 ns, 797.3969 us/op
WorkloadActual   2: 1024 op, 817898179.00 ns, 798.7287 us/op
WorkloadActual   3: 1024 op, 819227474.00 ns, 800.0268 us/op

// AfterActualRun
WorkloadResult   1: 1024 op, 816530215.00 ns, 797.3928 us/op
WorkloadResult   2: 1024 op, 817893955.00 ns, 798.7246 us/op
WorkloadResult   3: 1024 op, 819223250.00 ns, 800.0227 us/op
// GC:  175 70 0 1470259200 1024
// Threading:  0 0 1024

// AfterAll
// Benchmark Process 726 has exited with code 0.

Mean = 798.713 us, StdErr = 0.759 us (0.10%), N = 3, StdDev = 1.315 us
Min = 797.393 us, Q1 = 798.059 us, Median = 798.725 us, Q3 = 799.374 us, Max = 800.023 us
IQR = 1.315 us, LowerFence = 796.086 us, UpperFence = 801.346 us
ConfidenceInterval = [774.723 us; 822.704 us] (CI 99.9%), Margin = 23.990 us (3.00% of Mean)
Skewness = -0.01, Kurtosis = 0.67, MValue = 2

// ** Remained 76 (85.4 %) benchmark(s) to run. Estimated finish 2026-10-07 19:44 (0h 9m from now) **
// **************************
// Benchmark: PlutusUseCasesBenchmarks.DecodeAndEval: ShortRun(IterationCount=3, LaunchCount=1, MinIterationCount=50, WarmupCount=3) [Script=coop-5]
// *** Execute ***
// Launch: 1 / 1
// Execute: dotnet PlutusBench-ShortRun-1.dll --anonymousPipes 113 114 --benchmarkName "PlutusUseCasesBenchmarks.DecodeAndEval(Script: \"coop-5\")" --job ShortRun --benchmarkId 13 in /bench/chrysalis/benchmarks/PlutusBench/bin/Release/net10.0/PlutusBench-ShortRun-1/bin/Release/net10.0
// BeforeAnythingElse

// Benchmark Process Environment Information:
// BenchmarkDotNet v0.15.8
// Runtime=.NET 10.0.12 (10.0.12, 10.0.1226.42308), X64 RyuJIT x86-64-v4
// GC=Concurrent Workstation
// HardwareIntrinsics=AVX512 BITALG+VBMI2+VNNI+VPOPCNTDQ,AVX512 IFMA+VBMI,AVX512 F+BW+CD+DQ+VL,AVX2+BMI1+BMI2+F16C+FMA+LZCNT+MOVBE,AVX,SSE3+SSSE3+SSE4.1+SSE4.2+POPCNT,X86Base+SSE+SSE2,AES+PCLMUL VectorSize=256
// Job: ShortRun(IterationCount=3, LaunchCount=1, MinIterationCount=50, WarmupCount=3)

OverheadJitting  1: 1 op, 152514.00 ns, 152.5140 us/op
WorkloadJitting  1: 1 op, 17629230.00 ns, 17.6292 ms/op

OverheadJitting  2: 16 op, 330639.00 ns, 20.6649 us/op
WorkloadJitting  2: 16 op, 21952474.00 ns, 1.3720 ms/op

WorkloadPilot    1: 16 op, 19921459.00 ns, 1.2451 ms/op
WorkloadPilot    2: 32 op, 38487621.00 ns, 1.2027 ms/op
WorkloadPilot    3: 64 op, 75906588.00 ns, 1.1860 ms/op
WorkloadPilot    4: 128 op, 176319475.00 ns, 1.3775 ms/op
WorkloadPilot    5: 256 op, 125087927.00 ns, 488.6247 us/op
WorkloadPilot    6: 512 op, 200210701.00 ns, 391.0365 us/op
WorkloadPilot    7: 1024 op, 401957082.00 ns, 392.5362 us/op
WorkloadPilot    8: 2048 op, 809330057.00 ns, 395.1807 us/op

OverheadWarmup   1: 2048 op, 8439.00 ns, 4.1206 ns/op
OverheadWarmup   2: 2048 op, 8163.00 ns, 3.9858 ns/op
OverheadWarmup   3: 2048 op, 8212.00 ns, 4.0098 ns/op
OverheadWarmup   4: 2048 op, 8083.00 ns, 3.9468 ns/op
OverheadWarmup   5: 2048 op, 7980.00 ns, 3.8965 ns/op
OverheadWarmup   6: 2048 op, 22860.00 ns, 11.1621 ns/op
OverheadWarmup   7: 2048 op, 7920.00 ns, 3.8672 ns/op

OverheadActual   1: 2048 op, 7701.00 ns, 3.7603 ns/op
OverheadActual   2: 2048 op, 7549.00 ns, 3.6860 ns/op
OverheadActual   3: 2048 op, 7601.00 ns, 3.7114 ns/op
OverheadActual   4: 2048 op, 7986.00 ns, 3.8994 ns/op
OverheadActual   5: 2048 op, 7708.00 ns, 3.7637 ns/op
OverheadActual   6: 2048 op, 8356.00 ns, 4.0801 ns/op
OverheadActual   7: 2048 op, 7900.00 ns, 3.8574 ns/op
OverheadActual   8: 2048 op, 7883.00 ns, 3.8491 ns/op
OverheadActual   9: 2048 op, 7913.00 ns, 3.8638 ns/op
OverheadActual  10: 2048 op, 7973.00 ns, 3.8931 ns/op
OverheadActual  11: 2048 op, 7990.00 ns, 3.9014 ns/op
OverheadActual  12: 2048 op, 7956.00 ns, 3.8848 ns/op
OverheadActual  13: 2048 op, 7946.00 ns, 3.8799 ns/op
OverheadActual  14: 2048 op, 7886.00 ns, 3.8506 ns/op
OverheadActual  15: 2048 op, 7879.00 ns, 3.8472 ns/op
OverheadActual  16: 2048 op, 7891.00 ns, 3.8530 ns/op
OverheadActual  17: 2048 op, 7887.00 ns, 3.8511 ns/op
OverheadActual  18: 2048 op, 8018.00 ns, 3.9150 ns/op
OverheadActual  19: 2048 op, 7927.00 ns, 3.8706 ns/op
OverheadActual  20: 2048 op, 7972.00 ns, 3.8926 ns/op

WorkloadWarmup   1: 2048 op, 807343550.00 ns, 394.2107 us/op
WorkloadWarmup   2: 2048 op, 807152787.00 ns, 394.1176 us/op
WorkloadWarmup   3: 2048 op, 804480375.00 ns, 392.8127 us/op

// BeforeActualRun
WorkloadActual   1: 2048 op, 805094436.00 ns, 393.1125 us/op
WorkloadActual   2: 2048 op, 813173243.00 ns, 397.0572 us/op
WorkloadActual   3: 2048 op, 811632369.00 ns, 396.3049 us/op

// AfterActualRun
WorkloadResult   1: 2048 op, 805086529.50 ns, 393.1087 us/op
WorkloadResult   2: 2048 op, 813165336.50 ns, 397.0534 us/op
WorkloadResult   3: 2048 op, 811624462.50 ns, 396.3010 us/op
// GC:  191 63 0 1605369856 2048
// Threading:  0 0 2048

// AfterAll
// Benchmark Process 735 has exited with code 0.

Mean = 395.488 us, StdErr = 1.209 us (0.31%), N = 3, StdDev = 2.094 us
Min = 393.109 us, Q1 = 394.705 us, Median = 396.301 us, Q3 = 396.677 us, Max = 397.053 us
IQR = 1.972 us, LowerFence = 391.746 us, UpperFence = 399.636 us
ConfidenceInterval = [357.279 us; 433.697 us] (CI 99.9%), Margin = 38.209 us (9.66% of Mean)
Skewness = -0.33, Kurtosis = 0.67, MValue = 2

// ** Remained 75 (84.3 %) benchmark(s) to run. Estimated finish 2026-10-07 19:44 (0h 9m from now) **
// **************************
// Benchmark: PlutusUseCasesBenchmarks.DecodeAndEval: ShortRun(IterationCount=3, LaunchCount=1, MinIterationCount=50, WarmupCount=3) [Script=coop-6]
// *** Execute ***
// Launch: 1 / 1
// Execute: dotnet PlutusBench-ShortRun-1.dll --anonymousPipes 113 114 --benchmarkName "PlutusUseCasesBenchmarks.DecodeAndEval(Script: \"coop-6\")" --job ShortRun --benchmarkId 14 in /bench/chrysalis/benchmarks/PlutusBench/bin/Release/net10.0/PlutusBench-ShortRun-1/bin/Release/net10.0
// BeforeAnythingElse

// Benchmark Process Environment Information:
// BenchmarkDotNet v0.15.8
// Runtime=.NET 10.0.12 (10.0.12, 10.0.1226.42308), X64 RyuJIT x86-64-v4
// GC=Concurrent Workstation
// HardwareIntrinsics=AVX512 BITALG+VBMI2+VNNI+VPOPCNTDQ,AVX512 IFMA+VBMI,AVX512 F+BW+CD+DQ+VL,AVX2+BMI1+BMI2+F16C+FMA+LZCNT+MOVBE,AVX,SSE3+SSSE3+SSE4.1+SSE4.2+POPCNT,X86Base+SSE+SSE2,AES+PCLMUL VectorSize=256
// Job: ShortRun(IterationCount=3, LaunchCount=1, MinIterationCount=50, WarmupCount=3)

OverheadJitting  1: 1 op, 154234.00 ns, 154.2340 us/op
WorkloadJitting  1: 1 op, 27387644.00 ns, 27.3876 ms/op

OverheadJitting  2: 16 op, 350835.00 ns, 21.9272 us/op
WorkloadJitting  2: 16 op, 29833916.00 ns, 1.8646 ms/op

WorkloadPilot    1: 16 op, 29818088.00 ns, 1.8636 ms/op
WorkloadPilot    2: 32 op, 54659359.00 ns, 1.7081 ms/op
WorkloadPilot    3: 64 op, 109790605.00 ns, 1.7155 ms/op
WorkloadPilot    4: 128 op, 103429315.00 ns, 808.0415 us/op
WorkloadPilot    5: 256 op, 177868473.00 ns, 694.7987 us/op
WorkloadPilot    6: 512 op, 266033546.00 ns, 519.5968 us/op
WorkloadPilot    7: 1024 op, 530801534.00 ns, 518.3609 us/op

OverheadWarmup   1: 1024 op, 4717.00 ns, 4.6064 ns/op
OverheadWarmup   2: 1024 op, 4289.00 ns, 4.1885 ns/op
OverheadWarmup   3: 1024 op, 3880.00 ns, 3.7891 ns/op
OverheadWarmup   4: 1024 op, 4034.00 ns, 3.9395 ns/op
OverheadWarmup   5: 1024 op, 3964.00 ns, 3.8711 ns/op
OverheadWarmup   6: 1024 op, 18798.00 ns, 18.3574 ns/op
OverheadWarmup   7: 1024 op, 3813.00 ns, 3.7236 ns/op

OverheadActual   1: 1024 op, 4247.00 ns, 4.1475 ns/op
OverheadActual   2: 1024 op, 3989.00 ns, 3.8955 ns/op
OverheadActual   3: 1024 op, 4053.00 ns, 3.9580 ns/op
OverheadActual   4: 1024 op, 4154.00 ns, 4.0566 ns/op
OverheadActual   5: 1024 op, 3969.00 ns, 3.8760 ns/op
OverheadActual   6: 1024 op, 4038.00 ns, 3.9434 ns/op
OverheadActual   7: 1024 op, 4152.00 ns, 4.0547 ns/op
OverheadActual   8: 1024 op, 4041.00 ns, 3.9463 ns/op
OverheadActual   9: 1024 op, 4135.00 ns, 4.0381 ns/op
OverheadActual  10: 1024 op, 4184.00 ns, 4.0859 ns/op
OverheadActual  11: 1024 op, 3935.00 ns, 3.8428 ns/op
OverheadActual  12: 1024 op, 4113.00 ns, 4.0166 ns/op
OverheadActual  13: 1024 op, 4098.00 ns, 4.0020 ns/op
OverheadActual  14: 1024 op, 4070.00 ns, 3.9746 ns/op
OverheadActual  15: 1024 op, 4034.00 ns, 3.9395 ns/op
OverheadActual  16: 1024 op, 4020.00 ns, 3.9258 ns/op
OverheadActual  17: 1024 op, 4112.00 ns, 4.0156 ns/op
OverheadActual  18: 1024 op, 4246.00 ns, 4.1465 ns/op
OverheadActual  19: 1024 op, 4206.00 ns, 4.1074 ns/op
OverheadActual  20: 1024 op, 4791.00 ns, 4.6787 ns/op

WorkloadWarmup   1: 1024 op, 535742191.00 ns, 523.1857 us/op
WorkloadWarmup   2: 1024 op, 533288833.00 ns, 520.7899 us/op
WorkloadWarmup   3: 1024 op, 529184639.00 ns, 516.7819 us/op

// BeforeActualRun
WorkloadActual   1: 1024 op, 531645392.00 ns, 519.1850 us/op
WorkloadActual   2: 1024 op, 534395479.00 ns, 521.8706 us/op
WorkloadActual   3: 1024 op, 533321981.00 ns, 520.8222 us/op

// AfterActualRun
WorkloadResult   1: 1024 op, 531641287.00 ns, 519.1809 us/op
WorkloadResult   2: 1024 op, 534391374.00 ns, 521.8666 us/op
WorkloadResult   3: 1024 op, 533317876.00 ns, 520.8182 us/op
// GC:  133 43 0 1119002624 1024
// Threading:  0 0 1024

// AfterAll
// Benchmark Process 746 has exited with code 0.

Mean = 520.622 us, StdErr = 0.781 us (0.15%), N = 3, StdDev = 1.354 us
Min = 519.181 us, Q1 = 520.000 us, Median = 520.818 us, Q3 = 521.342 us, Max = 521.867 us
IQR = 1.343 us, LowerFence = 517.985 us, UpperFence = 523.357 us
ConfidenceInterval = [495.928 us; 545.315 us] (CI 99.9%), Margin = 24.694 us (4.74% of Mean)
Skewness = -0.14, Kurtosis = 0.67, MValue = 2

// ** Remained 74 (83.1 %) benchmark(s) to run. Estimated finish 2026-10-07 19:44 (0h 9m from now) **
// **************************
// Benchmark: PlutusUseCasesBenchmarks.DecodeAndEval: ShortRun(IterationCount=3, LaunchCount=1, MinIterationCount=50, WarmupCount=3) [Script=coop-7]
// *** Execute ***
// Launch: 1 / 1
// Execute: dotnet PlutusBench-ShortRun-1.dll --anonymousPipes 113 114 --benchmarkName "PlutusUseCasesBenchmarks.DecodeAndEval(Script: \"coop-7\")" --job ShortRun --benchmarkId 15 in /bench/chrysalis/benchmarks/PlutusBench/bin/Release/net10.0/PlutusBench-ShortRun-1/bin/Release/net10.0
// BeforeAnythingElse

// Benchmark Process Environment Information:
// BenchmarkDotNet v0.15.8
// Runtime=.NET 10.0.12 (10.0.12, 10.0.1226.42308), X64 RyuJIT x86-64-v4
// GC=Concurrent Workstation
// HardwareIntrinsics=AVX512 BITALG+VBMI2+VNNI+VPOPCNTDQ,AVX512 IFMA+VBMI,AVX512 F+BW+CD+DQ+VL,AVX2+BMI1+BMI2+F16C+FMA+LZCNT+MOVBE,AVX,SSE3+SSSE3+SSE4.1+SSE4.2+POPCNT,X86Base+SSE+SSE2,AES+PCLMUL VectorSize=256
// Job: ShortRun(IterationCount=3, LaunchCount=1, MinIterationCount=50, WarmupCount=3)

OverheadJitting  1: 1 op, 149249.00 ns, 149.2490 us/op
WorkloadJitting  1: 1 op, 17076172.00 ns, 17.0762 ms/op

OverheadJitting  2: 16 op, 338390.00 ns, 21.1494 us/op
WorkloadJitting  2: 16 op, 16984812.00 ns, 1.0616 ms/op

WorkloadPilot    1: 16 op, 15103436.00 ns, 943.9648 us/op
WorkloadPilot    2: 32 op, 29770163.00 ns, 930.3176 us/op
WorkloadPilot    3: 64 op, 54068043.00 ns, 844.8132 us/op
WorkloadPilot    4: 128 op, 115348640.00 ns, 901.1613 us/op
WorkloadPilot    5: 256 op, 157169977.00 ns, 613.9452 us/op
WorkloadPilot    6: 512 op, 190761218.00 ns, 372.5805 us/op
WorkloadPilot    7: 1024 op, 276359251.00 ns, 269.8821 us/op
WorkloadPilot    8: 2048 op, 547583578.00 ns, 267.3748 us/op

OverheadWarmup   1: 2048 op, 8385.00 ns, 4.0942 ns/op
OverheadWarmup   2: 2048 op, 8088.00 ns, 3.9492 ns/op
OverheadWarmup   3: 2048 op, 7663.00 ns, 3.7417 ns/op
OverheadWarmup   4: 2048 op, 7641.00 ns, 3.7310 ns/op
OverheadWarmup   5: 2048 op, 7691.00 ns, 3.7554 ns/op
OverheadWarmup   6: 2048 op, 7691.00 ns, 3.7554 ns/op
OverheadWarmup   7: 2048 op, 7704.00 ns, 3.7617 ns/op
OverheadWarmup   8: 2048 op, 7672.00 ns, 3.7461 ns/op

OverheadActual   1: 2048 op, 7866.00 ns, 3.8408 ns/op
OverheadActual   2: 2048 op, 7804.00 ns, 3.8105 ns/op
OverheadActual   3: 2048 op, 7783.00 ns, 3.8003 ns/op
OverheadActual   4: 2048 op, 7730.00 ns, 3.7744 ns/op
OverheadActual   5: 2048 op, 7781.00 ns, 3.7993 ns/op
OverheadActual   6: 2048 op, 8020.00 ns, 3.9160 ns/op
OverheadActual   7: 2048 op, 8022.00 ns, 3.9170 ns/op
OverheadActual   8: 2048 op, 8052.00 ns, 3.9316 ns/op
OverheadActual   9: 2048 op, 8224.00 ns, 4.0156 ns/op
OverheadActual  10: 2048 op, 8083.00 ns, 3.9468 ns/op
OverheadActual  11: 2048 op, 8032.00 ns, 3.9219 ns/op
OverheadActual  12: 2048 op, 8149.00 ns, 3.9790 ns/op
OverheadActual  13: 2048 op, 20980.00 ns, 10.2441 ns/op
OverheadActual  14: 2048 op, 23643.00 ns, 11.5444 ns/op
OverheadActual  15: 2048 op, 8015.00 ns, 3.9136 ns/op
OverheadActual  16: 2048 op, 8123.00 ns, 3.9663 ns/op
OverheadActual  17: 2048 op, 23901.00 ns, 11.6704 ns/op
OverheadActual  18: 2048 op, 8107.00 ns, 3.9585 ns/op
OverheadActual  19: 2048 op, 8190.00 ns, 3.9990 ns/op
OverheadActual  20: 2048 op, 8056.00 ns, 3.9336 ns/op

WorkloadWarmup   1: 2048 op, 551673070.00 ns, 269.3716 us/op
WorkloadWarmup   2: 2048 op, 552119674.00 ns, 269.5897 us/op
WorkloadWarmup   3: 2048 op, 546910325.00 ns, 267.0461 us/op

// BeforeActualRun
WorkloadActual   1: 2048 op, 547310357.00 ns, 267.2414 us/op
WorkloadActual   2: 2048 op, 554160808.00 ns, 270.5863 us/op
WorkloadActual   3: 2048 op, 549208241.00 ns, 268.1681 us/op

// AfterActualRun
WorkloadResult   1: 2048 op, 547302303.00 ns, 267.2375 us/op
WorkloadResult   2: 2048 op, 554152754.00 ns, 270.5824 us/op
WorkloadResult   3: 2048 op, 549200187.00 ns, 268.1642 us/op
// GC:  145 41 0 1213792256 2048
// Threading:  0 0 2048

// AfterAll
// Benchmark Process 753 has exited with code 0.

Mean = 268.661 us, StdErr = 0.997 us (0.37%), N = 3, StdDev = 1.727 us
Min = 267.237 us, Q1 = 267.701 us, Median = 268.164 us, Q3 = 269.373 us, Max = 270.582 us
IQR = 1.672 us, LowerFence = 265.192 us, UpperFence = 271.882 us
ConfidenceInterval = [237.154 us; 300.168 us] (CI 99.9%), Margin = 31.507 us (11.73% of Mean)
Skewness = 0.26, Kurtosis = 0.67, MValue = 2

// ** Remained 73 (82.0 %) benchmark(s) to run. Estimated finish 2026-10-07 19:44 (0h 9m from now) **
// **************************
// Benchmark: PlutusUseCasesBenchmarks.DecodeAndEval: ShortRun(IterationCount=3, LaunchCount=1, MinIterationCount=50, WarmupCount=3) [Script=crowdfunding-success-1]
// *** Execute ***
// Launch: 1 / 1
// Execute: dotnet PlutusBench-ShortRun-1.dll --anonymousPipes 113 114 --benchmarkName "PlutusUseCasesBenchmarks.DecodeAndEval(Script: \"crowdfunding-success-1\")" --job ShortRun --benchmarkId 16 in /bench/chrysalis/benchmarks/PlutusBench/bin/Release/net10.0/PlutusBench-ShortRun-1/bin/Release/net10.0
// BeforeAnythingElse

// Benchmark Process Environment Information:
// BenchmarkDotNet v0.15.8
// Runtime=.NET 10.0.12 (10.0.12, 10.0.1226.42308), X64 RyuJIT x86-64-v4
// GC=Concurrent Workstation
// HardwareIntrinsics=AVX512 BITALG+VBMI2+VNNI+VPOPCNTDQ,AVX512 IFMA+VBMI,AVX512 F+BW+CD+DQ+VL,AVX2+BMI1+BMI2+F16C+FMA+LZCNT+MOVBE,AVX,SSE3+SSSE3+SSE4.1+SSE4.2+POPCNT,X86Base+SSE+SSE2,AES+PCLMUL VectorSize=256
// Job: ShortRun(IterationCount=3, LaunchCount=1, MinIterationCount=50, WarmupCount=3)

OverheadJitting  1: 1 op, 150636.00 ns, 150.6360 us/op
WorkloadJitting  1: 1 op, 15352448.00 ns, 15.3524 ms/op

OverheadJitting  2: 16 op, 323173.00 ns, 20.1983 us/op
WorkloadJitting  2: 16 op, 13505977.00 ns, 844.1236 us/op

WorkloadPilot    1: 16 op, 11935031.00 ns, 745.9394 us/op
WorkloadPilot    2: 32 op, 22322283.00 ns, 697.5713 us/op
WorkloadPilot    3: 64 op, 43230982.00 ns, 675.4841 us/op
WorkloadPilot    4: 128 op, 84239632.00 ns, 658.1221 us/op
WorkloadPilot    5: 256 op, 102650494.00 ns, 400.9785 us/op
WorkloadPilot    6: 512 op, 121648781.00 ns, 237.5953 us/op
WorkloadPilot    7: 1024 op, 238242641.00 ns, 232.6588 us/op
WorkloadPilot    8: 2048 op, 466574663.00 ns, 227.8197 us/op
WorkloadPilot    9: 4096 op, 1136124952.00 ns, 277.3743 us/op

OverheadWarmup   1: 4096 op, 15390.00 ns, 3.7573 ns/op
OverheadWarmup   2: 4096 op, 14416.00 ns, 3.5195 ns/op
OverheadWarmup   3: 4096 op, 14492.00 ns, 3.5381 ns/op
OverheadWarmup   4: 4096 op, 14354.00 ns, 3.5044 ns/op
OverheadWarmup   5: 4096 op, 14516.00 ns, 3.5439 ns/op
OverheadWarmup   6: 4096 op, 14362.00 ns, 3.5063 ns/op

OverheadActual   1: 4096 op, 14547.00 ns, 3.5515 ns/op
OverheadActual   2: 4096 op, 14700.00 ns, 3.5889 ns/op
OverheadActual   3: 4096 op, 14599.00 ns, 3.5642 ns/op
OverheadActual   4: 4096 op, 14554.00 ns, 3.5532 ns/op
OverheadActual   5: 4096 op, 14539.00 ns, 3.5496 ns/op
OverheadActual   6: 4096 op, 14545.00 ns, 3.5510 ns/op
OverheadActual   7: 4096 op, 14500.00 ns, 3.5400 ns/op
OverheadActual   8: 4096 op, 14527.00 ns, 3.5466 ns/op
OverheadActual   9: 4096 op, 14437.00 ns, 3.5247 ns/op
OverheadActual  10: 4096 op, 14474.00 ns, 3.5337 ns/op
OverheadActual  11: 4096 op, 15228.00 ns, 3.7178 ns/op
OverheadActual  12: 4096 op, 14735.00 ns, 3.5974 ns/op
OverheadActual  13: 4096 op, 14562.00 ns, 3.5552 ns/op
OverheadActual  14: 4096 op, 14391.00 ns, 3.5134 ns/op
OverheadActual  15: 4096 op, 14620.00 ns, 3.5693 ns/op
OverheadActual  16: 4096 op, 14493.00 ns, 3.5383 ns/op
OverheadActual  17: 4096 op, 14435.00 ns, 3.5242 ns/op
OverheadActual  18: 4096 op, 14522.00 ns, 3.5454 ns/op
OverheadActual  19: 4096 op, 14663.00 ns, 3.5798 ns/op
OverheadActual  20: 4096 op, 14573.00 ns, 3.5579 ns/op

WorkloadWarmup   1: 4096 op, 1240200055.00 ns, 302.7832 us/op
WorkloadWarmup   2: 4096 op, 939573148.00 ns, 229.3880 us/op
WorkloadWarmup   3: 4096 op, 933739740.00 ns, 227.9638 us/op

// BeforeActualRun
WorkloadActual   1: 4096 op, 935369812.00 ns, 228.3618 us/op
WorkloadActual   2: 4096 op, 940339224.00 ns, 229.5750 us/op
WorkloadActual   3: 4096 op, 951958750.00 ns, 232.4118 us/op

// AfterActualRun
WorkloadResult   1: 4096 op, 935355266.00 ns, 228.3582 us/op
WorkloadResult   2: 4096 op, 940324678.00 ns, 229.5715 us/op
WorkloadResult   3: 4096 op, 951944204.00 ns, 232.4083 us/op
// GC:  232 73 0 1942585344 4096
// Threading:  0 0 4096

// AfterAll
// Benchmark Process 761 has exited with code 0.

Mean = 230.113 us, StdErr = 1.200 us (0.52%), N = 3, StdDev = 2.079 us
Min = 228.358 us, Q1 = 228.965 us, Median = 229.571 us, Q3 = 230.990 us, Max = 232.408 us
IQR = 2.025 us, LowerFence = 225.927 us, UpperFence = 234.027 us
ConfidenceInterval = [192.192 us; 268.033 us] (CI 99.9%), Margin = 37.920 us (16.48% of Mean)
Skewness = 0.24, Kurtosis = 0.67, MValue = 2

// ** Remained 72 (80.9 %) benchmark(s) to run. Estimated finish 2026-10-07 19:44 (0h 9m from now) **
// **************************
// Benchmark: PlutusUseCasesBenchmarks.DecodeAndEval: ShortRun(IterationCount=3, LaunchCount=1, MinIterationCount=50, WarmupCount=3) [Script=crowdfunding-success-2]
// *** Execute ***
// Launch: 1 / 1
// Execute: dotnet PlutusBench-ShortRun-1.dll --anonymousPipes 113 114 --benchmarkName "PlutusUseCasesBenchmarks.DecodeAndEval(Script: \"crowdfunding-success-2\")" --job ShortRun --benchmarkId 17 in /bench/chrysalis/benchmarks/PlutusBench/bin/Release/net10.0/PlutusBench-ShortRun-1/bin/Release/net10.0
// BeforeAnythingElse

// Benchmark Process Environment Information:
// BenchmarkDotNet v0.15.8
// Runtime=.NET 10.0.12 (10.0.12, 10.0.1226.42308), X64 RyuJIT x86-64-v4
// GC=Concurrent Workstation
// HardwareIntrinsics=AVX512 BITALG+VBMI2+VNNI+VPOPCNTDQ,AVX512 IFMA+VBMI,AVX512 F+BW+CD+DQ+VL,AVX2+BMI1+BMI2+F16C+FMA+LZCNT+MOVBE,AVX,SSE3+SSSE3+SSE4.1+SSE4.2+POPCNT,X86Base+SSE+SSE2,AES+PCLMUL VectorSize=256
// Job: ShortRun(IterationCount=3, LaunchCount=1, MinIterationCount=50, WarmupCount=3)

OverheadJitting  1: 1 op, 155738.00 ns, 155.7380 us/op
WorkloadJitting  1: 1 op, 15424879.00 ns, 15.4249 ms/op

OverheadJitting  2: 16 op, 330294.00 ns, 20.6434 us/op
WorkloadJitting  2: 16 op, 13686475.00 ns, 855.4047 us/op

WorkloadPilot    1: 16 op, 12237292.00 ns, 764.8308 us/op
WorkloadPilot    2: 32 op, 22272952.00 ns, 696.0298 us/op
WorkloadPilot    3: 64 op, 43087553.00 ns, 673.2430 us/op
WorkloadPilot    4: 128 op, 83211526.00 ns, 650.0900 us/op
WorkloadPilot    5: 256 op, 109270919.00 ns, 426.8395 us/op
WorkloadPilot    6: 512 op, 122476115.00 ns, 239.2112 us/op
WorkloadPilot    7: 1024 op, 240221915.00 ns, 234.5917 us/op
WorkloadPilot    8: 2048 op, 471660847.00 ns, 230.3031 us/op
WorkloadPilot    9: 4096 op, 946341174.00 ns, 231.0403 us/op

OverheadWarmup   1: 4096 op, 16199.00 ns, 3.9548 ns/op
OverheadWarmup   2: 4096 op, 15610.00 ns, 3.8110 ns/op
OverheadWarmup   3: 4096 op, 15038.00 ns, 3.6714 ns/op
OverheadWarmup   4: 4096 op, 14959.00 ns, 3.6521 ns/op
OverheadWarmup   5: 4096 op, 14900.00 ns, 3.6377 ns/op
OverheadWarmup   6: 4096 op, 14882.00 ns, 3.6333 ns/op
OverheadWarmup   7: 4096 op, 14870.00 ns, 3.6304 ns/op
OverheadWarmup   8: 4096 op, 14838.00 ns, 3.6226 ns/op
OverheadWarmup   9: 4096 op, 15515.00 ns, 3.7878 ns/op
OverheadWarmup  10: 4096 op, 15589.00 ns, 3.8059 ns/op

OverheadActual   1: 4096 op, 15124.00 ns, 3.6924 ns/op
OverheadActual   2: 4096 op, 15209.00 ns, 3.7131 ns/op
OverheadActual   3: 4096 op, 15100.00 ns, 3.6865 ns/op
OverheadActual   4: 4096 op, 15626.00 ns, 3.8149 ns/op
OverheadActual   5: 4096 op, 15014.00 ns, 3.6655 ns/op
OverheadActual   6: 4096 op, 15522.00 ns, 3.7896 ns/op
OverheadActual   7: 4096 op, 31672.00 ns, 7.7324 ns/op
OverheadActual   8: 4096 op, 14924.00 ns, 3.6436 ns/op
OverheadActual   9: 4096 op, 15889.00 ns, 3.8792 ns/op
OverheadActual  10: 4096 op, 15572.00 ns, 3.8018 ns/op
OverheadActual  11: 4096 op, 15773.00 ns, 3.8508 ns/op
OverheadActual  12: 4096 op, 15960.00 ns, 3.8965 ns/op
OverheadActual  13: 4096 op, 15576.00 ns, 3.8027 ns/op
OverheadActual  14: 4096 op, 15994.00 ns, 3.9048 ns/op
OverheadActual  15: 4096 op, 28590.00 ns, 6.9800 ns/op
OverheadActual  16: 4096 op, 15802.00 ns, 3.8579 ns/op
OverheadActual  17: 4096 op, 15774.00 ns, 3.8511 ns/op
OverheadActual  18: 4096 op, 15734.00 ns, 3.8413 ns/op
OverheadActual  19: 4096 op, 16054.00 ns, 3.9194 ns/op
OverheadActual  20: 4096 op, 16119.00 ns, 3.9353 ns/op

WorkloadWarmup   1: 4096 op, 957418387.00 ns, 233.7447 us/op
WorkloadWarmup   2: 4096 op, 947864574.00 ns, 231.4122 us/op
WorkloadWarmup   3: 4096 op, 942205202.00 ns, 230.0306 us/op

// BeforeActualRun
WorkloadActual   1: 4096 op, 941994868.00 ns, 229.9792 us/op
WorkloadActual   2: 4096 op, 948395531.00 ns, 231.5419 us/op
WorkloadActual   3: 4096 op, 946566454.00 ns, 231.0953 us/op

// AfterActualRun
WorkloadResult   1: 4096 op, 941979114.50 ns, 229.9754 us/op
WorkloadResult   2: 4096 op, 948379777.50 ns, 231.5380 us/op
WorkloadResult   3: 4096 op, 946550700.50 ns, 231.0915 us/op
// GC:  232 73 0 1942585344 4096
// Threading:  0 0 4096

// AfterAll
// Benchmark Process 769 has exited with code 0.

Mean = 230.868 us, StdErr = 0.465 us (0.20%), N = 3, StdDev = 0.805 us
Min = 229.975 us, Q1 = 230.533 us, Median = 231.091 us, Q3 = 231.315 us, Max = 231.538 us
IQR = 0.781 us, LowerFence = 229.361 us, UpperFence = 232.487 us
ConfidenceInterval = [216.184 us; 245.552 us] (CI 99.9%), Margin = 14.684 us (6.36% of Mean)
Skewness = -0.26, Kurtosis = 0.67, MValue = 2

// ** Remained 71 (79.8 %) benchmark(s) to run. Estimated finish 2026-10-07 19:44 (0h 9m from now) **
// **************************
// Benchmark: PlutusUseCasesBenchmarks.DecodeAndEval: ShortRun(IterationCount=3, LaunchCount=1, MinIterationCount=50, WarmupCount=3) [Script=crowdfunding-success-3]
// *** Execute ***
// Launch: 1 / 1
// Execute: dotnet PlutusBench-ShortRun-1.dll --anonymousPipes 113 114 --benchmarkName "PlutusUseCasesBenchmarks.DecodeAndEval(Script: \"crowdfunding-success-3\")" --job ShortRun --benchmarkId 18 in /bench/chrysalis/benchmarks/PlutusBench/bin/Release/net10.0/PlutusBench-ShortRun-1/bin/Release/net10.0
// BeforeAnythingElse

// Benchmark Process Environment Information:
// BenchmarkDotNet v0.15.8
// Runtime=.NET 10.0.12 (10.0.12, 10.0.1226.42308), X64 RyuJIT x86-64-v4
// GC=Concurrent Workstation
// HardwareIntrinsics=AVX512 BITALG+VBMI2+VNNI+VPOPCNTDQ,AVX512 IFMA+VBMI,AVX512 F+BW+CD+DQ+VL,AVX2+BMI1+BMI2+F16C+FMA+LZCNT+MOVBE,AVX,SSE3+SSSE3+SSE4.1+SSE4.2+POPCNT,X86Base+SSE+SSE2,AES+PCLMUL VectorSize=256
// Job: ShortRun(IterationCount=3, LaunchCount=1, MinIterationCount=50, WarmupCount=3)

OverheadJitting  1: 1 op, 150525.00 ns, 150.5250 us/op
WorkloadJitting  1: 1 op, 15577762.00 ns, 15.5778 ms/op

OverheadJitting  2: 16 op, 343012.00 ns, 21.4383 us/op
WorkloadJitting  2: 16 op, 13550768.00 ns, 846.9230 us/op

WorkloadPilot    1: 16 op, 11773766.00 ns, 735.8604 us/op
WorkloadPilot    2: 32 op, 21831227.00 ns, 682.2258 us/op
WorkloadPilot    3: 64 op, 45097308.00 ns, 704.6454 us/op
WorkloadPilot    4: 128 op, 83347009.00 ns, 651.1485 us/op
WorkloadPilot    5: 256 op, 127181732.00 ns, 496.8036 us/op
WorkloadPilot    6: 512 op, 138875628.00 ns, 271.2415 us/op
WorkloadPilot    7: 1024 op, 242238501.00 ns, 236.5610 us/op
WorkloadPilot    8: 2048 op, 474621505.00 ns, 231.7488 us/op
WorkloadPilot    9: 4096 op, 948766088.00 ns, 231.6323 us/op

OverheadWarmup   1: 4096 op, 15966.00 ns, 3.8979 ns/op
OverheadWarmup   2: 4096 op, 15803.00 ns, 3.8582 ns/op
OverheadWarmup   3: 4096 op, 15385.00 ns, 3.7561 ns/op
OverheadWarmup   4: 4096 op, 42248.00 ns, 10.3145 ns/op
OverheadWarmup   5: 4096 op, 25704.00 ns, 6.2754 ns/op
OverheadWarmup   6: 4096 op, 15734.00 ns, 3.8413 ns/op
OverheadWarmup   7: 4096 op, 15696.00 ns, 3.8320 ns/op
OverheadWarmup   8: 4096 op, 16113.00 ns, 3.9338 ns/op
OverheadWarmup   9: 4096 op, 15658.00 ns, 3.8228 ns/op

OverheadActual   1: 4096 op, 15965.00 ns, 3.8977 ns/op
OverheadActual   2: 4096 op, 15221.00 ns, 3.7161 ns/op
OverheadActual   3: 4096 op, 15259.00 ns, 3.7253 ns/op
OverheadActual   4: 4096 op, 15785.00 ns, 3.8538 ns/op
OverheadActual   5: 4096 op, 15267.00 ns, 3.7273 ns/op
OverheadActual   6: 4096 op, 15727.00 ns, 3.8396 ns/op
OverheadActual   7: 4096 op, 15763.00 ns, 3.8484 ns/op
OverheadActual   8: 4096 op, 16071.00 ns, 3.9236 ns/op
OverheadActual   9: 4096 op, 15746.00 ns, 3.8442 ns/op
OverheadActual  10: 4096 op, 15697.00 ns, 3.8323 ns/op
OverheadActual  11: 4096 op, 16071.00 ns, 3.9236 ns/op
OverheadActual  12: 4096 op, 15751.00 ns, 3.8455 ns/op
OverheadActual  13: 4096 op, 16124.00 ns, 3.9365 ns/op
OverheadActual  14: 4096 op, 15755.00 ns, 3.8464 ns/op
OverheadActual  15: 4096 op, 31657.00 ns, 7.7288 ns/op
OverheadActual  16: 4096 op, 15732.00 ns, 3.8408 ns/op
OverheadActual  17: 4096 op, 15839.00 ns, 3.8669 ns/op
OverheadActual  18: 4096 op, 15868.00 ns, 3.8740 ns/op
OverheadActual  19: 4096 op, 16125.00 ns, 3.9368 ns/op
OverheadActual  20: 4096 op, 16103.00 ns, 3.9314 ns/op

WorkloadWarmup   1: 4096 op, 956067176.00 ns, 233.4148 us/op
WorkloadWarmup   2: 4096 op, 953966858.00 ns, 232.9021 us/op
WorkloadWarmup   3: 4096 op, 949001677.00 ns, 231.6899 us/op

// BeforeActualRun
WorkloadActual   1: 4096 op, 948925357.00 ns, 231.6712 us/op
WorkloadActual   2: 4096 op, 957356911.00 ns, 233.7297 us/op
WorkloadActual   3: 4096 op, 958641881.00 ns, 234.0434 us/op

// AfterActualRun
WorkloadResult   1: 4096 op, 948909583.00 ns, 231.6674 us/op
WorkloadResult   2: 4096 op, 957341137.00 ns, 233.7259 us/op
WorkloadResult   3: 4096 op, 958626107.00 ns, 234.0396 us/op
// GC:  232 73 0 1942585344 4096
// Threading:  0 0 4096

// AfterAll
// Benchmark Process 780 has exited with code 0.

Mean = 233.144 us, StdErr = 0.744 us (0.32%), N = 3, StdDev = 1.289 us
Min = 231.667 us, Q1 = 232.697 us, Median = 233.726 us, Q3 = 233.883 us, Max = 234.040 us
IQR = 1.186 us, LowerFence = 230.917 us, UpperFence = 235.662 us
ConfidenceInterval = [209.635 us; 256.653 us] (CI 99.9%), Margin = 23.509 us (10.08% of Mean)
Skewness = -0.36, Kurtosis = 0.67, MValue = 2

// ** Remained 70 (78.7 %) benchmark(s) to run. Estimated finish 2026-10-07 19:44 (0h 9m from now) **
// **************************
// Benchmark: PlutusUseCasesBenchmarks.DecodeAndEval: ShortRun(IterationCount=3, LaunchCount=1, MinIterationCount=50, WarmupCount=3) [Script=currency-1]
// *** Execute ***
// Launch: 1 / 1
// Execute: dotnet PlutusBench-ShortRun-1.dll --anonymousPipes 113 114 --benchmarkName "PlutusUseCasesBenchmarks.DecodeAndEval(Script: \"currency-1\")" --job ShortRun --benchmarkId 19 in /bench/chrysalis/benchmarks/PlutusBench/bin/Release/net10.0/PlutusBench-ShortRun-1/bin/Release/net10.0
// BeforeAnythingElse

// Benchmark Process Environment Information:
// BenchmarkDotNet v0.15.8
// Runtime=.NET 10.0.12 (10.0.12, 10.0.1226.42308), X64 RyuJIT x86-64-v4
// GC=Concurrent Workstation
// HardwareIntrinsics=AVX512 BITALG+VBMI2+VNNI+VPOPCNTDQ,AVX512 IFMA+VBMI,AVX512 F+BW+CD+DQ+VL,AVX2+BMI1+BMI2+F16C+FMA+LZCNT+MOVBE,AVX,SSE3+SSSE3+SSE4.1+SSE4.2+POPCNT,X86Base+SSE+SSE2,AES+PCLMUL VectorSize=256
// Job: ShortRun(IterationCount=3, LaunchCount=1, MinIterationCount=50, WarmupCount=3)

OverheadJitting  1: 1 op, 182944.00 ns, 182.9440 us/op
WorkloadJitting  1: 1 op, 20504497.00 ns, 20.5045 ms/op

OverheadJitting  2: 16 op, 451801.00 ns, 28.2376 us/op
WorkloadJitting  2: 16 op, 23052120.00 ns, 1.4408 ms/op

WorkloadPilot    1: 16 op, 20237809.00 ns, 1.2649 ms/op
WorkloadPilot    2: 32 op, 39429089.00 ns, 1.2322 ms/op
WorkloadPilot    3: 64 op, 77579429.00 ns, 1.2122 ms/op
WorkloadPilot    4: 128 op, 109874663.00 ns, 858.3958 us/op
WorkloadPilot    5: 256 op, 151643699.00 ns, 592.3582 us/op
WorkloadPilot    6: 512 op, 200401895.00 ns, 391.4100 us/op
WorkloadPilot    7: 1024 op, 385904955.00 ns, 376.8603 us/op
WorkloadPilot    8: 2048 op, 682910792.00 ns, 333.4525 us/op

OverheadWarmup   1: 2048 op, 8283.00 ns, 4.0444 ns/op
OverheadWarmup   2: 2048 op, 7608.00 ns, 3.7148 ns/op
OverheadWarmup   3: 2048 op, 10946.00 ns, 5.3447 ns/op
OverheadWarmup   4: 2048 op, 7549.00 ns, 3.6860 ns/op
OverheadWarmup   5: 2048 op, 7553.00 ns, 3.6880 ns/op
OverheadWarmup   6: 2048 op, 20924.00 ns, 10.2168 ns/op
OverheadWarmup   7: 2048 op, 7818.00 ns, 3.8174 ns/op

OverheadActual   1: 2048 op, 7694.00 ns, 3.7568 ns/op
OverheadActual   2: 2048 op, 7560.00 ns, 3.6914 ns/op
OverheadActual   3: 2048 op, 7746.00 ns, 3.7822 ns/op
OverheadActual   4: 2048 op, 7904.00 ns, 3.8594 ns/op
OverheadActual   5: 2048 op, 7565.00 ns, 3.6938 ns/op
OverheadActual   6: 2048 op, 7947.00 ns, 3.8804 ns/op
OverheadActual   7: 2048 op, 7911.00 ns, 3.8628 ns/op
OverheadActual   8: 2048 op, 7843.00 ns, 3.8296 ns/op
OverheadActual   9: 2048 op, 20900.00 ns, 10.2051 ns/op
OverheadActual  10: 2048 op, 7872.00 ns, 3.8438 ns/op
OverheadActual  11: 2048 op, 7921.00 ns, 3.8677 ns/op
OverheadActual  12: 2048 op, 8005.00 ns, 3.9087 ns/op
OverheadActual  13: 2048 op, 8133.00 ns, 3.9712 ns/op
OverheadActual  14: 2048 op, 8062.00 ns, 3.9365 ns/op
OverheadActual  15: 2048 op, 8038.00 ns, 3.9248 ns/op
OverheadActual  16: 2048 op, 7886.00 ns, 3.8506 ns/op
OverheadActual  17: 2048 op, 7866.00 ns, 3.8408 ns/op
OverheadActual  18: 2048 op, 8162.00 ns, 3.9854 ns/op
OverheadActual  19: 2048 op, 7975.00 ns, 3.8940 ns/op
OverheadActual  20: 2048 op, 7925.00 ns, 3.8696 ns/op

WorkloadWarmup   1: 2048 op, 606463726.00 ns, 296.1249 us/op
WorkloadWarmup   2: 2048 op, 601048992.00 ns, 293.4810 us/op
WorkloadWarmup   3: 2048 op, 599148991.00 ns, 292.5532 us/op

// BeforeActualRun
WorkloadActual   1: 2048 op, 599395161.00 ns, 292.6734 us/op
WorkloadActual   2: 2048 op, 599554982.00 ns, 292.7515 us/op
WorkloadActual   3: 2048 op, 600210636.00 ns, 293.0716 us/op

// AfterActualRun
WorkloadResult   1: 2048 op, 599387245.00 ns, 292.6696 us/op
WorkloadResult   2: 2048 op, 599547066.00 ns, 292.7476 us/op
WorkloadResult   3: 2048 op, 600202720.00 ns, 293.0677 us/op
// GC:  125 37 0 1051410432 2048
// Threading:  0 0 2048

// AfterAll
// Benchmark Process 788 has exited with code 0.

Mean = 292.828 us, StdErr = 0.122 us (0.04%), N = 3, StdDev = 0.211 us
Min = 292.670 us, Q1 = 292.709 us, Median = 292.748 us, Q3 = 292.908 us, Max = 293.068 us
IQR = 0.199 us, LowerFence = 292.410 us, UpperFence = 293.206 us
ConfidenceInterval = [288.979 us; 296.678 us] (CI 99.9%), Margin = 3.849 us (1.31% of Mean)
Skewness = 0.33, Kurtosis = 0.67, MValue = 2

// ** Remained 69 (77.5 %) benchmark(s) to run. Estimated finish 2026-10-07 19:44 (0h 8m from now) **
// **************************
// Benchmark: PlutusUseCasesBenchmarks.DecodeAndEval: ShortRun(IterationCount=3, LaunchCount=1, MinIterationCount=50, WarmupCount=3) [Script=escrow-redeem_1-1]
// *** Execute ***
// Launch: 1 / 1
// Execute: dotnet PlutusBench-ShortRun-1.dll --anonymousPipes 113 114 --benchmarkName "PlutusUseCasesBenchmarks.DecodeAndEval(Script: \"escrow-redeem_1-1\")" --job ShortRun --benchmarkId 20 in /bench/chrysalis/benchmarks/PlutusBench/bin/Release/net10.0/PlutusBench-ShortRun-1/bin/Release/net10.0
// BeforeAnythingElse

// Benchmark Process Environment Information:
// BenchmarkDotNet v0.15.8
// Runtime=.NET 10.0.12 (10.0.12, 10.0.1226.42308), X64 RyuJIT x86-64-v4
// GC=Concurrent Workstation
// HardwareIntrinsics=AVX512 BITALG+VBMI2+VNNI+VPOPCNTDQ,AVX512 IFMA+VBMI,AVX512 F+BW+CD+DQ+VL,AVX2+BMI1+BMI2+F16C+FMA+LZCNT+MOVBE,AVX,SSE3+SSSE3+SSE4.1+SSE4.2+POPCNT,X86Base+SSE+SSE2,AES+PCLMUL VectorSize=256
// Job: ShortRun(IterationCount=3, LaunchCount=1, MinIterationCount=50, WarmupCount=3)

OverheadJitting  1: 1 op, 150987.00 ns, 150.9870 us/op
WorkloadJitting  1: 1 op, 16212848.00 ns, 16.2128 ms/op

OverheadJitting  2: 16 op, 334656.00 ns, 20.9160 us/op
WorkloadJitting  2: 16 op, 21479552.00 ns, 1.3425 ms/op

WorkloadPilot    1: 16 op, 18928284.00 ns, 1.1830 ms/op
WorkloadPilot    2: 32 op, 37301542.00 ns, 1.1657 ms/op
WorkloadPilot    3: 64 op, 69801379.00 ns, 1.0906 ms/op
WorkloadPilot    4: 128 op, 114976074.00 ns, 898.2506 us/op
WorkloadPilot    5: 256 op, 119547248.00 ns, 466.9814 us/op
WorkloadPilot    6: 512 op, 215783277.00 ns, 421.4517 us/op
WorkloadPilot    7: 1024 op, 404478852.00 ns, 394.9989 us/op
WorkloadPilot    8: 2048 op, 812209272.00 ns, 396.5866 us/op

OverheadWarmup   1: 2048 op, 8456.00 ns, 4.1289 ns/op
OverheadWarmup   2: 2048 op, 23536.00 ns, 11.4922 ns/op
OverheadWarmup   3: 2048 op, 7490.00 ns, 3.6572 ns/op
OverheadWarmup   4: 2048 op, 7460.00 ns, 3.6426 ns/op
OverheadWarmup   5: 2048 op, 16853.00 ns, 8.2290 ns/op
OverheadWarmup   6: 2048 op, 7488.00 ns, 3.6563 ns/op

OverheadActual   1: 2048 op, 7572.00 ns, 3.6973 ns/op
OverheadActual   2: 2048 op, 7509.00 ns, 3.6665 ns/op
OverheadActual   3: 2048 op, 7578.00 ns, 3.7002 ns/op
OverheadActual   4: 2048 op, 7936.00 ns, 3.8750 ns/op
OverheadActual   5: 2048 op, 16152.00 ns, 7.8867 ns/op
OverheadActual   6: 2048 op, 7848.00 ns, 3.8320 ns/op
OverheadActual   7: 2048 op, 7483.00 ns, 3.6538 ns/op
OverheadActual   8: 2048 op, 38693.00 ns, 18.8931 ns/op
OverheadActual   9: 2048 op, 8084.00 ns, 3.9473 ns/op
OverheadActual  10: 2048 op, 8069.00 ns, 3.9399 ns/op
OverheadActual  11: 2048 op, 7958.00 ns, 3.8857 ns/op
OverheadActual  12: 2048 op, 7913.00 ns, 3.8638 ns/op
OverheadActual  13: 2048 op, 39003.00 ns, 19.0444 ns/op
OverheadActual  14: 2048 op, 7903.00 ns, 3.8589 ns/op
OverheadActual  15: 2048 op, 8060.00 ns, 3.9355 ns/op
OverheadActual  16: 2048 op, 8035.00 ns, 3.9233 ns/op
OverheadActual  17: 2048 op, 7852.00 ns, 3.8340 ns/op
OverheadActual  18: 2048 op, 7986.00 ns, 3.8994 ns/op
OverheadActual  19: 2048 op, 8141.00 ns, 3.9751 ns/op
OverheadActual  20: 2048 op, 8137.00 ns, 3.9731 ns/op

WorkloadWarmup   1: 2048 op, 811469635.00 ns, 396.2254 us/op
WorkloadWarmup   2: 2048 op, 810381463.00 ns, 395.6941 us/op
WorkloadWarmup   3: 2048 op, 807410547.00 ns, 394.2434 us/op

// BeforeActualRun
WorkloadActual   1: 2048 op, 809105103.00 ns, 395.0709 us/op
WorkloadActual   2: 2048 op, 811786005.00 ns, 396.3799 us/op
WorkloadActual   3: 2048 op, 811950864.00 ns, 396.4604 us/op

// AfterActualRun
WorkloadResult   1: 2048 op, 809097131.00 ns, 395.0670 us/op
WorkloadResult   2: 2048 op, 811778033.00 ns, 396.3760 us/op
WorkloadResult   3: 2048 op, 811942892.00 ns, 396.4565 us/op
// GC:  169 53 0 1419935744 2048
// Threading:  0 0 2048

// AfterAll
// Benchmark Process 796 has exited with code 0.

Mean = 395.966 us, StdErr = 0.450 us (0.11%), N = 3, StdDev = 0.780 us
Min = 395.067 us, Q1 = 395.721 us, Median = 396.376 us, Q3 = 396.416 us, Max = 396.456 us
IQR = 0.695 us, LowerFence = 394.679 us, UpperFence = 397.458 us
ConfidenceInterval = [381.736 us; 410.197 us] (CI 99.9%), Margin = 14.231 us (3.59% of Mean)
Skewness = -0.38, Kurtosis = 0.67, MValue = 2

// ** Remained 68 (76.4 %) benchmark(s) to run. Estimated finish 2026-10-07 19:44 (0h 8m from now) **
// **************************
// Benchmark: PlutusUseCasesBenchmarks.DecodeAndEval: ShortRun(IterationCount=3, LaunchCount=1, MinIterationCount=50, WarmupCount=3) [Script=escrow-redeem_1-2]
// *** Execute ***
// Launch: 1 / 1
// Execute: dotnet PlutusBench-ShortRun-1.dll --anonymousPipes 113 114 --benchmarkName "PlutusUseCasesBenchmarks.DecodeAndEval(Script: \"escrow-redeem_1-2\")" --job ShortRun --benchmarkId 21 in /bench/chrysalis/benchmarks/PlutusBench/bin/Release/net10.0/PlutusBench-ShortRun-1/bin/Release/net10.0
// BeforeAnythingElse

// Benchmark Process Environment Information:
// BenchmarkDotNet v0.15.8
// Runtime=.NET 10.0.12 (10.0.12, 10.0.1226.42308), X64 RyuJIT x86-64-v4
// GC=Concurrent Workstation
// HardwareIntrinsics=AVX512 BITALG+VBMI2+VNNI+VPOPCNTDQ,AVX512 IFMA+VBMI,AVX512 F+BW+CD+DQ+VL,AVX2+BMI1+BMI2+F16C+FMA+LZCNT+MOVBE,AVX,SSE3+SSSE3+SSE4.1+SSE4.2+POPCNT,X86Base+SSE+SSE2,AES+PCLMUL VectorSize=256
// Job: ShortRun(IterationCount=3, LaunchCount=1, MinIterationCount=50, WarmupCount=3)

OverheadJitting  1: 1 op, 152102.00 ns, 152.1020 us/op
WorkloadJitting  1: 1 op, 16147481.00 ns, 16.1475 ms/op

OverheadJitting  2: 16 op, 327153.00 ns, 20.4471 us/op
WorkloadJitting  2: 16 op, 21295962.00 ns, 1.3310 ms/op

WorkloadPilot    1: 16 op, 19277731.00 ns, 1.2049 ms/op
WorkloadPilot    2: 32 op, 37779413.00 ns, 1.1806 ms/op
WorkloadPilot    3: 64 op, 70299523.00 ns, 1.0984 ms/op
WorkloadPilot    4: 128 op, 108900137.00 ns, 850.7823 us/op
WorkloadPilot    5: 256 op, 107086591.00 ns, 418.3070 us/op
WorkloadPilot    6: 512 op, 208198932.00 ns, 406.6385 us/op
WorkloadPilot    7: 1024 op, 397784961.00 ns, 388.4619 us/op
WorkloadPilot    8: 2048 op, 797089342.00 ns, 389.2038 us/op

OverheadWarmup   1: 2048 op, 8642.00 ns, 4.2197 ns/op
OverheadWarmup   2: 2048 op, 24107.00 ns, 11.7710 ns/op
OverheadWarmup   3: 2048 op, 7939.00 ns, 3.8765 ns/op
OverheadWarmup   4: 2048 op, 7906.00 ns, 3.8604 ns/op
OverheadWarmup   5: 2048 op, 7868.00 ns, 3.8418 ns/op
OverheadWarmup   6: 2048 op, 7930.00 ns, 3.8721 ns/op
OverheadWarmup   7: 2048 op, 7866.00 ns, 3.8408 ns/op

OverheadActual   1: 2048 op, 8128.00 ns, 3.9688 ns/op
OverheadActual   2: 2048 op, 7708.00 ns, 3.7637 ns/op
OverheadActual   3: 2048 op, 7688.00 ns, 3.7539 ns/op
OverheadActual   4: 2048 op, 23933.00 ns, 11.6860 ns/op
OverheadActual   5: 2048 op, 7525.00 ns, 3.6743 ns/op
OverheadActual   6: 2048 op, 7890.00 ns, 3.8525 ns/op
OverheadActual   7: 2048 op, 8055.00 ns, 3.9331 ns/op
OverheadActual   8: 2048 op, 25420.00 ns, 12.4121 ns/op
OverheadActual   9: 2048 op, 7586.00 ns, 3.7041 ns/op
OverheadActual  10: 2048 op, 7968.00 ns, 3.8906 ns/op
OverheadActual  11: 2048 op, 7867.00 ns, 3.8413 ns/op
OverheadActual  12: 2048 op, 7872.00 ns, 3.8438 ns/op
OverheadActual  13: 2048 op, 7887.00 ns, 3.8511 ns/op
OverheadActual  14: 2048 op, 8057.00 ns, 3.9341 ns/op
OverheadActual  15: 2048 op, 8038.00 ns, 3.9248 ns/op
OverheadActual  16: 2048 op, 8081.00 ns, 3.9458 ns/op
OverheadActual  17: 2048 op, 8072.00 ns, 3.9414 ns/op
OverheadActual  18: 2048 op, 7989.00 ns, 3.9009 ns/op
OverheadActual  19: 2048 op, 7930.00 ns, 3.8721 ns/op
OverheadActual  20: 2048 op, 8045.00 ns, 3.9282 ns/op

WorkloadWarmup   1: 2048 op, 803344163.00 ns, 392.2579 us/op
WorkloadWarmup   2: 2048 op, 800134329.00 ns, 390.6906 us/op
WorkloadWarmup   3: 2048 op, 797643656.00 ns, 389.4744 us/op

// BeforeActualRun
WorkloadActual   1: 2048 op, 798334438.00 ns, 389.8117 us/op
WorkloadActual   2: 2048 op, 801072086.00 ns, 391.1485 us/op
WorkloadActual   3: 2048 op, 805959851.00 ns, 393.5351 us/op

// AfterActualRun
WorkloadResult   1: 2048 op, 798326459.50 ns, 389.8078 us/op
WorkloadResult   2: 2048 op, 801064107.50 ns, 391.1446 us/op
WorkloadResult   3: 2048 op, 805951872.50 ns, 393.5312 us/op
// GC:  169 53 0 1419935744 2048
// Threading:  0 0 2048

// AfterAll
// Benchmark Process 804 has exited with code 0.

Mean = 391.495 us, StdErr = 1.089 us (0.28%), N = 3, StdDev = 1.886 us
Min = 389.808 us, Q1 = 390.476 us, Median = 391.145 us, Q3 = 392.338 us, Max = 393.531 us
IQR = 1.862 us, LowerFence = 387.684 us, UpperFence = 395.130 us
ConfidenceInterval = [357.084 us; 425.905 us] (CI 99.9%), Margin = 34.411 us (8.79% of Mean)
Skewness = 0.18, Kurtosis = 0.67, MValue = 2

// ** Remained 67 (75.3 %) benchmark(s) to run. Estimated finish 2026-10-07 19:44 (0h 8m from now) **
// **************************
// Benchmark: PlutusUseCasesBenchmarks.DecodeAndEval: ShortRun(IterationCount=3, LaunchCount=1, MinIterationCount=50, WarmupCount=3) [Script=escrow-redeem_2-1]
// *** Execute ***
// Launch: 1 / 1
// Execute: dotnet PlutusBench-ShortRun-1.dll --anonymousPipes 113 114 --benchmarkName "PlutusUseCasesBenchmarks.DecodeAndEval(Script: \"escrow-redeem_2-1\")" --job ShortRun --benchmarkId 22 in /bench/chrysalis/benchmarks/PlutusBench/bin/Release/net10.0/PlutusBench-ShortRun-1/bin/Release/net10.0
// BeforeAnythingElse

// Benchmark Process Environment Information:
// BenchmarkDotNet v0.15.8
// Runtime=.NET 10.0.12 (10.0.12, 10.0.1226.42308), X64 RyuJIT x86-64-v4
// GC=Concurrent Workstation
// HardwareIntrinsics=AVX512 BITALG+VBMI2+VNNI+VPOPCNTDQ,AVX512 IFMA+VBMI,AVX512 F+BW+CD+DQ+VL,AVX2+BMI1+BMI2+F16C+FMA+LZCNT+MOVBE,AVX,SSE3+SSSE3+SSE4.1+SSE4.2+POPCNT,X86Base+SSE+SSE2,AES+PCLMUL VectorSize=256
// Job: ShortRun(IterationCount=3, LaunchCount=1, MinIterationCount=50, WarmupCount=3)

OverheadJitting  1: 1 op, 151712.00 ns, 151.7120 us/op
WorkloadJitting  1: 1 op, 17206541.00 ns, 17.2065 ms/op

OverheadJitting  2: 16 op, 334528.00 ns, 20.9080 us/op
WorkloadJitting  2: 16 op, 23786339.00 ns, 1.4866 ms/op

WorkloadPilot    1: 16 op, 21399413.00 ns, 1.3375 ms/op
WorkloadPilot    2: 32 op, 43413504.00 ns, 1.3567 ms/op
WorkloadPilot    3: 64 op, 79371391.00 ns, 1.2402 ms/op
WorkloadPilot    4: 128 op, 112828924.00 ns, 881.4760 us/op
WorkloadPilot    5: 256 op, 160040466.00 ns, 625.1581 us/op
WorkloadPilot    6: 512 op, 235446201.00 ns, 459.8559 us/op
WorkloadPilot    7: 1024 op, 456921963.00 ns, 446.2129 us/op
WorkloadPilot    8: 2048 op, 914138391.00 ns, 446.3566 us/op

OverheadWarmup   1: 2048 op, 8361.00 ns, 4.0825 ns/op
OverheadWarmup   2: 2048 op, 7602.00 ns, 3.7119 ns/op
OverheadWarmup   3: 2048 op, 7521.00 ns, 3.6724 ns/op
OverheadWarmup   4: 2048 op, 7903.00 ns, 3.8589 ns/op
OverheadWarmup   5: 2048 op, 7866.00 ns, 3.8408 ns/op
OverheadWarmup   6: 2048 op, 12023.00 ns, 5.8706 ns/op
OverheadWarmup   7: 2048 op, 16262.00 ns, 7.9404 ns/op
OverheadWarmup   8: 2048 op, 7719.00 ns, 3.7690 ns/op

OverheadActual   1: 2048 op, 7634.00 ns, 3.7275 ns/op
OverheadActual   2: 2048 op, 7555.00 ns, 3.6890 ns/op
OverheadActual   3: 2048 op, 7610.00 ns, 3.7158 ns/op
OverheadActual   4: 2048 op, 7927.00 ns, 3.8706 ns/op
OverheadActual   5: 2048 op, 7532.00 ns, 3.6777 ns/op
OverheadActual   6: 2048 op, 7870.00 ns, 3.8428 ns/op
OverheadActual   7: 2048 op, 7554.00 ns, 3.6885 ns/op
OverheadActual   8: 2048 op, 21185.00 ns, 10.3442 ns/op
OverheadActual   9: 2048 op, 7818.00 ns, 3.8174 ns/op
OverheadActual  10: 2048 op, 7899.00 ns, 3.8569 ns/op
OverheadActual  11: 2048 op, 21043.00 ns, 10.2749 ns/op
OverheadActual  12: 2048 op, 7880.00 ns, 3.8477 ns/op
OverheadActual  13: 2048 op, 7868.00 ns, 3.8418 ns/op
OverheadActual  14: 2048 op, 7879.00 ns, 3.8472 ns/op
OverheadActual  15: 2048 op, 7885.00 ns, 3.8501 ns/op
OverheadActual  16: 2048 op, 22212.00 ns, 10.8457 ns/op
OverheadActual  17: 2048 op, 7820.00 ns, 3.8184 ns/op
OverheadActual  18: 2048 op, 8200.00 ns, 4.0039 ns/op
OverheadActual  19: 2048 op, 7893.00 ns, 3.8540 ns/op
OverheadActual  20: 2048 op, 8066.00 ns, 3.9385 ns/op

WorkloadWarmup   1: 2048 op, 916177716.00 ns, 447.3524 us/op
WorkloadWarmup   2: 2048 op, 916774727.00 ns, 447.6439 us/op
WorkloadWarmup   3: 2048 op, 912514907.00 ns, 445.5639 us/op

// BeforeActualRun
WorkloadActual   1: 2048 op, 914327067.00 ns, 446.4488 us/op
WorkloadActual   2: 2048 op, 918314181.00 ns, 448.3956 us/op
WorkloadActual   3: 2048 op, 915312684.00 ns, 446.9300 us/op

// AfterActualRun
WorkloadResult   1: 2048 op, 914319187.50 ns, 446.4449 us/op
WorkloadResult   2: 2048 op, 918306301.50 ns, 448.3917 us/op
WorkloadResult   3: 2048 op, 915304804.50 ns, 446.9262 us/op
// GC:  188 59 0 1574797312 2048
// Threading:  0 0 2048

// AfterAll
// Benchmark Process 815 has exited with code 0.

Mean = 447.254 us, StdErr = 0.585 us (0.13%), N = 3, StdDev = 1.014 us
Min = 446.445 us, Q1 = 446.686 us, Median = 446.926 us, Q3 = 447.659 us, Max = 448.392 us
IQR = 0.973 us, LowerFence = 445.225 us, UpperFence = 449.119 us
ConfidenceInterval = [428.754 us; 465.754 us] (CI 99.9%), Margin = 18.500 us (4.14% of Mean)
Skewness = 0.29, Kurtosis = 0.67, MValue = 2

// ** Remained 66 (74.2 %) benchmark(s) to run. Estimated finish 2026-10-07 19:44 (0h 8m from now) **
// **************************
// Benchmark: PlutusUseCasesBenchmarks.DecodeAndEval: ShortRun(IterationCount=3, LaunchCount=1, MinIterationCount=50, WarmupCount=3) [Script=escrow-redeem_2-2]
// *** Execute ***
// Launch: 1 / 1
// Execute: dotnet PlutusBench-ShortRun-1.dll --anonymousPipes 113 114 --benchmarkName "PlutusUseCasesBenchmarks.DecodeAndEval(Script: \"escrow-redeem_2-2\")" --job ShortRun --benchmarkId 23 in /bench/chrysalis/benchmarks/PlutusBench/bin/Release/net10.0/PlutusBench-ShortRun-1/bin/Release/net10.0
// BeforeAnythingElse

// Benchmark Process Environment Information:
// BenchmarkDotNet v0.15.8
// Runtime=.NET 10.0.12 (10.0.12, 10.0.1226.42308), X64 RyuJIT x86-64-v4
// GC=Concurrent Workstation
// HardwareIntrinsics=AVX512 BITALG+VBMI2+VNNI+VPOPCNTDQ,AVX512 IFMA+VBMI,AVX512 F+BW+CD+DQ+VL,AVX2+BMI1+BMI2+F16C+FMA+LZCNT+MOVBE,AVX,SSE3+SSSE3+SSE4.1+SSE4.2+POPCNT,X86Base+SSE+SSE2,AES+PCLMUL VectorSize=256
// Job: ShortRun(IterationCount=3, LaunchCount=1, MinIterationCount=50, WarmupCount=3)

OverheadJitting  1: 1 op, 152047.00 ns, 152.0470 us/op
WorkloadJitting  1: 1 op, 16158238.00 ns, 16.1582 ms/op

OverheadJitting  2: 16 op, 338923.00 ns, 21.1827 us/op
WorkloadJitting  2: 16 op, 23824112.00 ns, 1.4890 ms/op

WorkloadPilot    1: 16 op, 21456209.00 ns, 1.3410 ms/op
WorkloadPilot    2: 32 op, 42070222.00 ns, 1.3147 ms/op
WorkloadPilot    3: 64 op, 79338713.00 ns, 1.2397 ms/op
WorkloadPilot    4: 128 op, 130079900.00 ns, 1.0162 ms/op
WorkloadPilot    5: 256 op, 183185975.00 ns, 715.5702 us/op
WorkloadPilot    6: 512 op, 240830486.00 ns, 470.3720 us/op
WorkloadPilot    7: 1024 op, 454210531.00 ns, 443.5650 us/op
WorkloadPilot    8: 2048 op, 907067662.00 ns, 442.9041 us/op

OverheadWarmup   1: 2048 op, 8421.00 ns, 4.1118 ns/op
OverheadWarmup   2: 2048 op, 7996.00 ns, 3.9043 ns/op
OverheadWarmup   3: 2048 op, 8063.00 ns, 3.9370 ns/op
OverheadWarmup   4: 2048 op, 7937.00 ns, 3.8755 ns/op
OverheadWarmup   5: 2048 op, 7958.00 ns, 3.8857 ns/op
OverheadWarmup   6: 2048 op, 7943.00 ns, 3.8784 ns/op

OverheadActual   1: 2048 op, 7589.00 ns, 3.7056 ns/op
OverheadActual   2: 2048 op, 7527.00 ns, 3.6753 ns/op
OverheadActual   3: 2048 op, 7594.00 ns, 3.7080 ns/op
OverheadActual   4: 2048 op, 7928.00 ns, 3.8711 ns/op
OverheadActual   5: 2048 op, 7691.00 ns, 3.7554 ns/op
OverheadActual   6: 2048 op, 7626.00 ns, 3.7236 ns/op
OverheadActual   7: 2048 op, 7584.00 ns, 3.7031 ns/op
OverheadActual   8: 2048 op, 7593.00 ns, 3.7075 ns/op
OverheadActual   9: 2048 op, 7911.00 ns, 3.8628 ns/op
OverheadActual  10: 2048 op, 7981.00 ns, 3.8970 ns/op
OverheadActual  11: 2048 op, 7936.00 ns, 3.8750 ns/op
OverheadActual  12: 2048 op, 7900.00 ns, 3.8574 ns/op
OverheadActual  13: 2048 op, 8076.00 ns, 3.9434 ns/op
OverheadActual  14: 2048 op, 23909.00 ns, 11.6743 ns/op
OverheadActual  15: 2048 op, 7881.00 ns, 3.8481 ns/op
OverheadActual  16: 2048 op, 7877.00 ns, 3.8462 ns/op
OverheadActual  17: 2048 op, 7564.00 ns, 3.6934 ns/op
OverheadActual  18: 2048 op, 8000.00 ns, 3.9063 ns/op
OverheadActual  19: 2048 op, 21094.00 ns, 10.2998 ns/op
OverheadActual  20: 2048 op, 7941.00 ns, 3.8774 ns/op

WorkloadWarmup   1: 2048 op, 908530832.00 ns, 443.6186 us/op
WorkloadWarmup   2: 2048 op, 949051721.00 ns, 463.4042 us/op
WorkloadWarmup   3: 2048 op, 1165031211.00 ns, 568.8629 us/op

// BeforeActualRun
WorkloadActual   1: 2048 op, 1075392679.00 ns, 525.0941 us/op
WorkloadActual   2: 2048 op, 908456335.00 ns, 443.5822 us/op
WorkloadActual   3: 2048 op, 906624701.00 ns, 442.6878 us/op

// AfterActualRun
WorkloadResult   1: 2048 op, 1075384788.50 ns, 525.0902 us/op
WorkloadResult   2: 2048 op, 908448444.50 ns, 443.5783 us/op
WorkloadResult   3: 2048 op, 906616810.50 ns, 442.6840 us/op
// GC:  188 59 0 1574797312 2048
// Threading:  0 0 2048

// AfterAll
// Benchmark Process 823 has exited with code 0.

Mean = 470.451 us, StdErr = 27.321 us (5.81%), N = 3, StdDev = 47.321 us
Min = 442.684 us, Q1 = 443.131 us, Median = 443.578 us, Q3 = 484.334 us, Max = 525.090 us
IQR = 41.203 us, LowerFence = 381.326 us, UpperFence = 546.139 us
ConfidenceInterval = [-392.864 us; 1,333.766 us] (CI 99.9%), Margin = 863.315 us (183.51% of Mean)
Skewness = 0.38, Kurtosis = 0.67, MValue = 2

// ** Remained 65 (73.0 %) benchmark(s) to run. Estimated finish 2026-10-07 19:44 (0h 8m from now) **
// **************************
// Benchmark: PlutusUseCasesBenchmarks.DecodeAndEval: ShortRun(IterationCount=3, LaunchCount=1, MinIterationCount=50, WarmupCount=3) [Script=escrow-redeem_2-3]
// *** Execute ***
// Launch: 1 / 1
// Execute: dotnet PlutusBench-ShortRun-1.dll --anonymousPipes 113 114 --benchmarkName "PlutusUseCasesBenchmarks.DecodeAndEval(Script: \"escrow-redeem_2-3\")" --job ShortRun --benchmarkId 24 in /bench/chrysalis/benchmarks/PlutusBench/bin/Release/net10.0/PlutusBench-ShortRun-1/bin/Release/net10.0
// BeforeAnythingElse

// Benchmark Process Environment Information:
// BenchmarkDotNet v0.15.8
// Runtime=.NET 10.0.12 (10.0.12, 10.0.1226.42308), X64 RyuJIT x86-64-v4
// GC=Concurrent Workstation
// HardwareIntrinsics=AVX512 BITALG+VBMI2+VNNI+VPOPCNTDQ,AVX512 IFMA+VBMI,AVX512 F+BW+CD+DQ+VL,AVX2+BMI1+BMI2+F16C+FMA+LZCNT+MOVBE,AVX,SSE3+SSSE3+SSE4.1+SSE4.2+POPCNT,X86Base+SSE+SSE2,AES+PCLMUL VectorSize=256
// Job: ShortRun(IterationCount=3, LaunchCount=1, MinIterationCount=50, WarmupCount=3)

OverheadJitting  1: 1 op, 150295.00 ns, 150.2950 us/op
WorkloadJitting  1: 1 op, 16400090.00 ns, 16.4001 ms/op

OverheadJitting  2: 16 op, 341720.00 ns, 21.3575 us/op
WorkloadJitting  2: 16 op, 23752770.00 ns, 1.4845 ms/op

WorkloadPilot    1: 16 op, 21617968.00 ns, 1.3511 ms/op
WorkloadPilot    2: 32 op, 43349883.00 ns, 1.3547 ms/op
WorkloadPilot    3: 64 op, 80331176.00 ns, 1.2552 ms/op
WorkloadPilot    4: 128 op, 113614405.00 ns, 887.6125 us/op
WorkloadPilot    5: 256 op, 140705038.00 ns, 549.6291 us/op
WorkloadPilot    6: 512 op, 233263551.00 ns, 455.5929 us/op
WorkloadPilot    7: 1024 op, 457067267.00 ns, 446.3548 us/op
WorkloadPilot    8: 2048 op, 911260515.00 ns, 444.9514 us/op

OverheadWarmup   1: 2048 op, 8447.00 ns, 4.1245 ns/op
OverheadWarmup   2: 2048 op, 41188.00 ns, 20.1113 ns/op
OverheadWarmup   3: 2048 op, 7672.00 ns, 3.7461 ns/op
OverheadWarmup   4: 2048 op, 7677.00 ns, 3.7485 ns/op
OverheadWarmup   5: 2048 op, 7903.00 ns, 3.8589 ns/op
OverheadWarmup   6: 2048 op, 7686.00 ns, 3.7529 ns/op

OverheadActual   1: 2048 op, 7736.00 ns, 3.7773 ns/op
OverheadActual   2: 2048 op, 7737.00 ns, 3.7778 ns/op
OverheadActual   3: 2048 op, 7547.00 ns, 3.6851 ns/op
OverheadActual   4: 2048 op, 13800.00 ns, 6.7383 ns/op
OverheadActual   5: 2048 op, 7520.00 ns, 3.6719 ns/op
OverheadActual   6: 2048 op, 7466.00 ns, 3.6455 ns/op
OverheadActual   7: 2048 op, 7594.00 ns, 3.7080 ns/op
OverheadActual   8: 2048 op, 7762.00 ns, 3.7900 ns/op
OverheadActual   9: 2048 op, 7839.00 ns, 3.8276 ns/op
OverheadActual  10: 2048 op, 8152.00 ns, 3.9805 ns/op
OverheadActual  11: 2048 op, 7749.00 ns, 3.7837 ns/op
OverheadActual  12: 2048 op, 7939.00 ns, 3.8765 ns/op
OverheadActual  13: 2048 op, 17460.00 ns, 8.5254 ns/op
OverheadActual  14: 2048 op, 7705.00 ns, 3.7622 ns/op
OverheadActual  15: 2048 op, 7717.00 ns, 3.7681 ns/op
OverheadActual  16: 2048 op, 7717.00 ns, 3.7681 ns/op
OverheadActual  17: 2048 op, 7863.00 ns, 3.8394 ns/op
OverheadActual  18: 2048 op, 7991.00 ns, 3.9019 ns/op
OverheadActual  19: 2048 op, 7942.00 ns, 3.8779 ns/op
OverheadActual  20: 2048 op, 8090.00 ns, 3.9502 ns/op

WorkloadWarmup   1: 2048 op, 919282407.00 ns, 448.8684 us/op
WorkloadWarmup   2: 2048 op, 909676253.00 ns, 444.1779 us/op
WorkloadWarmup   3: 2048 op, 907688723.00 ns, 443.2074 us/op

// BeforeActualRun
WorkloadActual   1: 2048 op, 909704096.00 ns, 444.1915 us/op
WorkloadActual   2: 2048 op, 913596346.00 ns, 446.0920 us/op
WorkloadActual   3: 2048 op, 911894910.00 ns, 445.2612 us/op

// AfterActualRun
WorkloadResult   1: 2048 op, 909696340.50 ns, 444.1877 us/op
WorkloadResult   2: 2048 op, 913588590.50 ns, 446.0882 us/op
WorkloadResult   3: 2048 op, 911887154.50 ns, 445.2574 us/op
// GC:  188 59 0 1574797312 2048
// Threading:  0 0 2048

// AfterAll
// Benchmark Process 830 has exited with code 0.

Mean = 445.178 us, StdErr = 0.550 us (0.12%), N = 3, StdDev = 0.953 us
Min = 444.188 us, Q1 = 444.723 us, Median = 445.257 us, Q3 = 445.673 us, Max = 446.088 us
IQR = 0.950 us, LowerFence = 443.297 us, UpperFence = 447.098 us
ConfidenceInterval = [427.796 us; 462.560 us] (CI 99.9%), Margin = 17.382 us (3.90% of Mean)
Skewness = -0.08, Kurtosis = 0.67, MValue = 2

// ** Remained 64 (71.9 %) benchmark(s) to run. Estimated finish 2026-10-07 19:44 (0h 8m from now) **
// **************************
// Benchmark: PlutusUseCasesBenchmarks.DecodeAndEval: ShortRun(IterationCount=3, LaunchCount=1, MinIterationCount=50, WarmupCount=3) [Script=escrow-refund-1]
// *** Execute ***
// Launch: 1 / 1
// Execute: dotnet PlutusBench-ShortRun-1.dll --anonymousPipes 113 114 --benchmarkName "PlutusUseCasesBenchmarks.DecodeAndEval(Script: \"escrow-refund-1\")" --job ShortRun --benchmarkId 25 in /bench/chrysalis/benchmarks/PlutusBench/bin/Release/net10.0/PlutusBench-ShortRun-1/bin/Release/net10.0
// BeforeAnythingElse

// Benchmark Process Environment Information:
// BenchmarkDotNet v0.15.8
// Runtime=.NET 10.0.12 (10.0.12, 10.0.1226.42308), X64 RyuJIT x86-64-v4
// GC=Concurrent Workstation
// HardwareIntrinsics=AVX512 BITALG+VBMI2+VNNI+VPOPCNTDQ,AVX512 IFMA+VBMI,AVX512 F+BW+CD+DQ+VL,AVX2+BMI1+BMI2+F16C+FMA+LZCNT+MOVBE,AVX,SSE3+SSSE3+SSE4.1+SSE4.2+POPCNT,X86Base+SSE+SSE2,AES+PCLMUL VectorSize=256
// Job: ShortRun(IterationCount=3, LaunchCount=1, MinIterationCount=50, WarmupCount=3)

OverheadJitting  1: 1 op, 148661.00 ns, 148.6610 us/op
WorkloadJitting  1: 1 op, 15424971.00 ns, 15.4250 ms/op

OverheadJitting  2: 16 op, 325494.00 ns, 20.3434 us/op
WorkloadJitting  2: 16 op, 12299733.00 ns, 768.7333 us/op

WorkloadPilot    1: 16 op, 10619609.00 ns, 663.7256 us/op
WorkloadPilot    2: 32 op, 19561026.00 ns, 611.2821 us/op
WorkloadPilot    3: 64 op, 40057980.00 ns, 625.9059 us/op
WorkloadPilot    4: 128 op, 73775004.00 ns, 576.3672 us/op
WorkloadPilot    5: 256 op, 146804184.00 ns, 573.4538 us/op
WorkloadPilot    6: 512 op, 233904638.00 ns, 456.8450 us/op
WorkloadPilot    7: 1024 op, 236796280.00 ns, 231.2464 us/op
WorkloadPilot    8: 2048 op, 449000029.00 ns, 219.2383 us/op
WorkloadPilot    9: 4096 op, 895505248.00 ns, 218.6292 us/op

OverheadWarmup   1: 4096 op, 16416.00 ns, 4.0078 ns/op
OverheadWarmup   2: 4096 op, 31241.00 ns, 7.6272 ns/op
OverheadWarmup   3: 4096 op, 16184.00 ns, 3.9512 ns/op
OverheadWarmup   4: 4096 op, 15848.00 ns, 3.8691 ns/op
OverheadWarmup   5: 4096 op, 15123.00 ns, 3.6921 ns/op
OverheadWarmup   6: 4096 op, 15753.00 ns, 3.8459 ns/op
OverheadWarmup   7: 4096 op, 16090.00 ns, 3.9282 ns/op
OverheadWarmup   8: 4096 op, 15774.00 ns, 3.8511 ns/op

OverheadActual   1: 4096 op, 15296.00 ns, 3.7344 ns/op
OverheadActual   2: 4096 op, 24036.00 ns, 5.8682 ns/op
OverheadActual   3: 4096 op, 24030.00 ns, 5.8667 ns/op
OverheadActual   4: 4096 op, 15203.00 ns, 3.7117 ns/op
OverheadActual   5: 4096 op, 15275.00 ns, 3.7292 ns/op
OverheadActual   6: 4096 op, 15797.00 ns, 3.8567 ns/op
OverheadActual   7: 4096 op, 15805.00 ns, 3.8586 ns/op
OverheadActual   8: 4096 op, 16185.00 ns, 3.9514 ns/op
OverheadActual   9: 4096 op, 16309.00 ns, 3.9817 ns/op
OverheadActual  10: 4096 op, 15565.00 ns, 3.8000 ns/op
OverheadActual  11: 4096 op, 15879.00 ns, 3.8767 ns/op
OverheadActual  12: 4096 op, 28874.00 ns, 7.0493 ns/op
OverheadActual  13: 4096 op, 16000.00 ns, 3.9063 ns/op
OverheadActual  14: 4096 op, 16109.00 ns, 3.9329 ns/op
OverheadActual  15: 4096 op, 15744.00 ns, 3.8438 ns/op
OverheadActual  16: 4096 op, 16192.00 ns, 3.9531 ns/op
OverheadActual  17: 4096 op, 16127.00 ns, 3.9373 ns/op
OverheadActual  18: 4096 op, 16069.00 ns, 3.9231 ns/op
OverheadActual  19: 4096 op, 16137.00 ns, 3.9397 ns/op
OverheadActual  20: 4096 op, 15782.00 ns, 3.8530 ns/op

WorkloadWarmup   1: 4096 op, 899262883.00 ns, 219.5466 us/op
WorkloadWarmup   2: 4096 op, 905642641.00 ns, 221.1042 us/op
WorkloadWarmup   3: 4096 op, 897041935.00 ns, 219.0044 us/op

// BeforeActualRun
WorkloadActual   1: 4096 op, 895688760.00 ns, 218.6740 us/op
WorkloadActual   2: 4096 op, 905388508.00 ns, 221.0421 us/op
WorkloadActual   3: 4096 op, 900533275.00 ns, 219.8568 us/op

// AfterActualRun
WorkloadResult   1: 4096 op, 895672725.50 ns, 218.6701 us/op
WorkloadResult   2: 4096 op, 905372473.50 ns, 221.0382 us/op
WorkloadResult   3: 4096 op, 900517240.50 ns, 219.8528 us/op
// GC:  218 65 0 1831731200 4096
// Threading:  0 0 4096

// AfterAll
// Benchmark Process 839 has exited with code 0.

Mean = 219.854 us, StdErr = 0.684 us (0.31%), N = 3, StdDev = 1.184 us
Min = 218.670 us, Q1 = 219.261 us, Median = 219.853 us, Q3 = 220.446 us, Max = 221.038 us
IQR = 1.184 us, LowerFence = 217.485 us, UpperFence = 222.222 us
ConfidenceInterval = [198.252 us; 241.455 us] (CI 99.9%), Margin = 21.602 us (9.83% of Mean)
Skewness = 0, Kurtosis = 0.67, MValue = 2

// ** Remained 63 (70.8 %) benchmark(s) to run. Estimated finish 2026-10-07 19:44 (0h 8m from now) **
// **************************
// Benchmark: PlutusUseCasesBenchmarks.DecodeAndEval: ShortRun(IterationCount=3, LaunchCount=1, MinIterationCount=50, WarmupCount=3) [Script=future-increase-margin-1]
// *** Execute ***
// Launch: 1 / 1
// Execute: dotnet PlutusBench-ShortRun-1.dll --anonymousPipes 113 114 --benchmarkName "PlutusUseCasesBenchmarks.DecodeAndEval(Script: \"future-increase-margin-1\")" --job ShortRun --benchmarkId 26 in /bench/chrysalis/benchmarks/PlutusBench/bin/Release/net10.0/PlutusBench-ShortRun-1/bin/Release/net10.0
// BeforeAnythingElse

// Benchmark Process Environment Information:
// BenchmarkDotNet v0.15.8
// Runtime=.NET 10.0.12 (10.0.12, 10.0.1226.42308), X64 RyuJIT x86-64-v4
// GC=Concurrent Workstation
// HardwareIntrinsics=AVX512 BITALG+VBMI2+VNNI+VPOPCNTDQ,AVX512 IFMA+VBMI,AVX512 F+BW+CD+DQ+VL,AVX2+BMI1+BMI2+F16C+FMA+LZCNT+MOVBE,AVX,SSE3+SSSE3+SSE4.1+SSE4.2+POPCNT,X86Base+SSE+SSE2,AES+PCLMUL VectorSize=256
// Job: ShortRun(IterationCount=3, LaunchCount=1, MinIterationCount=50, WarmupCount=3)

OverheadJitting  1: 1 op, 148647.00 ns, 148.6470 us/op
WorkloadJitting  1: 1 op, 15878366.00 ns, 15.8784 ms/op

OverheadJitting  2: 16 op, 321437.00 ns, 20.0898 us/op
WorkloadJitting  2: 16 op, 16462858.00 ns, 1.0289 ms/op

WorkloadPilot    1: 16 op, 14487064.00 ns, 905.4415 us/op
WorkloadPilot    2: 32 op, 27703712.00 ns, 865.7410 us/op
WorkloadPilot    3: 64 op, 55689893.00 ns, 870.1546 us/op
WorkloadPilot    4: 128 op, 110258270.00 ns, 861.3927 us/op
WorkloadPilot    5: 256 op, 116956365.00 ns, 456.8608 us/op
WorkloadPilot    6: 512 op, 190335710.00 ns, 371.7494 us/op
WorkloadPilot    7: 1024 op, 299837729.00 ns, 292.8103 us/op
WorkloadPilot    8: 2048 op, 601407434.00 ns, 293.6560 us/op

OverheadWarmup   1: 2048 op, 8346.00 ns, 4.0752 ns/op
OverheadWarmup   2: 2048 op, 23262.00 ns, 11.3584 ns/op
OverheadWarmup   3: 2048 op, 7886.00 ns, 3.8506 ns/op
OverheadWarmup   4: 2048 op, 16608.00 ns, 8.1094 ns/op
OverheadWarmup   5: 2048 op, 7853.00 ns, 3.8345 ns/op

OverheadActual   1: 2048 op, 13791.00 ns, 6.7339 ns/op
OverheadActual   2: 2048 op, 7566.00 ns, 3.6943 ns/op
OverheadActual   3: 2048 op, 7574.00 ns, 3.6982 ns/op
OverheadActual   4: 2048 op, 12649.00 ns, 6.1763 ns/op
OverheadActual   5: 2048 op, 7738.00 ns, 3.7783 ns/op
OverheadActual   6: 2048 op, 7941.00 ns, 3.8774 ns/op
OverheadActual   7: 2048 op, 7894.00 ns, 3.8545 ns/op
OverheadActual   8: 2048 op, 23661.00 ns, 11.5532 ns/op
OverheadActual   9: 2048 op, 8070.00 ns, 3.9404 ns/op
OverheadActual  10: 2048 op, 41376.00 ns, 20.2031 ns/op
OverheadActual  11: 2048 op, 24407.00 ns, 11.9175 ns/op
OverheadActual  12: 2048 op, 7936.00 ns, 3.8750 ns/op
OverheadActual  13: 2048 op, 8067.00 ns, 3.9390 ns/op
OverheadActual  14: 2048 op, 8072.00 ns, 3.9414 ns/op
OverheadActual  15: 2048 op, 7917.00 ns, 3.8657 ns/op
OverheadActual  16: 2048 op, 7891.00 ns, 3.8530 ns/op
OverheadActual  17: 2048 op, 8045.00 ns, 3.9282 ns/op
OverheadActual  18: 2048 op, 7998.00 ns, 3.9053 ns/op
OverheadActual  19: 2048 op, 7895.00 ns, 3.8550 ns/op
OverheadActual  20: 2048 op, 8080.00 ns, 3.9453 ns/op

WorkloadWarmup   1: 2048 op, 708270154.00 ns, 345.8350 us/op
WorkloadWarmup   2: 2048 op, 758949123.00 ns, 370.5806 us/op
WorkloadWarmup   3: 2048 op, 773290461.00 ns, 377.5832 us/op

// BeforeActualRun
WorkloadActual   1: 2048 op, 612210785.00 ns, 298.9310 us/op
WorkloadActual   2: 2048 op, 601247780.00 ns, 293.5780 us/op
WorkloadActual   3: 2048 op, 602637898.00 ns, 294.2568 us/op

// AfterActualRun
WorkloadResult   1: 2048 op, 612202763.50 ns, 298.9271 us/op
WorkloadResult   2: 2048 op, 601239758.50 ns, 293.5741 us/op
WorkloadResult   3: 2048 op, 602629876.50 ns, 294.2529 us/op
// GC:  125 37 0 1050984448 2048
// Threading:  0 0 2048

// AfterAll
// Benchmark Process 850 has exited with code 0.

Mean = 295.585 us, StdErr = 1.683 us (0.57%), N = 3, StdDev = 2.914 us
Min = 293.574 us, Q1 = 293.913 us, Median = 294.253 us, Q3 = 296.590 us, Max = 298.927 us
IQR = 2.677 us, LowerFence = 289.899 us, UpperFence = 300.605 us
ConfidenceInterval = [242.414 us; 348.755 us] (CI 99.9%), Margin = 53.171 us (17.99% of Mean)
Skewness = 0.36, Kurtosis = 0.67, MValue = 2

// ** Remained 62 (69.7 %) benchmark(s) to run. Estimated finish 2026-10-07 19:44 (0h 7m from now) **
// **************************
// Benchmark: PlutusUseCasesBenchmarks.DecodeAndEval: ShortRun(IterationCount=3, LaunchCount=1, MinIterationCount=50, WarmupCount=3) [Script=future-increase-margin-2]
// *** Execute ***
// Launch: 1 / 1
// Execute: dotnet PlutusBench-ShortRun-1.dll --anonymousPipes 113 114 --benchmarkName "PlutusUseCasesBenchmarks.DecodeAndEval(Script: \"future-increase-margin-2\")" --job ShortRun --benchmarkId 27 in /bench/chrysalis/benchmarks/PlutusBench/bin/Release/net10.0/PlutusBench-ShortRun-1/bin/Release/net10.0
// BeforeAnythingElse

// Benchmark Process Environment Information:
// BenchmarkDotNet v0.15.8
// Runtime=.NET 10.0.12 (10.0.12, 10.0.1226.42308), X64 RyuJIT x86-64-v4
// GC=Concurrent Workstation
// HardwareIntrinsics=AVX512 BITALG+VBMI2+VNNI+VPOPCNTDQ,AVX512 IFMA+VBMI,AVX512 F+BW+CD+DQ+VL,AVX2+BMI1+BMI2+F16C+FMA+LZCNT+MOVBE,AVX,SSE3+SSSE3+SSE4.1+SSE4.2+POPCNT,X86Base+SSE+SSE2,AES+PCLMUL VectorSize=256
// Job: ShortRun(IterationCount=3, LaunchCount=1, MinIterationCount=50, WarmupCount=3)

OverheadJitting  1: 1 op, 151221.00 ns, 151.2210 us/op
WorkloadJitting  1: 1 op, 17033786.00 ns, 17.0338 ms/op

OverheadJitting  2: 16 op, 326282.00 ns, 20.3926 us/op
WorkloadJitting  2: 16 op, 29568618.00 ns, 1.8480 ms/op

WorkloadPilot    1: 16 op, 27990795.00 ns, 1.7494 ms/op
WorkloadPilot    2: 32 op, 53959102.00 ns, 1.6862 ms/op
WorkloadPilot    3: 64 op, 105767501.00 ns, 1.6526 ms/op
WorkloadPilot    4: 128 op, 92535533.00 ns, 722.9339 us/op
WorkloadPilot    5: 256 op, 150310900.00 ns, 587.1520 us/op
WorkloadPilot    6: 512 op, 288001863.00 ns, 562.5036 us/op
WorkloadPilot    7: 1024 op, 573219500.00 ns, 559.7847 us/op

OverheadWarmup   1: 1024 op, 4804.00 ns, 4.6914 ns/op
OverheadWarmup   2: 1024 op, 3873.00 ns, 3.7822 ns/op
OverheadWarmup   3: 1024 op, 3899.00 ns, 3.8076 ns/op
OverheadWarmup   4: 1024 op, 19647.00 ns, 19.1865 ns/op
OverheadWarmup   5: 1024 op, 3873.00 ns, 3.7822 ns/op
OverheadWarmup   6: 1024 op, 3823.00 ns, 3.7334 ns/op
OverheadWarmup   7: 1024 op, 4100.00 ns, 4.0039 ns/op
OverheadWarmup   8: 1024 op, 4026.00 ns, 3.9316 ns/op

OverheadActual   1: 1024 op, 4263.00 ns, 4.1631 ns/op
OverheadActual   2: 1024 op, 4000.00 ns, 3.9063 ns/op
OverheadActual   3: 1024 op, 4009.00 ns, 3.9150 ns/op
OverheadActual   4: 1024 op, 4112.00 ns, 4.0156 ns/op
OverheadActual   5: 1024 op, 3956.00 ns, 3.8633 ns/op
OverheadActual   6: 1024 op, 3894.00 ns, 3.8027 ns/op
OverheadActual   7: 1024 op, 4026.00 ns, 3.9316 ns/op
OverheadActual   8: 1024 op, 4020.00 ns, 3.9258 ns/op
OverheadActual   9: 1024 op, 4175.00 ns, 4.0771 ns/op
OverheadActual  10: 1024 op, 4151.00 ns, 4.0537 ns/op
OverheadActual  11: 1024 op, 4189.00 ns, 4.0908 ns/op
OverheadActual  12: 1024 op, 4044.00 ns, 3.9492 ns/op
OverheadActual  13: 1024 op, 4180.00 ns, 4.0820 ns/op
OverheadActual  14: 1024 op, 4094.00 ns, 3.9980 ns/op
OverheadActual  15: 1024 op, 4150.00 ns, 4.0527 ns/op
OverheadActual  16: 1024 op, 4026.00 ns, 3.9316 ns/op
OverheadActual  17: 1024 op, 4085.00 ns, 3.9893 ns/op
OverheadActual  18: 1024 op, 4311.00 ns, 4.2100 ns/op
OverheadActual  19: 1024 op, 4078.00 ns, 3.9824 ns/op
OverheadActual  20: 1024 op, 4196.00 ns, 4.0977 ns/op

WorkloadWarmup   1: 1024 op, 580959974.00 ns, 567.3437 us/op
WorkloadWarmup   2: 1024 op, 577050246.00 ns, 563.5256 us/op
WorkloadWarmup   3: 1024 op, 571642601.00 ns, 558.2447 us/op

// BeforeActualRun
WorkloadActual   1: 1024 op, 574535047.00 ns, 561.0694 us/op
WorkloadActual   2: 1024 op, 575208372.00 ns, 561.7269 us/op
WorkloadActual   3: 1024 op, 576139073.00 ns, 562.6358 us/op

// AfterActualRun
WorkloadResult   1: 1024 op, 574530957.50 ns, 561.0654 us/op
WorkloadResult   2: 1024 op, 575204282.50 ns, 561.7229 us/op
WorkloadResult   3: 1024 op, 576134983.50 ns, 562.6318 us/op
// GC:  114 37 0 961576960 1024
// Threading:  0 0 1024

// AfterAll
// Benchmark Process 858 has exited with code 0.

Mean = 561.807 us, StdErr = 0.454 us (0.08%), N = 3, StdDev = 0.787 us
Min = 561.065 us, Q1 = 561.394 us, Median = 561.723 us, Q3 = 562.177 us, Max = 562.632 us
IQR = 0.783 us, LowerFence = 560.219 us, UpperFence = 563.352 us
ConfidenceInterval = [547.457 us; 576.157 us] (CI 99.9%), Margin = 14.350 us (2.55% of Mean)
Skewness = 0.11, Kurtosis = 0.67, MValue = 2

// ** Remained 61 (68.5 %) benchmark(s) to run. Estimated finish 2026-10-07 19:44 (0h 7m from now) **
// **************************
// Benchmark: PlutusUseCasesBenchmarks.DecodeAndEval: ShortRun(IterationCount=3, LaunchCount=1, MinIterationCount=50, WarmupCount=3) [Script=future-increase-margin-3]
// *** Execute ***
// Launch: 1 / 1
// Execute: dotnet PlutusBench-ShortRun-1.dll --anonymousPipes 113 114 --benchmarkName "PlutusUseCasesBenchmarks.DecodeAndEval(Script: \"future-increase-margin-3\")" --job ShortRun --benchmarkId 28 in /bench/chrysalis/benchmarks/PlutusBench/bin/Release/net10.0/PlutusBench-ShortRun-1/bin/Release/net10.0
// BeforeAnythingElse

// Benchmark Process Environment Information:
// BenchmarkDotNet v0.15.8
// Runtime=.NET 10.0.12 (10.0.12, 10.0.1226.42308), X64 RyuJIT x86-64-v4
// GC=Concurrent Workstation
// HardwareIntrinsics=AVX512 BITALG+VBMI2+VNNI+VPOPCNTDQ,AVX512 IFMA+VBMI,AVX512 F+BW+CD+DQ+VL,AVX2+BMI1+BMI2+F16C+FMA+LZCNT+MOVBE,AVX,SSE3+SSSE3+SSE4.1+SSE4.2+POPCNT,X86Base+SSE+SSE2,AES+PCLMUL VectorSize=256
// Job: ShortRun(IterationCount=3, LaunchCount=1, MinIterationCount=50, WarmupCount=3)

OverheadJitting  1: 1 op, 150612.00 ns, 150.6120 us/op
WorkloadJitting  1: 1 op, 16447134.00 ns, 16.4471 ms/op

OverheadJitting  2: 16 op, 322505.00 ns, 20.1566 us/op
WorkloadJitting  2: 16 op, 29520199.00 ns, 1.8450 ms/op

WorkloadPilot    1: 16 op, 28089224.00 ns, 1.7556 ms/op
WorkloadPilot    2: 32 op, 53480829.00 ns, 1.6713 ms/op
WorkloadPilot    3: 64 op, 106676333.00 ns, 1.6668 ms/op
WorkloadPilot    4: 128 op, 89645589.00 ns, 700.3562 us/op
WorkloadPilot    5: 256 op, 151465562.00 ns, 591.6624 us/op
WorkloadPilot    6: 512 op, 290231391.00 ns, 566.8582 us/op
WorkloadPilot    7: 1024 op, 577452766.00 ns, 563.9187 us/op

OverheadWarmup   1: 1024 op, 4782.00 ns, 4.6699 ns/op
OverheadWarmup   2: 1024 op, 3965.00 ns, 3.8721 ns/op
OverheadWarmup   3: 1024 op, 3940.00 ns, 3.8477 ns/op
OverheadWarmup   4: 1024 op, 4086.00 ns, 3.9902 ns/op
OverheadWarmup   5: 1024 op, 16893.00 ns, 16.4971 ns/op
OverheadWarmup   6: 1024 op, 3906.00 ns, 3.8145 ns/op
OverheadWarmup   7: 1024 op, 4041.00 ns, 3.9463 ns/op
OverheadWarmup   8: 1024 op, 4164.00 ns, 4.0664 ns/op
OverheadWarmup   9: 1024 op, 4171.00 ns, 4.0732 ns/op
OverheadWarmup  10: 1024 op, 4220.00 ns, 4.1211 ns/op

OverheadActual   1: 1024 op, 4082.00 ns, 3.9863 ns/op
OverheadActual   2: 1024 op, 3996.00 ns, 3.9023 ns/op
OverheadActual   3: 1024 op, 4017.00 ns, 3.9229 ns/op
OverheadActual   4: 1024 op, 20345.00 ns, 19.8682 ns/op
OverheadActual   5: 1024 op, 4060.00 ns, 3.9648 ns/op
OverheadActual   6: 1024 op, 4163.00 ns, 4.0654 ns/op
OverheadActual   7: 1024 op, 4222.00 ns, 4.1230 ns/op
OverheadActual   8: 1024 op, 4243.00 ns, 4.1436 ns/op
OverheadActual   9: 1024 op, 4225.00 ns, 4.1260 ns/op
OverheadActual  10: 1024 op, 4121.00 ns, 4.0244 ns/op
OverheadActual  11: 1024 op, 4135.00 ns, 4.0381 ns/op
OverheadActual  12: 1024 op, 4169.00 ns, 4.0713 ns/op
OverheadActual  13: 1024 op, 4080.00 ns, 3.9844 ns/op
OverheadActual  14: 1024 op, 4170.00 ns, 4.0723 ns/op
OverheadActual  15: 1024 op, 17330.00 ns, 16.9238 ns/op
OverheadActual  16: 1024 op, 4156.00 ns, 4.0586 ns/op
OverheadActual  17: 1024 op, 4121.00 ns, 4.0244 ns/op
OverheadActual  18: 1024 op, 4241.00 ns, 4.1416 ns/op
OverheadActual  19: 1024 op, 4186.00 ns, 4.0879 ns/op
OverheadActual  20: 1024 op, 4096.00 ns, 4.0000 ns/op

WorkloadWarmup   1: 1024 op, 578858842.00 ns, 565.2918 us/op
WorkloadWarmup   2: 1024 op, 579550053.00 ns, 565.9668 us/op
WorkloadWarmup   3: 1024 op, 573287611.00 ns, 559.8512 us/op

// BeforeActualRun
WorkloadActual   1: 1024 op, 576453800.00 ns, 562.9432 us/op
WorkloadActual   2: 1024 op, 577336738.00 ns, 563.8054 us/op
WorkloadActual   3: 1024 op, 576037478.00 ns, 562.5366 us/op

// AfterActualRun
WorkloadResult   1: 1024 op, 576449640.50 ns, 562.9391 us/op
WorkloadResult   2: 1024 op, 577332578.50 ns, 563.8013 us/op
WorkloadResult   3: 1024 op, 576033318.50 ns, 562.5325 us/op
// GC:  114 37 0 961576960 1024
// Threading:  0 0 1024

// AfterAll
// Benchmark Process 866 has exited with code 0.

Mean = 563.091 us, StdErr = 0.374 us (0.07%), N = 3, StdDev = 0.648 us
Min = 562.533 us, Q1 = 562.736 us, Median = 562.939 us, Q3 = 563.370 us, Max = 563.801 us
IQR = 0.634 us, LowerFence = 561.784 us, UpperFence = 564.322 us
ConfidenceInterval = [551.271 us; 574.911 us] (CI 99.9%), Margin = 11.820 us (2.10% of Mean)
Skewness = 0.22, Kurtosis = 0.67, MValue = 2

// ** Remained 60 (67.4 %) benchmark(s) to run. Estimated finish 2026-10-07 19:44 (0h 7m from now) **
// **************************
// Benchmark: PlutusUseCasesBenchmarks.DecodeAndEval: ShortRun(IterationCount=3, LaunchCount=1, MinIterationCount=50, WarmupCount=3) [Script=future-increase-margin-4]
// *** Execute ***
// Launch: 1 / 1
// Execute: dotnet PlutusBench-ShortRun-1.dll --anonymousPipes 113 114 --benchmarkName "PlutusUseCasesBenchmarks.DecodeAndEval(Script: \"future-increase-margin-4\")" --job ShortRun --benchmarkId 29 in /bench/chrysalis/benchmarks/PlutusBench/bin/Release/net10.0/PlutusBench-ShortRun-1/bin/Release/net10.0
// BeforeAnythingElse

// Benchmark Process Environment Information:
// BenchmarkDotNet v0.15.8
// Runtime=.NET 10.0.12 (10.0.12, 10.0.1226.42308), X64 RyuJIT x86-64-v4
// GC=Concurrent Workstation
// HardwareIntrinsics=AVX512 BITALG+VBMI2+VNNI+VPOPCNTDQ,AVX512 IFMA+VBMI,AVX512 F+BW+CD+DQ+VL,AVX2+BMI1+BMI2+F16C+FMA+LZCNT+MOVBE,AVX,SSE3+SSSE3+SSE4.1+SSE4.2+POPCNT,X86Base+SSE+SSE2,AES+PCLMUL VectorSize=256
// Job: ShortRun(IterationCount=3, LaunchCount=1, MinIterationCount=50, WarmupCount=3)

OverheadJitting  1: 1 op, 154483.00 ns, 154.4830 us/op
WorkloadJitting  1: 1 op, 18279201.00 ns, 18.2792 ms/op

OverheadJitting  2: 16 op, 326551.00 ns, 20.4094 us/op
WorkloadJitting  2: 16 op, 31946665.00 ns, 1.9967 ms/op

WorkloadPilot    1: 16 op, 30404317.00 ns, 1.9003 ms/op
WorkloadPilot    2: 32 op, 56052792.00 ns, 1.7516 ms/op
WorkloadPilot    3: 64 op, 111224058.00 ns, 1.7379 ms/op
WorkloadPilot    4: 128 op, 134207017.00 ns, 1.0485 ms/op
WorkloadPilot    5: 256 op, 204815570.00 ns, 800.0608 us/op
WorkloadPilot    6: 512 op, 339613436.00 ns, 663.3075 us/op
WorkloadPilot    7: 1024 op, 679979274.00 ns, 664.0423 us/op

OverheadWarmup   1: 1024 op, 4663.00 ns, 4.5537 ns/op
OverheadWarmup   2: 1024 op, 4084.00 ns, 3.9883 ns/op
OverheadWarmup   3: 1024 op, 8803.00 ns, 8.5967 ns/op
OverheadWarmup   4: 1024 op, 4083.00 ns, 3.9873 ns/op
OverheadWarmup   5: 1024 op, 3984.00 ns, 3.8906 ns/op
OverheadWarmup   6: 1024 op, 4015.00 ns, 3.9209 ns/op
OverheadWarmup   7: 1024 op, 4052.00 ns, 3.9570 ns/op
OverheadWarmup   8: 1024 op, 4025.00 ns, 3.9307 ns/op

OverheadActual   1: 1024 op, 4080.00 ns, 3.9844 ns/op
OverheadActual   2: 1024 op, 3995.00 ns, 3.9014 ns/op
OverheadActual   3: 1024 op, 4062.00 ns, 3.9668 ns/op
OverheadActual   4: 1024 op, 4213.00 ns, 4.1143 ns/op
OverheadActual   5: 1024 op, 4000.00 ns, 3.9063 ns/op
OverheadActual   6: 1024 op, 4081.00 ns, 3.9854 ns/op
OverheadActual   7: 1024 op, 4191.00 ns, 4.0928 ns/op
OverheadActual   8: 1024 op, 4129.00 ns, 4.0322 ns/op
OverheadActual   9: 1024 op, 4126.00 ns, 4.0293 ns/op
OverheadActual  10: 1024 op, 18388.00 ns, 17.9570 ns/op
OverheadActual  11: 1024 op, 4269.00 ns, 4.1689 ns/op
OverheadActual  12: 1024 op, 4109.00 ns, 4.0127 ns/op
OverheadActual  13: 1024 op, 4167.00 ns, 4.0693 ns/op
OverheadActual  14: 1024 op, 4144.00 ns, 4.0469 ns/op
OverheadActual  15: 1024 op, 4161.00 ns, 4.0635 ns/op
OverheadActual  16: 1024 op, 4162.00 ns, 4.0645 ns/op
OverheadActual  17: 1024 op, 4073.00 ns, 3.9775 ns/op
OverheadActual  18: 1024 op, 4258.00 ns, 4.1582 ns/op
OverheadActual  19: 1024 op, 4152.00 ns, 4.0547 ns/op
OverheadActual  20: 1024 op, 4170.00 ns, 4.0723 ns/op

WorkloadWarmup   1: 1024 op, 680958031.00 ns, 664.9981 us/op
WorkloadWarmup   2: 1024 op, 682493514.00 ns, 666.4976 us/op
WorkloadWarmup   3: 1024 op, 680106378.00 ns, 664.1664 us/op

// BeforeActualRun
WorkloadActual   1: 1024 op, 678635172.00 ns, 662.7297 us/op
WorkloadActual   2: 1024 op, 682784533.00 ns, 666.7818 us/op
WorkloadActual   3: 1024 op, 680519533.00 ns, 664.5699 us/op

// AfterActualRun
WorkloadResult   1: 1024 op, 678631024.00 ns, 662.7256 us/op
WorkloadResult   2: 1024 op, 682780385.00 ns, 666.7777 us/op
WorkloadResult   3: 1024 op, 680515385.00 ns, 664.5658 us/op
// GC:  126 57 0 1058725888 1024
// Threading:  0 0 1024

// AfterAll
// Benchmark Process 874 has exited with code 0.

Mean = 664.690 us, StdErr = 1.171 us (0.18%), N = 3, StdDev = 2.029 us
Min = 662.726 us, Q1 = 663.646 us, Median = 664.566 us, Q3 = 665.672 us, Max = 666.778 us
IQR = 2.026 us, LowerFence = 660.607 us, UpperFence = 668.711 us
ConfidenceInterval = [627.675 us; 701.704 us] (CI 99.9%), Margin = 37.015 us (5.57% of Mean)
Skewness = 0.06, Kurtosis = 0.67, MValue = 2

// ** Remained 59 (66.3 %) benchmark(s) to run. Estimated finish 2026-10-07 19:44 (0h 7m from now) **
// **************************
// Benchmark: PlutusUseCasesBenchmarks.DecodeAndEval: ShortRun(IterationCount=3, LaunchCount=1, MinIterationCount=50, WarmupCount=3) [Script=future-increase-margin-5]
// *** Execute ***
// Launch: 1 / 1
// Execute: dotnet PlutusBench-ShortRun-1.dll --anonymousPipes 113 114 --benchmarkName "PlutusUseCasesBenchmarks.DecodeAndEval(Script: \"future-increase-margin-5\")" --job ShortRun --benchmarkId 30 in /bench/chrysalis/benchmarks/PlutusBench/bin/Release/net10.0/PlutusBench-ShortRun-1/bin/Release/net10.0
// BeforeAnythingElse

// Benchmark Process Environment Information:
// BenchmarkDotNet v0.15.8
// Runtime=.NET 10.0.12 (10.0.12, 10.0.1226.42308), X64 RyuJIT x86-64-v4
// GC=Concurrent Workstation
// HardwareIntrinsics=AVX512 BITALG+VBMI2+VNNI+VPOPCNTDQ,AVX512 IFMA+VBMI,AVX512 F+BW+CD+DQ+VL,AVX2+BMI1+BMI2+F16C+FMA+LZCNT+MOVBE,AVX,SSE3+SSSE3+SSE4.1+SSE4.2+POPCNT,X86Base+SSE+SSE2,AES+PCLMUL VectorSize=256
// Job: ShortRun(IterationCount=3, LaunchCount=1, MinIterationCount=50, WarmupCount=3)

OverheadJitting  1: 1 op, 152604.00 ns, 152.6040 us/op
WorkloadJitting  1: 1 op, 37790575.00 ns, 37.7906 ms/op

WorkloadPilot    1: 2 op, 6440390.00 ns, 3.2202 ms/op
WorkloadPilot    2: 3 op, 9155898.00 ns, 3.0520 ms/op
WorkloadPilot    3: 4 op, 11185454.00 ns, 2.7964 ms/op
WorkloadPilot    4: 5 op, 14751976.00 ns, 2.9504 ms/op
WorkloadPilot    5: 6 op, 17015502.00 ns, 2.8359 ms/op
WorkloadPilot    6: 7 op, 19850934.00 ns, 2.8358 ms/op
WorkloadPilot    7: 8 op, 22089580.00 ns, 2.7612 ms/op
WorkloadPilot    8: 9 op, 24820133.00 ns, 2.7578 ms/op
WorkloadPilot    9: 10 op, 27461817.00 ns, 2.7462 ms/op
WorkloadPilot   10: 11 op, 29787218.00 ns, 2.7079 ms/op
WorkloadPilot   11: 12 op, 29472858.00 ns, 2.4561 ms/op
WorkloadPilot   12: 13 op, 21677477.00 ns, 1.6675 ms/op
WorkloadPilot   13: 14 op, 22892805.00 ns, 1.6352 ms/op
WorkloadPilot   14: 15 op, 24642689.00 ns, 1.6428 ms/op
WorkloadPilot   15: 16 op, 27868002.00 ns, 1.7418 ms/op
WorkloadPilot   16: 32 op, 48166598.00 ns, 1.5052 ms/op
WorkloadPilot   17: 64 op, 89899600.00 ns, 1.4047 ms/op
WorkloadPilot   18: 128 op, 137369852.00 ns, 1.0732 ms/op
WorkloadPilot   19: 256 op, 261552604.00 ns, 1.0217 ms/op
WorkloadPilot   20: 512 op, 524084473.00 ns, 1.0236 ms/op

WorkloadWarmup   1: 512 op, 522533119.00 ns, 1.0206 ms/op
WorkloadWarmup   2: 512 op, 523312857.00 ns, 1.0221 ms/op
WorkloadWarmup   3: 512 op, 524559575.00 ns, 1.0245 ms/op

// BeforeActualRun
WorkloadActual   1: 512 op, 521780196.00 ns, 1.0191 ms/op
WorkloadActual   2: 512 op, 523639137.00 ns, 1.0227 ms/op
WorkloadActual   3: 512 op, 524350482.00 ns, 1.0241 ms/op

// AfterActualRun
WorkloadResult   1: 512 op, 521780196.00 ns, 1.0191 ms/op
WorkloadResult   2: 512 op, 523639137.00 ns, 1.0227 ms/op
WorkloadResult   3: 512 op, 524350482.00 ns, 1.0241 ms/op
// GC:  83 38 0 698302464 512
// Threading:  0 0 512

// AfterAll
// Benchmark Process 882 has exited with code 0.

Mean = 1.022 ms, StdErr = 0.001 ms (0.15%), N = 3, StdDev = 0.003 ms
Min = 1.019 ms, Q1 = 1.021 ms, Median = 1.023 ms, Q3 = 1.023 ms, Max = 1.024 ms
IQR = 0.003 ms, LowerFence = 1.017 ms, UpperFence = 1.027 ms
ConfidenceInterval = [0.975 ms; 1.069 ms] (CI 99.9%), Margin = 0.047 ms (4.63% of Mean)
Skewness = -0.26, Kurtosis = 0.67, MValue = 2

// ** Remained 58 (65.2 %) benchmark(s) to run. Estimated finish 2026-10-07 19:44 (0h 7m from now) **
// **************************
// Benchmark: PlutusUseCasesBenchmarks.DecodeAndEval: ShortRun(IterationCount=3, LaunchCount=1, MinIterationCount=50, WarmupCount=3) [Script=future-pay-out-1]
// *** Execute ***
// Launch: 1 / 1
// Execute: dotnet PlutusBench-ShortRun-1.dll --anonymousPipes 113 114 --benchmarkName "PlutusUseCasesBenchmarks.DecodeAndEval(Script: \"future-pay-out-1\")" --job ShortRun --benchmarkId 31 in /bench/chrysalis/benchmarks/PlutusBench/bin/Release/net10.0/PlutusBench-ShortRun-1/bin/Release/net10.0
// BeforeAnythingElse

// Benchmark Process Environment Information:
// BenchmarkDotNet v0.15.8
// Runtime=.NET 10.0.12 (10.0.12, 10.0.1226.42308), X64 RyuJIT x86-64-v4
// GC=Concurrent Workstation
// HardwareIntrinsics=AVX512 BITALG+VBMI2+VNNI+VPOPCNTDQ,AVX512 IFMA+VBMI,AVX512 F+BW+CD+DQ+VL,AVX2+BMI1+BMI2+F16C+FMA+LZCNT+MOVBE,AVX,SSE3+SSSE3+SSE4.1+SSE4.2+POPCNT,X86Base+SSE+SSE2,AES+PCLMUL VectorSize=256
// Job: ShortRun(IterationCount=3, LaunchCount=1, MinIterationCount=50, WarmupCount=3)

OverheadJitting  1: 1 op, 149631.00 ns, 149.6310 us/op
WorkloadJitting  1: 1 op, 15765211.00 ns, 15.7652 ms/op

OverheadJitting  2: 16 op, 336835.00 ns, 21.0522 us/op
WorkloadJitting  2: 16 op, 16579696.00 ns, 1.0362 ms/op

WorkloadPilot    1: 16 op, 14560618.00 ns, 910.0386 us/op
WorkloadPilot    2: 32 op, 27763088.00 ns, 867.5965 us/op
WorkloadPilot    3: 64 op, 55703761.00 ns, 870.3713 us/op
WorkloadPilot    4: 128 op, 107088120.00 ns, 836.6259 us/op
WorkloadPilot    5: 256 op, 164424324.00 ns, 642.2825 us/op
WorkloadPilot    6: 512 op, 208155155.00 ns, 406.5530 us/op
WorkloadPilot    7: 1024 op, 301974604.00 ns, 294.8971 us/op
WorkloadPilot    8: 2048 op, 599821973.00 ns, 292.8818 us/op

OverheadWarmup   1: 2048 op, 8269.00 ns, 4.0376 ns/op
OverheadWarmup   2: 2048 op, 7674.00 ns, 3.7471 ns/op
OverheadWarmup   3: 2048 op, 7846.00 ns, 3.8311 ns/op
OverheadWarmup   4: 2048 op, 7852.00 ns, 3.8340 ns/op
OverheadWarmup   5: 2048 op, 7840.00 ns, 3.8281 ns/op
OverheadWarmup   6: 2048 op, 7865.00 ns, 3.8403 ns/op
OverheadWarmup   7: 2048 op, 7858.00 ns, 3.8369 ns/op

OverheadActual   1: 2048 op, 7703.00 ns, 3.7612 ns/op
OverheadActual   2: 2048 op, 7723.00 ns, 3.7710 ns/op
OverheadActual   3: 2048 op, 7708.00 ns, 3.7637 ns/op
OverheadActual   4: 2048 op, 8015.00 ns, 3.9136 ns/op
OverheadActual   5: 2048 op, 7679.00 ns, 3.7495 ns/op
OverheadActual   6: 2048 op, 7881.00 ns, 3.8481 ns/op
OverheadActual   7: 2048 op, 7887.00 ns, 3.8511 ns/op
OverheadActual   8: 2048 op, 20695.00 ns, 10.1050 ns/op
OverheadActual   9: 2048 op, 20585.00 ns, 10.0513 ns/op
OverheadActual  10: 2048 op, 7651.00 ns, 3.7358 ns/op
OverheadActual  11: 2048 op, 7902.00 ns, 3.8584 ns/op
OverheadActual  12: 2048 op, 7912.00 ns, 3.8633 ns/op
OverheadActual  13: 2048 op, 7563.00 ns, 3.6929 ns/op
OverheadActual  14: 2048 op, 7883.00 ns, 3.8491 ns/op
OverheadActual  15: 2048 op, 7887.00 ns, 3.8511 ns/op
OverheadActual  16: 2048 op, 7903.00 ns, 3.8589 ns/op
OverheadActual  17: 2048 op, 7884.00 ns, 3.8496 ns/op
OverheadActual  18: 2048 op, 8022.00 ns, 3.9170 ns/op
OverheadActual  19: 2048 op, 7941.00 ns, 3.8774 ns/op
OverheadActual  20: 2048 op, 7934.00 ns, 3.8740 ns/op

WorkloadWarmup   1: 2048 op, 605222266.00 ns, 295.5187 us/op
WorkloadWarmup   2: 2048 op, 602909051.00 ns, 294.3892 us/op
WorkloadWarmup   3: 2048 op, 603507445.00 ns, 294.6814 us/op

// BeforeActualRun
WorkloadActual   1: 2048 op, 601438420.00 ns, 293.6711 us/op
WorkloadActual   2: 2048 op, 604978680.00 ns, 295.3997 us/op
WorkloadActual   3: 2048 op, 604357929.00 ns, 295.0966 us/op

// AfterActualRun
WorkloadResult   1: 2048 op, 601430533.00 ns, 293.6673 us/op
WorkloadResult   2: 2048 op, 604970793.00 ns, 295.3959 us/op
WorkloadResult   3: 2048 op, 604350042.00 ns, 295.0928 us/op
// GC:  125 37 0 1050984448 2048
// Threading:  0 0 2048

// AfterAll
// Benchmark Process 893 has exited with code 0.

Mean = 294.719 us, StdErr = 0.533 us (0.18%), N = 3, StdDev = 0.923 us
Min = 293.667 us, Q1 = 294.380 us, Median = 295.093 us, Q3 = 295.244 us, Max = 295.396 us
IQR = 0.864 us, LowerFence = 293.084 us, UpperFence = 296.541 us
ConfidenceInterval = [277.879 us; 311.559 us] (CI 99.9%), Margin = 16.840 us (5.71% of Mean)
Skewness = -0.34, Kurtosis = 0.67, MValue = 2

// ** Remained 57 (64.0 %) benchmark(s) to run. Estimated finish 2026-10-07 19:44 (0h 7m from now) **
// **************************
// Benchmark: PlutusUseCasesBenchmarks.DecodeAndEval: ShortRun(IterationCount=3, LaunchCount=1, MinIterationCount=50, WarmupCount=3) [Script=future-pay-out-2]
// *** Execute ***
// Launch: 1 / 1
// Execute: dotnet PlutusBench-ShortRun-1.dll --anonymousPipes 113 114 --benchmarkName "PlutusUseCasesBenchmarks.DecodeAndEval(Script: \"future-pay-out-2\")" --job ShortRun --benchmarkId 32 in /bench/chrysalis/benchmarks/PlutusBench/bin/Release/net10.0/PlutusBench-ShortRun-1/bin/Release/net10.0
// BeforeAnythingElse

// Benchmark Process Environment Information:
// BenchmarkDotNet v0.15.8
// Runtime=.NET 10.0.12 (10.0.12, 10.0.1226.42308), X64 RyuJIT x86-64-v4
// GC=Concurrent Workstation
// HardwareIntrinsics=AVX512 BITALG+VBMI2+VNNI+VPOPCNTDQ,AVX512 IFMA+VBMI,AVX512 F+BW+CD+DQ+VL,AVX2+BMI1+BMI2+F16C+FMA+LZCNT+MOVBE,AVX,SSE3+SSSE3+SSE4.1+SSE4.2+POPCNT,X86Base+SSE+SSE2,AES+PCLMUL VectorSize=256
// Job: ShortRun(IterationCount=3, LaunchCount=1, MinIterationCount=50, WarmupCount=3)

OverheadJitting  1: 1 op, 151910.00 ns, 151.9100 us/op
WorkloadJitting  1: 1 op, 16558914.00 ns, 16.5589 ms/op

OverheadJitting  2: 16 op, 341363.00 ns, 21.3352 us/op
WorkloadJitting  2: 16 op, 29635223.00 ns, 1.8522 ms/op

WorkloadPilot    1: 16 op, 28203328.00 ns, 1.7627 ms/op
WorkloadPilot    2: 32 op, 53531320.00 ns, 1.6729 ms/op
WorkloadPilot    3: 64 op, 107856138.00 ns, 1.6853 ms/op
WorkloadPilot    4: 128 op, 86838363.00 ns, 678.4247 us/op
WorkloadPilot    5: 256 op, 150330970.00 ns, 587.2304 us/op
WorkloadPilot    6: 512 op, 290209531.00 ns, 566.8155 us/op
WorkloadPilot    7: 1024 op, 574345889.00 ns, 560.8847 us/op

OverheadWarmup   1: 1024 op, 4686.00 ns, 4.5762 ns/op
OverheadWarmup   2: 1024 op, 4155.00 ns, 4.0576 ns/op
OverheadWarmup   3: 1024 op, 3943.00 ns, 3.8506 ns/op
OverheadWarmup   4: 1024 op, 3892.00 ns, 3.8008 ns/op
OverheadWarmup   5: 1024 op, 3872.00 ns, 3.7813 ns/op
OverheadWarmup   6: 1024 op, 4042.00 ns, 3.9473 ns/op
OverheadWarmup   7: 1024 op, 3859.00 ns, 3.7686 ns/op
OverheadWarmup   8: 1024 op, 3824.00 ns, 3.7344 ns/op
OverheadWarmup   9: 1024 op, 3917.00 ns, 3.8252 ns/op
OverheadWarmup  10: 1024 op, 3855.00 ns, 3.7646 ns/op

OverheadActual   1: 1024 op, 4110.00 ns, 4.0137 ns/op
OverheadActual   2: 1024 op, 4048.00 ns, 3.9531 ns/op
OverheadActual   3: 1024 op, 4053.00 ns, 3.9580 ns/op
OverheadActual   4: 1024 op, 4128.00 ns, 4.0313 ns/op
OverheadActual   5: 1024 op, 4021.00 ns, 3.9268 ns/op
OverheadActual   6: 1024 op, 4103.00 ns, 4.0068 ns/op
OverheadActual   7: 1024 op, 4158.00 ns, 4.0605 ns/op
OverheadActual   8: 1024 op, 4121.00 ns, 4.0244 ns/op
OverheadActual   9: 1024 op, 4115.00 ns, 4.0186 ns/op
OverheadActual  10: 1024 op, 4170.00 ns, 4.0723 ns/op
OverheadActual  11: 1024 op, 4138.00 ns, 4.0410 ns/op
OverheadActual  12: 1024 op, 4097.00 ns, 4.0010 ns/op
OverheadActual  13: 1024 op, 4270.00 ns, 4.1699 ns/op
OverheadActual  14: 1024 op, 4245.00 ns, 4.1455 ns/op
OverheadActual  15: 1024 op, 4138.00 ns, 4.0410 ns/op
OverheadActual  16: 1024 op, 4422.00 ns, 4.3184 ns/op
OverheadActual  17: 1024 op, 4244.00 ns, 4.1445 ns/op
OverheadActual  18: 1024 op, 4229.00 ns, 4.1299 ns/op
OverheadActual  19: 1024 op, 4168.00 ns, 4.0703 ns/op
OverheadActual  20: 1024 op, 4142.00 ns, 4.0449 ns/op

WorkloadWarmup   1: 1024 op, 578935660.00 ns, 565.3669 us/op
WorkloadWarmup   2: 1024 op, 579152314.00 ns, 565.5784 us/op
WorkloadWarmup   3: 1024 op, 697192620.00 ns, 680.8522 us/op

// BeforeActualRun
WorkloadActual   1: 1024 op, 755237750.00 ns, 737.5369 us/op
WorkloadActual   2: 1024 op, 754887146.00 ns, 737.1945 us/op
WorkloadActual   3: 1024 op, 589775354.00 ns, 575.9525 us/op

// AfterActualRun
WorkloadResult   1: 1024 op, 755233612.00 ns, 737.5328 us/op
WorkloadResult   2: 1024 op, 754883008.00 ns, 737.1904 us/op
WorkloadResult   3: 1024 op, 589771216.00 ns, 575.9485 us/op
// GC:  114 37 0 961576960 1024
// Threading:  0 0 1024

// AfterAll
// Benchmark Process 901 has exited with code 0.

Mean = 683.557 us, StdErr = 53.804 us (7.87%), N = 3, StdDev = 93.192 us
Min = 575.948 us, Q1 = 656.569 us, Median = 737.190 us, Q3 = 737.362 us, Max = 737.533 us
IQR = 80.792 us, LowerFence = 535.381 us, UpperFence = 858.550 us
ConfidenceInterval = [-1,016.614 us; 2,383.728 us] (CI 99.9%), Margin = 1,700.171 us (248.72% of Mean)
Skewness = -0.38, Kurtosis = 0.67, MValue = 2

// ** Remained 56 (62.9 %) benchmark(s) to run. Estimated finish 2026-10-07 19:44 (0h 6m from now) **
// **************************
// Benchmark: PlutusUseCasesBenchmarks.DecodeAndEval: ShortRun(IterationCount=3, LaunchCount=1, MinIterationCount=50, WarmupCount=3) [Script=future-pay-out-3]
// *** Execute ***
// Launch: 1 / 1
// Execute: dotnet PlutusBench-ShortRun-1.dll --anonymousPipes 113 114 --benchmarkName "PlutusUseCasesBenchmarks.DecodeAndEval(Script: \"future-pay-out-3\")" --job ShortRun --benchmarkId 33 in /bench/chrysalis/benchmarks/PlutusBench/bin/Release/net10.0/PlutusBench-ShortRun-1/bin/Release/net10.0
// BeforeAnythingElse

// Benchmark Process Environment Information:
// BenchmarkDotNet v0.15.8
// Runtime=.NET 10.0.12 (10.0.12, 10.0.1226.42308), X64 RyuJIT x86-64-v4
// GC=Concurrent Workstation
// HardwareIntrinsics=AVX512 BITALG+VBMI2+VNNI+VPOPCNTDQ,AVX512 IFMA+VBMI,AVX512 F+BW+CD+DQ+VL,AVX2+BMI1+BMI2+F16C+FMA+LZCNT+MOVBE,AVX,SSE3+SSSE3+SSE4.1+SSE4.2+POPCNT,X86Base+SSE+SSE2,AES+PCLMUL VectorSize=256
// Job: ShortRun(IterationCount=3, LaunchCount=1, MinIterationCount=50, WarmupCount=3)

OverheadJitting  1: 1 op, 152242.00 ns, 152.2420 us/op
WorkloadJitting  1: 1 op, 16945777.00 ns, 16.9458 ms/op

OverheadJitting  2: 16 op, 327059.00 ns, 20.4412 us/op
WorkloadJitting  2: 16 op, 30031874.00 ns, 1.8770 ms/op

WorkloadPilot    1: 16 op, 27759411.00 ns, 1.7350 ms/op
WorkloadPilot    2: 32 op, 53468836.00 ns, 1.6709 ms/op
WorkloadPilot    3: 64 op, 109903682.00 ns, 1.7172 ms/op
WorkloadPilot    4: 128 op, 87481672.00 ns, 683.4506 us/op
WorkloadPilot    5: 256 op, 151712051.00 ns, 592.6252 us/op
WorkloadPilot    6: 512 op, 289408195.00 ns, 565.2504 us/op
WorkloadPilot    7: 1024 op, 576999472.00 ns, 563.4760 us/op

OverheadWarmup   1: 1024 op, 5240.00 ns, 5.1172 ns/op
OverheadWarmup   2: 1024 op, 4091.00 ns, 3.9951 ns/op
OverheadWarmup   3: 1024 op, 4018.00 ns, 3.9238 ns/op
OverheadWarmup   4: 1024 op, 4026.00 ns, 3.9316 ns/op
OverheadWarmup   5: 1024 op, 4053.00 ns, 3.9580 ns/op
OverheadWarmup   6: 1024 op, 4097.00 ns, 4.0010 ns/op
OverheadWarmup   7: 1024 op, 4089.00 ns, 3.9932 ns/op
OverheadWarmup   8: 1024 op, 3997.00 ns, 3.9033 ns/op
OverheadWarmup   9: 1024 op, 4126.00 ns, 4.0293 ns/op
OverheadWarmup  10: 1024 op, 4102.00 ns, 4.0059 ns/op

OverheadActual   1: 1024 op, 4119.00 ns, 4.0225 ns/op
OverheadActual   2: 1024 op, 4072.00 ns, 3.9766 ns/op
OverheadActual   3: 1024 op, 4061.00 ns, 3.9658 ns/op
OverheadActual   4: 1024 op, 4281.00 ns, 4.1807 ns/op
OverheadActual   5: 1024 op, 4024.00 ns, 3.9297 ns/op
OverheadActual   6: 1024 op, 21074.00 ns, 20.5801 ns/op
OverheadActual   7: 1024 op, 4230.00 ns, 4.1309 ns/op
OverheadActual   8: 1024 op, 19811.00 ns, 19.3467 ns/op
OverheadActual   9: 1024 op, 4136.00 ns, 4.0391 ns/op
OverheadActual  10: 1024 op, 4163.00 ns, 4.0654 ns/op
OverheadActual  11: 1024 op, 4226.00 ns, 4.1270 ns/op
OverheadActual  12: 1024 op, 4168.00 ns, 4.0703 ns/op
OverheadActual  13: 1024 op, 4182.00 ns, 4.0840 ns/op
OverheadActual  14: 1024 op, 9053.00 ns, 8.8408 ns/op
OverheadActual  15: 1024 op, 4061.00 ns, 3.9658 ns/op
OverheadActual  16: 1024 op, 4113.00 ns, 4.0166 ns/op
OverheadActual  17: 1024 op, 4039.00 ns, 3.9443 ns/op
OverheadActual  18: 1024 op, 4188.00 ns, 4.0898 ns/op
OverheadActual  19: 1024 op, 4121.00 ns, 4.0244 ns/op
OverheadActual  20: 1024 op, 4145.00 ns, 4.0479 ns/op

WorkloadWarmup   1: 1024 op, 583583114.00 ns, 569.9054 us/op
WorkloadWarmup   2: 1024 op, 581113161.00 ns, 567.4933 us/op
WorkloadWarmup   3: 1024 op, 576540119.00 ns, 563.0275 us/op

// BeforeActualRun
WorkloadActual   1: 1024 op, 575594716.00 ns, 562.1042 us/op
WorkloadActual   2: 1024 op, 577793742.00 ns, 564.2517 us/op
WorkloadActual   3: 1024 op, 585275694.00 ns, 571.5583 us/op

// AfterActualRun
WorkloadResult   1: 1024 op, 575590562.00 ns, 562.1002 us/op
WorkloadResult   2: 1024 op, 577789588.00 ns, 564.2476 us/op
WorkloadResult   3: 1024 op, 585271540.00 ns, 571.5542 us/op
// GC:  114 37 0 961576960 1024
// Threading:  0 0 1024

// AfterAll
// Benchmark Process 908 has exited with code 0.

Mean = 565.967 us, StdErr = 2.861 us (0.51%), N = 3, StdDev = 4.956 us
Min = 562.100 us, Q1 = 563.174 us, Median = 564.248 us, Q3 = 567.901 us, Max = 571.554 us
IQR = 4.727 us, LowerFence = 556.083 us, UpperFence = 574.992 us
ConfidenceInterval = [475.550 us; 656.385 us] (CI 99.9%), Margin = 90.418 us (15.98% of Mean)
Skewness = 0.31, Kurtosis = 0.67, MValue = 2

// ** Remained 55 (61.8 %) benchmark(s) to run. Estimated finish 2026-10-07 19:44 (0h 6m from now) **
// **************************
// Benchmark: PlutusUseCasesBenchmarks.DecodeAndEval: ShortRun(IterationCount=3, LaunchCount=1, MinIterationCount=50, WarmupCount=3) [Script=future-pay-out-4]
// *** Execute ***
// Launch: 1 / 1
// Execute: dotnet PlutusBench-ShortRun-1.dll --anonymousPipes 113 114 --benchmarkName "PlutusUseCasesBenchmarks.DecodeAndEval(Script: \"future-pay-out-4\")" --job ShortRun --benchmarkId 34 in /bench/chrysalis/benchmarks/PlutusBench/bin/Release/net10.0/PlutusBench-ShortRun-1/bin/Release/net10.0
// BeforeAnythingElse

// Benchmark Process Environment Information:
// BenchmarkDotNet v0.15.8
// Runtime=.NET 10.0.12 (10.0.12, 10.0.1226.42308), X64 RyuJIT x86-64-v4
// GC=Concurrent Workstation
// HardwareIntrinsics=AVX512 BITALG+VBMI2+VNNI+VPOPCNTDQ,AVX512 IFMA+VBMI,AVX512 F+BW+CD+DQ+VL,AVX2+BMI1+BMI2+F16C+FMA+LZCNT+MOVBE,AVX,SSE3+SSSE3+SSE4.1+SSE4.2+POPCNT,X86Base+SSE+SSE2,AES+PCLMUL VectorSize=256
// Job: ShortRun(IterationCount=3, LaunchCount=1, MinIterationCount=50, WarmupCount=3)

OverheadJitting  1: 1 op, 151067.00 ns, 151.0670 us/op
WorkloadJitting  1: 1 op, 38178610.00 ns, 38.1786 ms/op

WorkloadPilot    1: 2 op, 6395192.00 ns, 3.1976 ms/op
WorkloadPilot    2: 3 op, 8962008.00 ns, 2.9873 ms/op
WorkloadPilot    3: 4 op, 11114928.00 ns, 2.7787 ms/op
WorkloadPilot    4: 5 op, 14580035.00 ns, 2.9160 ms/op
WorkloadPilot    5: 6 op, 17021160.00 ns, 2.8369 ms/op
WorkloadPilot    6: 7 op, 19783512.00 ns, 2.8262 ms/op
WorkloadPilot    7: 8 op, 21936424.00 ns, 2.7421 ms/op
WorkloadPilot    8: 9 op, 24573156.00 ns, 2.7304 ms/op
WorkloadPilot    9: 10 op, 26900102.00 ns, 2.6900 ms/op
WorkloadPilot   10: 11 op, 29482401.00 ns, 2.6802 ms/op
WorkloadPilot   11: 12 op, 27207878.00 ns, 2.2673 ms/op
WorkloadPilot   12: 13 op, 20235701.00 ns, 1.5566 ms/op
WorkloadPilot   13: 14 op, 21060364.00 ns, 1.5043 ms/op
WorkloadPilot   14: 15 op, 22429439.00 ns, 1.4953 ms/op
WorkloadPilot   15: 16 op, 24246244.00 ns, 1.5154 ms/op
WorkloadPilot   16: 32 op, 43848264.00 ns, 1.3703 ms/op
WorkloadPilot   17: 64 op, 74460005.00 ns, 1.1634 ms/op
WorkloadPilot   18: 128 op, 137649273.00 ns, 1.0754 ms/op
WorkloadPilot   19: 256 op, 263457111.00 ns, 1.0291 ms/op
WorkloadPilot   20: 512 op, 519184527.00 ns, 1.0140 ms/op

WorkloadWarmup   1: 512 op, 519681860.00 ns, 1.0150 ms/op
WorkloadWarmup   2: 512 op, 521889168.00 ns, 1.0193 ms/op
WorkloadWarmup   3: 512 op, 519220419.00 ns, 1.0141 ms/op

// BeforeActualRun
WorkloadActual   1: 512 op, 520305900.00 ns, 1.0162 ms/op
WorkloadActual   2: 512 op, 521780776.00 ns, 1.0191 ms/op
WorkloadActual   3: 512 op, 518769412.00 ns, 1.0132 ms/op

// AfterActualRun
WorkloadResult   1: 512 op, 520305900.00 ns, 1.0162 ms/op
WorkloadResult   2: 512 op, 521780776.00 ns, 1.0191 ms/op
WorkloadResult   3: 512 op, 518769412.00 ns, 1.0132 ms/op
// GC:  83 36 0 697499648 512
// Threading:  0 0 512

// AfterAll
// Benchmark Process 916 has exited with code 0.

Mean = 1.016 ms, StdErr = 0.002 ms (0.17%), N = 3, StdDev = 0.003 ms
Min = 1.013 ms, Q1 = 1.015 ms, Median = 1.016 ms, Q3 = 1.018 ms, Max = 1.019 ms
IQR = 0.003 ms, LowerFence = 1.010 ms, UpperFence = 1.022 ms
ConfidenceInterval = [0.963 ms; 1.070 ms] (CI 99.9%), Margin = 0.054 ms (5.28% of Mean)
Skewness = -0.01, Kurtosis = 0.67, MValue = 2

// ** Remained 54 (60.7 %) benchmark(s) to run. Estimated finish 2026-10-07 19:44 (0h 6m from now) **
// **************************
// Benchmark: PlutusUseCasesBenchmarks.DecodeAndEval: ShortRun(IterationCount=3, LaunchCount=1, MinIterationCount=50, WarmupCount=3) [Script=future-settle-early-1]
// *** Execute ***
// Launch: 1 / 1
// Execute: dotnet PlutusBench-ShortRun-1.dll --anonymousPipes 113 114 --benchmarkName "PlutusUseCasesBenchmarks.DecodeAndEval(Script: \"future-settle-early-1\")" --job ShortRun --benchmarkId 35 in /bench/chrysalis/benchmarks/PlutusBench/bin/Release/net10.0/PlutusBench-ShortRun-1/bin/Release/net10.0
// BeforeAnythingElse

// Benchmark Process Environment Information:
// BenchmarkDotNet v0.15.8
// Runtime=.NET 10.0.12 (10.0.12, 10.0.1226.42308), X64 RyuJIT x86-64-v4
// GC=Concurrent Workstation
// HardwareIntrinsics=AVX512 BITALG+VBMI2+VNNI+VPOPCNTDQ,AVX512 IFMA+VBMI,AVX512 F+BW+CD+DQ+VL,AVX2+BMI1+BMI2+F16C+FMA+LZCNT+MOVBE,AVX,SSE3+SSSE3+SSE4.1+SSE4.2+POPCNT,X86Base+SSE+SSE2,AES+PCLMUL VectorSize=256
// Job: ShortRun(IterationCount=3, LaunchCount=1, MinIterationCount=50, WarmupCount=3)

OverheadJitting  1: 1 op, 149632.00 ns, 149.6320 us/op
WorkloadJitting  1: 1 op, 15700847.00 ns, 15.7008 ms/op

OverheadJitting  2: 16 op, 324906.00 ns, 20.3066 us/op
WorkloadJitting  2: 16 op, 16493429.00 ns, 1.0308 ms/op

WorkloadPilot    1: 16 op, 14573746.00 ns, 910.8591 us/op
WorkloadPilot    2: 32 op, 27645935.00 ns, 863.9355 us/op
WorkloadPilot    3: 64 op, 55075607.00 ns, 860.5564 us/op
WorkloadPilot    4: 128 op, 110970435.00 ns, 866.9565 us/op
WorkloadPilot    5: 256 op, 164727774.00 ns, 643.4679 us/op
WorkloadPilot    6: 512 op, 149541058.00 ns, 292.0724 us/op
WorkloadPilot    7: 1024 op, 296187030.00 ns, 289.2451 us/op
WorkloadPilot    8: 2048 op, 593012963.00 ns, 289.5571 us/op

OverheadWarmup   1: 2048 op, 14811.00 ns, 7.2319 ns/op
OverheadWarmup   2: 2048 op, 7554.00 ns, 3.6885 ns/op
OverheadWarmup   3: 2048 op, 7866.00 ns, 3.8408 ns/op
OverheadWarmup   4: 2048 op, 7516.00 ns, 3.6699 ns/op
OverheadWarmup   5: 2048 op, 8029.00 ns, 3.9204 ns/op
OverheadWarmup   6: 2048 op, 7927.00 ns, 3.8706 ns/op

OverheadActual   1: 2048 op, 7805.00 ns, 3.8110 ns/op
OverheadActual   2: 2048 op, 7608.00 ns, 3.7148 ns/op
OverheadActual   3: 2048 op, 7565.00 ns, 3.6938 ns/op
OverheadActual   4: 2048 op, 8129.00 ns, 3.9692 ns/op
OverheadActual   5: 2048 op, 7717.00 ns, 3.7681 ns/op
OverheadActual   6: 2048 op, 7872.00 ns, 3.8438 ns/op
OverheadActual   7: 2048 op, 7934.00 ns, 3.8740 ns/op
OverheadActual   8: 2048 op, 7876.00 ns, 3.8457 ns/op
OverheadActual   9: 2048 op, 8063.00 ns, 3.9370 ns/op
OverheadActual  10: 2048 op, 8131.00 ns, 3.9702 ns/op
OverheadActual  11: 2048 op, 8183.00 ns, 3.9956 ns/op
OverheadActual  12: 2048 op, 8229.00 ns, 4.0181 ns/op
OverheadActual  13: 2048 op, 7969.00 ns, 3.8911 ns/op
OverheadActual  14: 2048 op, 8552.00 ns, 4.1758 ns/op
OverheadActual  15: 2048 op, 8092.00 ns, 3.9512 ns/op
OverheadActual  16: 2048 op, 8082.00 ns, 3.9463 ns/op
OverheadActual  17: 2048 op, 7842.00 ns, 3.8291 ns/op
OverheadActual  18: 2048 op, 8008.00 ns, 3.9102 ns/op
OverheadActual  19: 2048 op, 21837.00 ns, 10.6626 ns/op
OverheadActual  20: 2048 op, 8141.00 ns, 3.9751 ns/op

WorkloadWarmup   1: 2048 op, 600952913.00 ns, 293.4340 us/op
WorkloadWarmup   2: 2048 op, 605505298.00 ns, 295.6569 us/op
WorkloadWarmup   3: 2048 op, 591656375.00 ns, 288.8947 us/op

// BeforeActualRun
WorkloadActual   1: 2048 op, 593521562.00 ns, 289.8055 us/op
WorkloadActual   2: 2048 op, 594311632.00 ns, 290.1912 us/op
WorkloadActual   3: 2048 op, 596154492.00 ns, 291.0911 us/op

// AfterActualRun
WorkloadResult   1: 2048 op, 593513526.50 ns, 289.8015 us/op
WorkloadResult   2: 2048 op, 594303596.50 ns, 290.1873 us/op
WorkloadResult   3: 2048 op, 596146456.50 ns, 291.0871 us/op
// GC:  125 37 0 1050984448 2048
// Threading:  0 0 2048

// AfterAll
// Benchmark Process 924 has exited with code 0.

Mean = 290.359 us, StdErr = 0.381 us (0.13%), N = 3, StdDev = 0.660 us
Min = 289.802 us, Q1 = 289.994 us, Median = 290.187 us, Q3 = 290.637 us, Max = 291.087 us
IQR = 0.643 us, LowerFence = 289.030 us, UpperFence = 291.601 us
ConfidenceInterval = [278.323 us; 302.394 us] (CI 99.9%), Margin = 12.036 us (4.15% of Mean)
Skewness = 0.24, Kurtosis = 0.67, MValue = 2

// ** Remained 53 (59.6 %) benchmark(s) to run. Estimated finish 2026-10-07 19:44 (0h 6m from now) **
// **************************
// Benchmark: PlutusUseCasesBenchmarks.DecodeAndEval: ShortRun(IterationCount=3, LaunchCount=1, MinIterationCount=50, WarmupCount=3) [Script=future-settle-early-2]
// *** Execute ***
// Launch: 1 / 1
// Execute: dotnet PlutusBench-ShortRun-1.dll --anonymousPipes 113 114 --benchmarkName "PlutusUseCasesBenchmarks.DecodeAndEval(Script: \"future-settle-early-2\")" --job ShortRun --benchmarkId 36 in /bench/chrysalis/benchmarks/PlutusBench/bin/Release/net10.0/PlutusBench-ShortRun-1/bin/Release/net10.0
// BeforeAnythingElse

// Benchmark Process Environment Information:
// BenchmarkDotNet v0.15.8
// Runtime=.NET 10.0.12 (10.0.12, 10.0.1226.42308), X64 RyuJIT x86-64-v4
// GC=Concurrent Workstation
// HardwareIntrinsics=AVX512 BITALG+VBMI2+VNNI+VPOPCNTDQ,AVX512 IFMA+VBMI,AVX512 F+BW+CD+DQ+VL,AVX2+BMI1+BMI2+F16C+FMA+LZCNT+MOVBE,AVX,SSE3+SSSE3+SSE4.1+SSE4.2+POPCNT,X86Base+SSE+SSE2,AES+PCLMUL VectorSize=256
// Job: ShortRun(IterationCount=3, LaunchCount=1, MinIterationCount=50, WarmupCount=3)

OverheadJitting  1: 1 op, 152717.00 ns, 152.7170 us/op
WorkloadJitting  1: 1 op, 16901726.00 ns, 16.9017 ms/op

OverheadJitting  2: 16 op, 331858.00 ns, 20.7411 us/op
WorkloadJitting  2: 16 op, 29516194.00 ns, 1.8448 ms/op

WorkloadPilot    1: 16 op, 28095019.00 ns, 1.7559 ms/op
WorkloadPilot    2: 32 op, 53507557.00 ns, 1.6721 ms/op
WorkloadPilot    3: 64 op, 103011754.00 ns, 1.6096 ms/op
WorkloadPilot    4: 128 op, 153532974.00 ns, 1.1995 ms/op
WorkloadPilot    5: 256 op, 160746092.00 ns, 627.9144 us/op
WorkloadPilot    6: 512 op, 298334726.00 ns, 582.6850 us/op
WorkloadPilot    7: 1024 op, 585538470.00 ns, 571.8149 us/op

OverheadWarmup   1: 1024 op, 5190.00 ns, 5.0684 ns/op
OverheadWarmup   2: 1024 op, 3923.00 ns, 3.8311 ns/op
OverheadWarmup   3: 1024 op, 4060.00 ns, 3.9648 ns/op
OverheadWarmup   4: 1024 op, 4056.00 ns, 3.9609 ns/op
OverheadWarmup   5: 1024 op, 4114.00 ns, 4.0176 ns/op
OverheadWarmup   6: 1024 op, 4107.00 ns, 4.0107 ns/op

OverheadActual   1: 1024 op, 4111.00 ns, 4.0146 ns/op
OverheadActual   2: 1024 op, 3983.00 ns, 3.8896 ns/op
OverheadActual   3: 1024 op, 4018.00 ns, 3.9238 ns/op
OverheadActual   4: 1024 op, 4139.00 ns, 4.0420 ns/op
OverheadActual   5: 1024 op, 4014.00 ns, 3.9199 ns/op
OverheadActual   6: 1024 op, 4116.00 ns, 4.0195 ns/op
OverheadActual   7: 1024 op, 4149.00 ns, 4.0518 ns/op
OverheadActual   8: 1024 op, 4085.00 ns, 3.9893 ns/op
OverheadActual   9: 1024 op, 4189.00 ns, 4.0908 ns/op
OverheadActual  10: 1024 op, 4096.00 ns, 4.0000 ns/op
OverheadActual  11: 1024 op, 4109.00 ns, 4.0127 ns/op
OverheadActual  12: 1024 op, 4210.00 ns, 4.1113 ns/op
OverheadActual  13: 1024 op, 4096.00 ns, 4.0000 ns/op
OverheadActual  14: 1024 op, 4112.00 ns, 4.0156 ns/op
OverheadActual  15: 1024 op, 4104.00 ns, 4.0078 ns/op
OverheadActual  16: 1024 op, 4099.00 ns, 4.0029 ns/op
OverheadActual  17: 1024 op, 4100.00 ns, 4.0039 ns/op
OverheadActual  18: 1024 op, 4159.00 ns, 4.0615 ns/op
OverheadActual  19: 1024 op, 4136.00 ns, 4.0391 ns/op
OverheadActual  20: 1024 op, 4114.00 ns, 4.0176 ns/op

WorkloadWarmup   1: 1024 op, 590307582.00 ns, 576.4722 us/op
WorkloadWarmup   2: 1024 op, 592669306.00 ns, 578.7786 us/op
WorkloadWarmup   3: 1024 op, 584931751.00 ns, 571.2224 us/op

// BeforeActualRun
WorkloadActual   1: 1024 op, 587222034.00 ns, 573.4590 us/op
WorkloadActual   2: 1024 op, 610725651.00 ns, 596.4118 us/op
WorkloadActual   3: 1024 op, 752089122.00 ns, 734.4620 us/op

// AfterActualRun
WorkloadResult   1: 1024 op, 587217924.00 ns, 573.4550 us/op
WorkloadResult   2: 1024 op, 610721541.00 ns, 596.4078 us/op
WorkloadResult   3: 1024 op, 752085012.00 ns, 734.4580 us/op
// GC:  114 37 0 961576960 1024
// Threading:  0 0 1024

// AfterAll
// Benchmark Process 934 has exited with code 0.

Mean = 634.774 us, StdErr = 50.281 us (7.92%), N = 3, StdDev = 87.089 us
Min = 573.455 us, Q1 = 584.931 us, Median = 596.408 us, Q3 = 665.433 us, Max = 734.458 us
IQR = 80.502 us, LowerFence = 464.179 us, UpperFence = 786.185 us
ConfidenceInterval = [-954.049 us; 2,223.596 us] (CI 99.9%), Margin = 1,588.823 us (250.30% of Mean)
Skewness = 0.36, Kurtosis = 0.67, MValue = 2

// ** Remained 52 (58.4 %) benchmark(s) to run. Estimated finish 2026-10-07 19:44 (0h 6m from now) **
// **************************
// Benchmark: PlutusUseCasesBenchmarks.DecodeAndEval: ShortRun(IterationCount=3, LaunchCount=1, MinIterationCount=50, WarmupCount=3) [Script=future-settle-early-3]
// *** Execute ***
// Launch: 1 / 1
// Execute: dotnet PlutusBench-ShortRun-1.dll --anonymousPipes 113 114 --benchmarkName "PlutusUseCasesBenchmarks.DecodeAndEval(Script: \"future-settle-early-3\")" --job ShortRun --benchmarkId 37 in /bench/chrysalis/benchmarks/PlutusBench/bin/Release/net10.0/PlutusBench-ShortRun-1/bin/Release/net10.0
// BeforeAnythingElse

// Benchmark Process Environment Information:
// BenchmarkDotNet v0.15.8
// Runtime=.NET 10.0.12 (10.0.12, 10.0.1226.42308), X64 RyuJIT x86-64-v4
// GC=Concurrent Workstation
// HardwareIntrinsics=AVX512 BITALG+VBMI2+VNNI+VPOPCNTDQ,AVX512 IFMA+VBMI,AVX512 F+BW+CD+DQ+VL,AVX2+BMI1+BMI2+F16C+FMA+LZCNT+MOVBE,AVX,SSE3+SSSE3+SSE4.1+SSE4.2+POPCNT,X86Base+SSE+SSE2,AES+PCLMUL VectorSize=256
// Job: ShortRun(IterationCount=3, LaunchCount=1, MinIterationCount=50, WarmupCount=3)

OverheadJitting  1: 1 op, 182832.00 ns, 182.8320 us/op
WorkloadJitting  1: 1 op, 21531420.00 ns, 21.5314 ms/op

OverheadJitting  2: 16 op, 453049.00 ns, 28.3156 us/op
WorkloadJitting  2: 16 op, 41377250.00 ns, 2.5861 ms/op

WorkloadPilot    1: 16 op, 39752597.00 ns, 2.4845 ms/op
WorkloadPilot    2: 32 op, 77406996.00 ns, 2.4190 ms/op
WorkloadPilot    3: 64 op, 105695964.00 ns, 1.6515 ms/op
WorkloadPilot    4: 128 op, 111784840.00 ns, 873.3191 us/op
WorkloadPilot    5: 256 op, 152671303.00 ns, 596.3723 us/op
WorkloadPilot    6: 512 op, 289464447.00 ns, 565.3602 us/op
WorkloadPilot    7: 1024 op, 575770570.00 ns, 562.2759 us/op

OverheadWarmup   1: 1024 op, 5153.00 ns, 5.0322 ns/op
OverheadWarmup   2: 1024 op, 4046.00 ns, 3.9512 ns/op
OverheadWarmup   3: 1024 op, 4034.00 ns, 3.9395 ns/op
OverheadWarmup   4: 1024 op, 4100.00 ns, 4.0039 ns/op
OverheadWarmup   5: 1024 op, 4051.00 ns, 3.9561 ns/op
OverheadWarmup   6: 1024 op, 4030.00 ns, 3.9355 ns/op
OverheadWarmup   7: 1024 op, 4093.00 ns, 3.9971 ns/op
OverheadWarmup   8: 1024 op, 4058.00 ns, 3.9629 ns/op

OverheadActual   1: 1024 op, 4244.00 ns, 4.1445 ns/op
OverheadActual   2: 1024 op, 3995.00 ns, 3.9014 ns/op
OverheadActual   3: 1024 op, 3997.00 ns, 3.9033 ns/op
OverheadActual   4: 1024 op, 4174.00 ns, 4.0762 ns/op
OverheadActual   5: 1024 op, 4031.00 ns, 3.9365 ns/op
OverheadActual   6: 1024 op, 4148.00 ns, 4.0508 ns/op
OverheadActual   7: 1024 op, 4186.00 ns, 4.0879 ns/op
OverheadActual   8: 1024 op, 4134.00 ns, 4.0371 ns/op
OverheadActual   9: 1024 op, 4156.00 ns, 4.0586 ns/op
OverheadActual  10: 1024 op, 4159.00 ns, 4.0615 ns/op
OverheadActual  11: 1024 op, 4091.00 ns, 3.9951 ns/op
OverheadActual  12: 1024 op, 4115.00 ns, 4.0186 ns/op
OverheadActual  13: 1024 op, 4181.00 ns, 4.0830 ns/op
OverheadActual  14: 1024 op, 4222.00 ns, 4.1230 ns/op
OverheadActual  15: 1024 op, 4167.00 ns, 4.0693 ns/op
OverheadActual  16: 1024 op, 4205.00 ns, 4.1064 ns/op
OverheadActual  17: 1024 op, 4160.00 ns, 4.0625 ns/op
OverheadActual  18: 1024 op, 4279.00 ns, 4.1787 ns/op
OverheadActual  19: 1024 op, 4208.00 ns, 4.1094 ns/op
OverheadActual  20: 1024 op, 4163.00 ns, 4.0654 ns/op

WorkloadWarmup   1: 1024 op, 584279778.00 ns, 570.5857 us/op
WorkloadWarmup   2: 1024 op, 581875043.00 ns, 568.2373 us/op
WorkloadWarmup   3: 1024 op, 577961689.00 ns, 564.4157 us/op

// BeforeActualRun
WorkloadActual   1: 1024 op, 582367894.00 ns, 568.7186 us/op
WorkloadActual   2: 1024 op, 579110851.00 ns, 565.5379 us/op
WorkloadActual   3: 1024 op, 579062918.00 ns, 565.4911 us/op

// AfterActualRun
WorkloadResult   1: 1024 op, 582363732.50 ns, 568.7146 us/op
WorkloadResult   2: 1024 op, 579106689.50 ns, 565.5339 us/op
WorkloadResult   3: 1024 op, 579058756.50 ns, 565.4871 us/op
// GC:  114 37 0 961576960 1024
// Threading:  0 0 1024

// AfterAll
// Benchmark Process 941 has exited with code 0.

Mean = 566.579 us, StdErr = 1.068 us (0.19%), N = 3, StdDev = 1.850 us
Min = 565.487 us, Q1 = 565.510 us, Median = 565.534 us, Q3 = 567.124 us, Max = 568.715 us
IQR = 1.614 us, LowerFence = 563.090 us, UpperFence = 569.545 us
ConfidenceInterval = [532.827 us; 600.330 us] (CI 99.9%), Margin = 33.752 us (5.96% of Mean)
Skewness = 0.38, Kurtosis = 0.67, MValue = 2

// ** Remained 51 (57.3 %) benchmark(s) to run. Estimated finish 2026-10-07 19:43 (0h 6m from now) **
// **************************
// Benchmark: PlutusUseCasesBenchmarks.DecodeAndEval: ShortRun(IterationCount=3, LaunchCount=1, MinIterationCount=50, WarmupCount=3) [Script=future-settle-early-4]
// *** Execute ***
// Launch: 1 / 1
// Execute: dotnet PlutusBench-ShortRun-1.dll --anonymousPipes 113 114 --benchmarkName "PlutusUseCasesBenchmarks.DecodeAndEval(Script: \"future-settle-early-4\")" --job ShortRun --benchmarkId 38 in /bench/chrysalis/benchmarks/PlutusBench/bin/Release/net10.0/PlutusBench-ShortRun-1/bin/Release/net10.0
// BeforeAnythingElse

// Benchmark Process Environment Information:
// BenchmarkDotNet v0.15.8
// Runtime=.NET 10.0.12 (10.0.12, 10.0.1226.42308), X64 RyuJIT x86-64-v4
// GC=Concurrent Workstation
// HardwareIntrinsics=AVX512 BITALG+VBMI2+VNNI+VPOPCNTDQ,AVX512 IFMA+VBMI,AVX512 F+BW+CD+DQ+VL,AVX2+BMI1+BMI2+F16C+FMA+LZCNT+MOVBE,AVX,SSE3+SSSE3+SSE4.1+SSE4.2+POPCNT,X86Base+SSE+SSE2,AES+PCLMUL VectorSize=256
// Job: ShortRun(IterationCount=3, LaunchCount=1, MinIterationCount=50, WarmupCount=3)

OverheadJitting  1: 1 op, 149863.00 ns, 149.8630 us/op
WorkloadJitting  1: 1 op, 37506405.00 ns, 37.5064 ms/op

WorkloadPilot    1: 2 op, 5438749.00 ns, 2.7194 ms/op
WorkloadPilot    2: 3 op, 7416373.00 ns, 2.4721 ms/op
WorkloadPilot    3: 4 op, 9004973.00 ns, 2.2512 ms/op
WorkloadPilot    4: 5 op, 11822309.00 ns, 2.3645 ms/op
WorkloadPilot    5: 6 op, 13578260.00 ns, 2.2630 ms/op
WorkloadPilot    6: 7 op, 15504977.00 ns, 2.2150 ms/op
WorkloadPilot    7: 8 op, 17906380.00 ns, 2.2383 ms/op
WorkloadPilot    8: 9 op, 19444331.00 ns, 2.1605 ms/op
WorkloadPilot    9: 10 op, 21434570.00 ns, 2.1435 ms/op
WorkloadPilot   10: 11 op, 23543428.00 ns, 2.1403 ms/op
WorkloadPilot   11: 12 op, 25456333.00 ns, 2.1214 ms/op
WorkloadPilot   12: 13 op, 32465226.00 ns, 2.4973 ms/op
WorkloadPilot   13: 14 op, 33319125.00 ns, 2.3799 ms/op
WorkloadPilot   14: 15 op, 34652466.00 ns, 2.3102 ms/op
WorkloadPilot   15: 16 op, 36316514.00 ns, 2.2698 ms/op
WorkloadPilot   16: 32 op, 72719090.00 ns, 2.2725 ms/op
WorkloadPilot   17: 64 op, 87771067.00 ns, 1.3714 ms/op
WorkloadPilot   18: 128 op, 123140154.00 ns, 962.0325 us/op
WorkloadPilot   19: 256 op, 217853117.00 ns, 850.9887 us/op
WorkloadPilot   20: 512 op, 413438381.00 ns, 807.4968 us/op
WorkloadPilot   21: 1024 op, 822616133.00 ns, 803.3361 us/op

WorkloadWarmup   1: 1024 op, 823191455.00 ns, 803.8979 us/op
WorkloadWarmup   2: 1024 op, 824840531.00 ns, 805.5083 us/op
WorkloadWarmup   3: 1024 op, 825497186.00 ns, 806.1496 us/op

// BeforeActualRun
WorkloadActual   1: 1024 op, 823078623.00 ns, 803.7877 us/op
WorkloadActual   2: 1024 op, 826024439.00 ns, 806.6645 us/op
WorkloadActual   3: 1024 op, 825344651.00 ns, 806.0006 us/op

// AfterActualRun
WorkloadResult   1: 1024 op, 823078623.00 ns, 803.7877 us/op
WorkloadResult   2: 1024 op, 826024439.00 ns, 806.6645 us/op
WorkloadResult   3: 1024 op, 825344651.00 ns, 806.0006 us/op
// GC:  136 65 0 1144930304 1024
// Threading:  0 0 1024

// AfterAll
// Benchmark Process 949 has exited with code 0.

Mean = 805.484 us, StdErr = 0.870 us (0.11%), N = 3, StdDev = 1.506 us
Min = 803.788 us, Q1 = 804.894 us, Median = 806.001 us, Q3 = 806.333 us, Max = 806.664 us
IQR = 1.438 us, LowerFence = 802.737 us, UpperFence = 808.490 us
ConfidenceInterval = [778.004 us; 832.965 us] (CI 99.9%), Margin = 27.480 us (3.41% of Mean)
Skewness = -0.3, Kurtosis = 0.67, MValue = 2

// ** Remained 50 (56.2 %) benchmark(s) to run. Estimated finish 2026-10-07 19:43 (0h 5m from now) **
// **************************
// Benchmark: PlutusUseCasesBenchmarks.DecodeAndEval: ShortRun(IterationCount=3, LaunchCount=1, MinIterationCount=50, WarmupCount=3) [Script=game-sm-success_1-1]
// *** Execute ***
// Launch: 1 / 1
// Execute: dotnet PlutusBench-ShortRun-1.dll --anonymousPipes 113 114 --benchmarkName "PlutusUseCasesBenchmarks.DecodeAndEval(Script: \"game-sm-success_1-1\")" --job ShortRun --benchmarkId 39 in /bench/chrysalis/benchmarks/PlutusBench/bin/Release/net10.0/PlutusBench-ShortRun-1/bin/Release/net10.0
// BeforeAnythingElse

// Benchmark Process Environment Information:
// BenchmarkDotNet v0.15.8
// Runtime=.NET 10.0.12 (10.0.12, 10.0.1226.42308), X64 RyuJIT x86-64-v4
// GC=Concurrent Workstation
// HardwareIntrinsics=AVX512 BITALG+VBMI2+VNNI+VPOPCNTDQ,AVX512 IFMA+VBMI,AVX512 F+BW+CD+DQ+VL,AVX2+BMI1+BMI2+F16C+FMA+LZCNT+MOVBE,AVX,SSE3+SSSE3+SSE4.1+SSE4.2+POPCNT,X86Base+SSE+SSE2,AES+PCLMUL VectorSize=256
// Job: ShortRun(IterationCount=3, LaunchCount=1, MinIterationCount=50, WarmupCount=3)

OverheadJitting  1: 1 op, 149381.00 ns, 149.3810 us/op
WorkloadJitting  1: 1 op, 17567866.00 ns, 17.5679 ms/op

OverheadJitting  2: 16 op, 369652.00 ns, 23.1033 us/op
WorkloadJitting  2: 16 op, 24494820.00 ns, 1.5309 ms/op

WorkloadPilot    1: 16 op, 22301199.00 ns, 1.3938 ms/op
WorkloadPilot    2: 32 op, 43877174.00 ns, 1.3712 ms/op
WorkloadPilot    3: 64 op, 82254926.00 ns, 1.2852 ms/op
WorkloadPilot    4: 128 op, 129532407.00 ns, 1.0120 ms/op
WorkloadPilot    5: 256 op, 147563562.00 ns, 576.4202 us/op
WorkloadPilot    6: 512 op, 250147918.00 ns, 488.5702 us/op
WorkloadPilot    7: 1024 op, 500130595.00 ns, 488.4088 us/op

OverheadWarmup   1: 1024 op, 4888.00 ns, 4.7734 ns/op
OverheadWarmup   2: 1024 op, 3956.00 ns, 3.8633 ns/op
OverheadWarmup   3: 1024 op, 3898.00 ns, 3.8066 ns/op
OverheadWarmup   4: 1024 op, 3856.00 ns, 3.7656 ns/op
OverheadWarmup   5: 1024 op, 3871.00 ns, 3.7803 ns/op
OverheadWarmup   6: 1024 op, 3907.00 ns, 3.8154 ns/op
OverheadWarmup   7: 1024 op, 3916.00 ns, 3.8242 ns/op
OverheadWarmup   8: 1024 op, 3854.00 ns, 3.7637 ns/op
OverheadWarmup   9: 1024 op, 3867.00 ns, 3.7764 ns/op
OverheadWarmup  10: 1024 op, 3883.00 ns, 3.7920 ns/op

OverheadActual   1: 1024 op, 4086.00 ns, 3.9902 ns/op
OverheadActual   2: 1024 op, 3976.00 ns, 3.8828 ns/op
OverheadActual   3: 1024 op, 4062.00 ns, 3.9668 ns/op
OverheadActual   4: 1024 op, 4151.00 ns, 4.0537 ns/op
OverheadActual   5: 1024 op, 4051.00 ns, 3.9561 ns/op
OverheadActual   6: 1024 op, 4177.00 ns, 4.0791 ns/op
OverheadActual   7: 1024 op, 4153.00 ns, 4.0557 ns/op
OverheadActual   8: 1024 op, 4190.00 ns, 4.0918 ns/op
OverheadActual   9: 1024 op, 4206.00 ns, 4.1074 ns/op
OverheadActual  10: 1024 op, 4103.00 ns, 4.0068 ns/op
OverheadActual  11: 1024 op, 4138.00 ns, 4.0410 ns/op
OverheadActual  12: 1024 op, 17169.00 ns, 16.7666 ns/op
OverheadActual  13: 1024 op, 4143.00 ns, 4.0459 ns/op
OverheadActual  14: 1024 op, 4141.00 ns, 4.0439 ns/op
OverheadActual  15: 1024 op, 4140.00 ns, 4.0430 ns/op
OverheadActual  16: 1024 op, 16979.00 ns, 16.5811 ns/op
OverheadActual  17: 1024 op, 4069.00 ns, 3.9736 ns/op
OverheadActual  18: 1024 op, 3969.00 ns, 3.8760 ns/op
OverheadActual  19: 1024 op, 4228.00 ns, 4.1289 ns/op
OverheadActual  20: 1024 op, 4228.00 ns, 4.1289 ns/op

WorkloadWarmup   1: 1024 op, 504597971.00 ns, 492.7715 us/op
WorkloadWarmup   2: 1024 op, 503689711.00 ns, 491.8845 us/op
WorkloadWarmup   3: 1024 op, 499524324.00 ns, 487.8167 us/op

// BeforeActualRun
WorkloadActual   1: 1024 op, 499337527.00 ns, 487.6343 us/op
WorkloadActual   2: 1024 op, 500668349.00 ns, 488.9339 us/op
WorkloadActual   3: 1024 op, 502115698.00 ns, 490.3474 us/op

// AfterActualRun
WorkloadResult   1: 1024 op, 499333385.00 ns, 487.6303 us/op
WorkloadResult   2: 1024 op, 500664207.00 ns, 488.9299 us/op
WorkloadResult   3: 1024 op, 502111556.00 ns, 490.3433 us/op
// GC:  101 43 0 852279296 1024
// Threading:  0 0 1024

// AfterAll
// Benchmark Process 957 has exited with code 0.

Mean = 488.968 us, StdErr = 0.783 us (0.16%), N = 3, StdDev = 1.357 us
Min = 487.630 us, Q1 = 488.280 us, Median = 488.930 us, Q3 = 489.637 us, Max = 490.343 us
IQR = 1.357 us, LowerFence = 486.245 us, UpperFence = 491.671 us
ConfidenceInterval = [464.212 us; 513.723 us] (CI 99.9%), Margin = 24.755 us (5.06% of Mean)
Skewness = 0.03, Kurtosis = 0.67, MValue = 2

// ** Remained 49 (55.1 %) benchmark(s) to run. Estimated finish 2026-10-07 19:43 (0h 5m from now) **
// **************************
// Benchmark: PlutusUseCasesBenchmarks.DecodeAndEval: ShortRun(IterationCount=3, LaunchCount=1, MinIterationCount=50, WarmupCount=3) [Script=game-sm-success_1-2]
// *** Execute ***
// Launch: 1 / 1
// Execute: dotnet PlutusBench-ShortRun-1.dll --anonymousPipes 113 114 --benchmarkName "PlutusUseCasesBenchmarks.DecodeAndEval(Script: \"game-sm-success_1-2\")" --job ShortRun --benchmarkId 40 in /bench/chrysalis/benchmarks/PlutusBench/bin/Release/net10.0/PlutusBench-ShortRun-1/bin/Release/net10.0
// BeforeAnythingElse

// Benchmark Process Environment Information:
// BenchmarkDotNet v0.15.8
// Runtime=.NET 10.0.12 (10.0.12, 10.0.1226.42308), X64 RyuJIT x86-64-v4
// GC=Concurrent Workstation
// HardwareIntrinsics=AVX512 BITALG+VBMI2+VNNI+VPOPCNTDQ,AVX512 IFMA+VBMI,AVX512 F+BW+CD+DQ+VL,AVX2+BMI1+BMI2+F16C+FMA+LZCNT+MOVBE,AVX,SSE3+SSSE3+SSE4.1+SSE4.2+POPCNT,X86Base+SSE+SSE2,AES+PCLMUL VectorSize=256
// Job: ShortRun(IterationCount=3, LaunchCount=1, MinIterationCount=50, WarmupCount=3)

OverheadJitting  1: 1 op, 155421.00 ns, 155.4210 us/op
WorkloadJitting  1: 1 op, 15298856.00 ns, 15.2989 ms/op

OverheadJitting  2: 16 op, 324957.00 ns, 20.3098 us/op
WorkloadJitting  2: 16 op, 12485822.00 ns, 780.3639 us/op

WorkloadPilot    1: 16 op, 11089998.00 ns, 693.1249 us/op
WorkloadPilot    2: 32 op, 20143652.00 ns, 629.4891 us/op
WorkloadPilot    3: 64 op, 41730813.00 ns, 652.0440 us/op
WorkloadPilot    4: 128 op, 77446914.00 ns, 605.0540 us/op
WorkloadPilot    5: 256 op, 118334098.00 ns, 462.2426 us/op
WorkloadPilot    6: 512 op, 132293890.00 ns, 258.3865 us/op
WorkloadPilot    7: 1024 op, 212508842.00 ns, 207.5282 us/op
WorkloadPilot    8: 2048 op, 414713073.00 ns, 202.4966 us/op
WorkloadPilot    9: 4096 op, 830932634.00 ns, 202.8644 us/op

OverheadWarmup   1: 4096 op, 15745.00 ns, 3.8440 ns/op
OverheadWarmup   2: 4096 op, 24555.00 ns, 5.9949 ns/op
OverheadWarmup   3: 4096 op, 15097.00 ns, 3.6858 ns/op
OverheadWarmup   4: 4096 op, 15064.00 ns, 3.6777 ns/op
OverheadWarmup   5: 4096 op, 15103.00 ns, 3.6873 ns/op
OverheadWarmup   6: 4096 op, 15115.00 ns, 3.6902 ns/op
OverheadWarmup   7: 4096 op, 15599.00 ns, 3.8083 ns/op
OverheadWarmup   8: 4096 op, 15713.00 ns, 3.8362 ns/op
OverheadWarmup   9: 4096 op, 15981.00 ns, 3.9016 ns/op
OverheadWarmup  10: 4096 op, 16020.00 ns, 3.9111 ns/op

OverheadActual   1: 4096 op, 16006.00 ns, 3.9077 ns/op
OverheadActual   2: 4096 op, 15310.00 ns, 3.7378 ns/op
OverheadActual   3: 4096 op, 15174.00 ns, 3.7046 ns/op
OverheadActual   4: 4096 op, 15803.00 ns, 3.8582 ns/op
OverheadActual   5: 4096 op, 15142.00 ns, 3.6968 ns/op
OverheadActual   6: 4096 op, 46998.00 ns, 11.4741 ns/op
OverheadActual   7: 4096 op, 15676.00 ns, 3.8271 ns/op
OverheadActual   8: 4096 op, 46425.00 ns, 11.3342 ns/op
OverheadActual   9: 4096 op, 15756.00 ns, 3.8467 ns/op
OverheadActual  10: 4096 op, 29444.00 ns, 7.1885 ns/op
OverheadActual  11: 4096 op, 29420.00 ns, 7.1826 ns/op
OverheadActual  12: 4096 op, 16116.00 ns, 3.9346 ns/op
OverheadActual  13: 4096 op, 15855.00 ns, 3.8708 ns/op
OverheadActual  14: 4096 op, 16142.00 ns, 3.9409 ns/op
OverheadActual  15: 4096 op, 16092.00 ns, 3.9287 ns/op
OverheadActual  16: 4096 op, 16099.00 ns, 3.9304 ns/op
OverheadActual  17: 4096 op, 16130.00 ns, 3.9380 ns/op
OverheadActual  18: 4096 op, 16241.00 ns, 3.9651 ns/op
OverheadActual  19: 4096 op, 16174.00 ns, 3.9487 ns/op
OverheadActual  20: 4096 op, 28980.00 ns, 7.0752 ns/op

WorkloadWarmup   1: 4096 op, 836995202.00 ns, 204.3445 us/op
WorkloadWarmup   2: 4096 op, 836725144.00 ns, 204.2786 us/op
WorkloadWarmup   3: 4096 op, 829922557.00 ns, 202.6178 us/op

// BeforeActualRun
WorkloadActual   1: 4096 op, 832179433.00 ns, 203.1688 us/op
WorkloadActual   2: 4096 op, 832532659.00 ns, 203.2550 us/op
WorkloadActual   3: 4096 op, 833369585.00 ns, 203.4594 us/op

// AfterActualRun
WorkloadResult   1: 4096 op, 832163325.50 ns, 203.1649 us/op
WorkloadResult   2: 4096 op, 832516551.50 ns, 203.2511 us/op
WorkloadResult   3: 4096 op, 833353477.50 ns, 203.4554 us/op
// GC:  202 55 0 1697611776 4096
// Threading:  0 0 4096

// AfterAll
// Benchmark Process 965 has exited with code 0.

Mean = 203.290 us, StdErr = 0.086 us (0.04%), N = 3, StdDev = 0.149 us
Min = 203.165 us, Q1 = 203.208 us, Median = 203.251 us, Q3 = 203.353 us, Max = 203.455 us
IQR = 0.145 us, LowerFence = 202.990 us, UpperFence = 203.571 us
ConfidenceInterval = [200.568 us; 206.013 us] (CI 99.9%), Margin = 2.722 us (1.34% of Mean)
Skewness = 0.25, Kurtosis = 0.67, MValue = 2

// ** Remained 48 (53.9 %) benchmark(s) to run. Estimated finish 2026-10-07 19:43 (0h 5m from now) **
// **************************
// Benchmark: PlutusUseCasesBenchmarks.DecodeAndEval: ShortRun(IterationCount=3, LaunchCount=1, MinIterationCount=50, WarmupCount=3) [Script=game-sm-success_1-3]
// *** Execute ***
// Launch: 1 / 1
// Execute: dotnet PlutusBench-ShortRun-1.dll --anonymousPipes 113 114 --benchmarkName "PlutusUseCasesBenchmarks.DecodeAndEval(Script: \"game-sm-success_1-3\")" --job ShortRun --benchmarkId 41 in /bench/chrysalis/benchmarks/PlutusBench/bin/Release/net10.0/PlutusBench-ShortRun-1/bin/Release/net10.0
// BeforeAnythingElse

// Benchmark Process Environment Information:
// BenchmarkDotNet v0.15.8
// Runtime=.NET 10.0.12 (10.0.12, 10.0.1226.42308), X64 RyuJIT x86-64-v4
// GC=Concurrent Workstation
// HardwareIntrinsics=AVX512 BITALG+VBMI2+VNNI+VPOPCNTDQ,AVX512 IFMA+VBMI,AVX512 F+BW+CD+DQ+VL,AVX2+BMI1+BMI2+F16C+FMA+LZCNT+MOVBE,AVX,SSE3+SSSE3+SSE4.1+SSE4.2+POPCNT,X86Base+SSE+SSE2,AES+PCLMUL VectorSize=256
// Job: ShortRun(IterationCount=3, LaunchCount=1, MinIterationCount=50, WarmupCount=3)

OverheadJitting  1: 1 op, 157547.00 ns, 157.5470 us/op
WorkloadJitting  1: 1 op, 20544890.00 ns, 20.5449 ms/op

OverheadJitting  2: 16 op, 331220.00 ns, 20.7013 us/op
WorkloadJitting  2: 16 op, 37716239.00 ns, 2.3573 ms/op

WorkloadPilot    1: 16 op, 36073759.00 ns, 2.2546 ms/op
WorkloadPilot    2: 32 op, 67296518.00 ns, 2.1030 ms/op
WorkloadPilot    3: 64 op, 147247074.00 ns, 2.3007 ms/op
WorkloadPilot    4: 128 op, 142133711.00 ns, 1.1104 ms/op
WorkloadPilot    5: 256 op, 198450364.00 ns, 775.1967 us/op
WorkloadPilot    6: 512 op, 382866681.00 ns, 747.7865 us/op
WorkloadPilot    7: 1024 op, 763809129.00 ns, 745.9074 us/op

OverheadWarmup   1: 1024 op, 4824.00 ns, 4.7109 ns/op
OverheadWarmup   2: 1024 op, 4164.00 ns, 4.0664 ns/op
OverheadWarmup   3: 1024 op, 20524.00 ns, 20.0430 ns/op
OverheadWarmup   4: 1024 op, 4100.00 ns, 4.0039 ns/op
OverheadWarmup   5: 1024 op, 4146.00 ns, 4.0488 ns/op
OverheadWarmup   6: 1024 op, 4173.00 ns, 4.0752 ns/op
OverheadWarmup   7: 1024 op, 3993.00 ns, 3.8994 ns/op

OverheadActual   1: 1024 op, 4319.00 ns, 4.2178 ns/op
OverheadActual   2: 1024 op, 4113.00 ns, 4.0166 ns/op
OverheadActual   3: 1024 op, 4125.00 ns, 4.0283 ns/op
OverheadActual   4: 1024 op, 4270.00 ns, 4.1699 ns/op
OverheadActual   5: 1024 op, 4101.00 ns, 4.0049 ns/op
OverheadActual   6: 1024 op, 4225.00 ns, 4.1260 ns/op
OverheadActual   7: 1024 op, 20216.00 ns, 19.7422 ns/op
OverheadActual   8: 1024 op, 4197.00 ns, 4.0986 ns/op
OverheadActual   9: 1024 op, 4343.00 ns, 4.2412 ns/op
OverheadActual  10: 1024 op, 4156.00 ns, 4.0586 ns/op
OverheadActual  11: 1024 op, 4177.00 ns, 4.0791 ns/op
OverheadActual  12: 1024 op, 4196.00 ns, 4.0977 ns/op
OverheadActual  13: 1024 op, 4091.00 ns, 3.9951 ns/op
OverheadActual  14: 1024 op, 4142.00 ns, 4.0449 ns/op
OverheadActual  15: 1024 op, 4089.00 ns, 3.9932 ns/op
OverheadActual  16: 1024 op, 4203.00 ns, 4.1045 ns/op
OverheadActual  17: 1024 op, 4228.00 ns, 4.1289 ns/op
OverheadActual  18: 1024 op, 4311.00 ns, 4.2100 ns/op
OverheadActual  19: 1024 op, 4270.00 ns, 4.1699 ns/op
OverheadActual  20: 1024 op, 4230.00 ns, 4.1309 ns/op

WorkloadWarmup   1: 1024 op, 766823648.00 ns, 748.8512 us/op
WorkloadWarmup   2: 1024 op, 767529792.00 ns, 749.5408 us/op
WorkloadWarmup   3: 1024 op, 763479706.00 ns, 745.5857 us/op

// BeforeActualRun
WorkloadActual   1: 1024 op, 765950766.00 ns, 747.9988 us/op
WorkloadActual   2: 1024 op, 767772024.00 ns, 749.7774 us/op
WorkloadActual   3: 1024 op, 766862586.00 ns, 748.8892 us/op

// AfterActualRun
WorkloadResult   1: 1024 op, 765946566.00 ns, 747.9947 us/op
WorkloadResult   2: 1024 op, 767767824.00 ns, 749.7733 us/op
WorkloadResult   3: 1024 op, 766858386.00 ns, 748.8851 us/op
// GC:  140 61 0 1176141824 1024
// Threading:  0 0 1024

// AfterAll
// Benchmark Process 976 has exited with code 0.

Mean = 748.884 us, StdErr = 0.513 us (0.07%), N = 3, StdDev = 0.889 us
Min = 747.995 us, Q1 = 748.440 us, Median = 748.885 us, Q3 = 749.329 us, Max = 749.773 us
IQR = 0.889 us, LowerFence = 747.106 us, UpperFence = 750.663 us
ConfidenceInterval = [732.660 us; 765.108 us] (CI 99.9%), Margin = 16.224 us (2.17% of Mean)
Skewness = -0, Kurtosis = 0.67, MValue = 2

// ** Remained 47 (52.8 %) benchmark(s) to run. Estimated finish 2026-10-07 19:43 (0h 5m from now) **
// **************************
// Benchmark: PlutusUseCasesBenchmarks.DecodeAndEval: ShortRun(IterationCount=3, LaunchCount=1, MinIterationCount=50, WarmupCount=3) [Script=game-sm-success_1-4]
// *** Execute ***
// Launch: 1 / 1
// Execute: dotnet PlutusBench-ShortRun-1.dll --anonymousPipes 113 114 --benchmarkName "PlutusUseCasesBenchmarks.DecodeAndEval(Script: \"game-sm-success_1-4\")" --job ShortRun --benchmarkId 42 in /bench/chrysalis/benchmarks/PlutusBench/bin/Release/net10.0/PlutusBench-ShortRun-1/bin/Release/net10.0
// BeforeAnythingElse

// Benchmark Process Environment Information:
// BenchmarkDotNet v0.15.8
// Runtime=.NET 10.0.12 (10.0.12, 10.0.1226.42308), X64 RyuJIT x86-64-v4
// GC=Concurrent Workstation
// HardwareIntrinsics=AVX512 BITALG+VBMI2+VNNI+VPOPCNTDQ,AVX512 IFMA+VBMI,AVX512 F+BW+CD+DQ+VL,AVX2+BMI1+BMI2+F16C+FMA+LZCNT+MOVBE,AVX,SSE3+SSSE3+SSE4.1+SSE4.2+POPCNT,X86Base+SSE+SSE2,AES+PCLMUL VectorSize=256
// Job: ShortRun(IterationCount=3, LaunchCount=1, MinIterationCount=50, WarmupCount=3)

OverheadJitting  1: 1 op, 150549.00 ns, 150.5490 us/op
WorkloadJitting  1: 1 op, 15397901.00 ns, 15.3979 ms/op

OverheadJitting  2: 16 op, 341669.00 ns, 21.3543 us/op
WorkloadJitting  2: 16 op, 13923469.00 ns, 870.2168 us/op

WorkloadPilot    1: 16 op, 12367965.00 ns, 772.9978 us/op
WorkloadPilot    2: 32 op, 22779283.00 ns, 711.8526 us/op
WorkloadPilot    3: 64 op, 47572729.00 ns, 743.3239 us/op
WorkloadPilot    4: 128 op, 86817146.00 ns, 678.2590 us/op
WorkloadPilot    5: 256 op, 105089350.00 ns, 410.5053 us/op
WorkloadPilot    6: 512 op, 124335368.00 ns, 242.8425 us/op
WorkloadPilot    7: 1024 op, 240558023.00 ns, 234.9199 us/op
WorkloadPilot    8: 2048 op, 472510220.00 ns, 230.7179 us/op
WorkloadPilot    9: 4096 op, 1116260633.00 ns, 272.5246 us/op

OverheadWarmup   1: 4096 op, 15440.00 ns, 3.7695 ns/op
OverheadWarmup   2: 4096 op, 14441.00 ns, 3.5256 ns/op
OverheadWarmup   3: 4096 op, 14438.00 ns, 3.5249 ns/op
OverheadWarmup   4: 4096 op, 14455.00 ns, 3.5291 ns/op
OverheadWarmup   5: 4096 op, 14367.00 ns, 3.5076 ns/op
OverheadWarmup   6: 4096 op, 14545.00 ns, 3.5510 ns/op
OverheadWarmup   7: 4096 op, 14734.00 ns, 3.5972 ns/op
OverheadWarmup   8: 4096 op, 14444.00 ns, 3.5264 ns/op

OverheadActual   1: 4096 op, 14589.00 ns, 3.5618 ns/op
OverheadActual   2: 4096 op, 14557.00 ns, 3.5540 ns/op
OverheadActual   3: 4096 op, 14581.00 ns, 3.5598 ns/op
OverheadActual   4: 4096 op, 14478.00 ns, 3.5347 ns/op
OverheadActual   5: 4096 op, 14487.00 ns, 3.5369 ns/op
OverheadActual   6: 4096 op, 14452.00 ns, 3.5283 ns/op
OverheadActual   7: 4096 op, 14740.00 ns, 3.5986 ns/op
OverheadActual   8: 4096 op, 14447.00 ns, 3.5271 ns/op
OverheadActual   9: 4096 op, 14923.00 ns, 3.6433 ns/op
OverheadActual  10: 4096 op, 14491.00 ns, 3.5378 ns/op
OverheadActual  11: 4096 op, 14527.00 ns, 3.5466 ns/op
OverheadActual  12: 4096 op, 14599.00 ns, 3.5642 ns/op
OverheadActual  13: 4096 op, 14471.00 ns, 3.5330 ns/op
OverheadActual  14: 4096 op, 14537.00 ns, 3.5491 ns/op
OverheadActual  15: 4096 op, 14965.00 ns, 3.6536 ns/op
OverheadActual  16: 4096 op, 14524.00 ns, 3.5459 ns/op
OverheadActual  17: 4096 op, 14526.00 ns, 3.5464 ns/op
OverheadActual  18: 4096 op, 14477.00 ns, 3.5344 ns/op
OverheadActual  19: 4096 op, 14395.00 ns, 3.5144 ns/op
OverheadActual  20: 4096 op, 14401.00 ns, 3.5159 ns/op

WorkloadWarmup   1: 4096 op, 1241306551.00 ns, 303.0534 us/op
WorkloadWarmup   2: 4096 op, 960768781.00 ns, 234.5627 us/op
WorkloadWarmup   3: 4096 op, 936793037.00 ns, 228.7092 us/op

// BeforeActualRun
WorkloadActual   1: 4096 op, 928570636.00 ns, 226.7018 us/op
WorkloadActual   2: 4096 op, 934224751.00 ns, 228.0822 us/op
WorkloadActual   3: 4096 op, 933579812.00 ns, 227.9248 us/op

// AfterActualRun
WorkloadResult   1: 4096 op, 928556111.00 ns, 226.6983 us/op
WorkloadResult   2: 4096 op, 934210226.00 ns, 228.0787 us/op
WorkloadResult   3: 4096 op, 933565287.00 ns, 227.9212 us/op
// GC:  225 62 0 1885929472 4096
// Threading:  0 0 4096

// AfterAll
// Benchmark Process 983 has exited with code 0.

Mean = 227.566 us, StdErr = 0.436 us (0.19%), N = 3, StdDev = 0.756 us
Min = 226.698 us, Q1 = 227.310 us, Median = 227.921 us, Q3 = 228.000 us, Max = 228.079 us
IQR = 0.690 us, LowerFence = 226.274 us, UpperFence = 229.035 us
ConfidenceInterval = [213.780 us; 241.352 us] (CI 99.9%), Margin = 13.786 us (6.06% of Mean)
Skewness = -0.37, Kurtosis = 0.67, MValue = 2

// ** Remained 46 (51.7 %) benchmark(s) to run. Estimated finish 2026-10-07 19:44 (0h 5m from now) **
// **************************
// Benchmark: PlutusUseCasesBenchmarks.DecodeAndEval: ShortRun(IterationCount=3, LaunchCount=1, MinIterationCount=50, WarmupCount=3) [Script=game-sm-success_2-1]
// *** Execute ***
// Launch: 1 / 1
// Execute: dotnet PlutusBench-ShortRun-1.dll --anonymousPipes 113 114 --benchmarkName "PlutusUseCasesBenchmarks.DecodeAndEval(Script: \"game-sm-success_2-1\")" --job ShortRun --benchmarkId 43 in /bench/chrysalis/benchmarks/PlutusBench/bin/Release/net10.0/PlutusBench-ShortRun-1/bin/Release/net10.0
// BeforeAnythingElse

// Benchmark Process Environment Information:
// BenchmarkDotNet v0.15.8
// Runtime=.NET 10.0.12 (10.0.12, 10.0.1226.42308), X64 RyuJIT x86-64-v4
// GC=Concurrent Workstation
// HardwareIntrinsics=AVX512 BITALG+VBMI2+VNNI+VPOPCNTDQ,AVX512 IFMA+VBMI,AVX512 F+BW+CD+DQ+VL,AVX2+BMI1+BMI2+F16C+FMA+LZCNT+MOVBE,AVX,SSE3+SSSE3+SSE4.1+SSE4.2+POPCNT,X86Base+SSE+SSE2,AES+PCLMUL VectorSize=256
// Job: ShortRun(IterationCount=3, LaunchCount=1, MinIterationCount=50, WarmupCount=3)

OverheadJitting  1: 1 op, 156616.00 ns, 156.6160 us/op
WorkloadJitting  1: 1 op, 17139310.00 ns, 17.1393 ms/op

OverheadJitting  2: 16 op, 324281.00 ns, 20.2676 us/op
WorkloadJitting  2: 16 op, 24503268.00 ns, 1.5315 ms/op

WorkloadPilot    1: 16 op, 22486953.00 ns, 1.4054 ms/op
WorkloadPilot    2: 32 op, 44250394.00 ns, 1.3828 ms/op
WorkloadPilot    3: 64 op, 82810853.00 ns, 1.2939 ms/op
WorkloadPilot    4: 128 op, 126229540.00 ns, 986.1683 us/op
WorkloadPilot    5: 256 op, 150962433.00 ns, 589.6970 us/op
WorkloadPilot    6: 512 op, 253116501.00 ns, 494.3682 us/op
WorkloadPilot    7: 1024 op, 502777281.00 ns, 490.9934 us/op

OverheadWarmup   1: 1024 op, 4637.00 ns, 4.5283 ns/op
OverheadWarmup   2: 1024 op, 4117.00 ns, 4.0205 ns/op
OverheadWarmup   3: 1024 op, 12905.00 ns, 12.6025 ns/op
OverheadWarmup   4: 1024 op, 3902.00 ns, 3.8105 ns/op
OverheadWarmup   5: 1024 op, 3903.00 ns, 3.8115 ns/op
OverheadWarmup   6: 1024 op, 4083.00 ns, 3.9873 ns/op
OverheadWarmup   7: 1024 op, 3877.00 ns, 3.7861 ns/op

OverheadActual   1: 1024 op, 4227.00 ns, 4.1279 ns/op
OverheadActual   2: 1024 op, 4033.00 ns, 3.9385 ns/op
OverheadActual   3: 1024 op, 4011.00 ns, 3.9170 ns/op
OverheadActual   4: 1024 op, 4144.00 ns, 4.0469 ns/op
OverheadActual   5: 1024 op, 4051.00 ns, 3.9561 ns/op
OverheadActual   6: 1024 op, 4226.00 ns, 4.1270 ns/op
OverheadActual   7: 1024 op, 3898.00 ns, 3.8066 ns/op
OverheadActual   8: 1024 op, 3996.00 ns, 3.9023 ns/op
OverheadActual   9: 1024 op, 3993.00 ns, 3.8994 ns/op
OverheadActual  10: 1024 op, 4176.00 ns, 4.0781 ns/op
OverheadActual  11: 1024 op, 4107.00 ns, 4.0107 ns/op
OverheadActual  12: 1024 op, 4102.00 ns, 4.0059 ns/op
OverheadActual  13: 1024 op, 17240.00 ns, 16.8359 ns/op
OverheadActual  14: 1024 op, 4114.00 ns, 4.0176 ns/op
OverheadActual  15: 1024 op, 4083.00 ns, 3.9873 ns/op
OverheadActual  16: 1024 op, 4129.00 ns, 4.0322 ns/op
OverheadActual  17: 1024 op, 4152.00 ns, 4.0547 ns/op
OverheadActual  18: 1024 op, 4294.00 ns, 4.1934 ns/op
OverheadActual  19: 1024 op, 4228.00 ns, 4.1289 ns/op
OverheadActual  20: 1024 op, 4215.00 ns, 4.1162 ns/op

WorkloadWarmup   1: 1024 op, 507871353.00 ns, 495.9681 us/op
WorkloadWarmup   2: 1024 op, 510127974.00 ns, 498.1718 us/op
WorkloadWarmup   3: 1024 op, 502496934.00 ns, 490.7197 us/op

// BeforeActualRun
WorkloadActual   1: 1024 op, 503904348.00 ns, 492.0941 us/op
WorkloadActual   2: 1024 op, 506950074.00 ns, 495.0684 us/op
WorkloadActual   3: 1024 op, 506430171.00 ns, 494.5607 us/op

// AfterActualRun
WorkloadResult   1: 1024 op, 503900226.50 ns, 492.0901 us/op
WorkloadResult   2: 1024 op, 506945952.50 ns, 495.0644 us/op
WorkloadResult   3: 1024 op, 506426049.50 ns, 494.5567 us/op
// GC:  101 43 0 852279296 1024
// Threading:  0 0 1024

// AfterAll
// Benchmark Process 990 has exited with code 0.

Mean = 493.904 us, StdErr = 0.919 us (0.19%), N = 3, StdDev = 1.591 us
Min = 492.090 us, Q1 = 493.323 us, Median = 494.557 us, Q3 = 494.811 us, Max = 495.064 us
IQR = 1.487 us, LowerFence = 491.093 us, UpperFence = 497.041 us
ConfidenceInterval = [464.877 us; 522.930 us] (CI 99.9%), Margin = 29.027 us (5.88% of Mean)
Skewness = -0.34, Kurtosis = 0.67, MValue = 2

// ** Remained 45 (50.6 %) benchmark(s) to run. Estimated finish 2026-10-07 19:43 (0h 5m from now) **
// **************************
// Benchmark: PlutusUseCasesBenchmarks.DecodeAndEval: ShortRun(IterationCount=3, LaunchCount=1, MinIterationCount=50, WarmupCount=3) [Script=game-sm-success_2-2]
// *** Execute ***
// Launch: 1 / 1
// Execute: dotnet PlutusBench-ShortRun-1.dll --anonymousPipes 113 114 --benchmarkName "PlutusUseCasesBenchmarks.DecodeAndEval(Script: \"game-sm-success_2-2\")" --job ShortRun --benchmarkId 44 in /bench/chrysalis/benchmarks/PlutusBench/bin/Release/net10.0/PlutusBench-ShortRun-1/bin/Release/net10.0
// BeforeAnythingElse

// Benchmark Process Environment Information:
// BenchmarkDotNet v0.15.8
// Runtime=.NET 10.0.12 (10.0.12, 10.0.1226.42308), X64 RyuJIT x86-64-v4
// GC=Concurrent Workstation
// HardwareIntrinsics=AVX512 BITALG+VBMI2+VNNI+VPOPCNTDQ,AVX512 IFMA+VBMI,AVX512 F+BW+CD+DQ+VL,AVX2+BMI1+BMI2+F16C+FMA+LZCNT+MOVBE,AVX,SSE3+SSSE3+SSE4.1+SSE4.2+POPCNT,X86Base+SSE+SSE2,AES+PCLMUL VectorSize=256
// Job: ShortRun(IterationCount=3, LaunchCount=1, MinIterationCount=50, WarmupCount=3)

OverheadJitting  1: 1 op, 151395.00 ns, 151.3950 us/op
WorkloadJitting  1: 1 op, 15316174.00 ns, 15.3162 ms/op

OverheadJitting  2: 16 op, 379089.00 ns, 23.6931 us/op
WorkloadJitting  2: 16 op, 12423209.00 ns, 776.4506 us/op

WorkloadPilot    1: 16 op, 11111759.00 ns, 694.4849 us/op
WorkloadPilot    2: 32 op, 19938067.00 ns, 623.0646 us/op
WorkloadPilot    3: 64 op, 41766417.00 ns, 652.6003 us/op
WorkloadPilot    4: 128 op, 77025333.00 ns, 601.7604 us/op
WorkloadPilot    5: 256 op, 104554017.00 ns, 408.4141 us/op
WorkloadPilot    6: 512 op, 110691412.00 ns, 216.1942 us/op
WorkloadPilot    7: 1024 op, 217105957.00 ns, 212.0175 us/op
WorkloadPilot    8: 2048 op, 424269740.00 ns, 207.1630 us/op
WorkloadPilot    9: 4096 op, 850764643.00 ns, 207.7062 us/op

OverheadWarmup   1: 4096 op, 16044.00 ns, 3.9170 ns/op
OverheadWarmup   2: 4096 op, 30813.00 ns, 7.5227 ns/op
OverheadWarmup   3: 4096 op, 15726.00 ns, 3.8394 ns/op
OverheadWarmup   4: 4096 op, 15126.00 ns, 3.6929 ns/op
OverheadWarmup   5: 4096 op, 30812.00 ns, 7.5225 ns/op
OverheadWarmup   6: 4096 op, 15754.00 ns, 3.8462 ns/op

OverheadActual   1: 4096 op, 15327.00 ns, 3.7419 ns/op
OverheadActual   2: 4096 op, 15244.00 ns, 3.7217 ns/op
OverheadActual   3: 4096 op, 15268.00 ns, 3.7275 ns/op
OverheadActual   4: 4096 op, 15744.00 ns, 3.8438 ns/op
OverheadActual   5: 4096 op, 15235.00 ns, 3.7195 ns/op
OverheadActual   6: 4096 op, 15767.00 ns, 3.8494 ns/op
OverheadActual   7: 4096 op, 15750.00 ns, 3.8452 ns/op
OverheadActual   8: 4096 op, 15778.00 ns, 3.8521 ns/op
OverheadActual   9: 4096 op, 15782.00 ns, 3.8530 ns/op
OverheadActual  10: 4096 op, 15744.00 ns, 3.8438 ns/op
OverheadActual  11: 4096 op, 16214.00 ns, 3.9585 ns/op
OverheadActual  12: 4096 op, 15707.00 ns, 3.8347 ns/op
OverheadActual  13: 4096 op, 16155.00 ns, 3.9441 ns/op
OverheadActual  14: 4096 op, 16048.00 ns, 3.9180 ns/op
OverheadActual  15: 4096 op, 16134.00 ns, 3.9390 ns/op
OverheadActual  16: 4096 op, 16114.00 ns, 3.9341 ns/op
OverheadActual  17: 4096 op, 16148.00 ns, 3.9424 ns/op
OverheadActual  18: 4096 op, 16215.00 ns, 3.9587 ns/op
OverheadActual  19: 4096 op, 15824.00 ns, 3.8633 ns/op
OverheadActual  20: 4096 op, 16093.00 ns, 3.9290 ns/op

WorkloadWarmup   1: 4096 op, 851067047.00 ns, 207.7800 us/op
WorkloadWarmup   2: 4096 op, 861302583.00 ns, 210.2790 us/op
WorkloadWarmup   3: 4096 op, 847464198.00 ns, 206.9004 us/op

// BeforeActualRun
WorkloadActual   1: 4096 op, 854353257.00 ns, 208.5823 us/op
WorkloadActual   2: 4096 op, 852643481.00 ns, 208.1649 us/op
WorkloadActual   3: 4096 op, 851664057.00 ns, 207.9258 us/op

// AfterActualRun
WorkloadResult   1: 4096 op, 854337477.00 ns, 208.5785 us/op
WorkloadResult   2: 4096 op, 852627701.00 ns, 208.1611 us/op
WorkloadResult   3: 4096 op, 851648277.00 ns, 207.9219 us/op
// GC:  202 55 0 1697611776 4096
// Threading:  0 0 4096

// AfterAll
// Benchmark Process 997 has exited with code 0.

Mean = 208.220 us, StdErr = 0.192 us (0.09%), N = 3, StdDev = 0.332 us
Min = 207.922 us, Q1 = 208.042 us, Median = 208.161 us, Q3 = 208.370 us, Max = 208.578 us
IQR = 0.328 us, LowerFence = 207.549 us, UpperFence = 208.862 us
ConfidenceInterval = [202.158 us; 214.283 us] (CI 99.9%), Margin = 6.062 us (2.91% of Mean)
Skewness = 0.17, Kurtosis = 0.67, MValue = 2

// ** Remained 44 (49.4 %) benchmark(s) to run. Estimated finish 2026-10-07 19:43 (0h 5m from now) **
// **************************
// Benchmark: PlutusUseCasesBenchmarks.DecodeAndEval: ShortRun(IterationCount=3, LaunchCount=1, MinIterationCount=50, WarmupCount=3) [Script=game-sm-success_2-3]
// *** Execute ***
// Launch: 1 / 1
// Execute: dotnet PlutusBench-ShortRun-1.dll --anonymousPipes 113 114 --benchmarkName "PlutusUseCasesBenchmarks.DecodeAndEval(Script: \"game-sm-success_2-3\")" --job ShortRun --benchmarkId 45 in /bench/chrysalis/benchmarks/PlutusBench/bin/Release/net10.0/PlutusBench-ShortRun-1/bin/Release/net10.0
// BeforeAnythingElse

// Benchmark Process Environment Information:
// BenchmarkDotNet v0.15.8
// Runtime=.NET 10.0.12 (10.0.12, 10.0.1226.42308), X64 RyuJIT x86-64-v4
// GC=Concurrent Workstation
// HardwareIntrinsics=AVX512 BITALG+VBMI2+VNNI+VPOPCNTDQ,AVX512 IFMA+VBMI,AVX512 F+BW+CD+DQ+VL,AVX2+BMI1+BMI2+F16C+FMA+LZCNT+MOVBE,AVX,SSE3+SSSE3+SSE4.1+SSE4.2+POPCNT,X86Base+SSE+SSE2,AES+PCLMUL VectorSize=256
// Job: ShortRun(IterationCount=3, LaunchCount=1, MinIterationCount=50, WarmupCount=3)

OverheadJitting  1: 1 op, 151795.00 ns, 151.7950 us/op
WorkloadJitting  1: 1 op, 20628166.00 ns, 20.6282 ms/op

OverheadJitting  2: 16 op, 329040.00 ns, 20.5650 us/op
WorkloadJitting  2: 16 op, 37322694.00 ns, 2.3327 ms/op

WorkloadPilot    1: 16 op, 35347326.00 ns, 2.2092 ms/op
WorkloadPilot    2: 32 op, 65723814.00 ns, 2.0539 ms/op
WorkloadPilot    3: 64 op, 111788046.00 ns, 1.7467 ms/op
WorkloadPilot    4: 128 op, 125904645.00 ns, 983.6300 us/op
WorkloadPilot    5: 256 op, 194984354.00 ns, 761.6576 us/op
WorkloadPilot    6: 512 op, 374449374.00 ns, 731.3464 us/op
WorkloadPilot    7: 1024 op, 744344714.00 ns, 726.8991 us/op

OverheadWarmup   1: 1024 op, 4908.00 ns, 4.7930 ns/op
OverheadWarmup   2: 1024 op, 4227.00 ns, 4.1279 ns/op
OverheadWarmup   3: 1024 op, 4286.00 ns, 4.1855 ns/op
OverheadWarmup   4: 1024 op, 4255.00 ns, 4.1553 ns/op
OverheadWarmup   5: 1024 op, 4188.00 ns, 4.0898 ns/op
OverheadWarmup   6: 1024 op, 3994.00 ns, 3.9004 ns/op
OverheadWarmup   7: 1024 op, 3978.00 ns, 3.8848 ns/op
OverheadWarmup   8: 1024 op, 4309.00 ns, 4.2080 ns/op
OverheadWarmup   9: 1024 op, 4300.00 ns, 4.1992 ns/op

OverheadActual   1: 1024 op, 4063.00 ns, 3.9678 ns/op
OverheadActual   2: 1024 op, 4177.00 ns, 4.0791 ns/op
OverheadActual   3: 1024 op, 4078.00 ns, 3.9824 ns/op
OverheadActual   4: 1024 op, 4252.00 ns, 4.1523 ns/op
OverheadActual   5: 1024 op, 4070.00 ns, 3.9746 ns/op
OverheadActual   6: 1024 op, 17195.00 ns, 16.7920 ns/op
OverheadActual   7: 1024 op, 4268.00 ns, 4.1680 ns/op
OverheadActual   8: 1024 op, 4193.00 ns, 4.0947 ns/op
OverheadActual   9: 1024 op, 4203.00 ns, 4.1045 ns/op
OverheadActual  10: 1024 op, 4191.00 ns, 4.0928 ns/op
OverheadActual  11: 1024 op, 4271.00 ns, 4.1709 ns/op
OverheadActual  12: 1024 op, 4235.00 ns, 4.1357 ns/op
OverheadActual  13: 1024 op, 4293.00 ns, 4.1924 ns/op
OverheadActual  14: 1024 op, 4156.00 ns, 4.0586 ns/op
OverheadActual  15: 1024 op, 4249.00 ns, 4.1494 ns/op
OverheadActual  16: 1024 op, 4237.00 ns, 4.1377 ns/op
OverheadActual  17: 1024 op, 4235.00 ns, 4.1357 ns/op
OverheadActual  18: 1024 op, 4256.00 ns, 4.1563 ns/op
OverheadActual  19: 1024 op, 4296.00 ns, 4.1953 ns/op
OverheadActual  20: 1024 op, 4272.00 ns, 4.1719 ns/op

WorkloadWarmup   1: 1024 op, 745990433.00 ns, 728.5063 us/op
WorkloadWarmup   2: 1024 op, 746754191.00 ns, 729.2521 us/op
WorkloadWarmup   3: 1024 op, 742460287.00 ns, 725.0589 us/op

// BeforeActualRun
WorkloadActual   1: 1024 op, 962099152.00 ns, 939.5500 us/op
WorkloadActual   2: 1024 op, 957520709.00 ns, 935.0788 us/op
WorkloadActual   3: 1024 op, 787999813.00 ns, 769.5311 us/op

// AfterActualRun
WorkloadResult   1: 1024 op, 962094916.00 ns, 939.5458 us/op
WorkloadResult   2: 1024 op, 957516473.00 ns, 935.0747 us/op
WorkloadResult   3: 1024 op, 787995577.00 ns, 769.5269 us/op
// GC:  140 61 0 1176141824 1024
// Threading:  0 0 1024

// AfterAll
// Benchmark Process 1008 has exited with code 0.

Mean = 881.382 us, StdErr = 55.943 us (6.35%), N = 3, StdDev = 96.896 us
Min = 769.527 us, Q1 = 852.301 us, Median = 935.075 us, Q3 = 937.310 us, Max = 939.546 us
IQR = 85.009 us, LowerFence = 724.787 us, UpperFence = 1,064.824 us
ConfidenceInterval = [-886.353 us; 2,649.118 us] (CI 99.9%), Margin = 1,767.735 us (200.56% of Mean)
Skewness = -0.38, Kurtosis = 0.67, MValue = 2

// ** Remained 43 (48.3 %) benchmark(s) to run. Estimated finish 2026-10-07 19:43 (0h 5m from now) **
// **************************
// Benchmark: PlutusUseCasesBenchmarks.DecodeAndEval: ShortRun(IterationCount=3, LaunchCount=1, MinIterationCount=50, WarmupCount=3) [Script=game-sm-success_2-4]
// *** Execute ***
// Launch: 1 / 1
// Execute: dotnet PlutusBench-ShortRun-1.dll --anonymousPipes 113 114 --benchmarkName "PlutusUseCasesBenchmarks.DecodeAndEval(Script: \"game-sm-success_2-4\")" --job ShortRun --benchmarkId 46 in /bench/chrysalis/benchmarks/PlutusBench/bin/Release/net10.0/PlutusBench-ShortRun-1/bin/Release/net10.0
// BeforeAnythingElse

// Benchmark Process Environment Information:
// BenchmarkDotNet v0.15.8
// Runtime=.NET 10.0.12 (10.0.12, 10.0.1226.42308), X64 RyuJIT x86-64-v4
// GC=Concurrent Workstation
// HardwareIntrinsics=AVX512 BITALG+VBMI2+VNNI+VPOPCNTDQ,AVX512 IFMA+VBMI,AVX512 F+BW+CD+DQ+VL,AVX2+BMI1+BMI2+F16C+FMA+LZCNT+MOVBE,AVX,SSE3+SSSE3+SSE4.1+SSE4.2+POPCNT,X86Base+SSE+SSE2,AES+PCLMUL VectorSize=256
// Job: ShortRun(IterationCount=3, LaunchCount=1, MinIterationCount=50, WarmupCount=3)

OverheadJitting  1: 1 op, 153045.00 ns, 153.0450 us/op
WorkloadJitting  1: 1 op, 15332052.00 ns, 15.3321 ms/op

OverheadJitting  2: 16 op, 324478.00 ns, 20.2799 us/op
WorkloadJitting  2: 16 op, 13889052.00 ns, 868.0658 us/op

WorkloadPilot    1: 16 op, 12259268.00 ns, 766.2043 us/op
WorkloadPilot    2: 32 op, 22894916.00 ns, 715.4661 us/op
WorkloadPilot    3: 64 op, 44728784.00 ns, 698.8873 us/op
WorkloadPilot    4: 128 op, 86257853.00 ns, 673.8895 us/op
WorkloadPilot    5: 256 op, 122641657.00 ns, 479.0690 us/op
WorkloadPilot    6: 512 op, 136669202.00 ns, 266.9320 us/op
WorkloadPilot    7: 1024 op, 239857369.00 ns, 234.2357 us/op
WorkloadPilot    8: 2048 op, 470291499.00 ns, 229.6345 us/op
WorkloadPilot    9: 4096 op, 940904101.00 ns, 229.7129 us/op

OverheadWarmup   1: 4096 op, 20085.00 ns, 4.9036 ns/op
OverheadWarmup   2: 4096 op, 49378.00 ns, 12.0552 ns/op
OverheadWarmup   3: 4096 op, 15783.00 ns, 3.8533 ns/op
OverheadWarmup   4: 4096 op, 15714.00 ns, 3.8364 ns/op
OverheadWarmup   5: 4096 op, 31955.00 ns, 7.8015 ns/op
OverheadWarmup   6: 4096 op, 30638.00 ns, 7.4800 ns/op

OverheadActual   1: 4096 op, 15308.00 ns, 3.7373 ns/op
OverheadActual   2: 4096 op, 14919.00 ns, 3.6423 ns/op
OverheadActual   3: 4096 op, 14939.00 ns, 3.6472 ns/op
OverheadActual   4: 4096 op, 16118.00 ns, 3.9351 ns/op
OverheadActual   5: 4096 op, 15210.00 ns, 3.7134 ns/op
OverheadActual   6: 4096 op, 25755.00 ns, 6.2878 ns/op
OverheadActual   7: 4096 op, 47057.00 ns, 11.4885 ns/op
OverheadActual   8: 4096 op, 32485.00 ns, 7.9309 ns/op
OverheadActual   9: 4096 op, 25249.00 ns, 6.1643 ns/op
OverheadActual  10: 4096 op, 33656.00 ns, 8.2168 ns/op
OverheadActual  11: 4096 op, 16150.00 ns, 3.9429 ns/op
OverheadActual  12: 4096 op, 15771.00 ns, 3.8503 ns/op
OverheadActual  13: 4096 op, 15780.00 ns, 3.8525 ns/op
OverheadActual  14: 4096 op, 15782.00 ns, 3.8530 ns/op
OverheadActual  15: 4096 op, 15733.00 ns, 3.8411 ns/op
OverheadActual  16: 4096 op, 16130.00 ns, 3.9380 ns/op
OverheadActual  17: 4096 op, 16116.00 ns, 3.9346 ns/op
OverheadActual  18: 4096 op, 15860.00 ns, 3.8721 ns/op
OverheadActual  19: 4096 op, 16146.00 ns, 3.9419 ns/op
OverheadActual  20: 4096 op, 16151.00 ns, 3.9431 ns/op

WorkloadWarmup   1: 4096 op, 943057026.00 ns, 230.2385 us/op
WorkloadWarmup   2: 4096 op, 943280434.00 ns, 230.2931 us/op
WorkloadWarmup   3: 4096 op, 942621028.00 ns, 230.1321 us/op

// BeforeActualRun
WorkloadActual   1: 4096 op, 940303089.00 ns, 229.5662 us/op
WorkloadActual   2: 4096 op, 946607185.00 ns, 231.1053 us/op
WorkloadActual   3: 4096 op, 945352787.00 ns, 230.7990 us/op

// AfterActualRun
WorkloadResult   1: 4096 op, 940286972.00 ns, 229.5622 us/op
WorkloadResult   2: 4096 op, 946591068.00 ns, 231.1013 us/op
WorkloadResult   3: 4096 op, 945336670.00 ns, 230.7951 us/op
// GC:  225 62 0 1885929472 4096
// Threading:  0 0 4096

// AfterAll
// Benchmark Process 1017 has exited with code 0.

Mean = 230.486 us, StdErr = 0.470 us (0.20%), N = 3, StdDev = 0.815 us
Min = 229.562 us, Q1 = 230.179 us, Median = 230.795 us, Q3 = 230.948 us, Max = 231.101 us
IQR = 0.770 us, LowerFence = 229.024 us, UpperFence = 232.103 us
ConfidenceInterval = [215.623 us; 245.349 us] (CI 99.9%), Margin = 14.863 us (6.45% of Mean)
Skewness = -0.32, Kurtosis = 0.67, MValue = 2

// ** Remained 42 (47.2 %) benchmark(s) to run. Estimated finish 2026-10-07 19:44 (0h 5m from now) **
// **************************
// Benchmark: PlutusUseCasesBenchmarks.DecodeAndEval: ShortRun(IterationCount=3, LaunchCount=1, MinIterationCount=50, WarmupCount=3) [Script=game-sm-success_2-5]
// *** Execute ***
// Launch: 1 / 1
// Execute: dotnet PlutusBench-ShortRun-1.dll --anonymousPipes 113 114 --benchmarkName "PlutusUseCasesBenchmarks.DecodeAndEval(Script: \"game-sm-success_2-5\")" --job ShortRun --benchmarkId 47 in /bench/chrysalis/benchmarks/PlutusBench/bin/Release/net10.0/PlutusBench-ShortRun-1/bin/Release/net10.0
// BeforeAnythingElse

// Benchmark Process Environment Information:
// BenchmarkDotNet v0.15.8
// Runtime=.NET 10.0.12 (10.0.12, 10.0.1226.42308), X64 RyuJIT x86-64-v4
// GC=Concurrent Workstation
// HardwareIntrinsics=AVX512 BITALG+VBMI2+VNNI+VPOPCNTDQ,AVX512 IFMA+VBMI,AVX512 F+BW+CD+DQ+VL,AVX2+BMI1+BMI2+F16C+FMA+LZCNT+MOVBE,AVX,SSE3+SSSE3+SSE4.1+SSE4.2+POPCNT,X86Base+SSE+SSE2,AES+PCLMUL VectorSize=256
// Job: ShortRun(IterationCount=3, LaunchCount=1, MinIterationCount=50, WarmupCount=3)

OverheadJitting  1: 1 op, 149221.00 ns, 149.2210 us/op
WorkloadJitting  1: 1 op, 20824882.00 ns, 20.8249 ms/op

OverheadJitting  2: 16 op, 333910.00 ns, 20.8694 us/op
WorkloadJitting  2: 16 op, 37228539.00 ns, 2.3268 ms/op

WorkloadPilot    1: 16 op, 35868765.00 ns, 2.2418 ms/op
WorkloadPilot    2: 32 op, 67377278.00 ns, 2.1055 ms/op
WorkloadPilot    3: 64 op, 107268199.00 ns, 1.6761 ms/op
WorkloadPilot    4: 128 op, 114149662.00 ns, 891.7942 us/op
WorkloadPilot    5: 256 op, 210232934.00 ns, 821.2224 us/op
WorkloadPilot    6: 512 op, 379948654.00 ns, 742.0872 us/op
WorkloadPilot    7: 1024 op, 752551374.00 ns, 734.9135 us/op

OverheadWarmup   1: 1024 op, 4864.00 ns, 4.7500 ns/op
OverheadWarmup   2: 1024 op, 4153.00 ns, 4.0557 ns/op
OverheadWarmup   3: 1024 op, 3951.00 ns, 3.8584 ns/op
OverheadWarmup   4: 1024 op, 3909.00 ns, 3.8174 ns/op
OverheadWarmup   5: 1024 op, 3963.00 ns, 3.8701 ns/op
OverheadWarmup   6: 1024 op, 3962.00 ns, 3.8691 ns/op
OverheadWarmup   7: 1024 op, 3955.00 ns, 3.8623 ns/op
OverheadWarmup   8: 1024 op, 4085.00 ns, 3.9893 ns/op
OverheadWarmup   9: 1024 op, 4151.00 ns, 4.0537 ns/op
OverheadWarmup  10: 1024 op, 4104.00 ns, 4.0078 ns/op

OverheadActual   1: 1024 op, 4207.00 ns, 4.1084 ns/op
OverheadActual   2: 1024 op, 4125.00 ns, 4.0283 ns/op
OverheadActual   3: 1024 op, 4110.00 ns, 4.0137 ns/op
OverheadActual   4: 1024 op, 4219.00 ns, 4.1201 ns/op
OverheadActual   5: 1024 op, 4114.00 ns, 4.0176 ns/op
OverheadActual   6: 1024 op, 4114.00 ns, 4.0176 ns/op
OverheadActual   7: 1024 op, 4260.00 ns, 4.1602 ns/op
OverheadActual   8: 1024 op, 4135.00 ns, 4.0381 ns/op
OverheadActual   9: 1024 op, 4139.00 ns, 4.0420 ns/op
OverheadActual  10: 1024 op, 4192.00 ns, 4.0938 ns/op
OverheadActual  11: 1024 op, 4282.00 ns, 4.1816 ns/op
OverheadActual  12: 1024 op, 4228.00 ns, 4.1289 ns/op
OverheadActual  13: 1024 op, 4247.00 ns, 4.1475 ns/op
OverheadActual  14: 1024 op, 4270.00 ns, 4.1699 ns/op
OverheadActual  15: 1024 op, 4232.00 ns, 4.1328 ns/op
OverheadActual  16: 1024 op, 4218.00 ns, 4.1191 ns/op
OverheadActual  17: 1024 op, 4133.00 ns, 4.0361 ns/op
OverheadActual  18: 1024 op, 4251.00 ns, 4.1514 ns/op
OverheadActual  19: 1024 op, 4243.00 ns, 4.1436 ns/op
OverheadActual  20: 1024 op, 4137.00 ns, 4.0400 ns/op

WorkloadWarmup   1: 1024 op, 757027882.00 ns, 739.2850 us/op
WorkloadWarmup   2: 1024 op, 757233210.00 ns, 739.4856 us/op
WorkloadWarmup   3: 1024 op, 753694699.00 ns, 736.0300 us/op

// BeforeActualRun
WorkloadActual   1: 1024 op, 755614246.00 ns, 737.9045 us/op
WorkloadActual   2: 1024 op, 757268126.00 ns, 739.5197 us/op
WorkloadActual   3: 1024 op, 757104728.00 ns, 739.3601 us/op

// AfterActualRun
WorkloadResult   1: 1024 op, 755610033.50 ns, 737.9004 us/op
WorkloadResult   2: 1024 op, 757263913.50 ns, 739.5155 us/op
WorkloadResult   3: 1024 op, 757100515.50 ns, 739.3560 us/op
// GC:  140 61 0 1176158208 1024
// Threading:  0 0 1024

// AfterAll
// Benchmark Process 1025 has exited with code 0.

Mean = 738.924 us, StdErr = 0.514 us (0.07%), N = 3, StdDev = 0.890 us
Min = 737.900 us, Q1 = 738.628 us, Median = 739.356 us, Q3 = 739.436 us, Max = 739.516 us
IQR = 0.808 us, LowerFence = 737.417 us, UpperFence = 740.647 us
ConfidenceInterval = [722.687 us; 755.161 us] (CI 99.9%), Margin = 16.237 us (2.20% of Mean)
Skewness = -0.37, Kurtosis = 0.67, MValue = 2

// ** Remained 41 (46.1 %) benchmark(s) to run. Estimated finish 2026-10-07 19:44 (0h 4m from now) **
// **************************
// Benchmark: PlutusUseCasesBenchmarks.DecodeAndEval: ShortRun(IterationCount=3, LaunchCount=1, MinIterationCount=50, WarmupCount=3) [Script=game-sm-success_2-6]
// *** Execute ***
// Launch: 1 / 1
// Execute: dotnet PlutusBench-ShortRun-1.dll --anonymousPipes 113 114 --benchmarkName "PlutusUseCasesBenchmarks.DecodeAndEval(Script: \"game-sm-success_2-6\")" --job ShortRun --benchmarkId 48 in /bench/chrysalis/benchmarks/PlutusBench/bin/Release/net10.0/PlutusBench-ShortRun-1/bin/Release/net10.0
// BeforeAnythingElse

// Benchmark Process Environment Information:
// BenchmarkDotNet v0.15.8
// Runtime=.NET 10.0.12 (10.0.12, 10.0.1226.42308), X64 RyuJIT x86-64-v4
// GC=Concurrent Workstation
// HardwareIntrinsics=AVX512 BITALG+VBMI2+VNNI+VPOPCNTDQ,AVX512 IFMA+VBMI,AVX512 F+BW+CD+DQ+VL,AVX2+BMI1+BMI2+F16C+FMA+LZCNT+MOVBE,AVX,SSE3+SSSE3+SSE4.1+SSE4.2+POPCNT,X86Base+SSE+SSE2,AES+PCLMUL VectorSize=256
// Job: ShortRun(IterationCount=3, LaunchCount=1, MinIterationCount=50, WarmupCount=3)

OverheadJitting  1: 1 op, 156692.00 ns, 156.6920 us/op
WorkloadJitting  1: 1 op, 15452047.00 ns, 15.4520 ms/op

OverheadJitting  2: 16 op, 345913.00 ns, 21.6196 us/op
WorkloadJitting  2: 16 op, 14064092.00 ns, 879.0058 us/op

WorkloadPilot    1: 16 op, 12402446.00 ns, 775.1529 us/op
WorkloadPilot    2: 32 op, 22966452.00 ns, 717.7016 us/op
WorkloadPilot    3: 64 op, 47412053.00 ns, 740.8133 us/op
WorkloadPilot    4: 128 op, 87811169.00 ns, 686.0248 us/op
WorkloadPilot    5: 256 op, 103481546.00 ns, 404.2248 us/op
WorkloadPilot    6: 512 op, 121256075.00 ns, 236.8283 us/op
WorkloadPilot    7: 1024 op, 235987753.00 ns, 230.4568 us/op
WorkloadPilot    8: 2048 op, 462853107.00 ns, 226.0025 us/op
WorkloadPilot    9: 4096 op, 927140952.00 ns, 226.3528 us/op

OverheadWarmup   1: 4096 op, 16399.00 ns, 4.0037 ns/op
OverheadWarmup   2: 4096 op, 15745.00 ns, 3.8440 ns/op
OverheadWarmup   3: 4096 op, 31869.00 ns, 7.7805 ns/op
OverheadWarmup   4: 4096 op, 43508.00 ns, 10.6221 ns/op
OverheadWarmup   5: 4096 op, 15727.00 ns, 3.8396 ns/op
OverheadWarmup   6: 4096 op, 15085.00 ns, 3.6829 ns/op
OverheadWarmup   7: 4096 op, 32749.00 ns, 7.9954 ns/op
OverheadWarmup   8: 4096 op, 30309.00 ns, 7.3997 ns/op

OverheadActual   1: 4096 op, 15942.00 ns, 3.8921 ns/op
OverheadActual   2: 4096 op, 14923.00 ns, 3.6433 ns/op
OverheadActual   3: 4096 op, 14852.00 ns, 3.6260 ns/op
OverheadActual   4: 4096 op, 15745.00 ns, 3.8440 ns/op
OverheadActual   5: 4096 op, 14948.00 ns, 3.6494 ns/op
OverheadActual   6: 4096 op, 15131.00 ns, 3.6941 ns/op
OverheadActual   7: 4096 op, 15180.00 ns, 3.7061 ns/op
OverheadActual   8: 4096 op, 15741.00 ns, 3.8430 ns/op
OverheadActual   9: 4096 op, 15931.00 ns, 3.8894 ns/op
OverheadActual  10: 4096 op, 15735.00 ns, 3.8416 ns/op
OverheadActual  11: 4096 op, 15886.00 ns, 3.8784 ns/op
OverheadActual  12: 4096 op, 16166.00 ns, 3.9468 ns/op
OverheadActual  13: 4096 op, 16183.00 ns, 3.9509 ns/op
OverheadActual  14: 4096 op, 16068.00 ns, 3.9229 ns/op
OverheadActual  15: 4096 op, 15772.00 ns, 3.8506 ns/op
OverheadActual  16: 4096 op, 16117.00 ns, 3.9348 ns/op
OverheadActual  17: 4096 op, 15971.00 ns, 3.8992 ns/op
OverheadActual  18: 4096 op, 16265.00 ns, 3.9709 ns/op
OverheadActual  19: 4096 op, 16076.00 ns, 3.9248 ns/op
OverheadActual  20: 4096 op, 16160.00 ns, 3.9453 ns/op

WorkloadWarmup   1: 4096 op, 931358484.00 ns, 227.3824 us/op
WorkloadWarmup   2: 4096 op, 931178548.00 ns, 227.3385 us/op
WorkloadWarmup   3: 4096 op, 925187025.00 ns, 225.8757 us/op

// BeforeActualRun
WorkloadActual   1: 4096 op, 926712945.00 ns, 226.2483 us/op
WorkloadActual   2: 4096 op, 929797926.00 ns, 227.0014 us/op
WorkloadActual   3: 4096 op, 937718546.00 ns, 228.9352 us/op

// AfterActualRun
WorkloadResult   1: 4096 op, 926697036.50 ns, 226.2444 us/op
WorkloadResult   2: 4096 op, 929782017.50 ns, 226.9976 us/op
WorkloadResult   3: 4096 op, 937702637.50 ns, 228.9313 us/op
// GC:  225 62 0 1885929472 4096
// Threading:  0 0 4096

// AfterAll
// Benchmark Process 1033 has exited with code 0.

Mean = 227.391 us, StdErr = 0.800 us (0.35%), N = 3, StdDev = 1.386 us
Min = 226.244 us, Q1 = 226.621 us, Median = 226.998 us, Q3 = 227.964 us, Max = 228.931 us
IQR = 1.343 us, LowerFence = 224.606 us, UpperFence = 229.980 us
ConfidenceInterval = [202.105 us; 252.677 us] (CI 99.9%), Margin = 25.286 us (11.12% of Mean)
Skewness = 0.26, Kurtosis = 0.67, MValue = 2

// ** Remained 40 (44.9 %) benchmark(s) to run. Estimated finish 2026-10-07 19:44 (0h 4m from now) **
// **************************
// Benchmark: PlutusUseCasesBenchmarks.DecodeAndEval: ShortRun(IterationCount=3, LaunchCount=1, MinIterationCount=50, WarmupCount=3) [Script=guardrail-sorted-large]
// *** Execute ***
// Launch: 1 / 1
// Execute: dotnet PlutusBench-ShortRun-1.dll --anonymousPipes 113 114 --benchmarkName "PlutusUseCasesBenchmarks.DecodeAndEval(Script: \"guardrail-sorted-large\")" --job ShortRun --benchmarkId 49 in /bench/chrysalis/benchmarks/PlutusBench/bin/Release/net10.0/PlutusBench-ShortRun-1/bin/Release/net10.0
// BeforeAnythingElse

// Benchmark Process Environment Information:
// BenchmarkDotNet v0.15.8
// Runtime=.NET 10.0.12 (10.0.12, 10.0.1226.42308), X64 RyuJIT x86-64-v4
// GC=Concurrent Workstation
// HardwareIntrinsics=AVX512 BITALG+VBMI2+VNNI+VPOPCNTDQ,AVX512 IFMA+VBMI,AVX512 F+BW+CD+DQ+VL,AVX2+BMI1+BMI2+F16C+FMA+LZCNT+MOVBE,AVX,SSE3+SSSE3+SSE4.1+SSE4.2+POPCNT,X86Base+SSE+SSE2,AES+PCLMUL VectorSize=256
// Job: ShortRun(IterationCount=3, LaunchCount=1, MinIterationCount=50, WarmupCount=3)

OverheadJitting  1: 1 op, 151259.00 ns, 151.2590 us/op
WorkloadJitting  1: 1 op, 17942176.00 ns, 17.9422 ms/op

OverheadJitting  2: 16 op, 363482.00 ns, 22.7176 us/op
WorkloadJitting  2: 16 op, 24310434.00 ns, 1.5194 ms/op

WorkloadPilot    1: 16 op, 21877481.00 ns, 1.3673 ms/op
WorkloadPilot    2: 32 op, 42100153.00 ns, 1.3156 ms/op
WorkloadPilot    3: 64 op, 81094549.00 ns, 1.2671 ms/op
WorkloadPilot    4: 128 op, 108946587.00 ns, 851.1452 us/op
WorkloadPilot    5: 256 op, 105150644.00 ns, 410.7447 us/op
WorkloadPilot    6: 512 op, 208506274.00 ns, 407.2388 us/op
WorkloadPilot    7: 1024 op, 416608159.00 ns, 406.8439 us/op
WorkloadPilot    8: 2048 op, 828536288.00 ns, 404.5587 us/op

OverheadWarmup   1: 2048 op, 8539.00 ns, 4.1694 ns/op
OverheadWarmup   2: 2048 op, 7854.00 ns, 3.8350 ns/op
OverheadWarmup   3: 2048 op, 7796.00 ns, 3.8066 ns/op
OverheadWarmup   4: 2048 op, 7770.00 ns, 3.7939 ns/op
OverheadWarmup   5: 2048 op, 23080.00 ns, 11.2695 ns/op
OverheadWarmup   6: 2048 op, 7754.00 ns, 3.7861 ns/op
OverheadWarmup   7: 2048 op, 7806.00 ns, 3.8115 ns/op
OverheadWarmup   8: 2048 op, 7691.00 ns, 3.7554 ns/op

OverheadActual   1: 2048 op, 7801.00 ns, 3.8091 ns/op
OverheadActual   2: 2048 op, 7581.00 ns, 3.7017 ns/op
OverheadActual   3: 2048 op, 7637.00 ns, 3.7290 ns/op
OverheadActual   4: 2048 op, 8076.00 ns, 3.9434 ns/op
OverheadActual   5: 2048 op, 12206.00 ns, 5.9600 ns/op
OverheadActual   6: 2048 op, 7616.00 ns, 3.7188 ns/op
OverheadActual   7: 2048 op, 7858.00 ns, 3.8369 ns/op
OverheadActual   8: 2048 op, 7878.00 ns, 3.8467 ns/op
OverheadActual   9: 2048 op, 7917.00 ns, 3.8657 ns/op
OverheadActual  10: 2048 op, 8131.00 ns, 3.9702 ns/op
OverheadActual  11: 2048 op, 13034.00 ns, 6.3643 ns/op
OverheadActual  12: 2048 op, 8064.00 ns, 3.9375 ns/op
OverheadActual  13: 2048 op, 7929.00 ns, 3.8716 ns/op
OverheadActual  14: 2048 op, 8051.00 ns, 3.9312 ns/op
OverheadActual  15: 2048 op, 8076.00 ns, 3.9434 ns/op
OverheadActual  16: 2048 op, 7898.00 ns, 3.8564 ns/op
OverheadActual  17: 2048 op, 7876.00 ns, 3.8457 ns/op
OverheadActual  18: 2048 op, 8010.00 ns, 3.9111 ns/op
OverheadActual  19: 2048 op, 7892.00 ns, 3.8535 ns/op
OverheadActual  20: 2048 op, 7966.00 ns, 3.8896 ns/op

WorkloadWarmup   1: 2048 op, 832883931.00 ns, 406.6816 us/op
WorkloadWarmup   2: 2048 op, 829738095.00 ns, 405.1456 us/op
WorkloadWarmup   3: 2048 op, 830634601.00 ns, 405.5833 us/op

// BeforeActualRun
WorkloadActual   1: 2048 op, 830036815.00 ns, 405.2914 us/op
WorkloadActual   2: 2048 op, 832836596.00 ns, 406.6585 us/op
WorkloadActual   3: 2048 op, 832288918.00 ns, 406.3911 us/op

// AfterActualRun
WorkloadResult   1: 2048 op, 830028892.00 ns, 405.2875 us/op
WorkloadResult   2: 2048 op, 832828673.00 ns, 406.6546 us/op
WorkloadResult   3: 2048 op, 832280995.00 ns, 406.3872 us/op
// GC:  205 63 0 1714733056 2048
// Threading:  0 0 2048

// AfterAll
// Benchmark Process 1044 has exited with code 0.

Mean = 406.110 us, StdErr = 0.418 us (0.10%), N = 3, StdDev = 0.725 us
Min = 405.288 us, Q1 = 405.837 us, Median = 406.387 us, Q3 = 406.521 us, Max = 406.655 us
IQR = 0.684 us, LowerFence = 404.812 us, UpperFence = 407.546 us
ConfidenceInterval = [392.892 us; 419.328 us] (CI 99.9%), Margin = 13.218 us (3.25% of Mean)
Skewness = -0.33, Kurtosis = 0.67, MValue = 2

// ** Remained 39 (43.8 %) benchmark(s) to run. Estimated finish 2026-10-07 19:44 (0h 4m from now) **
// **************************
// Benchmark: PlutusUseCasesBenchmarks.DecodeAndEval: ShortRun(IterationCount=3, LaunchCount=1, MinIterationCount=50, WarmupCount=3) [Script=guardrail-sorted-small]
// *** Execute ***
// Launch: 1 / 1
// Execute: dotnet PlutusBench-ShortRun-1.dll --anonymousPipes 113 114 --benchmarkName "PlutusUseCasesBenchmarks.DecodeAndEval(Script: \"guardrail-sorted-small\")" --job ShortRun --benchmarkId 50 in /bench/chrysalis/benchmarks/PlutusBench/bin/Release/net10.0/PlutusBench-ShortRun-1/bin/Release/net10.0
// BeforeAnythingElse

// Benchmark Process Environment Information:
// BenchmarkDotNet v0.15.8
// Runtime=.NET 10.0.12 (10.0.12, 10.0.1226.42308), X64 RyuJIT x86-64-v4
// GC=Concurrent Workstation
// HardwareIntrinsics=AVX512 BITALG+VBMI2+VNNI+VPOPCNTDQ,AVX512 IFMA+VBMI,AVX512 F+BW+CD+DQ+VL,AVX2+BMI1+BMI2+F16C+FMA+LZCNT+MOVBE,AVX,SSE3+SSSE3+SSE4.1+SSE4.2+POPCNT,X86Base+SSE+SSE2,AES+PCLMUL VectorSize=256
// Job: ShortRun(IterationCount=3, LaunchCount=1, MinIterationCount=50, WarmupCount=3)

OverheadJitting  1: 1 op, 182876.00 ns, 182.8760 us/op
WorkloadJitting  1: 1 op, 20977825.00 ns, 20.9778 ms/op

OverheadJitting  2: 16 op, 453886.00 ns, 28.3679 us/op
WorkloadJitting  2: 16 op, 9701669.00 ns, 606.3543 us/op

WorkloadPilot    1: 16 op, 8973069.00 ns, 560.8168 us/op
WorkloadPilot    2: 32 op, 16322707.00 ns, 510.0846 us/op
WorkloadPilot    3: 64 op, 25001602.00 ns, 390.6500 us/op
WorkloadPilot    4: 128 op, 40720868.00 ns, 318.1318 us/op
WorkloadPilot    5: 256 op, 118018917.00 ns, 461.0114 us/op
WorkloadPilot    6: 512 op, 83868962.00 ns, 163.8066 us/op
WorkloadPilot    7: 1024 op, 141272354.00 ns, 137.9613 us/op
WorkloadPilot    8: 2048 op, 271994245.00 ns, 132.8097 us/op
WorkloadPilot    9: 4096 op, 498473282.00 ns, 121.6976 us/op
WorkloadPilot   10: 8192 op, 798839952.00 ns, 97.5146 us/op

OverheadWarmup   1: 8192 op, 30543.00 ns, 3.7284 ns/op
OverheadWarmup   2: 8192 op, 36300.00 ns, 4.4312 ns/op
OverheadWarmup   3: 8192 op, 46179.00 ns, 5.6371 ns/op
OverheadWarmup   4: 8192 op, 47894.00 ns, 5.8464 ns/op
OverheadWarmup   5: 8192 op, 46001.00 ns, 5.6154 ns/op
OverheadWarmup   6: 8192 op, 31274.00 ns, 3.8176 ns/op
OverheadWarmup   7: 8192 op, 31277.00 ns, 3.8180 ns/op
OverheadWarmup   8: 8192 op, 31257.00 ns, 3.8156 ns/op

OverheadActual   1: 8192 op, 31796.00 ns, 3.8813 ns/op
OverheadActual   2: 8192 op, 30150.00 ns, 3.6804 ns/op
OverheadActual   3: 8192 op, 30189.00 ns, 3.6852 ns/op
OverheadActual   4: 8192 op, 31358.00 ns, 3.8279 ns/op
OverheadActual   5: 8192 op, 30133.00 ns, 3.6783 ns/op
OverheadActual   6: 8192 op, 32503.00 ns, 3.9677 ns/op
OverheadActual   7: 8192 op, 32245.00 ns, 3.9362 ns/op
OverheadActual   8: 8192 op, 44982.00 ns, 5.4910 ns/op
OverheadActual   9: 8192 op, 44938.00 ns, 5.4856 ns/op
OverheadActual  10: 8192 op, 45789.00 ns, 5.5895 ns/op
OverheadActual  11: 8192 op, 44817.00 ns, 5.4708 ns/op
OverheadActual  12: 8192 op, 32055.00 ns, 3.9130 ns/op
OverheadActual  13: 8192 op, 32009.00 ns, 3.9073 ns/op
OverheadActual  14: 8192 op, 31314.00 ns, 3.8225 ns/op
OverheadActual  15: 8192 op, 31291.00 ns, 3.8197 ns/op
OverheadActual  16: 8192 op, 30993.00 ns, 3.7833 ns/op
OverheadActual  17: 8192 op, 31221.00 ns, 3.8112 ns/op
OverheadActual  18: 8192 op, 31364.00 ns, 3.8286 ns/op
OverheadActual  19: 8192 op, 32023.00 ns, 3.9091 ns/op
OverheadActual  20: 8192 op, 31996.00 ns, 3.9058 ns/op

WorkloadWarmup   1: 8192 op, 802864844.00 ns, 98.0060 us/op
WorkloadWarmup   2: 8192 op, 798930582.00 ns, 97.5257 us/op
WorkloadWarmup   3: 8192 op, 795159759.00 ns, 97.0654 us/op

// BeforeActualRun
WorkloadActual   1: 8192 op, 797738584.00 ns, 97.3802 us/op
WorkloadActual   2: 8192 op, 801124312.00 ns, 97.7935 us/op
WorkloadActual   3: 8192 op, 804084004.00 ns, 98.1548 us/op

// AfterActualRun
WorkloadResult   1: 8192 op, 797706688.00 ns, 97.3763 us/op
WorkloadResult   2: 8192 op, 801092416.00 ns, 97.7896 us/op
WorkloadResult   3: 8192 op, 804052108.00 ns, 98.1509 us/op
// GC:  222 48 0 1861746688 8192
// Threading:  0 0 8192

// AfterAll
// Benchmark Process 1052 has exited with code 0.

Mean = 97.772 us, StdErr = 0.224 us (0.23%), N = 3, StdDev = 0.388 us
Min = 97.376 us, Q1 = 97.583 us, Median = 97.790 us, Q3 = 97.970 us, Max = 98.151 us
IQR = 0.387 us, LowerFence = 97.002 us, UpperFence = 98.551 us
ConfidenceInterval = [90.701 us; 104.843 us] (CI 99.9%), Margin = 7.071 us (7.23% of Mean)
Skewness = -0.04, Kurtosis = 0.67, MValue = 2

// ** Remained 38 (42.7 %) benchmark(s) to run. Estimated finish 2026-10-07 19:44 (0h 4m from now) **
// **************************
// Benchmark: PlutusUseCasesBenchmarks.DecodeAndEval: ShortRun(IterationCount=3, LaunchCount=1, MinIterationCount=50, WarmupCount=3) [Script=guardrail-unsorted-large]
// *** Execute ***
// Launch: 1 / 1
// Execute: dotnet PlutusBench-ShortRun-1.dll --anonymousPipes 113 114 --benchmarkName "PlutusUseCasesBenchmarks.DecodeAndEval(Script: \"guardrail-unsorted-large\")" --job ShortRun --benchmarkId 51 in /bench/chrysalis/benchmarks/PlutusBench/bin/Release/net10.0/PlutusBench-ShortRun-1/bin/Release/net10.0
// BeforeAnythingElse

// Benchmark Process Environment Information:
// BenchmarkDotNet v0.15.8
// Runtime=.NET 10.0.12 (10.0.12, 10.0.1226.42308), X64 RyuJIT x86-64-v4
// GC=Concurrent Workstation
// HardwareIntrinsics=AVX512 BITALG+VBMI2+VNNI+VPOPCNTDQ,AVX512 IFMA+VBMI,AVX512 F+BW+CD+DQ+VL,AVX2+BMI1+BMI2+F16C+FMA+LZCNT+MOVBE,AVX,SSE3+SSSE3+SSE4.1+SSE4.2+POPCNT,X86Base+SSE+SSE2,AES+PCLMUL VectorSize=256
// Job: ShortRun(IterationCount=3, LaunchCount=1, MinIterationCount=50, WarmupCount=3)

OverheadJitting  1: 1 op, 152310.00 ns, 152.3100 us/op
WorkloadJitting  1: 1 op, 18241949.00 ns, 18.2419 ms/op

OverheadJitting  2: 16 op, 325804.00 ns, 20.3628 us/op
WorkloadJitting  2: 16 op, 32211188.00 ns, 2.0132 ms/op

WorkloadPilot    1: 16 op, 30589497.00 ns, 1.9118 ms/op
WorkloadPilot    2: 32 op, 56660988.00 ns, 1.7707 ms/op
WorkloadPilot    3: 64 op, 116507499.00 ns, 1.8204 ms/op
WorkloadPilot    4: 128 op, 79691710.00 ns, 622.5915 us/op
WorkloadPilot    5: 256 op, 143486811.00 ns, 560.4954 us/op
WorkloadPilot    6: 512 op, 284034801.00 ns, 554.7555 us/op
WorkloadPilot    7: 1024 op, 569212145.00 ns, 555.8712 us/op

OverheadWarmup   1: 1024 op, 4692.00 ns, 4.5820 ns/op
OverheadWarmup   2: 1024 op, 4165.00 ns, 4.0674 ns/op
OverheadWarmup   3: 1024 op, 4116.00 ns, 4.0195 ns/op
OverheadWarmup   4: 1024 op, 4207.00 ns, 4.1084 ns/op
OverheadWarmup   5: 1024 op, 4165.00 ns, 4.0674 ns/op
OverheadWarmup   6: 1024 op, 4615.00 ns, 4.5068 ns/op
OverheadWarmup   7: 1024 op, 17377.00 ns, 16.9697 ns/op
OverheadWarmup   8: 1024 op, 4065.00 ns, 3.9697 ns/op

OverheadActual   1: 1024 op, 4291.00 ns, 4.1904 ns/op
OverheadActual   2: 1024 op, 4012.00 ns, 3.9180 ns/op
OverheadActual   3: 1024 op, 4012.00 ns, 3.9180 ns/op
OverheadActual   4: 1024 op, 4158.00 ns, 4.0605 ns/op
OverheadActual   5: 1024 op, 3921.00 ns, 3.8291 ns/op
OverheadActual   6: 1024 op, 3914.00 ns, 3.8223 ns/op
OverheadActual   7: 1024 op, 17333.00 ns, 16.9268 ns/op
OverheadActual   8: 1024 op, 4129.00 ns, 4.0322 ns/op
OverheadActual   9: 1024 op, 4108.00 ns, 4.0117 ns/op
OverheadActual  10: 1024 op, 4173.00 ns, 4.0752 ns/op
OverheadActual  11: 1024 op, 4781.00 ns, 4.6689 ns/op
OverheadActual  12: 1024 op, 4210.00 ns, 4.1113 ns/op
OverheadActual  13: 1024 op, 4098.00 ns, 4.0020 ns/op
OverheadActual  14: 1024 op, 4197.00 ns, 4.0986 ns/op
OverheadActual  15: 1024 op, 4095.00 ns, 3.9990 ns/op
OverheadActual  16: 1024 op, 4103.00 ns, 4.0068 ns/op
OverheadActual  17: 1024 op, 4102.00 ns, 4.0059 ns/op
OverheadActual  18: 1024 op, 4207.00 ns, 4.1084 ns/op
OverheadActual  19: 1024 op, 4244.00 ns, 4.1445 ns/op
OverheadActual  20: 1024 op, 4116.00 ns, 4.0195 ns/op

WorkloadWarmup   1: 1024 op, 572989640.00 ns, 559.5602 us/op
WorkloadWarmup   2: 1024 op, 574256891.00 ns, 560.7977 us/op
WorkloadWarmup   3: 1024 op, 569166987.00 ns, 555.8271 us/op

// BeforeActualRun
WorkloadActual   1: 1024 op, 571784116.00 ns, 558.3829 us/op
WorkloadActual   2: 1024 op, 572042453.00 ns, 558.6352 us/op
WorkloadActual   3: 1024 op, 571662223.00 ns, 558.2639 us/op

// AfterActualRun
WorkloadResult   1: 1024 op, 571779993.50 ns, 558.3789 us/op
WorkloadResult   2: 1024 op, 572038330.50 ns, 558.6312 us/op
WorkloadResult   3: 1024 op, 571658100.50 ns, 558.2599 us/op
// GC:  129 42 0 1085612032 1024
// Threading:  0 0 1024

// AfterAll
// Benchmark Process 1059 has exited with code 0.

Mean = 558.423 us, StdErr = 0.109 us (0.02%), N = 3, StdDev = 0.190 us
Min = 558.260 us, Q1 = 558.319 us, Median = 558.379 us, Q3 = 558.505 us, Max = 558.631 us
IQR = 0.186 us, LowerFence = 558.041 us, UpperFence = 558.784 us
ConfidenceInterval = [554.964 us; 561.882 us] (CI 99.9%), Margin = 3.459 us (0.62% of Mean)
Skewness = 0.22, Kurtosis = 0.67, MValue = 2

// ** Remained 37 (41.6 %) benchmark(s) to run. Estimated finish 2026-10-07 19:44 (0h 4m from now) **
// **************************
// Benchmark: PlutusUseCasesBenchmarks.DecodeAndEval: ShortRun(IterationCount=3, LaunchCount=1, MinIterationCount=50, WarmupCount=3) [Script=guardrail-unsorted-small]
// *** Execute ***
// Launch: 1 / 1
// Execute: dotnet PlutusBench-ShortRun-1.dll --anonymousPipes 113 114 --benchmarkName "PlutusUseCasesBenchmarks.DecodeAndEval(Script: \"guardrail-unsorted-small\")" --job ShortRun --benchmarkId 52 in /bench/chrysalis/benchmarks/PlutusBench/bin/Release/net10.0/PlutusBench-ShortRun-1/bin/Release/net10.0
// BeforeAnythingElse

// Benchmark Process Environment Information:
// BenchmarkDotNet v0.15.8
// Runtime=.NET 10.0.12 (10.0.12, 10.0.1226.42308), X64 RyuJIT x86-64-v4
// GC=Concurrent Workstation
// HardwareIntrinsics=AVX512 BITALG+VBMI2+VNNI+VPOPCNTDQ,AVX512 IFMA+VBMI,AVX512 F+BW+CD+DQ+VL,AVX2+BMI1+BMI2+F16C+FMA+LZCNT+MOVBE,AVX,SSE3+SSSE3+SSE4.1+SSE4.2+POPCNT,X86Base+SSE+SSE2,AES+PCLMUL VectorSize=256
// Job: ShortRun(IterationCount=3, LaunchCount=1, MinIterationCount=50, WarmupCount=3)

OverheadJitting  1: 1 op, 151869.00 ns, 151.8690 us/op
WorkloadJitting  1: 1 op, 16099847.00 ns, 16.0998 ms/op

OverheadJitting  2: 16 op, 326727.00 ns, 20.4204 us/op
WorkloadJitting  2: 16 op, 6909825.00 ns, 431.8641 us/op

WorkloadPilot    1: 16 op, 6308845.00 ns, 394.3028 us/op
WorkloadPilot    2: 32 op, 11618788.00 ns, 363.0871 us/op
WorkloadPilot    3: 64 op, 21205225.00 ns, 331.3316 us/op
WorkloadPilot    4: 128 op, 39787380.00 ns, 310.8389 us/op
WorkloadPilot    5: 256 op, 77857293.00 ns, 304.1301 us/op
WorkloadPilot    6: 512 op, 109460647.00 ns, 213.7903 us/op
WorkloadPilot    7: 1024 op, 109816623.00 ns, 107.2428 us/op
WorkloadPilot    8: 2048 op, 201115075.00 ns, 98.2007 us/op
WorkloadPilot    9: 4096 op, 400517294.00 ns, 97.7825 us/op
WorkloadPilot   10: 8192 op, 805288878.00 ns, 98.3019 us/op

OverheadWarmup   1: 8192 op, 30602.00 ns, 3.7356 ns/op
OverheadWarmup   2: 8192 op, 58171.00 ns, 7.1010 ns/op
OverheadWarmup   3: 8192 op, 47863.00 ns, 5.8427 ns/op
OverheadWarmup   4: 8192 op, 49473.00 ns, 6.0392 ns/op
OverheadWarmup   5: 8192 op, 31622.00 ns, 3.8601 ns/op

OverheadActual   1: 8192 op, 29932.00 ns, 3.6538 ns/op
OverheadActual   2: 8192 op, 29935.00 ns, 3.6542 ns/op
OverheadActual   3: 8192 op, 30196.00 ns, 3.6860 ns/op
OverheadActual   4: 8192 op, 32117.00 ns, 3.9205 ns/op
OverheadActual   5: 8192 op, 35595.00 ns, 4.3451 ns/op
OverheadActual   6: 8192 op, 31319.00 ns, 3.8231 ns/op
OverheadActual   7: 8192 op, 61204.00 ns, 7.4712 ns/op
OverheadActual   8: 8192 op, 62061.00 ns, 7.5758 ns/op
OverheadActual   9: 8192 op, 31078.00 ns, 3.7937 ns/op
OverheadActual  10: 8192 op, 31049.00 ns, 3.7902 ns/op
OverheadActual  11: 8192 op, 31070.00 ns, 3.7927 ns/op
OverheadActual  12: 8192 op, 31454.00 ns, 3.8396 ns/op
OverheadActual  13: 8192 op, 63072.00 ns, 7.6992 ns/op
OverheadActual  14: 8192 op, 60419.00 ns, 7.3754 ns/op
OverheadActual  15: 8192 op, 49070.00 ns, 5.9900 ns/op
OverheadActual  16: 8192 op, 31281.00 ns, 3.8185 ns/op
OverheadActual  17: 8192 op, 31264.00 ns, 3.8164 ns/op
OverheadActual  18: 8192 op, 31363.00 ns, 3.8285 ns/op
OverheadActual  19: 8192 op, 44756.00 ns, 5.4634 ns/op
OverheadActual  20: 8192 op, 31428.00 ns, 3.8364 ns/op

WorkloadWarmup   1: 8192 op, 805480584.00 ns, 98.3253 us/op
WorkloadWarmup   2: 8192 op, 805465185.00 ns, 98.3234 us/op
WorkloadWarmup   3: 8192 op, 803853101.00 ns, 98.1266 us/op

// BeforeActualRun
WorkloadActual   1: 8192 op, 803262219.00 ns, 98.0545 us/op
WorkloadActual   2: 8192 op, 807328091.00 ns, 98.5508 us/op
WorkloadActual   3: 8192 op, 805441009.00 ns, 98.3204 us/op

// AfterActualRun
WorkloadResult   1: 8192 op, 803230823.50 ns, 98.0506 us/op
WorkloadResult   2: 8192 op, 807296695.50 ns, 98.5470 us/op
WorkloadResult   3: 8192 op, 805409613.50 ns, 98.3166 us/op
// GC:  219 47 0 1838088192 8192
// Threading:  0 0 8192

// AfterAll
// Benchmark Process 1067 has exited with code 0.

Mean = 98.305 us, StdErr = 0.143 us (0.15%), N = 3, StdDev = 0.248 us
Min = 98.051 us, Q1 = 98.184 us, Median = 98.317 us, Q3 = 98.432 us, Max = 98.547 us
IQR = 0.248 us, LowerFence = 97.811 us, UpperFence = 98.804 us
ConfidenceInterval = [93.773 us; 102.836 us] (CI 99.9%), Margin = 4.531 us (4.61% of Mean)
Skewness = -0.05, Kurtosis = 0.67, MValue = 2

// ** Remained 36 (40.4 %) benchmark(s) to run. Estimated finish 2026-10-07 19:44 (0h 4m from now) **
// **************************
// Benchmark: PlutusUseCasesBenchmarks.DecodeAndEval: ShortRun(IterationCount=3, LaunchCount=1, MinIterationCount=50, WarmupCount=3) [Script=multisig-sm-01]
// *** Execute ***
// Launch: 1 / 1
// Execute: dotnet PlutusBench-ShortRun-1.dll --anonymousPipes 113 114 --benchmarkName "PlutusUseCasesBenchmarks.DecodeAndEval(Script: \"multisig-sm-01\")" --job ShortRun --benchmarkId 53 in /bench/chrysalis/benchmarks/PlutusBench/bin/Release/net10.0/PlutusBench-ShortRun-1/bin/Release/net10.0
// BeforeAnythingElse

// Benchmark Process Environment Information:
// BenchmarkDotNet v0.15.8
// Runtime=.NET 10.0.12 (10.0.12, 10.0.1226.42308), X64 RyuJIT x86-64-v4
// GC=Concurrent Workstation
// HardwareIntrinsics=AVX512 BITALG+VBMI2+VNNI+VPOPCNTDQ,AVX512 IFMA+VBMI,AVX512 F+BW+CD+DQ+VL,AVX2+BMI1+BMI2+F16C+FMA+LZCNT+MOVBE,AVX,SSE3+SSSE3+SSE4.1+SSE4.2+POPCNT,X86Base+SSE+SSE2,AES+PCLMUL VectorSize=256
// Job: ShortRun(IterationCount=3, LaunchCount=1, MinIterationCount=50, WarmupCount=3)

OverheadJitting  1: 1 op, 149398.00 ns, 149.3980 us/op
WorkloadJitting  1: 1 op, 17498825.00 ns, 17.4988 ms/op

OverheadJitting  2: 16 op, 326770.00 ns, 20.4231 us/op
WorkloadJitting  2: 16 op, 26159779.00 ns, 1.6350 ms/op

WorkloadPilot    1: 16 op, 24409055.00 ns, 1.5256 ms/op
WorkloadPilot    2: 32 op, 47784874.00 ns, 1.4933 ms/op
WorkloadPilot    3: 64 op, 89444721.00 ns, 1.3976 ms/op
WorkloadPilot    4: 128 op, 131095015.00 ns, 1.0242 ms/op
WorkloadPilot    5: 256 op, 152001226.00 ns, 593.7548 us/op
WorkloadPilot    6: 512 op, 271529526.00 ns, 530.3311 us/op
WorkloadPilot    7: 1024 op, 541296776.00 ns, 528.6101 us/op

OverheadWarmup   1: 1024 op, 5386.00 ns, 5.2598 ns/op
OverheadWarmup   2: 1024 op, 4158.00 ns, 4.0605 ns/op
OverheadWarmup   3: 1024 op, 4137.00 ns, 4.0400 ns/op
OverheadWarmup   4: 1024 op, 4132.00 ns, 4.0352 ns/op
OverheadWarmup   5: 1024 op, 3965.00 ns, 3.8721 ns/op
OverheadWarmup   6: 1024 op, 4117.00 ns, 4.0205 ns/op
OverheadWarmup   7: 1024 op, 4151.00 ns, 4.0537 ns/op
OverheadWarmup   8: 1024 op, 19698.00 ns, 19.2363 ns/op
OverheadWarmup   9: 1024 op, 4183.00 ns, 4.0850 ns/op
OverheadWarmup  10: 1024 op, 4265.00 ns, 4.1650 ns/op

OverheadActual   1: 1024 op, 4150.00 ns, 4.0527 ns/op
OverheadActual   2: 1024 op, 4307.00 ns, 4.2061 ns/op
OverheadActual   3: 1024 op, 4074.00 ns, 3.9785 ns/op
OverheadActual   4: 1024 op, 4260.00 ns, 4.1602 ns/op
OverheadActual   5: 1024 op, 4078.00 ns, 3.9824 ns/op
OverheadActual   6: 1024 op, 21234.00 ns, 20.7363 ns/op
OverheadActual   7: 1024 op, 4182.00 ns, 4.0840 ns/op
OverheadActual   8: 1024 op, 4178.00 ns, 4.0801 ns/op
OverheadActual   9: 1024 op, 4184.00 ns, 4.0859 ns/op
OverheadActual  10: 1024 op, 4112.00 ns, 4.0156 ns/op
OverheadActual  11: 1024 op, 17358.00 ns, 16.9512 ns/op
OverheadActual  12: 1024 op, 4120.00 ns, 4.0234 ns/op
OverheadActual  13: 1024 op, 4217.00 ns, 4.1182 ns/op
OverheadActual  14: 1024 op, 4109.00 ns, 4.0127 ns/op
OverheadActual  15: 1024 op, 4113.00 ns, 4.0166 ns/op
OverheadActual  16: 1024 op, 4148.00 ns, 4.0508 ns/op
OverheadActual  17: 1024 op, 4229.00 ns, 4.1299 ns/op
OverheadActual  18: 1024 op, 4258.00 ns, 4.1582 ns/op
OverheadActual  19: 1024 op, 4185.00 ns, 4.0869 ns/op
OverheadActual  20: 1024 op, 4157.00 ns, 4.0596 ns/op

WorkloadWarmup   1: 1024 op, 544895436.00 ns, 532.1244 us/op
WorkloadWarmup   2: 1024 op, 543972764.00 ns, 531.2234 us/op
WorkloadWarmup   3: 1024 op, 542040189.00 ns, 529.3361 us/op

// BeforeActualRun
WorkloadActual   1: 1024 op, 598220063.00 ns, 584.1993 us/op
WorkloadActual   2: 1024 op, 690706269.00 ns, 674.5178 us/op
WorkloadActual   3: 1024 op, 690618612.00 ns, 674.4322 us/op

// AfterActualRun
WorkloadResult   1: 1024 op, 598215883.00 ns, 584.1952 us/op
WorkloadResult   2: 1024 op, 690702089.00 ns, 674.5138 us/op
WorkloadResult   3: 1024 op, 690614432.00 ns, 674.4282 us/op
// GC:  106 43 0 892280832 1024
// Threading:  0 0 1024

// AfterAll
// Benchmark Process 1077 has exited with code 0.

Mean = 644.379 us, StdErr = 30.092 us (4.67%), N = 3, StdDev = 52.121 us
Min = 584.195 us, Q1 = 629.312 us, Median = 674.428 us, Q3 = 674.471 us, Max = 674.514 us
IQR = 45.159 us, LowerFence = 561.573 us, UpperFence = 742.210 us
ConfidenceInterval = [-306.497 us; 1,595.256 us] (CI 99.9%), Margin = 950.877 us (147.56% of Mean)
Skewness = -0.38, Kurtosis = 0.67, MValue = 2

// ** Remained 35 (39.3 %) benchmark(s) to run. Estimated finish 2026-10-07 19:44 (0h 4m from now) **
// **************************
// Benchmark: PlutusUseCasesBenchmarks.DecodeAndEval: ShortRun(IterationCount=3, LaunchCount=1, MinIterationCount=50, WarmupCount=3) [Script=multisig-sm-02]
// *** Execute ***
// Launch: 1 / 1
// Execute: dotnet PlutusBench-ShortRun-1.dll --anonymousPipes 113 114 --benchmarkName "PlutusUseCasesBenchmarks.DecodeAndEval(Script: \"multisig-sm-02\")" --job ShortRun --benchmarkId 54 in /bench/chrysalis/benchmarks/PlutusBench/bin/Release/net10.0/PlutusBench-ShortRun-1/bin/Release/net10.0
// BeforeAnythingElse

// Benchmark Process Environment Information:
// BenchmarkDotNet v0.15.8
// Runtime=.NET 10.0.12 (10.0.12, 10.0.1226.42308), X64 RyuJIT x86-64-v4
// GC=Concurrent Workstation
// HardwareIntrinsics=AVX512 BITALG+VBMI2+VNNI+VPOPCNTDQ,AVX512 IFMA+VBMI,AVX512 F+BW+CD+DQ+VL,AVX2+BMI1+BMI2+F16C+FMA+LZCNT+MOVBE,AVX,SSE3+SSSE3+SSE4.1+SSE4.2+POPCNT,X86Base+SSE+SSE2,AES+PCLMUL VectorSize=256
// Job: ShortRun(IterationCount=3, LaunchCount=1, MinIterationCount=50, WarmupCount=3)

OverheadJitting  1: 1 op, 155718.00 ns, 155.7180 us/op
WorkloadJitting  1: 1 op, 17735141.00 ns, 17.7351 ms/op

OverheadJitting  2: 16 op, 365126.00 ns, 22.8204 us/op
WorkloadJitting  2: 16 op, 26018618.00 ns, 1.6262 ms/op

WorkloadPilot    1: 16 op, 24371949.00 ns, 1.5232 ms/op
WorkloadPilot    2: 32 op, 46596399.00 ns, 1.4561 ms/op
WorkloadPilot    3: 64 op, 88730861.00 ns, 1.3864 ms/op
WorkloadPilot    4: 128 op, 173493423.00 ns, 1.3554 ms/op
WorkloadPilot    5: 256 op, 135633417.00 ns, 529.8180 us/op
WorkloadPilot    6: 512 op, 262517479.00 ns, 512.7295 us/op
WorkloadPilot    7: 1024 op, 524598558.00 ns, 512.3033 us/op

OverheadWarmup   1: 1024 op, 4821.00 ns, 4.7080 ns/op
OverheadWarmup   2: 1024 op, 4158.00 ns, 4.0605 ns/op
OverheadWarmup   3: 1024 op, 4147.00 ns, 4.0498 ns/op
OverheadWarmup   4: 1024 op, 3925.00 ns, 3.8330 ns/op
OverheadWarmup   5: 1024 op, 4113.00 ns, 4.0166 ns/op
OverheadWarmup   6: 1024 op, 3930.00 ns, 3.8379 ns/op
OverheadWarmup   7: 1024 op, 4153.00 ns, 4.0557 ns/op
OverheadWarmup   8: 1024 op, 4103.00 ns, 4.0068 ns/op

OverheadActual   1: 1024 op, 4130.00 ns, 4.0332 ns/op
OverheadActual   2: 1024 op, 3992.00 ns, 3.8984 ns/op
OverheadActual   3: 1024 op, 13181.00 ns, 12.8721 ns/op
OverheadActual   4: 1024 op, 20386.00 ns, 19.9082 ns/op
OverheadActual   5: 1024 op, 3995.00 ns, 3.9014 ns/op
OverheadActual   6: 1024 op, 20487.00 ns, 20.0068 ns/op
OverheadActual   7: 1024 op, 4127.00 ns, 4.0303 ns/op
OverheadActual   8: 1024 op, 4211.00 ns, 4.1123 ns/op
OverheadActual   9: 1024 op, 4148.00 ns, 4.0508 ns/op
OverheadActual  10: 1024 op, 4111.00 ns, 4.0146 ns/op
OverheadActual  11: 1024 op, 4216.00 ns, 4.1172 ns/op
OverheadActual  12: 1024 op, 4112.00 ns, 4.0156 ns/op
OverheadActual  13: 1024 op, 4259.00 ns, 4.1592 ns/op
OverheadActual  14: 1024 op, 4171.00 ns, 4.0732 ns/op
OverheadActual  15: 1024 op, 4252.00 ns, 4.1523 ns/op
OverheadActual  16: 1024 op, 4123.00 ns, 4.0264 ns/op
OverheadActual  17: 1024 op, 4256.00 ns, 4.1563 ns/op
OverheadActual  18: 1024 op, 4334.00 ns, 4.2324 ns/op
OverheadActual  19: 1024 op, 4153.00 ns, 4.0557 ns/op
OverheadActual  20: 1024 op, 4175.00 ns, 4.0771 ns/op

WorkloadWarmup   1: 1024 op, 529392980.00 ns, 516.9853 us/op
WorkloadWarmup   2: 1024 op, 527415586.00 ns, 515.0543 us/op
WorkloadWarmup   3: 1024 op, 521996188.00 ns, 509.7619 us/op

// BeforeActualRun
WorkloadActual   1: 1024 op, 524211823.00 ns, 511.9256 us/op
WorkloadActual   2: 1024 op, 523941063.00 ns, 511.6612 us/op
WorkloadActual   3: 1024 op, 524830694.00 ns, 512.5300 us/op

// AfterActualRun
WorkloadResult   1: 1024 op, 524207650.00 ns, 511.9215 us/op
WorkloadResult   2: 1024 op, 523936890.00 ns, 511.6571 us/op
WorkloadResult   3: 1024 op, 524826521.00 ns, 512.5259 us/op
// GC:  104 47 0 878002176 1024
// Threading:  0 0 1024

// AfterAll
// Benchmark Process 1085 has exited with code 0.

Mean = 512.035 us, StdErr = 0.257 us (0.05%), N = 3, StdDev = 0.445 us
Min = 511.657 us, Q1 = 511.789 us, Median = 511.922 us, Q3 = 512.224 us, Max = 512.526 us
IQR = 0.434 us, LowerFence = 511.138 us, UpperFence = 512.875 us
ConfidenceInterval = [503.910 us; 520.159 us] (CI 99.9%), Margin = 8.125 us (1.59% of Mean)
Skewness = 0.24, Kurtosis = 0.67, MValue = 2

// ** Remained 34 (38.2 %) benchmark(s) to run. Estimated finish 2026-10-07 19:43 (0h 4m from now) **
// **************************
// Benchmark: PlutusUseCasesBenchmarks.DecodeAndEval: ShortRun(IterationCount=3, LaunchCount=1, MinIterationCount=50, WarmupCount=3) [Script=multisig-sm-03]
// *** Execute ***
// Launch: 1 / 1
// Execute: dotnet PlutusBench-ShortRun-1.dll --anonymousPipes 113 114 --benchmarkName "PlutusUseCasesBenchmarks.DecodeAndEval(Script: \"multisig-sm-03\")" --job ShortRun --benchmarkId 55 in /bench/chrysalis/benchmarks/PlutusBench/bin/Release/net10.0/PlutusBench-ShortRun-1/bin/Release/net10.0
// BeforeAnythingElse

// Benchmark Process Environment Information:
// BenchmarkDotNet v0.15.8
// Runtime=.NET 10.0.12 (10.0.12, 10.0.1226.42308), X64 RyuJIT x86-64-v4
// GC=Concurrent Workstation
// HardwareIntrinsics=AVX512 BITALG+VBMI2+VNNI+VPOPCNTDQ,AVX512 IFMA+VBMI,AVX512 F+BW+CD+DQ+VL,AVX2+BMI1+BMI2+F16C+FMA+LZCNT+MOVBE,AVX,SSE3+SSSE3+SSE4.1+SSE4.2+POPCNT,X86Base+SSE+SSE2,AES+PCLMUL VectorSize=256
// Job: ShortRun(IterationCount=3, LaunchCount=1, MinIterationCount=50, WarmupCount=3)

OverheadJitting  1: 1 op, 174506.00 ns, 174.5060 us/op
WorkloadJitting  1: 1 op, 17499412.00 ns, 17.4994 ms/op

OverheadJitting  2: 16 op, 345202.00 ns, 21.5751 us/op
WorkloadJitting  2: 16 op, 26397453.00 ns, 1.6498 ms/op

WorkloadPilot    1: 16 op, 24340935.00 ns, 1.5213 ms/op
WorkloadPilot    2: 32 op, 47552009.00 ns, 1.4860 ms/op
WorkloadPilot    3: 64 op, 90103635.00 ns, 1.4079 ms/op
WorkloadPilot    4: 128 op, 126430840.00 ns, 987.7409 us/op
WorkloadPilot    5: 256 op, 154520241.00 ns, 603.5947 us/op
WorkloadPilot    6: 512 op, 271569211.00 ns, 530.4086 us/op
WorkloadPilot    7: 1024 op, 544302614.00 ns, 531.5455 us/op

OverheadWarmup   1: 1024 op, 4943.00 ns, 4.8271 ns/op
OverheadWarmup   2: 1024 op, 4242.00 ns, 4.1426 ns/op
OverheadWarmup   3: 1024 op, 4061.00 ns, 3.9658 ns/op
OverheadWarmup   4: 1024 op, 4164.00 ns, 4.0664 ns/op
OverheadWarmup   5: 1024 op, 4198.00 ns, 4.0996 ns/op
OverheadWarmup   6: 1024 op, 4142.00 ns, 4.0449 ns/op
OverheadWarmup   7: 1024 op, 4147.00 ns, 4.0498 ns/op
OverheadWarmup   8: 1024 op, 4187.00 ns, 4.0889 ns/op
OverheadWarmup   9: 1024 op, 4292.00 ns, 4.1914 ns/op
OverheadWarmup  10: 1024 op, 4279.00 ns, 4.1787 ns/op

OverheadActual   1: 1024 op, 4153.00 ns, 4.0557 ns/op
OverheadActual   2: 1024 op, 3993.00 ns, 3.8994 ns/op
OverheadActual   3: 1024 op, 3994.00 ns, 3.9004 ns/op
OverheadActual   4: 1024 op, 4041.00 ns, 3.9463 ns/op
OverheadActual   5: 1024 op, 4027.00 ns, 3.9326 ns/op
OverheadActual   6: 1024 op, 4203.00 ns, 4.1045 ns/op
OverheadActual   7: 1024 op, 4033.00 ns, 3.9385 ns/op
OverheadActual   8: 1024 op, 4104.00 ns, 4.0078 ns/op
OverheadActual   9: 1024 op, 4134.00 ns, 4.0371 ns/op
OverheadActual  10: 1024 op, 4112.00 ns, 4.0156 ns/op
OverheadActual  11: 1024 op, 4128.00 ns, 4.0313 ns/op
OverheadActual  12: 1024 op, 4029.00 ns, 3.9346 ns/op
OverheadActual  13: 1024 op, 4139.00 ns, 4.0420 ns/op
OverheadActual  14: 1024 op, 4114.00 ns, 4.0176 ns/op
OverheadActual  15: 1024 op, 4042.00 ns, 3.9473 ns/op
OverheadActual  16: 1024 op, 4107.00 ns, 4.0107 ns/op
OverheadActual  17: 1024 op, 4059.00 ns, 3.9639 ns/op
OverheadActual  18: 1024 op, 4128.00 ns, 4.0313 ns/op
OverheadActual  19: 1024 op, 4255.00 ns, 4.1553 ns/op
OverheadActual  20: 1024 op, 4241.00 ns, 4.1416 ns/op

WorkloadWarmup   1: 1024 op, 547232565.00 ns, 534.4068 us/op
WorkloadWarmup   2: 1024 op, 547622446.00 ns, 534.7875 us/op
WorkloadWarmup   3: 1024 op, 544494391.00 ns, 531.7328 us/op

// BeforeActualRun
WorkloadActual   1: 1024 op, 544903841.00 ns, 532.1327 us/op
WorkloadActual   2: 1024 op, 547643161.00 ns, 534.8078 us/op
WorkloadActual   3: 1024 op, 551990267.00 ns, 539.0530 us/op

// AfterActualRun
WorkloadResult   1: 1024 op, 544899731.50 ns, 532.1286 us/op
WorkloadResult   2: 1024 op, 547639051.50 ns, 534.8038 us/op
WorkloadResult   3: 1024 op, 551986157.50 ns, 539.0490 us/op
// GC:  105 42 0 882974720 1024
// Threading:  0 0 1024

// AfterAll
// Benchmark Process 1093 has exited with code 0.

Mean = 535.327 us, StdErr = 2.015 us (0.38%), N = 3, StdDev = 3.490 us
Min = 532.129 us, Q1 = 533.466 us, Median = 534.804 us, Q3 = 536.926 us, Max = 539.049 us
IQR = 3.460 us, LowerFence = 528.276 us, UpperFence = 542.117 us
ConfidenceInterval = [471.661 us; 598.993 us] (CI 99.9%), Margin = 63.666 us (11.89% of Mean)
Skewness = 0.15, Kurtosis = 0.67, MValue = 2

// ** Remained 33 (37.1 %) benchmark(s) to run. Estimated finish 2026-10-07 19:43 (0h 3m from now) **
// **************************
// Benchmark: PlutusUseCasesBenchmarks.DecodeAndEval: ShortRun(IterationCount=3, LaunchCount=1, MinIterationCount=50, WarmupCount=3) [Script=multisig-sm-04]
// *** Execute ***
// Launch: 1 / 1
// Execute: dotnet PlutusBench-ShortRun-1.dll --anonymousPipes 113 114 --benchmarkName "PlutusUseCasesBenchmarks.DecodeAndEval(Script: \"multisig-sm-04\")" --job ShortRun --benchmarkId 56 in /bench/chrysalis/benchmarks/PlutusBench/bin/Release/net10.0/PlutusBench-ShortRun-1/bin/Release/net10.0
// BeforeAnythingElse

// Benchmark Process Environment Information:
// BenchmarkDotNet v0.15.8
// Runtime=.NET 10.0.12 (10.0.12, 10.0.1226.42308), X64 RyuJIT x86-64-v4
// GC=Concurrent Workstation
// HardwareIntrinsics=AVX512 BITALG+VBMI2+VNNI+VPOPCNTDQ,AVX512 IFMA+VBMI,AVX512 F+BW+CD+DQ+VL,AVX2+BMI1+BMI2+F16C+FMA+LZCNT+MOVBE,AVX,SSE3+SSSE3+SSE4.1+SSE4.2+POPCNT,X86Base+SSE+SSE2,AES+PCLMUL VectorSize=256
// Job: ShortRun(IterationCount=3, LaunchCount=1, MinIterationCount=50, WarmupCount=3)

OverheadJitting  1: 1 op, 150748.00 ns, 150.7480 us/op
WorkloadJitting  1: 1 op, 17489465.00 ns, 17.4895 ms/op

OverheadJitting  2: 16 op, 333774.00 ns, 20.8609 us/op
WorkloadJitting  2: 16 op, 26725604.00 ns, 1.6704 ms/op

WorkloadPilot    1: 16 op, 24164742.00 ns, 1.5103 ms/op
WorkloadPilot    2: 32 op, 47856571.00 ns, 1.4955 ms/op
WorkloadPilot    3: 64 op, 90255288.00 ns, 1.4102 ms/op
WorkloadPilot    4: 128 op, 131836364.00 ns, 1.0300 ms/op
WorkloadPilot    5: 256 op, 154345840.00 ns, 602.9134 us/op
WorkloadPilot    6: 512 op, 271855962.00 ns, 530.9687 us/op
WorkloadPilot    7: 1024 op, 542951290.00 ns, 530.2259 us/op

OverheadWarmup   1: 1024 op, 4891.00 ns, 4.7764 ns/op
OverheadWarmup   2: 1024 op, 4103.00 ns, 4.0068 ns/op
OverheadWarmup   3: 1024 op, 4100.00 ns, 4.0039 ns/op
OverheadWarmup   4: 1024 op, 20407.00 ns, 19.9287 ns/op
OverheadWarmup   5: 1024 op, 4133.00 ns, 4.0361 ns/op
OverheadWarmup   6: 1024 op, 4084.00 ns, 3.9883 ns/op
OverheadWarmup   7: 1024 op, 4060.00 ns, 3.9648 ns/op
OverheadWarmup   8: 1024 op, 4149.00 ns, 4.0518 ns/op
OverheadWarmup   9: 1024 op, 4155.00 ns, 4.0576 ns/op
OverheadWarmup  10: 1024 op, 4302.00 ns, 4.2012 ns/op

OverheadActual   1: 1024 op, 4048.00 ns, 3.9531 ns/op
OverheadActual   2: 1024 op, 4044.00 ns, 3.9492 ns/op
OverheadActual   3: 1024 op, 3973.00 ns, 3.8799 ns/op
OverheadActual   4: 1024 op, 4216.00 ns, 4.1172 ns/op
OverheadActual   5: 1024 op, 3975.00 ns, 3.8818 ns/op
OverheadActual   6: 1024 op, 3961.00 ns, 3.8682 ns/op
OverheadActual   7: 1024 op, 3967.00 ns, 3.8740 ns/op
OverheadActual   8: 1024 op, 4105.00 ns, 4.0088 ns/op
OverheadActual   9: 1024 op, 17395.00 ns, 16.9873 ns/op
OverheadActual  10: 1024 op, 18443.00 ns, 18.0107 ns/op
OverheadActual  11: 1024 op, 4080.00 ns, 3.9844 ns/op
OverheadActual  12: 1024 op, 4222.00 ns, 4.1230 ns/op
OverheadActual  13: 1024 op, 4086.00 ns, 3.9902 ns/op
OverheadActual  14: 1024 op, 4028.00 ns, 3.9336 ns/op
OverheadActual  15: 1024 op, 4158.00 ns, 4.0605 ns/op
OverheadActual  16: 1024 op, 3937.00 ns, 3.8447 ns/op
OverheadActual  17: 1024 op, 4042.00 ns, 3.9473 ns/op
OverheadActual  18: 1024 op, 4113.00 ns, 4.0166 ns/op
OverheadActual  19: 1024 op, 4163.00 ns, 4.0654 ns/op
OverheadActual  20: 1024 op, 4106.00 ns, 4.0098 ns/op

WorkloadWarmup   1: 1024 op, 545771496.00 ns, 532.9800 us/op
WorkloadWarmup   2: 1024 op, 545782803.00 ns, 532.9910 us/op
WorkloadWarmup   3: 1024 op, 539226205.00 ns, 526.5881 us/op

// BeforeActualRun
WorkloadActual   1: 1024 op, 542296711.00 ns, 529.5866 us/op
WorkloadActual   2: 1024 op, 543514390.00 ns, 530.7758 us/op
WorkloadActual   3: 1024 op, 542095445.00 ns, 529.3901 us/op

// AfterActualRun
WorkloadResult   1: 1024 op, 542292628.00 ns, 529.5826 us/op
WorkloadResult   2: 1024 op, 543510307.00 ns, 530.7718 us/op
WorkloadResult   3: 1024 op, 542091362.00 ns, 529.3861 us/op
// GC:  106 38 0 887930880 1024
// Threading:  0 0 1024

// AfterAll
// Benchmark Process 1101 has exited with code 0.

Mean = 529.914 us, StdErr = 0.433 us (0.08%), N = 3, StdDev = 0.750 us
Min = 529.386 us, Q1 = 529.484 us, Median = 529.583 us, Q3 = 530.177 us, Max = 530.772 us
IQR = 0.693 us, LowerFence = 528.445 us, UpperFence = 531.216 us
ConfidenceInterval = [516.235 us; 543.592 us] (CI 99.9%), Margin = 13.678 us (2.58% of Mean)
Skewness = 0.36, Kurtosis = 0.67, MValue = 2

// ** Remained 32 (36.0 %) benchmark(s) to run. Estimated finish 2026-10-07 19:43 (0h 3m from now) **
// **************************
// Benchmark: PlutusUseCasesBenchmarks.DecodeAndEval: ShortRun(IterationCount=3, LaunchCount=1, MinIterationCount=50, WarmupCount=3) [Script=multisig-sm-05]
// *** Execute ***
// Launch: 1 / 1
// Execute: dotnet PlutusBench-ShortRun-1.dll --anonymousPipes 113 114 --benchmarkName "PlutusUseCasesBenchmarks.DecodeAndEval(Script: \"multisig-sm-05\")" --job ShortRun --benchmarkId 57 in /bench/chrysalis/benchmarks/PlutusBench/bin/Release/net10.0/PlutusBench-ShortRun-1/bin/Release/net10.0
// BeforeAnythingElse

// Benchmark Process Environment Information:
// BenchmarkDotNet v0.15.8
// Runtime=.NET 10.0.12 (10.0.12, 10.0.1226.42308), X64 RyuJIT x86-64-v4
// GC=Concurrent Workstation
// HardwareIntrinsics=AVX512 BITALG+VBMI2+VNNI+VPOPCNTDQ,AVX512 IFMA+VBMI,AVX512 F+BW+CD+DQ+VL,AVX2+BMI1+BMI2+F16C+FMA+LZCNT+MOVBE,AVX,SSE3+SSSE3+SSE4.1+SSE4.2+POPCNT,X86Base+SSE+SSE2,AES+PCLMUL VectorSize=256
// Job: ShortRun(IterationCount=3, LaunchCount=1, MinIterationCount=50, WarmupCount=3)

OverheadJitting  1: 1 op, 173486.00 ns, 173.4860 us/op
WorkloadJitting  1: 1 op, 18366477.00 ns, 18.3665 ms/op

OverheadJitting  2: 16 op, 353133.00 ns, 22.0708 us/op
WorkloadJitting  2: 16 op, 34678968.00 ns, 2.1674 ms/op

WorkloadPilot    1: 16 op, 33286167.00 ns, 2.0804 ms/op
WorkloadPilot    2: 32 op, 62273008.00 ns, 1.9460 ms/op
WorkloadPilot    3: 64 op, 113244088.00 ns, 1.7694 ms/op
WorkloadPilot    4: 128 op, 137861798.00 ns, 1.0770 ms/op
WorkloadPilot    5: 256 op, 208401945.00 ns, 814.0701 us/op
WorkloadPilot    6: 512 op, 360824591.00 ns, 704.7355 us/op
WorkloadPilot    7: 1024 op, 721342351.00 ns, 704.4359 us/op

OverheadWarmup   1: 1024 op, 11061.00 ns, 10.8018 ns/op
OverheadWarmup   2: 1024 op, 21492.00 ns, 20.9883 ns/op
OverheadWarmup   3: 1024 op, 4163.00 ns, 4.0654 ns/op
OverheadWarmup   4: 1024 op, 21643.00 ns, 21.1357 ns/op
OverheadWarmup   5: 1024 op, 4163.00 ns, 4.0654 ns/op

OverheadActual   1: 1024 op, 4054.00 ns, 3.9590 ns/op
OverheadActual   2: 1024 op, 4025.00 ns, 3.9307 ns/op
OverheadActual   3: 1024 op, 4044.00 ns, 3.9492 ns/op
OverheadActual   4: 1024 op, 4253.00 ns, 4.1533 ns/op
OverheadActual   5: 1024 op, 4050.00 ns, 3.9551 ns/op
OverheadActual   6: 1024 op, 3983.00 ns, 3.8896 ns/op
OverheadActual   7: 1024 op, 4260.00 ns, 4.1602 ns/op
OverheadActual   8: 1024 op, 4176.00 ns, 4.0781 ns/op
OverheadActual   9: 1024 op, 4220.00 ns, 4.1211 ns/op
OverheadActual  10: 1024 op, 4130.00 ns, 4.0332 ns/op
OverheadActual  11: 1024 op, 4210.00 ns, 4.1113 ns/op
OverheadActual  12: 1024 op, 4172.00 ns, 4.0742 ns/op
OverheadActual  13: 1024 op, 4276.00 ns, 4.1758 ns/op
OverheadActual  14: 1024 op, 4126.00 ns, 4.0293 ns/op
OverheadActual  15: 1024 op, 4175.00 ns, 4.0771 ns/op
OverheadActual  16: 1024 op, 4176.00 ns, 4.0781 ns/op
OverheadActual  17: 1024 op, 4134.00 ns, 4.0371 ns/op
OverheadActual  18: 1024 op, 4209.00 ns, 4.1104 ns/op
OverheadActual  19: 1024 op, 4161.00 ns, 4.0635 ns/op
OverheadActual  20: 1024 op, 4160.00 ns, 4.0625 ns/op

WorkloadWarmup   1: 1024 op, 725983817.00 ns, 708.9686 us/op
WorkloadWarmup   2: 1024 op, 728795831.00 ns, 711.7147 us/op
WorkloadWarmup   3: 1024 op, 720701166.00 ns, 703.8097 us/op

// BeforeActualRun
WorkloadActual   1: 1024 op, 724317182.00 ns, 707.3410 us/op
WorkloadActual   2: 1024 op, 723233423.00 ns, 706.2826 us/op
WorkloadActual   3: 1024 op, 726008126.00 ns, 708.9923 us/op

// AfterActualRun
WorkloadResult   1: 1024 op, 724313015.50 ns, 707.3369 us/op
WorkloadResult   2: 1024 op, 723229256.50 ns, 706.2786 us/op
WorkloadResult   3: 1024 op, 726003959.50 ns, 708.9882 us/op
// GC:  130 57 0 1088757760 1024
// Threading:  0 0 1024

// AfterAll
// Benchmark Process 1109 has exited with code 0.

Mean = 707.535 us, StdErr = 0.788 us (0.11%), N = 3, StdDev = 1.366 us
Min = 706.279 us, Q1 = 706.808 us, Median = 707.337 us, Q3 = 708.163 us, Max = 708.988 us
IQR = 1.355 us, LowerFence = 704.775 us, UpperFence = 710.195 us
ConfidenceInterval = [682.621 us; 732.448 us] (CI 99.9%), Margin = 24.914 us (3.52% of Mean)
Skewness = 0.14, Kurtosis = 0.67, MValue = 2

// ** Remained 31 (34.8 %) benchmark(s) to run. Estimated finish 2026-10-07 19:43 (0h 3m from now) **
// **************************
// Benchmark: PlutusUseCasesBenchmarks.DecodeAndEval: ShortRun(IterationCount=3, LaunchCount=1, MinIterationCount=50, WarmupCount=3) [Script=multisig-sm-06]
// *** Execute ***
// Launch: 1 / 1
// Execute: dotnet PlutusBench-ShortRun-1.dll --anonymousPipes 113 114 --benchmarkName "PlutusUseCasesBenchmarks.DecodeAndEval(Script: \"multisig-sm-06\")" --job ShortRun --benchmarkId 58 in /bench/chrysalis/benchmarks/PlutusBench/bin/Release/net10.0/PlutusBench-ShortRun-1/bin/Release/net10.0
// BeforeAnythingElse

// Benchmark Process Environment Information:
// BenchmarkDotNet v0.15.8
// Runtime=.NET 10.0.12 (10.0.12, 10.0.1226.42308), X64 RyuJIT x86-64-v4
// GC=Concurrent Workstation
// HardwareIntrinsics=AVX512 BITALG+VBMI2+VNNI+VPOPCNTDQ,AVX512 IFMA+VBMI,AVX512 F+BW+CD+DQ+VL,AVX2+BMI1+BMI2+F16C+FMA+LZCNT+MOVBE,AVX,SSE3+SSSE3+SSE4.1+SSE4.2+POPCNT,X86Base+SSE+SSE2,AES+PCLMUL VectorSize=256
// Job: ShortRun(IterationCount=3, LaunchCount=1, MinIterationCount=50, WarmupCount=3)

OverheadJitting  1: 1 op, 148775.00 ns, 148.7750 us/op
WorkloadJitting  1: 1 op, 17923692.00 ns, 17.9237 ms/op

OverheadJitting  2: 16 op, 353851.00 ns, 22.1157 us/op
WorkloadJitting  2: 16 op, 26009912.00 ns, 1.6256 ms/op

WorkloadPilot    1: 16 op, 24558178.00 ns, 1.5349 ms/op
WorkloadPilot    2: 32 op, 46580181.00 ns, 1.4556 ms/op
WorkloadPilot    3: 64 op, 89433034.00 ns, 1.3974 ms/op
WorkloadPilot    4: 128 op, 131367053.00 ns, 1.0263 ms/op
WorkloadPilot    5: 256 op, 155297386.00 ns, 606.6304 us/op
WorkloadPilot    6: 512 op, 276782760.00 ns, 540.5913 us/op
WorkloadPilot    7: 1024 op, 544031676.00 ns, 531.2809 us/op

OverheadWarmup   1: 1024 op, 5007.00 ns, 4.8896 ns/op
OverheadWarmup   2: 1024 op, 4007.00 ns, 3.9131 ns/op
OverheadWarmup   3: 1024 op, 4034.00 ns, 3.9395 ns/op
OverheadWarmup   4: 1024 op, 4134.00 ns, 4.0371 ns/op
OverheadWarmup   5: 1024 op, 19576.00 ns, 19.1172 ns/op
OverheadWarmup   6: 1024 op, 4074.00 ns, 3.9785 ns/op
OverheadWarmup   7: 1024 op, 4090.00 ns, 3.9941 ns/op
OverheadWarmup   8: 1024 op, 4159.00 ns, 4.0615 ns/op
OverheadWarmup   9: 1024 op, 4145.00 ns, 4.0479 ns/op

OverheadActual   1: 1024 op, 4195.00 ns, 4.0967 ns/op
OverheadActual   2: 1024 op, 4115.00 ns, 4.0186 ns/op
OverheadActual   3: 1024 op, 4181.00 ns, 4.0830 ns/op
OverheadActual   4: 1024 op, 4748.00 ns, 4.6367 ns/op
OverheadActual   5: 1024 op, 4107.00 ns, 4.0107 ns/op
OverheadActual   6: 1024 op, 35317.00 ns, 34.4893 ns/op
OverheadActual   7: 1024 op, 4191.00 ns, 4.0928 ns/op
OverheadActual   8: 1024 op, 4300.00 ns, 4.1992 ns/op
OverheadActual   9: 1024 op, 4220.00 ns, 4.1211 ns/op
OverheadActual  10: 1024 op, 4213.00 ns, 4.1143 ns/op
OverheadActual  11: 1024 op, 4287.00 ns, 4.1865 ns/op
OverheadActual  12: 1024 op, 4157.00 ns, 4.0596 ns/op
OverheadActual  13: 1024 op, 4191.00 ns, 4.0928 ns/op
OverheadActual  14: 1024 op, 4245.00 ns, 4.1455 ns/op
OverheadActual  15: 1024 op, 4178.00 ns, 4.0801 ns/op
OverheadActual  16: 1024 op, 4933.00 ns, 4.8174 ns/op
OverheadActual  17: 1024 op, 4119.00 ns, 4.0225 ns/op
OverheadActual  18: 1024 op, 4336.00 ns, 4.2344 ns/op
OverheadActual  19: 1024 op, 4274.00 ns, 4.1738 ns/op
OverheadActual  20: 1024 op, 4278.00 ns, 4.1777 ns/op

WorkloadWarmup   1: 1024 op, 551215429.00 ns, 538.2963 us/op
WorkloadWarmup   2: 1024 op, 550172399.00 ns, 537.2777 us/op
WorkloadWarmup   3: 1024 op, 546262048.00 ns, 533.4590 us/op

// BeforeActualRun
WorkloadActual   1: 1024 op, 549752189.00 ns, 536.8674 us/op
WorkloadActual   2: 1024 op, 547350268.00 ns, 534.5217 us/op
WorkloadActual   3: 1024 op, 547115781.00 ns, 534.2928 us/op

// AfterActualRun
WorkloadResult   1: 1024 op, 549747972.50 ns, 536.8633 us/op
WorkloadResult   2: 1024 op, 547346051.50 ns, 534.5176 us/op
WorkloadResult   3: 1024 op, 547111564.50 ns, 534.2886 us/op
// GC:  106 42 0 892051456 1024
// Threading:  0 0 1024

// AfterAll
// Benchmark Process 1119 has exited with code 0.

Mean = 535.223 us, StdErr = 0.823 us (0.15%), N = 3, StdDev = 1.425 us
Min = 534.289 us, Q1 = 534.403 us, Median = 534.518 us, Q3 = 535.690 us, Max = 536.863 us
IQR = 1.287 us, LowerFence = 532.472 us, UpperFence = 537.621 us
ConfidenceInterval = [509.227 us; 561.220 us] (CI 99.9%), Margin = 25.997 us (4.86% of Mean)
Skewness = 0.37, Kurtosis = 0.67, MValue = 2

// ** Remained 30 (33.7 %) benchmark(s) to run. Estimated finish 2026-10-07 19:43 (0h 3m from now) **
// **************************
// Benchmark: PlutusUseCasesBenchmarks.DecodeAndEval: ShortRun(IterationCount=3, LaunchCount=1, MinIterationCount=50, WarmupCount=3) [Script=multisig-sm-07]
// *** Execute ***
// Launch: 1 / 1
// Execute: dotnet PlutusBench-ShortRun-1.dll --anonymousPipes 113 114 --benchmarkName "PlutusUseCasesBenchmarks.DecodeAndEval(Script: \"multisig-sm-07\")" --job ShortRun --benchmarkId 59 in /bench/chrysalis/benchmarks/PlutusBench/bin/Release/net10.0/PlutusBench-ShortRun-1/bin/Release/net10.0
// BeforeAnythingElse

// Benchmark Process Environment Information:
// BenchmarkDotNet v0.15.8
// Runtime=.NET 10.0.12 (10.0.12, 10.0.1226.42308), X64 RyuJIT x86-64-v4
// GC=Concurrent Workstation
// HardwareIntrinsics=AVX512 BITALG+VBMI2+VNNI+VPOPCNTDQ,AVX512 IFMA+VBMI,AVX512 F+BW+CD+DQ+VL,AVX2+BMI1+BMI2+F16C+FMA+LZCNT+MOVBE,AVX,SSE3+SSSE3+SSE4.1+SSE4.2+POPCNT,X86Base+SSE+SSE2,AES+PCLMUL VectorSize=256
// Job: ShortRun(IterationCount=3, LaunchCount=1, MinIterationCount=50, WarmupCount=3)

OverheadJitting  1: 1 op, 178217.00 ns, 178.2170 us/op
WorkloadJitting  1: 1 op, 17374083.00 ns, 17.3741 ms/op

OverheadJitting  2: 16 op, 346664.00 ns, 21.6665 us/op
WorkloadJitting  2: 16 op, 26203423.00 ns, 1.6377 ms/op

WorkloadPilot    1: 16 op, 24314839.00 ns, 1.5197 ms/op
WorkloadPilot    2: 32 op, 47678361.00 ns, 1.4899 ms/op
WorkloadPilot    3: 64 op, 89434056.00 ns, 1.3974 ms/op
WorkloadPilot    4: 128 op, 168158495.00 ns, 1.3137 ms/op
WorkloadPilot    5: 256 op, 213255801.00 ns, 833.0305 us/op
WorkloadPilot    6: 512 op, 271957927.00 ns, 531.1678 us/op
WorkloadPilot    7: 1024 op, 539798045.00 ns, 527.1465 us/op

OverheadWarmup   1: 1024 op, 5617.00 ns, 5.4854 ns/op
OverheadWarmup   2: 1024 op, 4132.00 ns, 4.0352 ns/op
OverheadWarmup   3: 1024 op, 4134.00 ns, 4.0371 ns/op
OverheadWarmup   4: 1024 op, 16926.00 ns, 16.5293 ns/op
OverheadWarmup   5: 1024 op, 4114.00 ns, 4.0176 ns/op
OverheadWarmup   6: 1024 op, 4190.00 ns, 4.0918 ns/op
OverheadWarmup   7: 1024 op, 4064.00 ns, 3.9688 ns/op

OverheadActual   1: 1024 op, 4345.00 ns, 4.2432 ns/op
OverheadActual   2: 1024 op, 4134.00 ns, 4.0371 ns/op
OverheadActual   3: 1024 op, 4175.00 ns, 4.0771 ns/op
OverheadActual   4: 1024 op, 4172.00 ns, 4.0742 ns/op
OverheadActual   5: 1024 op, 4090.00 ns, 3.9941 ns/op
OverheadActual   6: 1024 op, 4173.00 ns, 4.0752 ns/op
OverheadActual   7: 1024 op, 4288.00 ns, 4.1875 ns/op
OverheadActual   8: 1024 op, 4082.00 ns, 3.9863 ns/op
OverheadActual   9: 1024 op, 4139.00 ns, 4.0420 ns/op
OverheadActual  10: 1024 op, 4193.00 ns, 4.0947 ns/op
OverheadActual  11: 1024 op, 4088.00 ns, 3.9922 ns/op
OverheadActual  12: 1024 op, 4111.00 ns, 4.0146 ns/op
OverheadActual  13: 1024 op, 4185.00 ns, 4.0869 ns/op
OverheadActual  14: 1024 op, 4094.00 ns, 3.9980 ns/op
OverheadActual  15: 1024 op, 4173.00 ns, 4.0752 ns/op
OverheadActual  16: 1024 op, 4157.00 ns, 4.0596 ns/op
OverheadActual  17: 1024 op, 4141.00 ns, 4.0439 ns/op
OverheadActual  18: 1024 op, 4268.00 ns, 4.1680 ns/op
OverheadActual  19: 1024 op, 4362.00 ns, 4.2598 ns/op
OverheadActual  20: 1024 op, 4200.00 ns, 4.1016 ns/op

WorkloadWarmup   1: 1024 op, 545656369.00 ns, 532.8675 us/op
WorkloadWarmup   2: 1024 op, 546602773.00 ns, 533.7918 us/op
WorkloadWarmup   3: 1024 op, 545142093.00 ns, 532.3653 us/op

// BeforeActualRun
WorkloadActual   1: 1024 op, 539060589.00 ns, 526.4264 us/op
WorkloadActual   2: 1024 op, 539612579.00 ns, 526.9654 us/op
WorkloadActual   3: 1024 op, 543202836.00 ns, 530.4715 us/op

// AfterActualRun
WorkloadResult   1: 1024 op, 539056416.50 ns, 526.4223 us/op
WorkloadResult   2: 1024 op, 539608406.50 ns, 526.9613 us/op
WorkloadResult   3: 1024 op, 543198663.50 ns, 530.4674 us/op
// GC:  104 46 0 877772800 1024
// Threading:  0 0 1024

// AfterAll
// Benchmark Process 1127 has exited with code 0.

Mean = 527.950 us, StdErr = 1.268 us (0.24%), N = 3, StdDev = 2.196 us
Min = 526.422 us, Q1 = 526.692 us, Median = 526.961 us, Q3 = 528.714 us, Max = 530.467 us
IQR = 2.023 us, LowerFence = 523.658 us, UpperFence = 531.748 us
ConfidenceInterval = [487.879 us; 568.022 us] (CI 99.9%), Margin = 40.072 us (7.59% of Mean)
Skewness = 0.36, Kurtosis = 0.67, MValue = 2

// ** Remained 29 (32.6 %) benchmark(s) to run. Estimated finish 2026-10-07 19:43 (0h 3m from now) **
// **************************
// Benchmark: PlutusUseCasesBenchmarks.DecodeAndEval: ShortRun(IterationCount=3, LaunchCount=1, MinIterationCount=50, WarmupCount=3) [Script=multisig-sm-08]
// *** Execute ***
// Launch: 1 / 1
// Execute: dotnet PlutusBench-ShortRun-1.dll --anonymousPipes 113 114 --benchmarkName "PlutusUseCasesBenchmarks.DecodeAndEval(Script: \"multisig-sm-08\")" --job ShortRun --benchmarkId 60 in /bench/chrysalis/benchmarks/PlutusBench/bin/Release/net10.0/PlutusBench-ShortRun-1/bin/Release/net10.0
// BeforeAnythingElse

// Benchmark Process Environment Information:
// BenchmarkDotNet v0.15.8
// Runtime=.NET 10.0.12 (10.0.12, 10.0.1226.42308), X64 RyuJIT x86-64-v4
// GC=Concurrent Workstation
// HardwareIntrinsics=AVX512 BITALG+VBMI2+VNNI+VPOPCNTDQ,AVX512 IFMA+VBMI,AVX512 F+BW+CD+DQ+VL,AVX2+BMI1+BMI2+F16C+FMA+LZCNT+MOVBE,AVX,SSE3+SSSE3+SSE4.1+SSE4.2+POPCNT,X86Base+SSE+SSE2,AES+PCLMUL VectorSize=256
// Job: ShortRun(IterationCount=3, LaunchCount=1, MinIterationCount=50, WarmupCount=3)

OverheadJitting  1: 1 op, 192599.00 ns, 192.5990 us/op
WorkloadJitting  1: 1 op, 23273457.00 ns, 23.2735 ms/op

OverheadJitting  2: 16 op, 475703.00 ns, 29.7314 us/op
WorkloadJitting  2: 16 op, 36798231.00 ns, 2.2999 ms/op

WorkloadPilot    1: 16 op, 34155261.00 ns, 2.1347 ms/op
WorkloadPilot    2: 32 op, 67517408.00 ns, 2.1099 ms/op
WorkloadPilot    3: 64 op, 92378848.00 ns, 1.4434 ms/op
WorkloadPilot    4: 128 op, 128439072.00 ns, 1.0034 ms/op
WorkloadPilot    5: 256 op, 171297147.00 ns, 669.1295 us/op
WorkloadPilot    6: 512 op, 340449551.00 ns, 664.9405 us/op
WorkloadPilot    7: 1024 op, 604696572.00 ns, 590.5240 us/op

OverheadWarmup   1: 1024 op, 5064.00 ns, 4.9453 ns/op
OverheadWarmup   2: 1024 op, 3964.00 ns, 3.8711 ns/op
OverheadWarmup   3: 1024 op, 3869.00 ns, 3.7783 ns/op
OverheadWarmup   4: 1024 op, 19627.00 ns, 19.1670 ns/op
OverheadWarmup   5: 1024 op, 3936.00 ns, 3.8438 ns/op
OverheadWarmup   6: 1024 op, 4157.00 ns, 4.0596 ns/op
OverheadWarmup   7: 1024 op, 4109.00 ns, 4.0127 ns/op

OverheadActual   1: 1024 op, 4173.00 ns, 4.0752 ns/op
OverheadActual   2: 1024 op, 4019.00 ns, 3.9248 ns/op
OverheadActual   3: 1024 op, 4063.00 ns, 3.9678 ns/op
OverheadActual   4: 1024 op, 4171.00 ns, 4.0732 ns/op
OverheadActual   5: 1024 op, 4074.00 ns, 3.9785 ns/op
OverheadActual   6: 1024 op, 3964.00 ns, 3.8711 ns/op
OverheadActual   7: 1024 op, 4123.00 ns, 4.0264 ns/op
OverheadActual   8: 1024 op, 21201.00 ns, 20.7041 ns/op
OverheadActual   9: 1024 op, 4328.00 ns, 4.2266 ns/op
OverheadActual  10: 1024 op, 4167.00 ns, 4.0693 ns/op
OverheadActual  11: 1024 op, 4178.00 ns, 4.0801 ns/op
OverheadActual  12: 1024 op, 4168.00 ns, 4.0703 ns/op
OverheadActual  13: 1024 op, 4145.00 ns, 4.0479 ns/op
OverheadActual  14: 1024 op, 4138.00 ns, 4.0410 ns/op
OverheadActual  15: 1024 op, 4079.00 ns, 3.9834 ns/op
OverheadActual  16: 1024 op, 4104.00 ns, 4.0078 ns/op
OverheadActual  17: 1024 op, 4221.00 ns, 4.1221 ns/op
OverheadActual  18: 1024 op, 4255.00 ns, 4.1553 ns/op
OverheadActual  19: 1024 op, 4165.00 ns, 4.0674 ns/op
OverheadActual  20: 1024 op, 4144.00 ns, 4.0469 ns/op

WorkloadWarmup   1: 1024 op, 537340828.00 ns, 524.7469 us/op
WorkloadWarmup   2: 1024 op, 534905038.00 ns, 522.3682 us/op
WorkloadWarmup   3: 1024 op, 531180696.00 ns, 518.7311 us/op

// BeforeActualRun
WorkloadActual   1: 1024 op, 535491392.00 ns, 522.9408 us/op
WorkloadActual   2: 1024 op, 533671967.00 ns, 521.1640 us/op
WorkloadActual   3: 1024 op, 534321456.00 ns, 521.7983 us/op

// AfterActualRun
WorkloadResult   1: 1024 op, 535487237.00 ns, 522.9368 us/op
WorkloadResult   2: 1024 op, 533667812.00 ns, 521.1600 us/op
WorkloadResult   3: 1024 op, 534317301.00 ns, 521.7942 us/op
// GC:  105 42 0 882745344 1024
// Threading:  0 0 1024

// AfterAll
// Benchmark Process 1135 has exited with code 0.

Mean = 521.964 us, StdErr = 0.520 us (0.10%), N = 3, StdDev = 0.900 us
Min = 521.160 us, Q1 = 521.477 us, Median = 521.794 us, Q3 = 522.365 us, Max = 522.937 us
IQR = 0.888 us, LowerFence = 520.145 us, UpperFence = 523.698 us
ConfidenceInterval = [505.537 us; 538.391 us] (CI 99.9%), Margin = 16.427 us (3.15% of Mean)
Skewness = 0.18, Kurtosis = 0.67, MValue = 2

// ** Remained 28 (31.5 %) benchmark(s) to run. Estimated finish 2026-10-07 19:43 (0h 3m from now) **
// **************************
// Benchmark: PlutusUseCasesBenchmarks.DecodeAndEval: ShortRun(IterationCount=3, LaunchCount=1, MinIterationCount=50, WarmupCount=3) [Script=multisig-sm-09]
// *** Execute ***
// Launch: 1 / 1
// Execute: dotnet PlutusBench-ShortRun-1.dll --anonymousPipes 113 114 --benchmarkName "PlutusUseCasesBenchmarks.DecodeAndEval(Script: \"multisig-sm-09\")" --job ShortRun --benchmarkId 61 in /bench/chrysalis/benchmarks/PlutusBench/bin/Release/net10.0/PlutusBench-ShortRun-1/bin/Release/net10.0
// BeforeAnythingElse

// Benchmark Process Environment Information:
// BenchmarkDotNet v0.15.8
// Runtime=.NET 10.0.12 (10.0.12, 10.0.1226.42308), X64 RyuJIT x86-64-v4
// GC=Concurrent Workstation
// HardwareIntrinsics=AVX512 BITALG+VBMI2+VNNI+VPOPCNTDQ,AVX512 IFMA+VBMI,AVX512 F+BW+CD+DQ+VL,AVX2+BMI1+BMI2+F16C+FMA+LZCNT+MOVBE,AVX,SSE3+SSSE3+SSE4.1+SSE4.2+POPCNT,X86Base+SSE+SSE2,AES+PCLMUL VectorSize=256
// Job: ShortRun(IterationCount=3, LaunchCount=1, MinIterationCount=50, WarmupCount=3)

OverheadJitting  1: 1 op, 150603.00 ns, 150.6030 us/op
WorkloadJitting  1: 1 op, 18136015.00 ns, 18.1360 ms/op

OverheadJitting  2: 16 op, 337102.00 ns, 21.0689 us/op
WorkloadJitting  2: 16 op, 26462514.00 ns, 1.6539 ms/op

WorkloadPilot    1: 16 op, 24624482.00 ns, 1.5390 ms/op
WorkloadPilot    2: 32 op, 47126179.00 ns, 1.4727 ms/op
WorkloadPilot    3: 64 op, 90319290.00 ns, 1.4112 ms/op
WorkloadPilot    4: 128 op, 195438072.00 ns, 1.5269 ms/op
WorkloadPilot    5: 256 op, 183694853.00 ns, 717.5580 us/op
WorkloadPilot    6: 512 op, 275046397.00 ns, 537.2000 us/op
WorkloadPilot    7: 1024 op, 551386902.00 ns, 538.4638 us/op

OverheadWarmup   1: 1024 op, 4919.00 ns, 4.8037 ns/op
OverheadWarmup   2: 1024 op, 4209.00 ns, 4.1104 ns/op
OverheadWarmup   3: 1024 op, 3947.00 ns, 3.8545 ns/op
OverheadWarmup   4: 1024 op, 4046.00 ns, 3.9512 ns/op
OverheadWarmup   5: 1024 op, 4075.00 ns, 3.9795 ns/op
OverheadWarmup   6: 1024 op, 3929.00 ns, 3.8369 ns/op
OverheadWarmup   7: 1024 op, 4117.00 ns, 4.0205 ns/op
OverheadWarmup   8: 1024 op, 4111.00 ns, 4.0146 ns/op

OverheadActual   1: 1024 op, 4110.00 ns, 4.0137 ns/op
OverheadActual   2: 1024 op, 4100.00 ns, 4.0039 ns/op
OverheadActual   3: 1024 op, 4131.00 ns, 4.0342 ns/op
OverheadActual   4: 1024 op, 4258.00 ns, 4.1582 ns/op
OverheadActual   5: 1024 op, 3991.00 ns, 3.8975 ns/op
OverheadActual   6: 1024 op, 4131.00 ns, 4.0342 ns/op
OverheadActual   7: 1024 op, 19582.00 ns, 19.1230 ns/op
OverheadActual   8: 1024 op, 4146.00 ns, 4.0488 ns/op
OverheadActual   9: 1024 op, 4164.00 ns, 4.0664 ns/op
OverheadActual  10: 1024 op, 4156.00 ns, 4.0586 ns/op
OverheadActual  11: 1024 op, 4233.00 ns, 4.1338 ns/op
OverheadActual  12: 1024 op, 4156.00 ns, 4.0586 ns/op
OverheadActual  13: 1024 op, 4183.00 ns, 4.0850 ns/op
OverheadActual  14: 1024 op, 4169.00 ns, 4.0713 ns/op
OverheadActual  15: 1024 op, 4160.00 ns, 4.0625 ns/op
OverheadActual  16: 1024 op, 4165.00 ns, 4.0674 ns/op
OverheadActual  17: 1024 op, 4182.00 ns, 4.0840 ns/op
OverheadActual  18: 1024 op, 4197.00 ns, 4.0986 ns/op
OverheadActual  19: 1024 op, 4143.00 ns, 4.0459 ns/op
OverheadActual  20: 1024 op, 4260.00 ns, 4.1602 ns/op

WorkloadWarmup   1: 1024 op, 557702586.00 ns, 544.6314 us/op
WorkloadWarmup   2: 1024 op, 556486021.00 ns, 543.4434 us/op
WorkloadWarmup   3: 1024 op, 551955985.00 ns, 539.0195 us/op

// BeforeActualRun
WorkloadActual   1: 1024 op, 551297453.00 ns, 538.3764 us/op
WorkloadActual   2: 1024 op, 554072087.00 ns, 541.0860 us/op
WorkloadActual   3: 1024 op, 553262365.00 ns, 540.2953 us/op

// AfterActualRun
WorkloadResult   1: 1024 op, 551293291.00 ns, 538.3724 us/op
WorkloadResult   2: 1024 op, 554067925.00 ns, 541.0820 us/op
WorkloadResult   3: 1024 op, 553258203.00 ns, 540.2912 us/op
// GC:  106 37 0 887701504 1024
// Threading:  0 0 1024

// AfterAll
// Benchmark Process 1143 has exited with code 0.

Mean = 539.915 us, StdErr = 0.804 us (0.15%), N = 3, StdDev = 1.393 us
Min = 538.372 us, Q1 = 539.332 us, Median = 540.291 us, Q3 = 540.687 us, Max = 541.082 us
IQR = 1.355 us, LowerFence = 537.300 us, UpperFence = 542.719 us
ConfidenceInterval = [514.495 us; 565.336 us] (CI 99.9%), Margin = 25.421 us (4.71% of Mean)
Skewness = -0.25, Kurtosis = 0.67, MValue = 2

// ** Remained 27 (30.3 %) benchmark(s) to run. Estimated finish 2026-10-07 19:43 (0h 3m from now) **
// **************************
// Benchmark: PlutusUseCasesBenchmarks.DecodeAndEval: ShortRun(IterationCount=3, LaunchCount=1, MinIterationCount=50, WarmupCount=3) [Script=multisig-sm-10]
// *** Execute ***
// Launch: 1 / 1
// Execute: dotnet PlutusBench-ShortRun-1.dll --anonymousPipes 113 114 --benchmarkName "PlutusUseCasesBenchmarks.DecodeAndEval(Script: \"multisig-sm-10\")" --job ShortRun --benchmarkId 62 in /bench/chrysalis/benchmarks/PlutusBench/bin/Release/net10.0/PlutusBench-ShortRun-1/bin/Release/net10.0
// BeforeAnythingElse

// Benchmark Process Environment Information:
// BenchmarkDotNet v0.15.8
// Runtime=.NET 10.0.12 (10.0.12, 10.0.1226.42308), X64 RyuJIT x86-64-v4
// GC=Concurrent Workstation
// HardwareIntrinsics=AVX512 BITALG+VBMI2+VNNI+VPOPCNTDQ,AVX512 IFMA+VBMI,AVX512 F+BW+CD+DQ+VL,AVX2+BMI1+BMI2+F16C+FMA+LZCNT+MOVBE,AVX,SSE3+SSSE3+SSE4.1+SSE4.2+POPCNT,X86Base+SSE+SSE2,AES+PCLMUL VectorSize=256
// Job: ShortRun(IterationCount=3, LaunchCount=1, MinIterationCount=50, WarmupCount=3)

OverheadJitting  1: 1 op, 152758.00 ns, 152.7580 us/op
WorkloadJitting  1: 1 op, 18590989.00 ns, 18.5910 ms/op

OverheadJitting  2: 16 op, 329098.00 ns, 20.5686 us/op
WorkloadJitting  2: 16 op, 34549928.00 ns, 2.1594 ms/op

WorkloadPilot    1: 16 op, 34265262.00 ns, 2.1416 ms/op
WorkloadPilot    2: 32 op, 62679036.00 ns, 1.9587 ms/op
WorkloadPilot    3: 64 op, 110794529.00 ns, 1.7312 ms/op
WorkloadPilot    4: 128 op, 126054178.00 ns, 984.7983 us/op
WorkloadPilot    5: 256 op, 189248032.00 ns, 739.2501 us/op
WorkloadPilot    6: 512 op, 360541017.00 ns, 704.1817 us/op
WorkloadPilot    7: 1024 op, 721099695.00 ns, 704.1989 us/op

OverheadWarmup   1: 1024 op, 4812.00 ns, 4.6992 ns/op
OverheadWarmup   2: 1024 op, 4229.00 ns, 4.1299 ns/op
OverheadWarmup   3: 1024 op, 3932.00 ns, 3.8398 ns/op
OverheadWarmup   4: 1024 op, 3933.00 ns, 3.8408 ns/op
OverheadWarmup   5: 1024 op, 4125.00 ns, 4.0283 ns/op
OverheadWarmup   6: 1024 op, 4130.00 ns, 4.0332 ns/op
OverheadWarmup   7: 1024 op, 4030.00 ns, 3.9355 ns/op
OverheadWarmup   8: 1024 op, 4093.00 ns, 3.9971 ns/op
OverheadWarmup   9: 1024 op, 4077.00 ns, 3.9814 ns/op

OverheadActual   1: 1024 op, 4303.00 ns, 4.2021 ns/op
OverheadActual   2: 1024 op, 4114.00 ns, 4.0176 ns/op
OverheadActual   3: 1024 op, 4136.00 ns, 4.0391 ns/op
OverheadActual   4: 1024 op, 4276.00 ns, 4.1758 ns/op
OverheadActual   5: 1024 op, 4100.00 ns, 4.0039 ns/op
OverheadActual   6: 1024 op, 4212.00 ns, 4.1133 ns/op
OverheadActual   7: 1024 op, 4115.00 ns, 4.0186 ns/op
OverheadActual   8: 1024 op, 4229.00 ns, 4.1299 ns/op
OverheadActual   9: 1024 op, 4134.00 ns, 4.0371 ns/op
OverheadActual  10: 1024 op, 4189.00 ns, 4.0908 ns/op
OverheadActual  11: 1024 op, 4055.00 ns, 3.9600 ns/op
OverheadActual  12: 1024 op, 4209.00 ns, 4.1104 ns/op
OverheadActual  13: 1024 op, 4115.00 ns, 4.0186 ns/op
OverheadActual  14: 1024 op, 4214.00 ns, 4.1152 ns/op
OverheadActual  15: 1024 op, 4169.00 ns, 4.0713 ns/op
OverheadActual  16: 1024 op, 4211.00 ns, 4.1123 ns/op
OverheadActual  17: 1024 op, 4239.00 ns, 4.1396 ns/op
OverheadActual  18: 1024 op, 4244.00 ns, 4.1445 ns/op
OverheadActual  19: 1024 op, 4179.00 ns, 4.0811 ns/op
OverheadActual  20: 1024 op, 4137.00 ns, 4.0400 ns/op

WorkloadWarmup   1: 1024 op, 721890786.00 ns, 704.9715 us/op
WorkloadWarmup   2: 1024 op, 722060648.00 ns, 705.1374 us/op
WorkloadWarmup   3: 1024 op, 717491091.00 ns, 700.6749 us/op

// BeforeActualRun
WorkloadActual   1: 1024 op, 720040701.00 ns, 703.1647 us/op
WorkloadActual   2: 1024 op, 719319805.00 ns, 702.4607 us/op
WorkloadActual   3: 1024 op, 726398836.00 ns, 709.3739 us/op

// AfterActualRun
WorkloadResult   1: 1024 op, 720036517.00 ns, 703.1607 us/op
WorkloadResult   2: 1024 op, 719315621.00 ns, 702.4567 us/op
WorkloadResult   3: 1024 op, 726394652.00 ns, 709.3698 us/op
// GC:  130 57 0 1088643072 1024
// Threading:  0 0 1024

// AfterAll
// Benchmark Process 1150 has exited with code 0.

Mean = 704.996 us, StdErr = 2.196 us (0.31%), N = 3, StdDev = 3.804 us
Min = 702.457 us, Q1 = 702.809 us, Median = 703.161 us, Q3 = 706.265 us, Max = 709.370 us
IQR = 3.457 us, LowerFence = 697.624 us, UpperFence = 711.450 us
ConfidenceInterval = [635.590 us; 774.402 us] (CI 99.9%), Margin = 69.406 us (9.84% of Mean)
Skewness = 0.37, Kurtosis = 0.67, MValue = 2

// ** Remained 26 (29.2 %) benchmark(s) to run. Estimated finish 2026-10-07 19:43 (0h 3m from now) **
// **************************
// Benchmark: PlutusUseCasesBenchmarks.DecodeAndEval: ShortRun(IterationCount=3, LaunchCount=1, MinIterationCount=50, WarmupCount=3) [Script=ping-pong_2-1]
// *** Execute ***
// Launch: 1 / 1
// Execute: dotnet PlutusBench-ShortRun-1.dll --anonymousPipes 113 114 --benchmarkName "PlutusUseCasesBenchmarks.DecodeAndEval(Script: \"ping-pong_2-1\")" --job ShortRun --benchmarkId 63 in /bench/chrysalis/benchmarks/PlutusBench/bin/Release/net10.0/PlutusBench-ShortRun-1/bin/Release/net10.0
// BeforeAnythingElse

// Benchmark Process Environment Information:
// BenchmarkDotNet v0.15.8
// Runtime=.NET 10.0.12 (10.0.12, 10.0.1226.42308), X64 RyuJIT x86-64-v4
// GC=Concurrent Workstation
// HardwareIntrinsics=AVX512 BITALG+VBMI2+VNNI+VPOPCNTDQ,AVX512 IFMA+VBMI,AVX512 F+BW+CD+DQ+VL,AVX2+BMI1+BMI2+F16C+FMA+LZCNT+MOVBE,AVX,SSE3+SSSE3+SSE4.1+SSE4.2+POPCNT,X86Base+SSE+SSE2,AES+PCLMUL VectorSize=256
// Job: ShortRun(IterationCount=3, LaunchCount=1, MinIterationCount=50, WarmupCount=3)

OverheadJitting  1: 1 op, 151232.00 ns, 151.2320 us/op
WorkloadJitting  1: 1 op, 15689421.00 ns, 15.6894 ms/op

OverheadJitting  2: 16 op, 327391.00 ns, 20.4619 us/op
WorkloadJitting  2: 16 op, 16497929.00 ns, 1.0311 ms/op

WorkloadPilot    1: 16 op, 14174059.00 ns, 885.8787 us/op
WorkloadPilot    2: 32 op, 27362489.00 ns, 855.0778 us/op
WorkloadPilot    3: 64 op, 50627033.00 ns, 791.0474 us/op
WorkloadPilot    4: 128 op, 99443254.00 ns, 776.9004 us/op
WorkloadPilot    5: 256 op, 160880849.00 ns, 628.4408 us/op
WorkloadPilot    6: 512 op, 164098815.00 ns, 320.5055 us/op
WorkloadPilot    7: 1024 op, 320246316.00 ns, 312.7405 us/op
WorkloadPilot    8: 2048 op, 638545789.00 ns, 311.7899 us/op

OverheadWarmup   1: 2048 op, 8676.00 ns, 4.2363 ns/op
OverheadWarmup   2: 2048 op, 10939.00 ns, 5.3413 ns/op
OverheadWarmup   3: 2048 op, 23772.00 ns, 11.6074 ns/op
OverheadWarmup   4: 2048 op, 8024.00 ns, 3.9180 ns/op
OverheadWarmup   5: 2048 op, 8011.00 ns, 3.9116 ns/op
OverheadWarmup   6: 2048 op, 7955.00 ns, 3.8843 ns/op
OverheadWarmup   7: 2048 op, 7876.00 ns, 3.8457 ns/op
OverheadWarmup   8: 2048 op, 8111.00 ns, 3.9604 ns/op
OverheadWarmup   9: 2048 op, 8100.00 ns, 3.9551 ns/op

OverheadActual   1: 2048 op, 7793.00 ns, 3.8052 ns/op
OverheadActual   2: 2048 op, 7726.00 ns, 3.7725 ns/op
OverheadActual   3: 2048 op, 7789.00 ns, 3.8032 ns/op
OverheadActual   4: 2048 op, 21076.00 ns, 10.2910 ns/op
OverheadActual   5: 2048 op, 7879.00 ns, 3.8472 ns/op
OverheadActual   6: 2048 op, 7836.00 ns, 3.8262 ns/op
OverheadActual   7: 2048 op, 25694.00 ns, 12.5459 ns/op
OverheadActual   8: 2048 op, 8010.00 ns, 3.9111 ns/op
OverheadActual   9: 2048 op, 7775.00 ns, 3.7964 ns/op
OverheadActual  10: 2048 op, 7689.00 ns, 3.7544 ns/op
OverheadActual  11: 2048 op, 7869.00 ns, 3.8423 ns/op
OverheadActual  12: 2048 op, 7803.00 ns, 3.8101 ns/op
OverheadActual  13: 2048 op, 7806.00 ns, 3.8115 ns/op
OverheadActual  14: 2048 op, 7935.00 ns, 3.8745 ns/op
OverheadActual  15: 2048 op, 8070.00 ns, 3.9404 ns/op
OverheadActual  16: 2048 op, 7858.00 ns, 3.8369 ns/op
OverheadActual  17: 2048 op, 8041.00 ns, 3.9263 ns/op
OverheadActual  18: 2048 op, 8044.00 ns, 3.9277 ns/op
OverheadActual  19: 2048 op, 8134.00 ns, 3.9717 ns/op
OverheadActual  20: 2048 op, 7964.00 ns, 3.8887 ns/op

WorkloadWarmup   1: 2048 op, 637834638.00 ns, 311.4427 us/op
WorkloadWarmup   2: 2048 op, 635041085.00 ns, 310.0787 us/op
WorkloadWarmup   3: 2048 op, 630226215.00 ns, 307.7276 us/op

// BeforeActualRun
WorkloadActual   1: 2048 op, 632386409.00 ns, 308.7824 us/op
WorkloadActual   2: 2048 op, 631932281.00 ns, 308.5607 us/op
WorkloadActual   3: 2048 op, 633450180.00 ns, 309.3018 us/op

// AfterActualRun
WorkloadResult   1: 2048 op, 632378535.00 ns, 308.7786 us/op
WorkloadResult   2: 2048 op, 631924407.00 ns, 308.5568 us/op
WorkloadResult   3: 2048 op, 633442306.00 ns, 309.2980 us/op
// GC:  145 60 0 1216282624 2048
// Threading:  0 0 2048

// AfterAll
// Benchmark Process 1161 has exited with code 0.

Mean = 308.878 us, StdErr = 0.220 us (0.07%), N = 3, StdDev = 0.380 us
Min = 308.557 us, Q1 = 308.668 us, Median = 308.779 us, Q3 = 309.038 us, Max = 309.298 us
IQR = 0.371 us, LowerFence = 308.112 us, UpperFence = 309.594 us
ConfidenceInterval = [301.938 us; 315.818 us] (CI 99.9%), Margin = 6.940 us (2.25% of Mean)
Skewness = 0.24, Kurtosis = 0.67, MValue = 2

// ** Remained 25 (28.1 %) benchmark(s) to run. Estimated finish 2026-10-07 19:43 (0h 2m from now) **
// **************************
// Benchmark: PlutusUseCasesBenchmarks.DecodeAndEval: ShortRun(IterationCount=3, LaunchCount=1, MinIterationCount=50, WarmupCount=3) [Script=ping-pong-1]
// *** Execute ***
// Launch: 1 / 1
// Execute: dotnet PlutusBench-ShortRun-1.dll --anonymousPipes 113 114 --benchmarkName "PlutusUseCasesBenchmarks.DecodeAndEval(Script: \"ping-pong-1\")" --job ShortRun --benchmarkId 64 in /bench/chrysalis/benchmarks/PlutusBench/bin/Release/net10.0/PlutusBench-ShortRun-1/bin/Release/net10.0
// BeforeAnythingElse

// Benchmark Process Environment Information:
// BenchmarkDotNet v0.15.8
// Runtime=.NET 10.0.12 (10.0.12, 10.0.1226.42308), X64 RyuJIT x86-64-v4
// GC=Concurrent Workstation
// HardwareIntrinsics=AVX512 BITALG+VBMI2+VNNI+VPOPCNTDQ,AVX512 IFMA+VBMI,AVX512 F+BW+CD+DQ+VL,AVX2+BMI1+BMI2+F16C+FMA+LZCNT+MOVBE,AVX,SSE3+SSSE3+SSE4.1+SSE4.2+POPCNT,X86Base+SSE+SSE2,AES+PCLMUL VectorSize=256
// Job: ShortRun(IterationCount=3, LaunchCount=1, MinIterationCount=50, WarmupCount=3)

OverheadJitting  1: 1 op, 157035.00 ns, 157.0350 us/op
WorkloadJitting  1: 1 op, 16712026.00 ns, 16.7120 ms/op

OverheadJitting  2: 16 op, 325687.00 ns, 20.3554 us/op
WorkloadJitting  2: 16 op, 21936186.00 ns, 1.3710 ms/op

WorkloadPilot    1: 16 op, 19775256.00 ns, 1.2360 ms/op
WorkloadPilot    2: 32 op, 39134723.00 ns, 1.2230 ms/op
WorkloadPilot    3: 64 op, 72457521.00 ns, 1.1321 ms/op
WorkloadPilot    4: 128 op, 130624789.00 ns, 1.0205 ms/op
WorkloadPilot    5: 256 op, 189105615.00 ns, 738.6938 us/op
WorkloadPilot    6: 512 op, 265703335.00 ns, 518.9518 us/op
WorkloadPilot    7: 1024 op, 571583106.00 ns, 558.1866 us/op

OverheadWarmup   1: 1024 op, 5220.00 ns, 5.0977 ns/op
OverheadWarmup   2: 1024 op, 4073.00 ns, 3.9775 ns/op
OverheadWarmup   3: 1024 op, 4028.00 ns, 3.9336 ns/op
OverheadWarmup   4: 1024 op, 3883.00 ns, 3.7920 ns/op
OverheadWarmup   5: 1024 op, 4270.00 ns, 4.1699 ns/op
OverheadWarmup   6: 1024 op, 3958.00 ns, 3.8652 ns/op
OverheadWarmup   7: 1024 op, 3867.00 ns, 3.7764 ns/op
OverheadWarmup   8: 1024 op, 4016.00 ns, 3.9219 ns/op
OverheadWarmup   9: 1024 op, 3988.00 ns, 3.8945 ns/op

OverheadActual   1: 1024 op, 3994.00 ns, 3.9004 ns/op
OverheadActual   2: 1024 op, 3966.00 ns, 3.8730 ns/op
OverheadActual   3: 1024 op, 4122.00 ns, 4.0254 ns/op
OverheadActual   4: 1024 op, 3871.00 ns, 3.7803 ns/op
OverheadActual   5: 1024 op, 4022.00 ns, 3.9277 ns/op
OverheadActual   6: 1024 op, 3937.00 ns, 3.8447 ns/op
OverheadActual   7: 1024 op, 3886.00 ns, 3.7949 ns/op
OverheadActual   8: 1024 op, 3881.00 ns, 3.7900 ns/op
OverheadActual   9: 1024 op, 4049.00 ns, 3.9541 ns/op
OverheadActual  10: 1024 op, 3961.00 ns, 3.8682 ns/op
OverheadActual  11: 1024 op, 3878.00 ns, 3.7871 ns/op
OverheadActual  12: 1024 op, 4016.00 ns, 3.9219 ns/op
OverheadActual  13: 1024 op, 4022.00 ns, 3.9277 ns/op
OverheadActual  14: 1024 op, 3875.00 ns, 3.7842 ns/op
OverheadActual  15: 1024 op, 4001.00 ns, 3.9072 ns/op
OverheadActual  16: 1024 op, 4045.00 ns, 3.9502 ns/op
OverheadActual  17: 1024 op, 3883.00 ns, 3.7920 ns/op
OverheadActual  18: 1024 op, 3966.00 ns, 3.8730 ns/op
OverheadActual  19: 1024 op, 3897.00 ns, 3.8057 ns/op
OverheadActual  20: 1024 op, 3923.00 ns, 3.8311 ns/op

WorkloadWarmup   1: 1024 op, 571587879.00 ns, 558.1913 us/op
WorkloadWarmup   2: 1024 op, 573943135.00 ns, 560.4913 us/op
WorkloadWarmup   3: 1024 op, 471625267.00 ns, 460.5715 us/op

// BeforeActualRun
WorkloadActual   1: 1024 op, 441720444.00 ns, 431.3676 us/op
WorkloadActual   2: 1024 op, 444216906.00 ns, 433.8056 us/op
WorkloadActual   3: 1024 op, 444779181.00 ns, 434.3547 us/op

// AfterActualRun
WorkloadResult   1: 1024 op, 441716480.50 ns, 431.3638 us/op
WorkloadResult   2: 1024 op, 444212942.50 ns, 433.8017 us/op
WorkloadResult   3: 1024 op, 444775217.50 ns, 434.3508 us/op
// GC:  91 40 0 761806848 1024
// Threading:  0 0 1024

// AfterAll
// Benchmark Process 1168 has exited with code 0.

Mean = 433.172 us, StdErr = 0.918 us (0.21%), N = 3, StdDev = 1.590 us
Min = 431.364 us, Q1 = 432.583 us, Median = 433.802 us, Q3 = 434.076 us, Max = 434.351 us
IQR = 1.494 us, LowerFence = 430.342 us, UpperFence = 436.317 us
ConfidenceInterval = [404.166 us; 462.179 us] (CI 99.9%), Margin = 29.007 us (6.70% of Mean)
Skewness = -0.33, Kurtosis = 0.67, MValue = 2

// ** Remained 24 (27.0 %) benchmark(s) to run. Estimated finish 2026-10-07 19:43 (0h 2m from now) **
// **************************
// Benchmark: PlutusUseCasesBenchmarks.DecodeAndEval: ShortRun(IterationCount=3, LaunchCount=1, MinIterationCount=50, WarmupCount=3) [Script=ping-pong-2]
// *** Execute ***
// Launch: 1 / 1
// Execute: dotnet PlutusBench-ShortRun-1.dll --anonymousPipes 113 114 --benchmarkName "PlutusUseCasesBenchmarks.DecodeAndEval(Script: \"ping-pong-2\")" --job ShortRun --benchmarkId 65 in /bench/chrysalis/benchmarks/PlutusBench/bin/Release/net10.0/PlutusBench-ShortRun-1/bin/Release/net10.0
// BeforeAnythingElse

// Benchmark Process Environment Information:
// BenchmarkDotNet v0.15.8
// Runtime=.NET 10.0.12 (10.0.12, 10.0.1226.42308), X64 RyuJIT x86-64-v4
// GC=Concurrent Workstation
// HardwareIntrinsics=AVX512 BITALG+VBMI2+VNNI+VPOPCNTDQ,AVX512 IFMA+VBMI,AVX512 F+BW+CD+DQ+VL,AVX2+BMI1+BMI2+F16C+FMA+LZCNT+MOVBE,AVX,SSE3+SSSE3+SSE4.1+SSE4.2+POPCNT,X86Base+SSE+SSE2,AES+PCLMUL VectorSize=256
// Job: ShortRun(IterationCount=3, LaunchCount=1, MinIterationCount=50, WarmupCount=3)

OverheadJitting  1: 1 op, 152091.00 ns, 152.0910 us/op
WorkloadJitting  1: 1 op, 17020671.00 ns, 17.0207 ms/op

OverheadJitting  2: 16 op, 351807.00 ns, 21.9879 us/op
WorkloadJitting  2: 16 op, 22106177.00 ns, 1.3816 ms/op

WorkloadPilot    1: 16 op, 20241602.00 ns, 1.2651 ms/op
WorkloadPilot    2: 32 op, 38973917.00 ns, 1.2179 ms/op
WorkloadPilot    3: 64 op, 73162896.00 ns, 1.1432 ms/op
WorkloadPilot    4: 128 op, 164448052.00 ns, 1.2848 ms/op
WorkloadPilot    5: 256 op, 133293605.00 ns, 520.6781 us/op
WorkloadPilot    6: 512 op, 223980917.00 ns, 437.4627 us/op
WorkloadPilot    7: 1024 op, 444620524.00 ns, 434.1997 us/op
WorkloadPilot    8: 2048 op, 889192986.00 ns, 434.1763 us/op

OverheadWarmup   1: 2048 op, 8299.00 ns, 4.0522 ns/op
OverheadWarmup   2: 2048 op, 7694.00 ns, 3.7568 ns/op
OverheadWarmup   3: 2048 op, 7883.00 ns, 3.8491 ns/op
OverheadWarmup   4: 2048 op, 7663.00 ns, 3.7417 ns/op
OverheadWarmup   5: 2048 op, 20761.00 ns, 10.1372 ns/op
OverheadWarmup   6: 2048 op, 8389.00 ns, 4.0962 ns/op

OverheadActual   1: 2048 op, 7752.00 ns, 3.7852 ns/op
OverheadActual   2: 2048 op, 7833.00 ns, 3.8247 ns/op
OverheadActual   3: 2048 op, 7694.00 ns, 3.7568 ns/op
OverheadActual   4: 2048 op, 7667.00 ns, 3.7437 ns/op
OverheadActual   5: 2048 op, 7709.00 ns, 3.7642 ns/op
OverheadActual   6: 2048 op, 8057.00 ns, 3.9341 ns/op
OverheadActual   7: 2048 op, 7982.00 ns, 3.8975 ns/op
OverheadActual   8: 2048 op, 8006.00 ns, 3.9092 ns/op
OverheadActual   9: 2048 op, 7977.00 ns, 3.8950 ns/op
OverheadActual  10: 2048 op, 8595.00 ns, 4.1968 ns/op
OverheadActual  11: 2048 op, 8104.00 ns, 3.9570 ns/op
OverheadActual  12: 2048 op, 8444.00 ns, 4.1230 ns/op
OverheadActual  13: 2048 op, 8348.00 ns, 4.0762 ns/op
OverheadActual  14: 2048 op, 8450.00 ns, 4.1260 ns/op
OverheadActual  15: 2048 op, 8141.00 ns, 3.9751 ns/op
OverheadActual  16: 2048 op, 8508.00 ns, 4.1543 ns/op
OverheadActual  17: 2048 op, 8416.00 ns, 4.1094 ns/op
OverheadActual  18: 2048 op, 8410.00 ns, 4.1064 ns/op
OverheadActual  19: 2048 op, 8565.00 ns, 4.1821 ns/op
OverheadActual  20: 2048 op, 8396.00 ns, 4.0996 ns/op

WorkloadWarmup   1: 2048 op, 893844172.00 ns, 436.4473 us/op
WorkloadWarmup   2: 2048 op, 891297090.00 ns, 435.2037 us/op
WorkloadWarmup   3: 2048 op, 887214276.00 ns, 433.2101 us/op

// BeforeActualRun
WorkloadActual   1: 2048 op, 889585975.00 ns, 434.3682 us/op
WorkloadActual   2: 2048 op, 891048515.00 ns, 435.0823 us/op
WorkloadActual   3: 2048 op, 891887651.00 ns, 435.4920 us/op

// AfterActualRun
WorkloadResult   1: 2048 op, 889577852.50 ns, 434.3642 us/op
WorkloadResult   2: 2048 op, 891040392.50 ns, 435.0783 us/op
WorkloadResult   3: 2048 op, 891879528.50 ns, 435.4881 us/op
// GC:  182 78 0 1523613696 2048
// Threading:  0 0 2048

// AfterAll
// Benchmark Process 1176 has exited with code 0.

Mean = 434.977 us, StdErr = 0.328 us (0.08%), N = 3, StdDev = 0.569 us
Min = 434.364 us, Q1 = 434.721 us, Median = 435.078 us, Q3 = 435.283 us, Max = 435.488 us
IQR = 0.562 us, LowerFence = 433.878 us, UpperFence = 436.126 us
ConfidenceInterval = [424.601 us; 445.353 us] (CI 99.9%), Margin = 10.376 us (2.39% of Mean)
Skewness = -0.17, Kurtosis = 0.67, MValue = 2

// ** Remained 23 (25.8 %) benchmark(s) to run. Estimated finish 2026-10-07 19:43 (0h 2m from now) **
// **************************
// Benchmark: PlutusUseCasesBenchmarks.DecodeAndEval: ShortRun(IterationCount=3, LaunchCount=1, MinIterationCount=50, WarmupCount=3) [Script=prism-1]
// *** Execute ***
// Launch: 1 / 1
// Execute: dotnet PlutusBench-ShortRun-1.dll --anonymousPipes 113 114 --benchmarkName "PlutusUseCasesBenchmarks.DecodeAndEval(Script: \"prism-1\")" --job ShortRun --benchmarkId 66 in /bench/chrysalis/benchmarks/PlutusBench/bin/Release/net10.0/PlutusBench-ShortRun-1/bin/Release/net10.0
// BeforeAnythingElse

// Benchmark Process Environment Information:
// BenchmarkDotNet v0.15.8
// Runtime=.NET 10.0.12 (10.0.12, 10.0.1226.42308), X64 RyuJIT x86-64-v4
// GC=Concurrent Workstation
// HardwareIntrinsics=AVX512 BITALG+VBMI2+VNNI+VPOPCNTDQ,AVX512 IFMA+VBMI,AVX512 F+BW+CD+DQ+VL,AVX2+BMI1+BMI2+F16C+FMA+LZCNT+MOVBE,AVX,SSE3+SSSE3+SSE4.1+SSE4.2+POPCNT,X86Base+SSE+SSE2,AES+PCLMUL VectorSize=256
// Job: ShortRun(IterationCount=3, LaunchCount=1, MinIterationCount=50, WarmupCount=3)

OverheadJitting  1: 1 op, 152424.00 ns, 152.4240 us/op
WorkloadJitting  1: 1 op, 15294247.00 ns, 15.2942 ms/op

OverheadJitting  2: 16 op, 343878.00 ns, 21.4924 us/op
WorkloadJitting  2: 16 op, 10858230.00 ns, 678.6394 us/op

WorkloadPilot    1: 16 op, 9602966.00 ns, 600.1854 us/op
WorkloadPilot    2: 32 op, 17659461.00 ns, 551.8582 us/op
WorkloadPilot    3: 64 op, 34518138.00 ns, 539.3459 us/op
WorkloadPilot    4: 128 op, 66479237.00 ns, 519.3690 us/op
WorkloadPilot    5: 256 op, 115753302.00 ns, 452.1613 us/op
WorkloadPilot    6: 512 op, 98263377.00 ns, 191.9207 us/op
WorkloadPilot    7: 1024 op, 190171983.00 ns, 185.7148 us/op
WorkloadPilot    8: 2048 op, 362523226.00 ns, 177.0133 us/op
WorkloadPilot    9: 4096 op, 725637830.00 ns, 177.1577 us/op

OverheadWarmup   1: 4096 op, 15585.00 ns, 3.8049 ns/op
OverheadWarmup   2: 4096 op, 46378.00 ns, 11.3228 ns/op
OverheadWarmup   3: 4096 op, 15807.00 ns, 3.8591 ns/op
OverheadWarmup   4: 4096 op, 16092.00 ns, 3.9287 ns/op
OverheadWarmup   5: 4096 op, 31130.00 ns, 7.6001 ns/op
OverheadWarmup   6: 4096 op, 15976.00 ns, 3.9004 ns/op

OverheadActual   1: 4096 op, 15297.00 ns, 3.7346 ns/op
OverheadActual   2: 4096 op, 15006.00 ns, 3.6636 ns/op
OverheadActual   3: 4096 op, 14993.00 ns, 3.6604 ns/op
OverheadActual   4: 4096 op, 15828.00 ns, 3.8643 ns/op
OverheadActual   5: 4096 op, 15189.00 ns, 3.7083 ns/op
OverheadActual   6: 4096 op, 15760.00 ns, 3.8477 ns/op
OverheadActual   7: 4096 op, 31195.00 ns, 7.6160 ns/op
OverheadActual   8: 4096 op, 15768.00 ns, 3.8496 ns/op
OverheadActual   9: 4096 op, 15747.00 ns, 3.8445 ns/op
OverheadActual  10: 4096 op, 15777.00 ns, 3.8518 ns/op
OverheadActual  11: 4096 op, 31943.00 ns, 7.7986 ns/op
OverheadActual  12: 4096 op, 15755.00 ns, 3.8464 ns/op
OverheadActual  13: 4096 op, 15724.00 ns, 3.8389 ns/op
OverheadActual  14: 4096 op, 30266.00 ns, 7.3892 ns/op
OverheadActual  15: 4096 op, 44398.00 ns, 10.8394 ns/op
OverheadActual  16: 4096 op, 15707.00 ns, 3.8347 ns/op
OverheadActual  17: 4096 op, 15740.00 ns, 3.8428 ns/op
OverheadActual  18: 4096 op, 15189.00 ns, 3.7083 ns/op
OverheadActual  19: 4096 op, 15749.00 ns, 3.8450 ns/op
OverheadActual  20: 4096 op, 31845.00 ns, 7.7747 ns/op

WorkloadWarmup   1: 4096 op, 726976525.00 ns, 177.4845 us/op
WorkloadWarmup   2: 4096 op, 728289644.00 ns, 177.8051 us/op
WorkloadWarmup   3: 4096 op, 723841135.00 ns, 176.7190 us/op

// BeforeActualRun
WorkloadActual   1: 4096 op, 727406386.00 ns, 177.5894 us/op
WorkloadActual   2: 4096 op, 728809673.00 ns, 177.9320 us/op
WorkloadActual   3: 4096 op, 729558488.00 ns, 178.1149 us/op

// AfterActualRun
WorkloadResult   1: 4096 op, 727390634.00 ns, 177.5856 us/op
WorkloadResult   2: 4096 op, 728793921.00 ns, 177.9282 us/op
WorkloadResult   3: 4096 op, 729542736.00 ns, 178.1110 us/op
// GC:  179 49 0 1499660288 4096
// Threading:  0 0 4096

// AfterAll
// Benchmark Process 1183 has exited with code 0.

Mean = 177.875 us, StdErr = 0.154 us (0.09%), N = 3, StdDev = 0.267 us
Min = 177.586 us, Q1 = 177.757 us, Median = 177.928 us, Q3 = 178.020 us, Max = 178.111 us
IQR = 0.263 us, LowerFence = 177.363 us, UpperFence = 178.414 us
ConfidenceInterval = [173.009 us; 182.741 us] (CI 99.9%), Margin = 4.866 us (2.74% of Mean)
Skewness = -0.19, Kurtosis = 0.67, MValue = 2

// ** Remained 22 (24.7 %) benchmark(s) to run. Estimated finish 2026-10-07 19:43 (0h 2m from now) **
// **************************
// Benchmark: PlutusUseCasesBenchmarks.DecodeAndEval: ShortRun(IterationCount=3, LaunchCount=1, MinIterationCount=50, WarmupCount=3) [Script=prism-2]
// *** Execute ***
// Launch: 1 / 1
// Execute: dotnet PlutusBench-ShortRun-1.dll --anonymousPipes 113 114 --benchmarkName "PlutusUseCasesBenchmarks.DecodeAndEval(Script: \"prism-2\")" --job ShortRun --benchmarkId 67 in /bench/chrysalis/benchmarks/PlutusBench/bin/Release/net10.0/PlutusBench-ShortRun-1/bin/Release/net10.0
// BeforeAnythingElse

// Benchmark Process Environment Information:
// BenchmarkDotNet v0.15.8
// Runtime=.NET 10.0.12 (10.0.12, 10.0.1226.42308), X64 RyuJIT x86-64-v4
// GC=Concurrent Workstation
// HardwareIntrinsics=AVX512 BITALG+VBMI2+VNNI+VPOPCNTDQ,AVX512 IFMA+VBMI,AVX512 F+BW+CD+DQ+VL,AVX2+BMI1+BMI2+F16C+FMA+LZCNT+MOVBE,AVX,SSE3+SSSE3+SSE4.1+SSE4.2+POPCNT,X86Base+SSE+SSE2,AES+PCLMUL VectorSize=256
// Job: ShortRun(IterationCount=3, LaunchCount=1, MinIterationCount=50, WarmupCount=3)

OverheadJitting  1: 1 op, 153317.00 ns, 153.3170 us/op
WorkloadJitting  1: 1 op, 17408123.00 ns, 17.4081 ms/op

OverheadJitting  2: 16 op, 326499.00 ns, 20.4062 us/op
WorkloadJitting  2: 16 op, 26024127.00 ns, 1.6265 ms/op

WorkloadPilot    1: 16 op, 24015427.00 ns, 1.5010 ms/op
WorkloadPilot    2: 32 op, 46651301.00 ns, 1.4579 ms/op
WorkloadPilot    3: 64 op, 88834399.00 ns, 1.3880 ms/op
WorkloadPilot    4: 128 op, 136796897.00 ns, 1.0687 ms/op
WorkloadPilot    5: 256 op, 189304001.00 ns, 739.4688 us/op
WorkloadPilot    6: 512 op, 262842606.00 ns, 513.3645 us/op
WorkloadPilot    7: 1024 op, 526169660.00 ns, 513.8376 us/op

OverheadWarmup   1: 1024 op, 4683.00 ns, 4.5732 ns/op
OverheadWarmup   2: 1024 op, 4106.00 ns, 4.0098 ns/op
OverheadWarmup   3: 1024 op, 3927.00 ns, 3.8350 ns/op
OverheadWarmup   4: 1024 op, 17477.00 ns, 17.0674 ns/op
OverheadWarmup   5: 1024 op, 4082.00 ns, 3.9863 ns/op
OverheadWarmup   6: 1024 op, 17070.00 ns, 16.6699 ns/op
OverheadWarmup   7: 1024 op, 4054.00 ns, 3.9590 ns/op

OverheadActual   1: 1024 op, 4132.00 ns, 4.0352 ns/op
OverheadActual   2: 1024 op, 4076.00 ns, 3.9805 ns/op
OverheadActual   3: 1024 op, 4036.00 ns, 3.9414 ns/op
OverheadActual   4: 1024 op, 4143.00 ns, 4.0459 ns/op
OverheadActual   5: 1024 op, 4037.00 ns, 3.9424 ns/op
OverheadActual   6: 1024 op, 4059.00 ns, 3.9639 ns/op
OverheadActual   7: 1024 op, 4225.00 ns, 4.1260 ns/op
OverheadActual   8: 1024 op, 4098.00 ns, 4.0020 ns/op
OverheadActual   9: 1024 op, 4273.00 ns, 4.1729 ns/op
OverheadActual  10: 1024 op, 4218.00 ns, 4.1191 ns/op
OverheadActual  11: 1024 op, 4208.00 ns, 4.1094 ns/op
OverheadActual  12: 1024 op, 4073.00 ns, 3.9775 ns/op
OverheadActual  13: 1024 op, 4117.00 ns, 4.0205 ns/op
OverheadActual  14: 1024 op, 4145.00 ns, 4.0479 ns/op
OverheadActual  15: 1024 op, 4147.00 ns, 4.0498 ns/op
OverheadActual  16: 1024 op, 4145.00 ns, 4.0479 ns/op
OverheadActual  17: 1024 op, 4121.00 ns, 4.0244 ns/op
OverheadActual  18: 1024 op, 4280.00 ns, 4.1797 ns/op
OverheadActual  19: 1024 op, 4169.00 ns, 4.0713 ns/op
OverheadActual  20: 1024 op, 4265.00 ns, 4.1650 ns/op

WorkloadWarmup   1: 1024 op, 524991151.00 ns, 512.6867 us/op
WorkloadWarmup   2: 1024 op, 526094403.00 ns, 513.7641 us/op
WorkloadWarmup   3: 1024 op, 518461566.00 ns, 506.3101 us/op

// BeforeActualRun
WorkloadActual   1: 1024 op, 519688661.00 ns, 507.5085 us/op
WorkloadActual   2: 1024 op, 522218420.00 ns, 509.9789 us/op
WorkloadActual   3: 1024 op, 520433303.00 ns, 508.2356 us/op

// AfterActualRun
WorkloadResult   1: 1024 op, 519684517.00 ns, 507.5044 us/op
WorkloadResult   2: 1024 op, 522214276.00 ns, 509.9749 us/op
WorkloadResult   3: 1024 op, 520429159.00 ns, 508.2316 us/op
// GC:  106 41 0 890494976 1024
// Threading:  0 0 1024

// AfterAll
// Benchmark Process 1190 has exited with code 0.

Mean = 508.570 us, StdErr = 0.733 us (0.14%), N = 3, StdDev = 1.270 us
Min = 507.504 us, Q1 = 507.868 us, Median = 508.232 us, Q3 = 509.103 us, Max = 509.975 us
IQR = 1.235 us, LowerFence = 506.015 us, UpperFence = 510.956 us
ConfidenceInterval = [485.408 us; 531.732 us] (CI 99.9%), Margin = 23.162 us (4.55% of Mean)
Skewness = 0.25, Kurtosis = 0.67, MValue = 2

// ** Remained 21 (23.6 %) benchmark(s) to run. Estimated finish 2026-10-07 19:43 (0h 2m from now) **
// **************************
// Benchmark: PlutusUseCasesBenchmarks.DecodeAndEval: ShortRun(IterationCount=3, LaunchCount=1, MinIterationCount=50, WarmupCount=3) [Script=prism-3]
// *** Execute ***
// Launch: 1 / 1
// Execute: dotnet PlutusBench-ShortRun-1.dll --anonymousPipes 113 114 --benchmarkName "PlutusUseCasesBenchmarks.DecodeAndEval(Script: \"prism-3\")" --job ShortRun --benchmarkId 68 in /bench/chrysalis/benchmarks/PlutusBench/bin/Release/net10.0/PlutusBench-ShortRun-1/bin/Release/net10.0
// BeforeAnythingElse

// Benchmark Process Environment Information:
// BenchmarkDotNet v0.15.8
// Runtime=.NET 10.0.12 (10.0.12, 10.0.1226.42308), X64 RyuJIT x86-64-v4
// GC=Concurrent Workstation
// HardwareIntrinsics=AVX512 BITALG+VBMI2+VNNI+VPOPCNTDQ,AVX512 IFMA+VBMI,AVX512 F+BW+CD+DQ+VL,AVX2+BMI1+BMI2+F16C+FMA+LZCNT+MOVBE,AVX,SSE3+SSSE3+SSE4.1+SSE4.2+POPCNT,X86Base+SSE+SSE2,AES+PCLMUL VectorSize=256
// Job: ShortRun(IterationCount=3, LaunchCount=1, MinIterationCount=50, WarmupCount=3)

OverheadJitting  1: 1 op, 153326.00 ns, 153.3260 us/op
WorkloadJitting  1: 1 op, 16246261.00 ns, 16.2463 ms/op

OverheadJitting  2: 16 op, 322444.00 ns, 20.1528 us/op
WorkloadJitting  2: 16 op, 22241715.00 ns, 1.3901 ms/op

WorkloadPilot    1: 16 op, 20414003.00 ns, 1.2759 ms/op
WorkloadPilot    2: 32 op, 39319551.00 ns, 1.2287 ms/op
WorkloadPilot    3: 64 op, 75230881.00 ns, 1.1755 ms/op
WorkloadPilot    4: 128 op, 106993450.00 ns, 835.8863 us/op
WorkloadPilot    5: 256 op, 120836339.00 ns, 472.0169 us/op
WorkloadPilot    6: 512 op, 205539382.00 ns, 401.4441 us/op
WorkloadPilot    7: 1024 op, 403133151.00 ns, 393.6847 us/op
WorkloadPilot    8: 2048 op, 810356474.00 ns, 395.6819 us/op

OverheadWarmup   1: 2048 op, 8650.00 ns, 4.2236 ns/op
OverheadWarmup   2: 2048 op, 8029.00 ns, 3.9204 ns/op
OverheadWarmup   3: 2048 op, 8024.00 ns, 3.9180 ns/op
OverheadWarmup   4: 2048 op, 8062.00 ns, 3.9365 ns/op
OverheadWarmup   5: 2048 op, 8241.00 ns, 4.0239 ns/op
OverheadWarmup   6: 2048 op, 8034.00 ns, 3.9229 ns/op
OverheadWarmup   7: 2048 op, 8001.00 ns, 3.9067 ns/op
OverheadWarmup   8: 2048 op, 7983.00 ns, 3.8979 ns/op
OverheadWarmup   9: 2048 op, 7940.00 ns, 3.8770 ns/op
OverheadWarmup  10: 2048 op, 8985.00 ns, 4.3872 ns/op

OverheadActual   1: 2048 op, 7839.00 ns, 3.8276 ns/op
OverheadActual   2: 2048 op, 7815.00 ns, 3.8159 ns/op
OverheadActual   3: 2048 op, 7848.00 ns, 3.8320 ns/op
OverheadActual   4: 2048 op, 42913.00 ns, 20.9536 ns/op
OverheadActual   5: 2048 op, 8117.00 ns, 3.9634 ns/op
OverheadActual   6: 2048 op, 8842.00 ns, 4.3174 ns/op
OverheadActual   7: 2048 op, 8063.00 ns, 3.9370 ns/op
OverheadActual   8: 2048 op, 8014.00 ns, 3.9131 ns/op
OverheadActual   9: 2048 op, 8009.00 ns, 3.9106 ns/op
OverheadActual  10: 2048 op, 8020.00 ns, 3.9160 ns/op
OverheadActual  11: 2048 op, 7971.00 ns, 3.8921 ns/op
OverheadActual  12: 2048 op, 7995.00 ns, 3.9038 ns/op
OverheadActual  13: 2048 op, 8001.00 ns, 3.9067 ns/op
OverheadActual  14: 2048 op, 8215.00 ns, 4.0112 ns/op
OverheadActual  15: 2048 op, 8155.00 ns, 3.9819 ns/op
OverheadActual  16: 2048 op, 8268.00 ns, 4.0371 ns/op
OverheadActual  17: 2048 op, 8034.00 ns, 3.9229 ns/op
OverheadActual  18: 2048 op, 8009.00 ns, 3.9106 ns/op
OverheadActual  19: 2048 op, 8005.00 ns, 3.9087 ns/op
OverheadActual  20: 2048 op, 7987.00 ns, 3.8999 ns/op

WorkloadWarmup   1: 2048 op, 813540457.00 ns, 397.2366 us/op
WorkloadWarmup   2: 2048 op, 816956202.00 ns, 398.9044 us/op
WorkloadWarmup   3: 2048 op, 808630524.00 ns, 394.8391 us/op

// BeforeActualRun
WorkloadActual   1: 2048 op, 811341055.00 ns, 396.1626 us/op
WorkloadActual   2: 2048 op, 813040706.00 ns, 396.9925 us/op
WorkloadActual   3: 2048 op, 813027840.00 ns, 396.9863 us/op

// AfterActualRun
WorkloadResult   1: 2048 op, 811333043.50 ns, 396.1587 us/op
WorkloadResult   2: 2048 op, 813032694.50 ns, 396.9886 us/op
WorkloadResult   3: 2048 op, 813019828.50 ns, 396.9823 us/op
// GC:  164 54 0 1379876864 2048
// Threading:  0 0 2048

// AfterAll
// Benchmark Process 1201 has exited with code 0.

Mean = 396.710 us, StdErr = 0.276 us (0.07%), N = 3, StdDev = 0.477 us
Min = 396.159 us, Q1 = 396.571 us, Median = 396.982 us, Q3 = 396.985 us, Max = 396.989 us
IQR = 0.415 us, LowerFence = 395.948 us, UpperFence = 397.608 us
ConfidenceInterval = [388.001 us; 405.418 us] (CI 99.9%), Margin = 8.709 us (2.20% of Mean)
Skewness = -0.38, Kurtosis = 0.67, MValue = 2

// ** Remained 20 (22.5 %) benchmark(s) to run. Estimated finish 2026-10-07 19:43 (0h 2m from now) **
// **************************
// Benchmark: PlutusUseCasesBenchmarks.DecodeAndEval: ShortRun(IterationCount=3, LaunchCount=1, MinIterationCount=50, WarmupCount=3) [Script=pubkey-1]
// *** Execute ***
// Launch: 1 / 1
// Execute: dotnet PlutusBench-ShortRun-1.dll --anonymousPipes 113 114 --benchmarkName "PlutusUseCasesBenchmarks.DecodeAndEval(Script: \"pubkey-1\")" --job ShortRun --benchmarkId 69 in /bench/chrysalis/benchmarks/PlutusBench/bin/Release/net10.0/PlutusBench-ShortRun-1/bin/Release/net10.0
// BeforeAnythingElse

// Benchmark Process Environment Information:
// BenchmarkDotNet v0.15.8
// Runtime=.NET 10.0.12 (10.0.12, 10.0.1226.42308), X64 RyuJIT x86-64-v4
// GC=Concurrent Workstation
// HardwareIntrinsics=AVX512 BITALG+VBMI2+VNNI+VPOPCNTDQ,AVX512 IFMA+VBMI,AVX512 F+BW+CD+DQ+VL,AVX2+BMI1+BMI2+F16C+FMA+LZCNT+MOVBE,AVX,SSE3+SSSE3+SSE4.1+SSE4.2+POPCNT,X86Base+SSE+SSE2,AES+PCLMUL VectorSize=256
// Job: ShortRun(IterationCount=3, LaunchCount=1, MinIterationCount=50, WarmupCount=3)

OverheadJitting  1: 1 op, 149830.00 ns, 149.8300 us/op
WorkloadJitting  1: 1 op, 15246634.00 ns, 15.2466 ms/op

OverheadJitting  2: 16 op, 388368.00 ns, 24.2730 us/op
WorkloadJitting  2: 16 op, 10141467.00 ns, 633.8417 us/op

WorkloadPilot    1: 16 op, 8772014.00 ns, 548.2509 us/op
WorkloadPilot    2: 32 op, 15785959.00 ns, 493.3112 us/op
WorkloadPilot    3: 64 op, 30360432.00 ns, 474.3818 us/op
WorkloadPilot    4: 128 op, 58279549.00 ns, 455.3090 us/op
WorkloadPilot    5: 256 op, 115662608.00 ns, 451.8071 us/op
WorkloadPilot    6: 512 op, 126585418.00 ns, 247.2371 us/op
WorkloadPilot    7: 1024 op, 172646772.00 ns, 168.6004 us/op
WorkloadPilot    8: 2048 op, 330922764.00 ns, 161.5834 us/op
WorkloadPilot    9: 4096 op, 666562803.00 ns, 162.7351 us/op

OverheadWarmup   1: 4096 op, 15669.00 ns, 3.8254 ns/op
OverheadWarmup   2: 4096 op, 53333.00 ns, 13.0208 ns/op
OverheadWarmup   3: 4096 op, 15726.00 ns, 3.8394 ns/op
OverheadWarmup   4: 4096 op, 15697.00 ns, 3.8323 ns/op
OverheadWarmup   5: 4096 op, 15667.00 ns, 3.8250 ns/op
OverheadWarmup   6: 4096 op, 15664.00 ns, 3.8242 ns/op
OverheadWarmup   7: 4096 op, 15704.00 ns, 3.8340 ns/op
OverheadWarmup   8: 4096 op, 31523.00 ns, 7.6960 ns/op
OverheadWarmup   9: 4096 op, 20216.00 ns, 4.9355 ns/op

OverheadActual   1: 4096 op, 15861.00 ns, 3.8723 ns/op
OverheadActual   2: 4096 op, 15218.00 ns, 3.7153 ns/op
OverheadActual   3: 4096 op, 15230.00 ns, 3.7183 ns/op
OverheadActual   4: 4096 op, 15816.00 ns, 3.8613 ns/op
OverheadActual   5: 4096 op, 15265.00 ns, 3.7268 ns/op
OverheadActual   6: 4096 op, 15781.00 ns, 3.8528 ns/op
OverheadActual   7: 4096 op, 28220.00 ns, 6.8896 ns/op
OverheadActual   8: 4096 op, 16129.00 ns, 3.9377 ns/op
OverheadActual   9: 4096 op, 15743.00 ns, 3.8435 ns/op
OverheadActual  10: 4096 op, 15716.00 ns, 3.8369 ns/op
OverheadActual  11: 4096 op, 15826.00 ns, 3.8638 ns/op
OverheadActual  12: 4096 op, 15709.00 ns, 3.8352 ns/op
OverheadActual  13: 4096 op, 15745.00 ns, 3.8440 ns/op
OverheadActual  14: 4096 op, 15131.00 ns, 3.6941 ns/op
OverheadActual  15: 4096 op, 15713.00 ns, 3.8362 ns/op
OverheadActual  16: 4096 op, 15749.00 ns, 3.8450 ns/op
OverheadActual  17: 4096 op, 15746.00 ns, 3.8442 ns/op
OverheadActual  18: 4096 op, 15859.00 ns, 3.8718 ns/op
OverheadActual  19: 4096 op, 15713.00 ns, 3.8362 ns/op
OverheadActual  20: 4096 op, 28924.00 ns, 7.0615 ns/op

WorkloadWarmup   1: 4096 op, 722965898.00 ns, 176.5053 us/op
WorkloadWarmup   2: 4096 op, 845433615.00 ns, 206.4047 us/op
WorkloadWarmup   3: 4096 op, 860910801.00 ns, 210.1833 us/op

// BeforeActualRun
WorkloadActual   1: 4096 op, 678654708.00 ns, 165.6872 us/op
WorkloadActual   2: 4096 op, 661670123.00 ns, 161.5406 us/op
WorkloadActual   3: 4096 op, 663360300.00 ns, 161.9532 us/op

// AfterActualRun
WorkloadResult   1: 4096 op, 678638962.50 ns, 165.6833 us/op
WorkloadResult   2: 4096 op, 661654377.50 ns, 161.5367 us/op
WorkloadResult   3: 4096 op, 663344554.50 ns, 161.9494 us/op
// GC:  165 44 0 1381466112 4096
// Threading:  0 0 4096

// AfterAll
// Benchmark Process 1209 has exited with code 0.

Mean = 163.056 us, StdErr = 1.319 us (0.81%), N = 3, StdDev = 2.284 us
Min = 161.537 us, Q1 = 161.743 us, Median = 161.949 us, Q3 = 163.816 us, Max = 165.683 us
IQR = 2.073 us, LowerFence = 158.633 us, UpperFence = 166.926 us
ConfidenceInterval = [121.383 us; 204.730 us] (CI 99.9%), Margin = 41.674 us (25.56% of Mean)
Skewness = 0.37, Kurtosis = 0.67, MValue = 2

// ** Remained 19 (21.3 %) benchmark(s) to run. Estimated finish 2026-10-07 19:43 (0h 2m from now) **
// **************************
// Benchmark: PlutusUseCasesBenchmarks.DecodeAndEval: ShortRun(IterationCount=3, LaunchCount=1, MinIterationCount=50, WarmupCount=3) [Script=stablecoin_1-1]
// *** Execute ***
// Launch: 1 / 1
// Execute: dotnet PlutusBench-ShortRun-1.dll --anonymousPipes 113 114 --benchmarkName "PlutusUseCasesBenchmarks.DecodeAndEval(Script: \"stablecoin_1-1\")" --job ShortRun --benchmarkId 70 in /bench/chrysalis/benchmarks/PlutusBench/bin/Release/net10.0/PlutusBench-ShortRun-1/bin/Release/net10.0
// BeforeAnythingElse

// Benchmark Process Environment Information:
// BenchmarkDotNet v0.15.8
// Runtime=.NET 10.0.12 (10.0.12, 10.0.1226.42308), X64 RyuJIT x86-64-v4
// GC=Concurrent Workstation
// HardwareIntrinsics=AVX512 BITALG+VBMI2+VNNI+VPOPCNTDQ,AVX512 IFMA+VBMI,AVX512 F+BW+CD+DQ+VL,AVX2+BMI1+BMI2+F16C+FMA+LZCNT+MOVBE,AVX,SSE3+SSSE3+SSE4.1+SSE4.2+POPCNT,X86Base+SSE+SSE2,AES+PCLMUL VectorSize=256
// Job: ShortRun(IterationCount=3, LaunchCount=1, MinIterationCount=50, WarmupCount=3)

OverheadJitting  1: 1 op, 149764.00 ns, 149.7640 us/op
WorkloadJitting  1: 1 op, 39549901.00 ns, 39.5499 ms/op

WorkloadPilot    1: 2 op, 7531897.00 ns, 3.7659 ms/op
WorkloadPilot    2: 3 op, 10699879.00 ns, 3.5666 ms/op
WorkloadPilot    3: 4 op, 13328692.00 ns, 3.3322 ms/op
WorkloadPilot    4: 5 op, 17109720.00 ns, 3.4219 ms/op
WorkloadPilot    5: 6 op, 20453050.00 ns, 3.4088 ms/op
WorkloadPilot    6: 7 op, 23097730.00 ns, 3.2997 ms/op
WorkloadPilot    7: 8 op, 25783014.00 ns, 3.2229 ms/op
WorkloadPilot    8: 9 op, 28922814.00 ns, 3.2136 ms/op
WorkloadPilot    9: 10 op, 31913555.00 ns, 3.1914 ms/op
WorkloadPilot   10: 11 op, 33672474.00 ns, 3.0611 ms/op
WorkloadPilot   11: 12 op, 22819300.00 ns, 1.9016 ms/op
WorkloadPilot   12: 13 op, 23557715.00 ns, 1.8121 ms/op
WorkloadPilot   13: 14 op, 25122717.00 ns, 1.7945 ms/op
WorkloadPilot   14: 15 op, 26831360.00 ns, 1.7888 ms/op
WorkloadPilot   15: 16 op, 28794510.00 ns, 1.7997 ms/op
WorkloadPilot   16: 32 op, 57100329.00 ns, 1.7844 ms/op
WorkloadPilot   17: 64 op, 98721780.00 ns, 1.5425 ms/op
WorkloadPilot   18: 128 op, 157842258.00 ns, 1.2331 ms/op
WorkloadPilot   19: 256 op, 305679771.00 ns, 1.1941 ms/op
WorkloadPilot   20: 512 op, 607584473.00 ns, 1.1867 ms/op

WorkloadWarmup   1: 512 op, 607587685.00 ns, 1.1867 ms/op
WorkloadWarmup   2: 512 op, 610804979.00 ns, 1.1930 ms/op
WorkloadWarmup   3: 512 op, 612068665.00 ns, 1.1954 ms/op

// BeforeActualRun
WorkloadActual   1: 512 op, 608829536.00 ns, 1.1891 ms/op
WorkloadActual   2: 512 op, 607693827.00 ns, 1.1869 ms/op
WorkloadActual   3: 512 op, 610864886.00 ns, 1.1931 ms/op

// AfterActualRun
WorkloadResult   1: 512 op, 608829536.00 ns, 1.1891 ms/op
WorkloadResult   2: 512 op, 607693827.00 ns, 1.1869 ms/op
WorkloadResult   3: 512 op, 610864886.00 ns, 1.1931 ms/op
// GC:  85 39 0 717045760 512
// Threading:  0 0 512

// AfterAll
// Benchmark Process 1217 has exited with code 0.

Mean = 1.190 ms, StdErr = 0.002 ms (0.15%), N = 3, StdDev = 0.003 ms
Min = 1.187 ms, Q1 = 1.188 ms, Median = 1.189 ms, Q3 = 1.191 ms, Max = 1.193 ms
IQR = 0.003 ms, LowerFence = 1.183 ms, UpperFence = 1.196 ms
ConfidenceInterval = [1.132 ms; 1.247 ms] (CI 99.9%), Margin = 0.057 ms (4.81% of Mean)
Skewness = 0.18, Kurtosis = 0.67, MValue = 2

// ** Remained 18 (20.2 %) benchmark(s) to run. Estimated finish 2026-10-07 19:43 (0h 2m from now) **
// **************************
// Benchmark: PlutusUseCasesBenchmarks.DecodeAndEval: ShortRun(IterationCount=3, LaunchCount=1, MinIterationCount=50, WarmupCount=3) [Script=stablecoin_1-2]
// *** Execute ***
// Launch: 1 / 1
// Execute: dotnet PlutusBench-ShortRun-1.dll --anonymousPipes 113 114 --benchmarkName "PlutusUseCasesBenchmarks.DecodeAndEval(Script: \"stablecoin_1-2\")" --job ShortRun --benchmarkId 71 in /bench/chrysalis/benchmarks/PlutusBench/bin/Release/net10.0/PlutusBench-ShortRun-1/bin/Release/net10.0
// BeforeAnythingElse

// Benchmark Process Environment Information:
// BenchmarkDotNet v0.15.8
// Runtime=.NET 10.0.12 (10.0.12, 10.0.1226.42308), X64 RyuJIT x86-64-v4
// GC=Concurrent Workstation
// HardwareIntrinsics=AVX512 BITALG+VBMI2+VNNI+VPOPCNTDQ,AVX512 IFMA+VBMI,AVX512 F+BW+CD+DQ+VL,AVX2+BMI1+BMI2+F16C+FMA+LZCNT+MOVBE,AVX,SSE3+SSSE3+SSE4.1+SSE4.2+POPCNT,X86Base+SSE+SSE2,AES+PCLMUL VectorSize=256
// Job: ShortRun(IterationCount=3, LaunchCount=1, MinIterationCount=50, WarmupCount=3)

OverheadJitting  1: 1 op, 149687.00 ns, 149.6870 us/op
WorkloadJitting  1: 1 op, 15322387.00 ns, 15.3224 ms/op

OverheadJitting  2: 16 op, 342114.00 ns, 21.3821 us/op
WorkloadJitting  2: 16 op, 12029763.00 ns, 751.8602 us/op

WorkloadPilot    1: 16 op, 10633726.00 ns, 664.6079 us/op
WorkloadPilot    2: 32 op, 19354062.00 ns, 604.8144 us/op
WorkloadPilot    3: 64 op, 39552521.00 ns, 618.0081 us/op
WorkloadPilot    4: 128 op, 75818495.00 ns, 592.3320 us/op
WorkloadPilot    5: 256 op, 112069176.00 ns, 437.7702 us/op
WorkloadPilot    6: 512 op, 109156760.00 ns, 213.1968 us/op
WorkloadPilot    7: 1024 op, 210085659.00 ns, 205.1618 us/op
WorkloadPilot    8: 2048 op, 422583065.00 ns, 206.3394 us/op
WorkloadPilot    9: 4096 op, 834387390.00 ns, 203.7079 us/op

OverheadWarmup   1: 4096 op, 15624.00 ns, 3.8145 ns/op
OverheadWarmup   2: 4096 op, 15109.00 ns, 3.6887 ns/op
OverheadWarmup   3: 4096 op, 14962.00 ns, 3.6528 ns/op
OverheadWarmup   4: 4096 op, 31048.00 ns, 7.5801 ns/op
OverheadWarmup   5: 4096 op, 30938.00 ns, 7.5532 ns/op
OverheadWarmup   6: 4096 op, 28993.00 ns, 7.0784 ns/op
OverheadWarmup   7: 4096 op, 15625.00 ns, 3.8147 ns/op
OverheadWarmup   8: 4096 op, 15834.00 ns, 3.8657 ns/op
OverheadWarmup   9: 4096 op, 15959.00 ns, 3.8962 ns/op
OverheadWarmup  10: 4096 op, 15984.00 ns, 3.9023 ns/op

OverheadActual   1: 4096 op, 15286.00 ns, 3.7319 ns/op
OverheadActual   2: 4096 op, 15254.00 ns, 3.7241 ns/op
OverheadActual   3: 4096 op, 15198.00 ns, 3.7104 ns/op
OverheadActual   4: 4096 op, 34555.00 ns, 8.4363 ns/op
OverheadActual   5: 4096 op, 15199.00 ns, 3.7107 ns/op
OverheadActual   6: 4096 op, 15707.00 ns, 3.8347 ns/op
OverheadActual   7: 4096 op, 15862.00 ns, 3.8726 ns/op
OverheadActual   8: 4096 op, 15989.00 ns, 3.9036 ns/op
OverheadActual   9: 4096 op, 15997.00 ns, 3.9055 ns/op
OverheadActual  10: 4096 op, 15896.00 ns, 3.8809 ns/op
OverheadActual  11: 4096 op, 15633.00 ns, 3.8167 ns/op
OverheadActual  12: 4096 op, 15819.00 ns, 3.8621 ns/op
OverheadActual  13: 4096 op, 15782.00 ns, 3.8530 ns/op
OverheadActual  14: 4096 op, 16174.00 ns, 3.9487 ns/op
OverheadActual  15: 4096 op, 16148.00 ns, 3.9424 ns/op
OverheadActual  16: 4096 op, 16128.00 ns, 3.9375 ns/op
OverheadActual  17: 4096 op, 16154.00 ns, 3.9438 ns/op
OverheadActual  18: 4096 op, 16224.00 ns, 3.9609 ns/op
OverheadActual  19: 4096 op, 16151.00 ns, 3.9431 ns/op
OverheadActual  20: 4096 op, 16014.00 ns, 3.9097 ns/op

WorkloadWarmup   1: 4096 op, 838781979.00 ns, 204.7808 us/op
WorkloadWarmup   2: 4096 op, 837838011.00 ns, 204.5503 us/op
WorkloadWarmup   3: 4096 op, 833938116.00 ns, 203.5982 us/op

// BeforeActualRun
WorkloadActual   1: 4096 op, 833717572.00 ns, 203.5443 us/op
WorkloadActual   2: 4096 op, 840288609.00 ns, 205.1486 us/op
WorkloadActual   3: 4096 op, 838357664.00 ns, 204.6772 us/op

// AfterActualRun
WorkloadResult   1: 4096 op, 833701629.50 ns, 203.5404 us/op
WorkloadResult   2: 4096 op, 840272666.50 ns, 205.1447 us/op
WorkloadResult   3: 4096 op, 838341721.50 ns, 204.6733 us/op
// GC:  200 59 0 1678540800 4096
// Threading:  0 0 4096

// AfterAll
// Benchmark Process 1225 has exited with code 0.

Mean = 204.453 us, StdErr = 0.476 us (0.23%), N = 3, StdDev = 0.825 us
Min = 203.540 us, Q1 = 204.107 us, Median = 204.673 us, Q3 = 204.909 us, Max = 205.145 us
IQR = 0.802 us, LowerFence = 202.904 us, UpperFence = 206.112 us
ConfidenceInterval = [189.410 us; 219.495 us] (CI 99.9%), Margin = 15.043 us (7.36% of Mean)
Skewness = -0.25, Kurtosis = 0.67, MValue = 2

// ** Remained 17 (19.1 %) benchmark(s) to run. Estimated finish 2026-10-07 19:43 (0h 1m from now) **
// **************************
// Benchmark: PlutusUseCasesBenchmarks.DecodeAndEval: ShortRun(IterationCount=3, LaunchCount=1, MinIterationCount=50, WarmupCount=3) [Script=stablecoin_1-3]
// *** Execute ***
// Launch: 1 / 1
// Execute: dotnet PlutusBench-ShortRun-1.dll --anonymousPipes 113 114 --benchmarkName "PlutusUseCasesBenchmarks.DecodeAndEval(Script: \"stablecoin_1-3\")" --job ShortRun --benchmarkId 72 in /bench/chrysalis/benchmarks/PlutusBench/bin/Release/net10.0/PlutusBench-ShortRun-1/bin/Release/net10.0
// BeforeAnythingElse

// Benchmark Process Environment Information:
// BenchmarkDotNet v0.15.8
// Runtime=.NET 10.0.12 (10.0.12, 10.0.1226.42308), X64 RyuJIT x86-64-v4
// GC=Concurrent Workstation
// HardwareIntrinsics=AVX512 BITALG+VBMI2+VNNI+VPOPCNTDQ,AVX512 IFMA+VBMI,AVX512 F+BW+CD+DQ+VL,AVX2+BMI1+BMI2+F16C+FMA+LZCNT+MOVBE,AVX,SSE3+SSSE3+SSE4.1+SSE4.2+POPCNT,X86Base+SSE+SSE2,AES+PCLMUL VectorSize=256
// Job: ShortRun(IterationCount=3, LaunchCount=1, MinIterationCount=50, WarmupCount=3)

OverheadJitting  1: 1 op, 156834.00 ns, 156.8340 us/op
WorkloadJitting  1: 1 op, 40280322.00 ns, 40.2803 ms/op

WorkloadPilot    1: 2 op, 8625751.00 ns, 4.3129 ms/op
WorkloadPilot    2: 3 op, 12081347.00 ns, 4.0271 ms/op
WorkloadPilot    3: 4 op, 15137451.00 ns, 3.7844 ms/op
WorkloadPilot    4: 5 op, 19635006.00 ns, 3.9270 ms/op
WorkloadPilot    5: 6 op, 23421585.00 ns, 3.9036 ms/op
WorkloadPilot    6: 7 op, 26568678.00 ns, 3.7955 ms/op
WorkloadPilot    7: 8 op, 29897571.00 ns, 3.7372 ms/op
WorkloadPilot    8: 9 op, 33481017.00 ns, 3.7201 ms/op
WorkloadPilot    9: 10 op, 37148848.00 ns, 3.7149 ms/op
WorkloadPilot   10: 11 op, 25974163.00 ns, 2.3613 ms/op
WorkloadPilot   11: 12 op, 25436194.00 ns, 2.1197 ms/op
WorkloadPilot   12: 13 op, 27320065.00 ns, 2.1015 ms/op
WorkloadPilot   13: 14 op, 29202548.00 ns, 2.0859 ms/op
WorkloadPilot   14: 15 op, 30019294.00 ns, 2.0013 ms/op
WorkloadPilot   15: 16 op, 31736198.00 ns, 1.9835 ms/op
WorkloadPilot   16: 32 op, 63523979.00 ns, 1.9851 ms/op
WorkloadPilot   17: 64 op, 98133704.00 ns, 1.5333 ms/op
WorkloadPilot   18: 128 op, 178949865.00 ns, 1.3980 ms/op
WorkloadPilot   19: 256 op, 348222946.00 ns, 1.3602 ms/op
WorkloadPilot   20: 512 op, 695794045.00 ns, 1.3590 ms/op

WorkloadWarmup   1: 512 op, 697998045.00 ns, 1.3633 ms/op
WorkloadWarmup   2: 512 op, 701848629.00 ns, 1.3708 ms/op
WorkloadWarmup   3: 512 op, 701303490.00 ns, 1.3697 ms/op

// BeforeActualRun
WorkloadActual   1: 512 op, 697788352.00 ns, 1.3629 ms/op
WorkloadActual   2: 512 op, 701438430.00 ns, 1.3700 ms/op
WorkloadActual   3: 512 op, 878277654.00 ns, 1.7154 ms/op

// AfterActualRun
WorkloadResult   1: 512 op, 697788352.00 ns, 1.3629 ms/op
WorkloadResult   2: 512 op, 701438430.00 ns, 1.3700 ms/op
WorkloadResult   3: 512 op, 878277654.00 ns, 1.7154 ms/op
// GC:  94 40 0 788549632 512
// Threading:  0 0 512

// AfterAll
// Benchmark Process 1236 has exited with code 0.

Mean = 1.483 ms, StdErr = 0.116 ms (7.85%), N = 3, StdDev = 0.202 ms
Min = 1.363 ms, Q1 = 1.366 ms, Median = 1.370 ms, Q3 = 1.543 ms, Max = 1.715 ms
IQR = 0.176 ms, LowerFence = 1.102 ms, UpperFence = 1.807 ms
ConfidenceInterval = [-2.193 ms; 5.159 ms] (CI 99.9%), Margin = 3.676 ms (247.93% of Mean)
Skewness = 0.38, Kurtosis = 0.67, MValue = 2

// ** Remained 16 (18.0 %) benchmark(s) to run. Estimated finish 2026-10-07 19:43 (0h 1m from now) **
// **************************
// Benchmark: PlutusUseCasesBenchmarks.DecodeAndEval: ShortRun(IterationCount=3, LaunchCount=1, MinIterationCount=50, WarmupCount=3) [Script=stablecoin_1-4]
// *** Execute ***
// Launch: 1 / 1
// Execute: dotnet PlutusBench-ShortRun-1.dll --anonymousPipes 113 114 --benchmarkName "PlutusUseCasesBenchmarks.DecodeAndEval(Script: \"stablecoin_1-4\")" --job ShortRun --benchmarkId 73 in /bench/chrysalis/benchmarks/PlutusBench/bin/Release/net10.0/PlutusBench-ShortRun-1/bin/Release/net10.0
// BeforeAnythingElse

// Benchmark Process Environment Information:
// BenchmarkDotNet v0.15.8
// Runtime=.NET 10.0.12 (10.0.12, 10.0.1226.42308), X64 RyuJIT x86-64-v4
// GC=Concurrent Workstation
// HardwareIntrinsics=AVX512 BITALG+VBMI2+VNNI+VPOPCNTDQ,AVX512 IFMA+VBMI,AVX512 F+BW+CD+DQ+VL,AVX2+BMI1+BMI2+F16C+FMA+LZCNT+MOVBE,AVX,SSE3+SSSE3+SSE4.1+SSE4.2+POPCNT,X86Base+SSE+SSE2,AES+PCLMUL VectorSize=256
// Job: ShortRun(IterationCount=3, LaunchCount=1, MinIterationCount=50, WarmupCount=3)

OverheadJitting  1: 1 op, 182483.00 ns, 182.4830 us/op
WorkloadJitting  1: 1 op, 19974318.00 ns, 19.9743 ms/op

OverheadJitting  2: 16 op, 451637.00 ns, 28.2273 us/op
WorkloadJitting  2: 16 op, 17928549.00 ns, 1.1205 ms/op

WorkloadPilot    1: 16 op, 16206829.00 ns, 1.0129 ms/op
WorkloadPilot    2: 32 op, 30520693.00 ns, 953.7717 us/op
WorkloadPilot    3: 64 op, 59344711.00 ns, 927.2611 us/op
WorkloadPilot    4: 128 op, 104528899.00 ns, 816.6320 us/op
WorkloadPilot    5: 256 op, 65787127.00 ns, 256.9810 us/op
WorkloadPilot    6: 512 op, 116963194.00 ns, 228.4437 us/op
WorkloadPilot    7: 1024 op, 216525285.00 ns, 211.4505 us/op
WorkloadPilot    8: 2048 op, 432750042.00 ns, 211.3037 us/op
WorkloadPilot    9: 4096 op, 867920646.00 ns, 211.8947 us/op

OverheadWarmup   1: 4096 op, 15697.00 ns, 3.8323 ns/op
OverheadWarmup   2: 4096 op, 15015.00 ns, 3.6658 ns/op
OverheadWarmup   3: 4096 op, 15785.00 ns, 3.8538 ns/op
OverheadWarmup   4: 4096 op, 15637.00 ns, 3.8176 ns/op
OverheadWarmup   5: 4096 op, 15864.00 ns, 3.8730 ns/op
OverheadWarmup   6: 4096 op, 14976.00 ns, 3.6563 ns/op

OverheadActual   1: 4096 op, 15407.00 ns, 3.7615 ns/op
OverheadActual   2: 4096 op, 15442.00 ns, 3.7700 ns/op
OverheadActual   3: 4096 op, 15482.00 ns, 3.7798 ns/op
OverheadActual   4: 4096 op, 15661.00 ns, 3.8235 ns/op
OverheadActual   5: 4096 op, 14990.00 ns, 3.6597 ns/op
OverheadActual   6: 4096 op, 15356.00 ns, 3.7490 ns/op
OverheadActual   7: 4096 op, 16142.00 ns, 3.9409 ns/op
OverheadActual   8: 4096 op, 33021.00 ns, 8.0618 ns/op
OverheadActual   9: 4096 op, 31963.00 ns, 7.8035 ns/op
OverheadActual  10: 4096 op, 15941.00 ns, 3.8918 ns/op
OverheadActual  11: 4096 op, 16738.00 ns, 4.0864 ns/op
OverheadActual  12: 4096 op, 25016.00 ns, 6.1074 ns/op
OverheadActual  13: 4096 op, 16122.00 ns, 3.9360 ns/op
OverheadActual  14: 4096 op, 16318.00 ns, 3.9839 ns/op
OverheadActual  15: 4096 op, 16829.00 ns, 4.1086 ns/op
OverheadActual  16: 4096 op, 16508.00 ns, 4.0303 ns/op
OverheadActual  17: 4096 op, 16723.00 ns, 4.0828 ns/op
OverheadActual  18: 4096 op, 16574.00 ns, 4.0464 ns/op
OverheadActual  19: 4096 op, 16505.00 ns, 4.0295 ns/op
OverheadActual  20: 4096 op, 16314.00 ns, 3.9829 ns/op

WorkloadWarmup   1: 4096 op, 867896813.00 ns, 211.8889 us/op
WorkloadWarmup   2: 4096 op, 867088182.00 ns, 211.6915 us/op
WorkloadWarmup   3: 4096 op, 869028962.00 ns, 212.1653 us/op

// BeforeActualRun
WorkloadActual   1: 4096 op, 866937443.00 ns, 211.6546 us/op
WorkloadActual   2: 4096 op, 868979645.00 ns, 212.1532 us/op
WorkloadActual   3: 4096 op, 873513453.00 ns, 213.2601 us/op

// AfterActualRun
WorkloadResult   1: 4096 op, 866921127.00 ns, 211.6507 us/op
WorkloadResult   2: 4096 op, 868963329.00 ns, 212.1493 us/op
WorkloadResult   3: 4096 op, 873497137.00 ns, 213.2561 us/op
// GC:  208 59 0 1744306176 4096
// Threading:  0 0 4096

// AfterAll
// Benchmark Process 1243 has exited with code 0.

Mean = 212.352 us, StdErr = 0.474 us (0.22%), N = 3, StdDev = 0.822 us
Min = 211.651 us, Q1 = 211.900 us, Median = 212.149 us, Q3 = 212.703 us, Max = 213.256 us
IQR = 0.803 us, LowerFence = 210.696 us, UpperFence = 213.907 us
ConfidenceInterval = [197.361 us; 227.343 us] (CI 99.9%), Margin = 14.991 us (7.06% of Mean)
Skewness = 0.23, Kurtosis = 0.67, MValue = 2

// ** Remained 15 (16.9 %) benchmark(s) to run. Estimated finish 2026-10-07 19:43 (0h 1m from now) **
// **************************
// Benchmark: PlutusUseCasesBenchmarks.DecodeAndEval: ShortRun(IterationCount=3, LaunchCount=1, MinIterationCount=50, WarmupCount=3) [Script=stablecoin_1-5]
// *** Execute ***
// Launch: 1 / 1
// Execute: dotnet PlutusBench-ShortRun-1.dll --anonymousPipes 113 114 --benchmarkName "PlutusUseCasesBenchmarks.DecodeAndEval(Script: \"stablecoin_1-5\")" --job ShortRun --benchmarkId 74 in /bench/chrysalis/benchmarks/PlutusBench/bin/Release/net10.0/PlutusBench-ShortRun-1/bin/Release/net10.0
// BeforeAnythingElse

// Benchmark Process Environment Information:
// BenchmarkDotNet v0.15.8
// Runtime=.NET 10.0.12 (10.0.12, 10.0.1226.42308), X64 RyuJIT x86-64-v4
// GC=Concurrent Workstation
// HardwareIntrinsics=AVX512 BITALG+VBMI2+VNNI+VPOPCNTDQ,AVX512 IFMA+VBMI,AVX512 F+BW+CD+DQ+VL,AVX2+BMI1+BMI2+F16C+FMA+LZCNT+MOVBE,AVX,SSE3+SSSE3+SSE4.1+SSE4.2+POPCNT,X86Base+SSE+SSE2,AES+PCLMUL VectorSize=256
// Job: ShortRun(IterationCount=3, LaunchCount=1, MinIterationCount=50, WarmupCount=3)

OverheadJitting  1: 1 op, 164610.00 ns, 164.6100 us/op
WorkloadJitting  1: 1 op, 41361122.00 ns, 41.3611 ms/op

WorkloadPilot    1: 2 op, 10809989.00 ns, 5.4050 ms/op
WorkloadPilot    2: 3 op, 15415542.00 ns, 5.1385 ms/op
WorkloadPilot    3: 4 op, 19525287.00 ns, 4.8813 ms/op
WorkloadPilot    4: 5 op, 25595940.00 ns, 5.1192 ms/op
WorkloadPilot    5: 6 op, 29108927.00 ns, 4.8515 ms/op
WorkloadPilot    6: 7 op, 33139179.00 ns, 4.7342 ms/op
WorkloadPilot    7: 8 op, 37537979.00 ns, 4.6922 ms/op
WorkloadPilot    8: 9 op, 37522575.00 ns, 4.1692 ms/op
WorkloadPilot    9: 10 op, 25003328.00 ns, 2.5003 ms/op
WorkloadPilot   10: 11 op, 25014382.00 ns, 2.2740 ms/op
WorkloadPilot   11: 12 op, 26831646.00 ns, 2.2360 ms/op
WorkloadPilot   12: 13 op, 28739733.00 ns, 2.2107 ms/op
WorkloadPilot   13: 14 op, 31772168.00 ns, 2.2694 ms/op
WorkloadPilot   14: 15 op, 30102806.00 ns, 2.0069 ms/op
WorkloadPilot   15: 16 op, 28285331.00 ns, 1.7678 ms/op
WorkloadPilot   16: 32 op, 56966706.00 ns, 1.7802 ms/op
WorkloadPilot   17: 64 op, 110798992.00 ns, 1.7312 ms/op
WorkloadPilot   18: 128 op, 215034974.00 ns, 1.6800 ms/op
WorkloadPilot   19: 256 op, 427935173.00 ns, 1.6716 ms/op
WorkloadPilot   20: 512 op, 855367053.00 ns, 1.6706 ms/op

WorkloadWarmup   1: 512 op, 855099086.00 ns, 1.6701 ms/op
WorkloadWarmup   2: 512 op, 859760195.00 ns, 1.6792 ms/op
WorkloadWarmup   3: 512 op, 851492971.00 ns, 1.6631 ms/op

// BeforeActualRun
WorkloadActual   1: 512 op, 857005561.00 ns, 1.6738 ms/op
WorkloadActual   2: 512 op, 857142285.00 ns, 1.6741 ms/op
WorkloadActual   3: 512 op, 858819962.00 ns, 1.6774 ms/op

// AfterActualRun
WorkloadResult   1: 512 op, 857005561.00 ns, 1.6738 ms/op
WorkloadResult   2: 512 op, 857142285.00 ns, 1.6741 ms/op
WorkloadResult   3: 512 op, 858819962.00 ns, 1.6774 ms/op
// GC:  111 48 0 935026688 512
// Threading:  0 0 512

// AfterAll
// Benchmark Process 1250 has exited with code 0.

Mean = 1.675 ms, StdErr = 0.001 ms (0.07%), N = 3, StdDev = 0.002 ms
Min = 1.674 ms, Q1 = 1.674 ms, Median = 1.674 ms, Q3 = 1.676 ms, Max = 1.677 ms
IQR = 0.002 ms, LowerFence = 1.671 ms, UpperFence = 1.678 ms
ConfidenceInterval = [1.639 ms; 1.711 ms] (CI 99.9%), Margin = 0.036 ms (2.15% of Mean)
Skewness = 0.38, Kurtosis = 0.67, MValue = 2

// ** Remained 14 (15.7 %) benchmark(s) to run. Estimated finish 2026-10-07 19:43 (0h 1m from now) **
// **************************
// Benchmark: PlutusUseCasesBenchmarks.DecodeAndEval: ShortRun(IterationCount=3, LaunchCount=1, MinIterationCount=50, WarmupCount=3) [Script=stablecoin_1-6]
// *** Execute ***
// Launch: 1 / 1
// Execute: dotnet PlutusBench-ShortRun-1.dll --anonymousPipes 113 114 --benchmarkName "PlutusUseCasesBenchmarks.DecodeAndEval(Script: \"stablecoin_1-6\")" --job ShortRun --benchmarkId 75 in /bench/chrysalis/benchmarks/PlutusBench/bin/Release/net10.0/PlutusBench-ShortRun-1/bin/Release/net10.0
// BeforeAnythingElse

// Benchmark Process Environment Information:
// BenchmarkDotNet v0.15.8
// Runtime=.NET 10.0.12 (10.0.12, 10.0.1226.42308), X64 RyuJIT x86-64-v4
// GC=Concurrent Workstation
// HardwareIntrinsics=AVX512 BITALG+VBMI2+VNNI+VPOPCNTDQ,AVX512 IFMA+VBMI,AVX512 F+BW+CD+DQ+VL,AVX2+BMI1+BMI2+F16C+FMA+LZCNT+MOVBE,AVX,SSE3+SSSE3+SSE4.1+SSE4.2+POPCNT,X86Base+SSE+SSE2,AES+PCLMUL VectorSize=256
// Job: ShortRun(IterationCount=3, LaunchCount=1, MinIterationCount=50, WarmupCount=3)

OverheadJitting  1: 1 op, 150796.00 ns, 150.7960 us/op
WorkloadJitting  1: 1 op, 15540917.00 ns, 15.5409 ms/op

OverheadJitting  2: 16 op, 333014.00 ns, 20.8134 us/op
WorkloadJitting  2: 16 op, 14925783.00 ns, 932.8614 us/op

WorkloadPilot    1: 16 op, 13245849.00 ns, 827.8656 us/op
WorkloadPilot    2: 32 op, 24944983.00 ns, 779.5307 us/op
WorkloadPilot    3: 64 op, 48665429.00 ns, 760.3973 us/op
WorkloadPilot    4: 128 op, 93903634.00 ns, 733.6221 us/op
WorkloadPilot    5: 256 op, 93950130.00 ns, 366.9927 us/op
WorkloadPilot    6: 512 op, 131244609.00 ns, 256.3371 us/op
WorkloadPilot    7: 1024 op, 256473332.00 ns, 250.4622 us/op
WorkloadPilot    8: 2048 op, 506078873.00 ns, 247.1088 us/op

OverheadWarmup   1: 2048 op, 8297.00 ns, 4.0513 ns/op
OverheadWarmup   2: 2048 op, 8227.00 ns, 4.0171 ns/op
OverheadWarmup   3: 2048 op, 7580.00 ns, 3.7012 ns/op
OverheadWarmup   4: 2048 op, 7873.00 ns, 3.8442 ns/op
OverheadWarmup   5: 2048 op, 7843.00 ns, 3.8296 ns/op
OverheadWarmup   6: 2048 op, 7902.00 ns, 3.8584 ns/op
OverheadWarmup   7: 2048 op, 8067.00 ns, 3.9390 ns/op
OverheadWarmup   8: 2048 op, 7963.00 ns, 3.8882 ns/op

OverheadActual   1: 2048 op, 7997.00 ns, 3.9048 ns/op
OverheadActual   2: 2048 op, 7684.00 ns, 3.7520 ns/op
OverheadActual   3: 2048 op, 7734.00 ns, 3.7764 ns/op
OverheadActual   4: 2048 op, 8146.00 ns, 3.9775 ns/op
OverheadActual   5: 2048 op, 7658.00 ns, 3.7393 ns/op
OverheadActual   6: 2048 op, 8131.00 ns, 3.9702 ns/op
OverheadActual   7: 2048 op, 12261.00 ns, 5.9868 ns/op
OverheadActual   8: 2048 op, 7957.00 ns, 3.8853 ns/op
OverheadActual   9: 2048 op, 7953.00 ns, 3.8833 ns/op
OverheadActual  10: 2048 op, 7988.00 ns, 3.9004 ns/op
OverheadActual  11: 2048 op, 21114.00 ns, 10.3096 ns/op
OverheadActual  12: 2048 op, 8070.00 ns, 3.9404 ns/op
OverheadActual  13: 2048 op, 7915.00 ns, 3.8647 ns/op
OverheadActual  14: 2048 op, 7917.00 ns, 3.8657 ns/op
OverheadActual  15: 2048 op, 8099.00 ns, 3.9546 ns/op
OverheadActual  16: 2048 op, 7919.00 ns, 3.8667 ns/op
OverheadActual  17: 2048 op, 21033.00 ns, 10.2700 ns/op
OverheadActual  18: 2048 op, 8018.00 ns, 3.9150 ns/op
OverheadActual  19: 2048 op, 8108.00 ns, 3.9590 ns/op
OverheadActual  20: 2048 op, 8097.00 ns, 3.9536 ns/op

WorkloadWarmup   1: 2048 op, 512206800.00 ns, 250.1010 us/op
WorkloadWarmup   2: 2048 op, 508363582.00 ns, 248.2244 us/op
WorkloadWarmup   3: 2048 op, 505831439.00 ns, 246.9880 us/op

// BeforeActualRun
WorkloadActual   1: 2048 op, 508611246.00 ns, 248.3453 us/op
WorkloadActual   2: 2048 op, 509071321.00 ns, 248.5700 us/op
WorkloadActual   3: 2048 op, 511398874.00 ns, 249.7065 us/op

// AfterActualRun
WorkloadResult   1: 2048 op, 508603238.50 ns, 248.3414 us/op
WorkloadResult   2: 2048 op, 509063313.50 ns, 248.5661 us/op
WorkloadResult   3: 2048 op, 511390866.50 ns, 249.7026 us/op
// GC:  120 36 0 1010434048 2048
// Threading:  0 0 2048

// AfterAll
// Benchmark Process 1258 has exited with code 0.

Mean = 248.870 us, StdErr = 0.421 us (0.17%), N = 3, StdDev = 0.730 us
Min = 248.341 us, Q1 = 248.454 us, Median = 248.566 us, Q3 = 249.134 us, Max = 249.703 us
IQR = 0.681 us, LowerFence = 247.433 us, UpperFence = 250.155 us
ConfidenceInterval = [235.557 us; 262.183 us] (CI 99.9%), Margin = 13.313 us (5.35% of Mean)
Skewness = 0.34, Kurtosis = 0.67, MValue = 2

// ** Remained 13 (14.6 %) benchmark(s) to run. Estimated finish 2026-10-07 19:43 (0h 1m from now) **
// **************************
// Benchmark: PlutusUseCasesBenchmarks.DecodeAndEval: ShortRun(IterationCount=3, LaunchCount=1, MinIterationCount=50, WarmupCount=3) [Script=stablecoin_2-1]
// *** Execute ***
// Launch: 1 / 1
// Execute: dotnet PlutusBench-ShortRun-1.dll --anonymousPipes 113 114 --benchmarkName "PlutusUseCasesBenchmarks.DecodeAndEval(Script: \"stablecoin_2-1\")" --job ShortRun --benchmarkId 76 in /bench/chrysalis/benchmarks/PlutusBench/bin/Release/net10.0/PlutusBench-ShortRun-1/bin/Release/net10.0
// BeforeAnythingElse

// Benchmark Process Environment Information:
// BenchmarkDotNet v0.15.8
// Runtime=.NET 10.0.12 (10.0.12, 10.0.1226.42308), X64 RyuJIT x86-64-v4
// GC=Concurrent Workstation
// HardwareIntrinsics=AVX512 BITALG+VBMI2+VNNI+VPOPCNTDQ,AVX512 IFMA+VBMI,AVX512 F+BW+CD+DQ+VL,AVX2+BMI1+BMI2+F16C+FMA+LZCNT+MOVBE,AVX,SSE3+SSSE3+SSE4.1+SSE4.2+POPCNT,X86Base+SSE+SSE2,AES+PCLMUL VectorSize=256
// Job: ShortRun(IterationCount=3, LaunchCount=1, MinIterationCount=50, WarmupCount=3)

OverheadJitting  1: 1 op, 151471.00 ns, 151.4710 us/op
WorkloadJitting  1: 1 op, 39712486.00 ns, 39.7125 ms/op

WorkloadPilot    1: 2 op, 7777558.00 ns, 3.8888 ms/op
WorkloadPilot    2: 3 op, 10731117.00 ns, 3.5770 ms/op
WorkloadPilot    3: 4 op, 13493422.00 ns, 3.3734 ms/op
WorkloadPilot    4: 5 op, 17364094.00 ns, 3.4728 ms/op
WorkloadPilot    5: 6 op, 20649981.00 ns, 3.4417 ms/op
WorkloadPilot    6: 7 op, 23283100.00 ns, 3.3262 ms/op
WorkloadPilot    7: 8 op, 26078703.00 ns, 3.2598 ms/op
WorkloadPilot    8: 9 op, 29460131.00 ns, 3.2733 ms/op
WorkloadPilot    9: 10 op, 31860370.00 ns, 3.1860 ms/op
WorkloadPilot   10: 11 op, 32424220.00 ns, 2.9477 ms/op
WorkloadPilot   11: 12 op, 22707045.00 ns, 1.8923 ms/op
WorkloadPilot   12: 13 op, 23502483.00 ns, 1.8079 ms/op
WorkloadPilot   13: 14 op, 25036530.00 ns, 1.7883 ms/op
WorkloadPilot   14: 15 op, 26656214.00 ns, 1.7771 ms/op
WorkloadPilot   15: 16 op, 28614131.00 ns, 1.7884 ms/op
WorkloadPilot   16: 32 op, 57774500.00 ns, 1.8055 ms/op
WorkloadPilot   17: 64 op, 97307080.00 ns, 1.5204 ms/op
WorkloadPilot   18: 128 op, 156741129.00 ns, 1.2245 ms/op
WorkloadPilot   19: 256 op, 303399572.00 ns, 1.1852 ms/op
WorkloadPilot   20: 512 op, 605236588.00 ns, 1.1821 ms/op

WorkloadWarmup   1: 512 op, 604173126.00 ns, 1.1800 ms/op
WorkloadWarmup   2: 512 op, 606401644.00 ns, 1.1844 ms/op
WorkloadWarmup   3: 512 op, 606408015.00 ns, 1.1844 ms/op

// BeforeActualRun
WorkloadActual   1: 512 op, 603698198.00 ns, 1.1791 ms/op
WorkloadActual   2: 512 op, 604642397.00 ns, 1.1809 ms/op
WorkloadActual   3: 512 op, 607060409.00 ns, 1.1857 ms/op

// AfterActualRun
WorkloadResult   1: 512 op, 603698198.00 ns, 1.1791 ms/op
WorkloadResult   2: 512 op, 604642397.00 ns, 1.1809 ms/op
WorkloadResult   3: 512 op, 607060409.00 ns, 1.1857 ms/op
// GC:  85 39 0 717045760 512
// Threading:  0 0 512

// AfterAll
// Benchmark Process 1268 has exited with code 0.

Mean = 1.182 ms, StdErr = 0.002 ms (0.17%), N = 3, StdDev = 0.003 ms
Min = 1.179 ms, Q1 = 1.180 ms, Median = 1.181 ms, Q3 = 1.183 ms, Max = 1.186 ms
IQR = 0.003 ms, LowerFence = 1.175 ms, UpperFence = 1.188 ms
ConfidenceInterval = [1.120 ms; 1.244 ms] (CI 99.9%), Margin = 0.062 ms (5.23% of Mean)
Skewness = 0.26, Kurtosis = 0.67, MValue = 2

// ** Remained 12 (13.5 %) benchmark(s) to run. Estimated finish 2026-10-07 19:43 (0h 1m from now) **
// **************************
// Benchmark: PlutusUseCasesBenchmarks.DecodeAndEval: ShortRun(IterationCount=3, LaunchCount=1, MinIterationCount=50, WarmupCount=3) [Script=stablecoin_2-2]
// *** Execute ***
// Launch: 1 / 1
// Execute: dotnet PlutusBench-ShortRun-1.dll --anonymousPipes 113 114 --benchmarkName "PlutusUseCasesBenchmarks.DecodeAndEval(Script: \"stablecoin_2-2\")" --job ShortRun --benchmarkId 77 in /bench/chrysalis/benchmarks/PlutusBench/bin/Release/net10.0/PlutusBench-ShortRun-1/bin/Release/net10.0
// BeforeAnythingElse

// Benchmark Process Environment Information:
// BenchmarkDotNet v0.15.8
// Runtime=.NET 10.0.12 (10.0.12, 10.0.1226.42308), X64 RyuJIT x86-64-v4
// GC=Concurrent Workstation
// HardwareIntrinsics=AVX512 BITALG+VBMI2+VNNI+VPOPCNTDQ,AVX512 IFMA+VBMI,AVX512 F+BW+CD+DQ+VL,AVX2+BMI1+BMI2+F16C+FMA+LZCNT+MOVBE,AVX,SSE3+SSSE3+SSE4.1+SSE4.2+POPCNT,X86Base+SSE+SSE2,AES+PCLMUL VectorSize=256
// Job: ShortRun(IterationCount=3, LaunchCount=1, MinIterationCount=50, WarmupCount=3)

OverheadJitting  1: 1 op, 150803.00 ns, 150.8030 us/op
WorkloadJitting  1: 1 op, 15141420.00 ns, 15.1414 ms/op

OverheadJitting  2: 16 op, 326448.00 ns, 20.4030 us/op
WorkloadJitting  2: 16 op, 12162849.00 ns, 760.1781 us/op

WorkloadPilot    1: 16 op, 10729431.00 ns, 670.5894 us/op
WorkloadPilot    2: 32 op, 19707568.00 ns, 615.8615 us/op
WorkloadPilot    3: 64 op, 38296808.00 ns, 598.3876 us/op
WorkloadPilot    4: 128 op, 73907460.00 ns, 577.4020 us/op
WorkloadPilot    5: 256 op, 108507795.00 ns, 423.8586 us/op
WorkloadPilot    6: 512 op, 112784051.00 ns, 220.2813 us/op
WorkloadPilot    7: 1024 op, 214272158.00 ns, 209.2502 us/op
WorkloadPilot    8: 2048 op, 416959629.00 ns, 203.5936 us/op
WorkloadPilot    9: 4096 op, 834449850.00 ns, 203.7231 us/op

OverheadWarmup   1: 4096 op, 15764.00 ns, 3.8486 ns/op
OverheadWarmup   2: 4096 op, 15705.00 ns, 3.8342 ns/op
OverheadWarmup   3: 4096 op, 15670.00 ns, 3.8257 ns/op
OverheadWarmup   4: 4096 op, 29018.00 ns, 7.0845 ns/op
OverheadWarmup   5: 4096 op, 31821.00 ns, 7.7688 ns/op
OverheadWarmup   6: 4096 op, 30680.00 ns, 7.4902 ns/op
OverheadWarmup   7: 4096 op, 15737.00 ns, 3.8420 ns/op
OverheadWarmup   8: 4096 op, 15731.00 ns, 3.8406 ns/op
OverheadWarmup   9: 4096 op, 15537.00 ns, 3.7932 ns/op
OverheadWarmup  10: 4096 op, 15729.00 ns, 3.8401 ns/op

OverheadActual   1: 4096 op, 15270.00 ns, 3.7280 ns/op
OverheadActual   2: 4096 op, 15193.00 ns, 3.7092 ns/op
OverheadActual   3: 4096 op, 15293.00 ns, 3.7336 ns/op
OverheadActual   4: 4096 op, 16147.00 ns, 3.9421 ns/op
OverheadActual   5: 4096 op, 15221.00 ns, 3.7161 ns/op
OverheadActual   6: 4096 op, 15692.00 ns, 3.8311 ns/op
OverheadActual   7: 4096 op, 15947.00 ns, 3.8933 ns/op
OverheadActual   8: 4096 op, 28801.00 ns, 7.0315 ns/op
OverheadActual   9: 4096 op, 15666.00 ns, 3.8247 ns/op
OverheadActual  10: 4096 op, 15916.00 ns, 3.8857 ns/op
OverheadActual  11: 4096 op, 46813.00 ns, 11.4290 ns/op
OverheadActual  12: 4096 op, 29157.00 ns, 7.1184 ns/op
OverheadActual  13: 4096 op, 16100.00 ns, 3.9307 ns/op
OverheadActual  14: 4096 op, 15723.00 ns, 3.8386 ns/op
OverheadActual  15: 4096 op, 15749.00 ns, 3.8450 ns/op
OverheadActual  16: 4096 op, 15789.00 ns, 3.8547 ns/op
OverheadActual  17: 4096 op, 16067.00 ns, 3.9226 ns/op
OverheadActual  18: 4096 op, 16214.00 ns, 3.9585 ns/op
OverheadActual  19: 4096 op, 28672.00 ns, 7.0000 ns/op
OverheadActual  20: 4096 op, 16135.00 ns, 3.9392 ns/op

WorkloadWarmup   1: 4096 op, 837901870.00 ns, 204.5659 us/op
WorkloadWarmup   2: 4096 op, 837866754.00 ns, 204.5573 us/op
WorkloadWarmup   3: 4096 op, 834815269.00 ns, 203.8123 us/op

// BeforeActualRun
WorkloadActual   1: 4096 op, 835322054.00 ns, 203.9360 us/op
WorkloadActual   2: 4096 op, 843633650.00 ns, 205.9652 us/op
WorkloadActual   3: 4096 op, 841740485.00 ns, 205.5030 us/op

// AfterActualRun
WorkloadResult   1: 4096 op, 835306122.50 ns, 203.9322 us/op
WorkloadResult   2: 4096 op, 843617718.50 ns, 205.9614 us/op
WorkloadResult   3: 4096 op, 841724553.50 ns, 205.4992 us/op
// GC:  200 59 0 1678540800 4096
// Threading:  0 0 4096

// AfterAll
// Benchmark Process 1276 has exited with code 0.

Mean = 205.131 us, StdErr = 0.614 us (0.30%), N = 3, StdDev = 1.064 us
Min = 203.932 us, Q1 = 204.716 us, Median = 205.499 us, Q3 = 205.730 us, Max = 205.961 us
IQR = 1.015 us, LowerFence = 203.194 us, UpperFence = 207.252 us
ConfidenceInterval = [185.728 us; 224.534 us] (CI 99.9%), Margin = 19.403 us (9.46% of Mean)
Skewness = -0.3, Kurtosis = 0.67, MValue = 2

// ** Remained 11 (12.4 %) benchmark(s) to run. Estimated finish 2026-10-07 19:43 (0h 1m from now) **
// **************************
// Benchmark: PlutusUseCasesBenchmarks.DecodeAndEval: ShortRun(IterationCount=3, LaunchCount=1, MinIterationCount=50, WarmupCount=3) [Script=stablecoin_2-3]
// *** Execute ***
// Launch: 1 / 1
// Execute: dotnet PlutusBench-ShortRun-1.dll --anonymousPipes 113 114 --benchmarkName "PlutusUseCasesBenchmarks.DecodeAndEval(Script: \"stablecoin_2-3\")" --job ShortRun --benchmarkId 78 in /bench/chrysalis/benchmarks/PlutusBench/bin/Release/net10.0/PlutusBench-ShortRun-1/bin/Release/net10.0
// BeforeAnythingElse

// Benchmark Process Environment Information:
// BenchmarkDotNet v0.15.8
// Runtime=.NET 10.0.12 (10.0.12, 10.0.1226.42308), X64 RyuJIT x86-64-v4
// GC=Concurrent Workstation
// HardwareIntrinsics=AVX512 BITALG+VBMI2+VNNI+VPOPCNTDQ,AVX512 IFMA+VBMI,AVX512 F+BW+CD+DQ+VL,AVX2+BMI1+BMI2+F16C+FMA+LZCNT+MOVBE,AVX,SSE3+SSSE3+SSE4.1+SSE4.2+POPCNT,X86Base+SSE+SSE2,AES+PCLMUL VectorSize=256
// Job: ShortRun(IterationCount=3, LaunchCount=1, MinIterationCount=50, WarmupCount=3)

OverheadJitting  1: 1 op, 183197.00 ns, 183.1970 us/op
WorkloadJitting  1: 1 op, 52855883.00 ns, 52.8559 ms/op

WorkloadPilot    1: 2 op, 12231561.00 ns, 6.1158 ms/op
WorkloadPilot    2: 3 op, 17671763.00 ns, 5.8906 ms/op
WorkloadPilot    3: 4 op, 22088327.00 ns, 5.5221 ms/op
WorkloadPilot    4: 5 op, 28834437.00 ns, 5.7669 ms/op
WorkloadPilot    5: 6 op, 34025155.00 ns, 5.6709 ms/op
WorkloadPilot    6: 7 op, 38697004.00 ns, 5.5281 ms/op
WorkloadPilot    7: 8 op, 37518457.00 ns, 4.6898 ms/op
WorkloadPilot    8: 9 op, 27264090.00 ns, 3.0293 ms/op
WorkloadPilot    9: 10 op, 27944097.00 ns, 2.7944 ms/op
WorkloadPilot   10: 11 op, 25225149.00 ns, 2.2932 ms/op
WorkloadPilot   11: 12 op, 26271143.00 ns, 2.1893 ms/op
WorkloadPilot   12: 13 op, 31433910.00 ns, 2.4180 ms/op
WorkloadPilot   13: 14 op, 36005529.00 ns, 2.5718 ms/op
WorkloadPilot   14: 15 op, 37613311.00 ns, 2.5076 ms/op
WorkloadPilot   15: 16 op, 38279687.00 ns, 2.3925 ms/op
WorkloadPilot   16: 32 op, 60990412.00 ns, 1.9060 ms/op
WorkloadPilot   17: 64 op, 114529266.00 ns, 1.7895 ms/op
WorkloadPilot   18: 128 op, 223302175.00 ns, 1.7445 ms/op
WorkloadPilot   19: 256 op, 445401844.00 ns, 1.7399 ms/op
WorkloadPilot   20: 512 op, 705087252.00 ns, 1.3771 ms/op

WorkloadWarmup   1: 512 op, 698153672.00 ns, 1.3636 ms/op
WorkloadWarmup   2: 512 op, 700444610.00 ns, 1.3681 ms/op
WorkloadWarmup   3: 512 op, 700163433.00 ns, 1.3675 ms/op

// BeforeActualRun
WorkloadActual   1: 512 op, 697581205.00 ns, 1.3625 ms/op
WorkloadActual   2: 512 op, 702021464.00 ns, 1.3711 ms/op
WorkloadActual   3: 512 op, 698234011.00 ns, 1.3637 ms/op

// AfterActualRun
WorkloadResult   1: 512 op, 697581205.00 ns, 1.3625 ms/op
WorkloadResult   2: 512 op, 702021464.00 ns, 1.3711 ms/op
WorkloadResult   3: 512 op, 698234011.00 ns, 1.3637 ms/op
// GC:  94 40 0 788549632 512
// Threading:  0 0 512

// AfterAll
// Benchmark Process 1284 has exited with code 0.

Mean = 1.366 ms, StdErr = 0.003 ms (0.20%), N = 3, StdDev = 0.005 ms
Min = 1.362 ms, Q1 = 1.363 ms, Median = 1.364 ms, Q3 = 1.367 ms, Max = 1.371 ms
IQR = 0.004 ms, LowerFence = 1.357 ms, UpperFence = 1.374 ms
ConfidenceInterval = [1.280 ms; 1.451 ms] (CI 99.9%), Margin = 0.085 ms (6.25% of Mean)
Skewness = 0.35, Kurtosis = 0.67, MValue = 2

// ** Remained 10 (11.2 %) benchmark(s) to run. Estimated finish 2026-10-07 19:43 (0h 1m from now) **
// **************************
// Benchmark: PlutusUseCasesBenchmarks.DecodeAndEval: ShortRun(IterationCount=3, LaunchCount=1, MinIterationCount=50, WarmupCount=3) [Script=stablecoin_2-4]
// *** Execute ***
// Launch: 1 / 1
// Execute: dotnet PlutusBench-ShortRun-1.dll --anonymousPipes 113 114 --benchmarkName "PlutusUseCasesBenchmarks.DecodeAndEval(Script: \"stablecoin_2-4\")" --job ShortRun --benchmarkId 79 in /bench/chrysalis/benchmarks/PlutusBench/bin/Release/net10.0/PlutusBench-ShortRun-1/bin/Release/net10.0
// BeforeAnythingElse

// Benchmark Process Environment Information:
// BenchmarkDotNet v0.15.8
// Runtime=.NET 10.0.12 (10.0.12, 10.0.1226.42308), X64 RyuJIT x86-64-v4
// GC=Concurrent Workstation
// HardwareIntrinsics=AVX512 BITALG+VBMI2+VNNI+VPOPCNTDQ,AVX512 IFMA+VBMI,AVX512 F+BW+CD+DQ+VL,AVX2+BMI1+BMI2+F16C+FMA+LZCNT+MOVBE,AVX,SSE3+SSSE3+SSE4.1+SSE4.2+POPCNT,X86Base+SSE+SSE2,AES+PCLMUL VectorSize=256
// Job: ShortRun(IterationCount=3, LaunchCount=1, MinIterationCount=50, WarmupCount=3)

OverheadJitting  1: 1 op, 166765.00 ns, 166.7650 us/op
WorkloadJitting  1: 1 op, 15363235.00 ns, 15.3632 ms/op

OverheadJitting  2: 16 op, 342547.00 ns, 21.4092 us/op
WorkloadJitting  2: 16 op, 12831480.00 ns, 801.9675 us/op

WorkloadPilot    1: 16 op, 11331760.00 ns, 708.2350 us/op
WorkloadPilot    2: 32 op, 20562947.00 ns, 642.5921 us/op
WorkloadPilot    3: 64 op, 41803411.00 ns, 653.1783 us/op
WorkloadPilot    4: 128 op, 78286161.00 ns, 611.6106 us/op
WorkloadPilot    5: 256 op, 104837373.00 ns, 409.5210 us/op
WorkloadPilot    6: 512 op, 114893508.00 ns, 224.4014 us/op
WorkloadPilot    7: 1024 op, 222661997.00 ns, 217.4434 us/op
WorkloadPilot    8: 2048 op, 444627848.00 ns, 217.1034 us/op
WorkloadPilot    9: 4096 op, 888556844.00 ns, 216.9328 us/op

OverheadWarmup   1: 4096 op, 15677.00 ns, 3.8274 ns/op
OverheadWarmup   2: 4096 op, 42919.00 ns, 10.4783 ns/op
OverheadWarmup   3: 4096 op, 31362.00 ns, 7.6567 ns/op
OverheadWarmup   4: 4096 op, 15056.00 ns, 3.6758 ns/op
OverheadWarmup   5: 4096 op, 29334.00 ns, 7.1616 ns/op
OverheadWarmup   6: 4096 op, 35200.00 ns, 8.5938 ns/op
OverheadWarmup   7: 4096 op, 30877.00 ns, 7.5383 ns/op

OverheadActual   1: 4096 op, 15936.00 ns, 3.8906 ns/op
OverheadActual   2: 4096 op, 15222.00 ns, 3.7163 ns/op
OverheadActual   3: 4096 op, 15290.00 ns, 3.7329 ns/op
OverheadActual   4: 4096 op, 16109.00 ns, 3.9329 ns/op
OverheadActual   5: 4096 op, 15221.00 ns, 3.7161 ns/op
OverheadActual   6: 4096 op, 16618.00 ns, 4.0571 ns/op
OverheadActual   7: 4096 op, 15865.00 ns, 3.8733 ns/op
OverheadActual   8: 4096 op, 29150.00 ns, 7.1167 ns/op
OverheadActual   9: 4096 op, 16829.00 ns, 4.1086 ns/op
OverheadActual  10: 4096 op, 16259.00 ns, 3.9695 ns/op
OverheadActual  11: 4096 op, 15937.00 ns, 3.8909 ns/op
OverheadActual  12: 4096 op, 15855.00 ns, 3.8708 ns/op
OverheadActual  13: 4096 op, 16109.00 ns, 3.9329 ns/op
OverheadActual  14: 4096 op, 20990.00 ns, 5.1245 ns/op
OverheadActual  15: 4096 op, 15805.00 ns, 3.8586 ns/op
OverheadActual  16: 4096 op, 29143.00 ns, 7.1150 ns/op
OverheadActual  17: 4096 op, 16063.00 ns, 3.9216 ns/op
OverheadActual  18: 4096 op, 15842.00 ns, 3.8677 ns/op
OverheadActual  19: 4096 op, 19621.00 ns, 4.7903 ns/op
OverheadActual  20: 4096 op, 28965.00 ns, 7.0715 ns/op

WorkloadWarmup   1: 4096 op, 886578352.00 ns, 216.4498 us/op
WorkloadWarmup   2: 4096 op, 892120672.00 ns, 217.8029 us/op
WorkloadWarmup   3: 4096 op, 887600637.00 ns, 216.6994 us/op

// BeforeActualRun
WorkloadActual   1: 4096 op, 888891518.00 ns, 217.0145 us/op
WorkloadActual   2: 4096 op, 895305714.00 ns, 218.5805 us/op
WorkloadActual   3: 4096 op, 890271344.00 ns, 217.3514 us/op

// AfterActualRun
WorkloadResult   1: 4096 op, 888875432.00 ns, 217.0106 us/op
WorkloadResult   2: 4096 op, 895289628.00 ns, 218.5766 us/op
WorkloadResult   3: 4096 op, 890255258.00 ns, 217.3475 us/op
// GC:  208 59 0 1744306176 4096
// Threading:  0 0 4096

// AfterAll
// Benchmark Process 1292 has exited with code 0.

Mean = 217.645 us, StdErr = 0.476 us (0.22%), N = 3, StdDev = 0.824 us
Min = 217.011 us, Q1 = 217.179 us, Median = 217.347 us, Q3 = 217.962 us, Max = 218.577 us
IQR = 0.783 us, LowerFence = 216.005 us, UpperFence = 219.136 us
ConfidenceInterval = [202.607 us; 232.682 us] (CI 99.9%), Margin = 15.038 us (6.91% of Mean)
Skewness = 0.31, Kurtosis = 0.67, MValue = 2

// ** Remained 9 (10.1 %) benchmark(s) to run. Estimated finish 2026-10-07 19:43 (0h 1m from now) **
// **************************
// Benchmark: PlutusUseCasesBenchmarks.DecodeAndEval: ShortRun(IterationCount=3, LaunchCount=1, MinIterationCount=50, WarmupCount=3) [Script=token-account-1]
// *** Execute ***
// Launch: 1 / 1
// Execute: dotnet PlutusBench-ShortRun-1.dll --anonymousPipes 113 114 --benchmarkName "PlutusUseCasesBenchmarks.DecodeAndEval(Script: \"token-account-1\")" --job ShortRun --benchmarkId 80 in /bench/chrysalis/benchmarks/PlutusBench/bin/Release/net10.0/PlutusBench-ShortRun-1/bin/Release/net10.0
// BeforeAnythingElse

// Benchmark Process Environment Information:
// BenchmarkDotNet v0.15.8
// Runtime=.NET 10.0.12 (10.0.12, 10.0.1226.42308), X64 RyuJIT x86-64-v4
// GC=Concurrent Workstation
// HardwareIntrinsics=AVX512 BITALG+VBMI2+VNNI+VPOPCNTDQ,AVX512 IFMA+VBMI,AVX512 F+BW+CD+DQ+VL,AVX2+BMI1+BMI2+F16C+FMA+LZCNT+MOVBE,AVX,SSE3+SSSE3+SSE4.1+SSE4.2+POPCNT,X86Base+SSE+SSE2,AES+PCLMUL VectorSize=256
// Job: ShortRun(IterationCount=3, LaunchCount=1, MinIterationCount=50, WarmupCount=3)

OverheadJitting  1: 1 op, 151171.00 ns, 151.1710 us/op
WorkloadJitting  1: 1 op, 15398990.00 ns, 15.3990 ms/op

OverheadJitting  2: 16 op, 329507.00 ns, 20.5942 us/op
WorkloadJitting  2: 16 op, 13409601.00 ns, 838.1001 us/op

WorkloadPilot    1: 16 op, 11935504.00 ns, 745.9690 us/op
WorkloadPilot    2: 32 op, 22090026.00 ns, 690.3133 us/op
WorkloadPilot    3: 64 op, 44806556.00 ns, 700.1024 us/op
WorkloadPilot    4: 128 op, 85569760.00 ns, 668.5138 us/op
WorkloadPilot    5: 256 op, 174892644.00 ns, 683.1744 us/op
WorkloadPilot    6: 512 op, 135419766.00 ns, 264.4917 us/op
WorkloadPilot    7: 1024 op, 247548082.00 ns, 241.7462 us/op
WorkloadPilot    8: 2048 op, 491459349.00 ns, 239.9704 us/op
WorkloadPilot    9: 4096 op, 989025332.00 ns, 241.4613 us/op

OverheadWarmup   1: 4096 op, 16154.00 ns, 3.9438 ns/op
OverheadWarmup   2: 4096 op, 15895.00 ns, 3.8806 ns/op
OverheadWarmup   3: 4096 op, 16288.00 ns, 3.9766 ns/op
OverheadWarmup   4: 4096 op, 15998.00 ns, 3.9058 ns/op
OverheadWarmup   5: 4096 op, 16267.00 ns, 3.9714 ns/op
OverheadWarmup   6: 4096 op, 16145.00 ns, 3.9417 ns/op

OverheadActual   1: 4096 op, 15847.00 ns, 3.8689 ns/op
OverheadActual   2: 4096 op, 15582.00 ns, 3.8042 ns/op
OverheadActual   3: 4096 op, 14901.00 ns, 3.6379 ns/op
OverheadActual   4: 4096 op, 32016.00 ns, 7.8164 ns/op
OverheadActual   5: 4096 op, 15168.00 ns, 3.7031 ns/op
OverheadActual   6: 4096 op, 31732.00 ns, 7.7471 ns/op
OverheadActual   7: 4096 op, 16579.00 ns, 4.0476 ns/op
OverheadActual   8: 4096 op, 16691.00 ns, 4.0750 ns/op
OverheadActual   9: 4096 op, 16087.00 ns, 3.9275 ns/op
OverheadActual  10: 4096 op, 16261.00 ns, 3.9700 ns/op
OverheadActual  11: 4096 op, 17031.00 ns, 4.1580 ns/op
OverheadActual  12: 4096 op, 15744.00 ns, 3.8438 ns/op
OverheadActual  13: 4096 op, 16366.00 ns, 3.9956 ns/op
OverheadActual  14: 4096 op, 16311.00 ns, 3.9822 ns/op
OverheadActual  15: 4096 op, 16322.00 ns, 3.9849 ns/op
OverheadActual  16: 4096 op, 16179.00 ns, 3.9500 ns/op
OverheadActual  17: 4096 op, 16172.00 ns, 3.9482 ns/op
OverheadActual  18: 4096 op, 16346.00 ns, 3.9907 ns/op
OverheadActual  19: 4096 op, 29093.00 ns, 7.1028 ns/op
OverheadActual  20: 4096 op, 16478.00 ns, 4.0229 ns/op

WorkloadWarmup   1: 4096 op, 983916046.00 ns, 240.2139 us/op
WorkloadWarmup   2: 4096 op, 984822975.00 ns, 240.4353 us/op
WorkloadWarmup   3: 4096 op, 979413687.00 ns, 239.1147 us/op

// BeforeActualRun
WorkloadActual   1: 4096 op, 986065680.00 ns, 240.7387 us/op
WorkloadActual   2: 4096 op, 986681519.00 ns, 240.8890 us/op
WorkloadActual   3: 4096 op, 988911089.00 ns, 241.4334 us/op

// AfterActualRun
WorkloadResult   1: 4096 op, 986049363.50 ns, 240.7347 us/op
WorkloadResult   2: 4096 op, 986665202.50 ns, 240.8851 us/op
WorkloadResult   3: 4096 op, 988894772.50 ns, 241.4294 us/op
// GC:  212 61 0 1776353280 4096
// Threading:  0 0 4096

// AfterAll
// Benchmark Process 1299 has exited with code 0.

Mean = 241.016 us, StdErr = 0.211 us (0.09%), N = 3, StdDev = 0.365 us
Min = 240.735 us, Q1 = 240.810 us, Median = 240.885 us, Q3 = 241.157 us, Max = 241.429 us
IQR = 0.347 us, LowerFence = 240.289 us, UpperFence = 241.678 us
ConfidenceInterval = [234.349 us; 247.684 us] (CI 99.9%), Margin = 6.668 us (2.77% of Mean)
Skewness = 0.31, Kurtosis = 0.67, MValue = 2

// ** Remained 8 (9.0 %) benchmark(s) to run. Estimated finish 2026-10-07 19:43 (0h 0m from now) **
// **************************
// Benchmark: PlutusUseCasesBenchmarks.DecodeAndEval: ShortRun(IterationCount=3, LaunchCount=1, MinIterationCount=50, WarmupCount=3) [Script=token-account-2]
// *** Execute ***
// Launch: 1 / 1
// Execute: dotnet PlutusBench-ShortRun-1.dll --anonymousPipes 113 114 --benchmarkName "PlutusUseCasesBenchmarks.DecodeAndEval(Script: \"token-account-2\")" --job ShortRun --benchmarkId 81 in /bench/chrysalis/benchmarks/PlutusBench/bin/Release/net10.0/PlutusBench-ShortRun-1/bin/Release/net10.0
// BeforeAnythingElse

// Benchmark Process Environment Information:
// BenchmarkDotNet v0.15.8
// Runtime=.NET 10.0.12 (10.0.12, 10.0.1226.42308), X64 RyuJIT x86-64-v4
// GC=Concurrent Workstation
// HardwareIntrinsics=AVX512 BITALG+VBMI2+VNNI+VPOPCNTDQ,AVX512 IFMA+VBMI,AVX512 F+BW+CD+DQ+VL,AVX2+BMI1+BMI2+F16C+FMA+LZCNT+MOVBE,AVX,SSE3+SSSE3+SSE4.1+SSE4.2+POPCNT,X86Base+SSE+SSE2,AES+PCLMUL VectorSize=256
// Job: ShortRun(IterationCount=3, LaunchCount=1, MinIterationCount=50, WarmupCount=3)

OverheadJitting  1: 1 op, 150636.00 ns, 150.6360 us/op
WorkloadJitting  1: 1 op, 32140599.00 ns, 32.1406 ms/op

OverheadJitting  2: 16 op, 459001.00 ns, 28.6876 us/op
WorkloadJitting  2: 16 op, 27823665.00 ns, 1.7390 ms/op

WorkloadPilot    1: 16 op, 25368357.00 ns, 1.5855 ms/op
WorkloadPilot    2: 32 op, 50793783.00 ns, 1.5873 ms/op
WorkloadPilot    3: 64 op, 99768710.00 ns, 1.5589 ms/op
WorkloadPilot    4: 128 op, 73384891.00 ns, 573.3195 us/op
WorkloadPilot    5: 256 op, 127612154.00 ns, 498.4850 us/op
WorkloadPilot    6: 512 op, 235310757.00 ns, 459.5913 us/op
WorkloadPilot    7: 1024 op, 428623076.00 ns, 418.5772 us/op
WorkloadPilot    8: 2048 op, 723828381.00 ns, 353.4318 us/op

OverheadWarmup   1: 2048 op, 8510.00 ns, 4.1553 ns/op
OverheadWarmup   2: 2048 op, 40114.00 ns, 19.5869 ns/op
OverheadWarmup   3: 2048 op, 7737.00 ns, 3.7778 ns/op
OverheadWarmup   4: 2048 op, 8153.00 ns, 3.9810 ns/op
OverheadWarmup   5: 2048 op, 8028.00 ns, 3.9199 ns/op

OverheadActual   1: 2048 op, 7870.00 ns, 3.8428 ns/op
OverheadActual   2: 2048 op, 7799.00 ns, 3.8081 ns/op
OverheadActual   3: 2048 op, 7702.00 ns, 3.7607 ns/op
OverheadActual   4: 2048 op, 8055.00 ns, 3.9331 ns/op
OverheadActual   5: 2048 op, 7834.00 ns, 3.8252 ns/op
OverheadActual   6: 2048 op, 8008.00 ns, 3.9102 ns/op
OverheadActual   7: 2048 op, 7985.00 ns, 3.8989 ns/op
OverheadActual   8: 2048 op, 7970.00 ns, 3.8916 ns/op
OverheadActual   9: 2048 op, 7992.00 ns, 3.9023 ns/op
OverheadActual  10: 2048 op, 8118.00 ns, 3.9639 ns/op
OverheadActual  11: 2048 op, 8056.00 ns, 3.9336 ns/op
OverheadActual  12: 2048 op, 7973.00 ns, 3.8931 ns/op
OverheadActual  13: 2048 op, 8123.00 ns, 3.9663 ns/op
OverheadActual  14: 2048 op, 8022.00 ns, 3.9170 ns/op
OverheadActual  15: 2048 op, 8028.00 ns, 3.9199 ns/op
OverheadActual  16: 2048 op, 8212.00 ns, 4.0098 ns/op
OverheadActual  17: 2048 op, 8010.00 ns, 3.9111 ns/op
OverheadActual  18: 2048 op, 8323.00 ns, 4.0640 ns/op
OverheadActual  19: 2048 op, 8256.00 ns, 4.0313 ns/op
OverheadActual  20: 2048 op, 8215.00 ns, 4.0112 ns/op

WorkloadWarmup   1: 2048 op, 729367456.00 ns, 356.1365 us/op
WorkloadWarmup   2: 2048 op, 726839929.00 ns, 354.9023 us/op
WorkloadWarmup   3: 2048 op, 721200539.00 ns, 352.1487 us/op

// BeforeActualRun
WorkloadActual   1: 2048 op, 725379745.00 ns, 354.1893 us/op
WorkloadActual   2: 2048 op, 727657044.00 ns, 355.3013 us/op
WorkloadActual   3: 2048 op, 724973323.00 ns, 353.9909 us/op

// AfterActualRun
WorkloadResult   1: 2048 op, 725371729.00 ns, 354.1854 us/op
WorkloadResult   2: 2048 op, 727649028.00 ns, 355.2974 us/op
WorkloadResult   3: 2048 op, 724965307.00 ns, 353.9870 us/op
// GC:  153 51 0 1285505024 2048
// Threading:  0 0 2048

// AfterAll
// Benchmark Process 1309 has exited with code 0.

Mean = 354.490 us, StdErr = 0.408 us (0.12%), N = 3, StdDev = 0.706 us
Min = 353.987 us, Q1 = 354.086 us, Median = 354.185 us, Q3 = 354.741 us, Max = 355.297 us
IQR = 0.655 us, LowerFence = 353.103 us, UpperFence = 355.724 us
ConfidenceInterval = [341.605 us; 367.375 us] (CI 99.9%), Margin = 12.885 us (3.63% of Mean)
Skewness = 0.35, Kurtosis = 0.67, MValue = 2

// ** Remained 7 (7.9 %) benchmark(s) to run. Estimated finish 2026-10-07 19:43 (0h 0m from now) **
// **************************
// Benchmark: PlutusUseCasesBenchmarks.DecodeAndEval: ShortRun(IterationCount=3, LaunchCount=1, MinIterationCount=50, WarmupCount=3) [Script=uniswap-1]
// *** Execute ***
// Launch: 1 / 1
// Execute: dotnet PlutusBench-ShortRun-1.dll --anonymousPipes 113 114 --benchmarkName "PlutusUseCasesBenchmarks.DecodeAndEval(Script: \"uniswap-1\")" --job ShortRun --benchmarkId 82 in /bench/chrysalis/benchmarks/PlutusBench/bin/Release/net10.0/PlutusBench-ShortRun-1/bin/Release/net10.0
// BeforeAnythingElse

// Benchmark Process Environment Information:
// BenchmarkDotNet v0.15.8
// Runtime=.NET 10.0.12 (10.0.12, 10.0.1226.42308), X64 RyuJIT x86-64-v4
// GC=Concurrent Workstation
// HardwareIntrinsics=AVX512 BITALG+VBMI2+VNNI+VPOPCNTDQ,AVX512 IFMA+VBMI,AVX512 F+BW+CD+DQ+VL,AVX2+BMI1+BMI2+F16C+FMA+LZCNT+MOVBE,AVX,SSE3+SSSE3+SSE4.1+SSE4.2+POPCNT,X86Base+SSE+SSE2,AES+PCLMUL VectorSize=256
// Job: ShortRun(IterationCount=3, LaunchCount=1, MinIterationCount=50, WarmupCount=3)

OverheadJitting  1: 1 op, 152406.00 ns, 152.4060 us/op
WorkloadJitting  1: 1 op, 16113889.00 ns, 16.1139 ms/op

OverheadJitting  2: 16 op, 330041.00 ns, 20.6276 us/op
WorkloadJitting  2: 16 op, 24477349.00 ns, 1.5298 ms/op

WorkloadPilot    1: 16 op, 22304674.00 ns, 1.3940 ms/op
WorkloadPilot    2: 32 op, 45105020.00 ns, 1.4095 ms/op
WorkloadPilot    3: 64 op, 85852011.00 ns, 1.3414 ms/op
WorkloadPilot    4: 128 op, 99328516.00 ns, 776.0040 us/op
WorkloadPilot    5: 256 op, 123430596.00 ns, 482.1508 us/op
WorkloadPilot    6: 512 op, 232174089.00 ns, 453.4650 us/op
WorkloadPilot    7: 1024 op, 456184638.00 ns, 445.4928 us/op
WorkloadPilot    8: 2048 op, 910757517.00 ns, 444.7058 us/op

OverheadWarmup   1: 2048 op, 8846.00 ns, 4.3193 ns/op
OverheadWarmup   2: 2048 op, 7610.00 ns, 3.7158 ns/op
OverheadWarmup   3: 2048 op, 7805.00 ns, 3.8110 ns/op
OverheadWarmup   4: 2048 op, 7823.00 ns, 3.8198 ns/op
OverheadWarmup   5: 2048 op, 7488.00 ns, 3.6563 ns/op
OverheadWarmup   6: 2048 op, 7425.00 ns, 3.6255 ns/op
OverheadWarmup   7: 2048 op, 7425.00 ns, 3.6255 ns/op
OverheadWarmup   8: 2048 op, 7520.00 ns, 3.6719 ns/op

OverheadActual   1: 2048 op, 7797.00 ns, 3.8071 ns/op
OverheadActual   2: 2048 op, 7652.00 ns, 3.7363 ns/op
OverheadActual   3: 2048 op, 7713.00 ns, 3.7661 ns/op
OverheadActual   4: 2048 op, 7912.00 ns, 3.8633 ns/op
OverheadActual   5: 2048 op, 7699.00 ns, 3.7593 ns/op
OverheadActual   6: 2048 op, 7945.00 ns, 3.8794 ns/op
OverheadActual   7: 2048 op, 25486.00 ns, 12.4443 ns/op
OverheadActual   8: 2048 op, 7982.00 ns, 3.8975 ns/op
OverheadActual   9: 2048 op, 7986.00 ns, 3.8994 ns/op
OverheadActual  10: 2048 op, 8094.00 ns, 3.9521 ns/op
OverheadActual  11: 2048 op, 8061.00 ns, 3.9360 ns/op
OverheadActual  12: 2048 op, 7956.00 ns, 3.8848 ns/op
OverheadActual  13: 2048 op, 7827.00 ns, 3.8218 ns/op
OverheadActual  14: 2048 op, 23707.00 ns, 11.5757 ns/op
OverheadActual  15: 2048 op, 7969.00 ns, 3.8911 ns/op
OverheadActual  16: 2048 op, 8101.00 ns, 3.9556 ns/op
OverheadActual  17: 2048 op, 8016.00 ns, 3.9141 ns/op
OverheadActual  18: 2048 op, 8211.00 ns, 4.0093 ns/op
OverheadActual  19: 2048 op, 8086.00 ns, 3.9482 ns/op
OverheadActual  20: 2048 op, 8023.00 ns, 3.9175 ns/op

WorkloadWarmup   1: 2048 op, 914585329.00 ns, 446.5749 us/op
WorkloadWarmup   2: 2048 op, 911466907.00 ns, 445.0522 us/op
WorkloadWarmup   3: 2048 op, 912652688.00 ns, 445.6312 us/op

// BeforeActualRun
WorkloadActual   1: 2048 op, 912800761.00 ns, 445.7035 us/op
WorkloadActual   2: 2048 op, 917613670.00 ns, 448.0535 us/op
WorkloadActual   3: 2048 op, 913165658.00 ns, 445.8817 us/op

// AfterActualRun
WorkloadResult   1: 2048 op, 912792777.00 ns, 445.6996 us/op
WorkloadResult   2: 2048 op, 917605686.00 ns, 448.0497 us/op
WorkloadResult   3: 2048 op, 913157674.00 ns, 445.8778 us/op
// GC:  179 58 0 1500889088 2048
// Threading:  0 0 2048

// AfterAll
// Benchmark Process 1316 has exited with code 0.

Mean = 446.542 us, StdErr = 0.755 us (0.17%), N = 3, StdDev = 1.308 us
Min = 445.700 us, Q1 = 445.789 us, Median = 445.878 us, Q3 = 446.964 us, Max = 448.050 us
IQR = 1.175 us, LowerFence = 444.026 us, UpperFence = 448.726 us
ConfidenceInterval = [422.672 us; 470.413 us] (CI 99.9%), Margin = 23.870 us (5.35% of Mean)
Skewness = 0.38, Kurtosis = 0.67, MValue = 2

// ** Remained 6 (6.7 %) benchmark(s) to run. Estimated finish 2026-10-07 19:43 (0h 0m from now) **
// **************************
// Benchmark: PlutusUseCasesBenchmarks.DecodeAndEval: ShortRun(IterationCount=3, LaunchCount=1, MinIterationCount=50, WarmupCount=3) [Script=uniswap-2]
// *** Execute ***
// Launch: 1 / 1
// Execute: dotnet PlutusBench-ShortRun-1.dll --anonymousPipes 113 114 --benchmarkName "PlutusUseCasesBenchmarks.DecodeAndEval(Script: \"uniswap-2\")" --job ShortRun --benchmarkId 83 in /bench/chrysalis/benchmarks/PlutusBench/bin/Release/net10.0/PlutusBench-ShortRun-1/bin/Release/net10.0
// BeforeAnythingElse

// Benchmark Process Environment Information:
// BenchmarkDotNet v0.15.8
// Runtime=.NET 10.0.12 (10.0.12, 10.0.1226.42308), X64 RyuJIT x86-64-v4
// GC=Concurrent Workstation
// HardwareIntrinsics=AVX512 BITALG+VBMI2+VNNI+VPOPCNTDQ,AVX512 IFMA+VBMI,AVX512 F+BW+CD+DQ+VL,AVX2+BMI1+BMI2+F16C+FMA+LZCNT+MOVBE,AVX,SSE3+SSSE3+SSE4.1+SSE4.2+POPCNT,X86Base+SSE+SSE2,AES+PCLMUL VectorSize=256
// Job: ShortRun(IterationCount=3, LaunchCount=1, MinIterationCount=50, WarmupCount=3)

OverheadJitting  1: 1 op, 154215.00 ns, 154.2150 us/op
WorkloadJitting  1: 1 op, 16209245.00 ns, 16.2092 ms/op

OverheadJitting  2: 16 op, 365417.00 ns, 22.8386 us/op
WorkloadJitting  2: 16 op, 14897521.00 ns, 931.0951 us/op

WorkloadPilot    1: 16 op, 12771999.00 ns, 798.2499 us/op
WorkloadPilot    2: 32 op, 24204125.00 ns, 756.3789 us/op
WorkloadPilot    3: 64 op, 49121263.00 ns, 767.5197 us/op
WorkloadPilot    4: 128 op, 92264294.00 ns, 720.8148 us/op
WorkloadPilot    5: 256 op, 170790327.00 ns, 667.1497 us/op
WorkloadPilot    6: 512 op, 137146317.00 ns, 267.8639 us/op
WorkloadPilot    7: 1024 op, 269974387.00 ns, 263.6469 us/op
WorkloadPilot    8: 2048 op, 537941153.00 ns, 262.6666 us/op

OverheadWarmup   1: 2048 op, 8370.00 ns, 4.0869 ns/op
OverheadWarmup   2: 2048 op, 8166.00 ns, 3.9873 ns/op
OverheadWarmup   3: 2048 op, 23860.00 ns, 11.6504 ns/op
OverheadWarmup   4: 2048 op, 7865.00 ns, 3.8403 ns/op
OverheadWarmup   5: 2048 op, 8405.00 ns, 4.1040 ns/op
OverheadWarmup   6: 2048 op, 7777.00 ns, 3.7974 ns/op

OverheadActual   1: 2048 op, 7784.00 ns, 3.8008 ns/op
OverheadActual   2: 2048 op, 7697.00 ns, 3.7583 ns/op
OverheadActual   3: 2048 op, 7611.00 ns, 3.7163 ns/op
OverheadActual   4: 2048 op, 7977.00 ns, 3.8950 ns/op
OverheadActual   5: 2048 op, 14129.00 ns, 6.8989 ns/op
OverheadActual   6: 2048 op, 7646.00 ns, 3.7334 ns/op
OverheadActual   7: 2048 op, 7914.00 ns, 3.8643 ns/op
OverheadActual   8: 2048 op, 7573.00 ns, 3.6978 ns/op
OverheadActual   9: 2048 op, 7956.00 ns, 3.8848 ns/op
OverheadActual  10: 2048 op, 8032.00 ns, 3.9219 ns/op
OverheadActual  11: 2048 op, 7953.00 ns, 3.8833 ns/op
OverheadActual  12: 2048 op, 7911.00 ns, 3.8628 ns/op
OverheadActual  13: 2048 op, 7874.00 ns, 3.8447 ns/op
OverheadActual  14: 2048 op, 8111.00 ns, 3.9604 ns/op
OverheadActual  15: 2048 op, 7917.00 ns, 3.8657 ns/op
OverheadActual  16: 2048 op, 7895.00 ns, 3.8550 ns/op
OverheadActual  17: 2048 op, 7928.00 ns, 3.8711 ns/op
OverheadActual  18: 2048 op, 8012.00 ns, 3.9121 ns/op
OverheadActual  19: 2048 op, 8093.00 ns, 3.9517 ns/op
OverheadActual  20: 2048 op, 8121.00 ns, 3.9653 ns/op

WorkloadWarmup   1: 2048 op, 544147075.00 ns, 265.6968 us/op
WorkloadWarmup   2: 2048 op, 541716463.00 ns, 264.5100 us/op
WorkloadWarmup   3: 2048 op, 539880623.00 ns, 263.6136 us/op

// BeforeActualRun
WorkloadActual   1: 2048 op, 540633199.00 ns, 263.9811 us/op
WorkloadActual   2: 2048 op, 542344297.00 ns, 264.8166 us/op
WorkloadActual   3: 2048 op, 543305369.00 ns, 265.2858 us/op

// AfterActualRun
WorkloadResult   1: 2048 op, 540625276.50 ns, 263.9772 us/op
WorkloadResult   2: 2048 op, 542336374.50 ns, 264.8127 us/op
WorkloadResult   3: 2048 op, 543297446.50 ns, 265.2820 us/op
// GC:  117 36 0 984268800 2048
// Threading:  0 0 2048

// AfterAll
// Benchmark Process 1326 has exited with code 0.

Mean = 264.691 us, StdErr = 0.382 us (0.14%), N = 3, StdDev = 0.661 us
Min = 263.977 us, Q1 = 264.395 us, Median = 264.813 us, Q3 = 265.047 us, Max = 265.282 us
IQR = 0.652 us, LowerFence = 263.416 us, UpperFence = 266.026 us
ConfidenceInterval = [252.633 us; 276.748 us] (CI 99.9%), Margin = 12.057 us (4.56% of Mean)
Skewness = -0.18, Kurtosis = 0.67, MValue = 2

// ** Remained 5 (5.6 %) benchmark(s) to run. Estimated finish 2026-10-07 19:43 (0h 0m from now) **
// **************************
// Benchmark: PlutusUseCasesBenchmarks.DecodeAndEval: ShortRun(IterationCount=3, LaunchCount=1, MinIterationCount=50, WarmupCount=3) [Script=uniswap-3]
// *** Execute ***
// Launch: 1 / 1
// Execute: dotnet PlutusBench-ShortRun-1.dll --anonymousPipes 113 114 --benchmarkName "PlutusUseCasesBenchmarks.DecodeAndEval(Script: \"uniswap-3\")" --job ShortRun --benchmarkId 84 in /bench/chrysalis/benchmarks/PlutusBench/bin/Release/net10.0/PlutusBench-ShortRun-1/bin/Release/net10.0
// BeforeAnythingElse

// Benchmark Process Environment Information:
// BenchmarkDotNet v0.15.8
// Runtime=.NET 10.0.12 (10.0.12, 10.0.1226.42308), X64 RyuJIT x86-64-v4
// GC=Concurrent Workstation
// HardwareIntrinsics=AVX512 BITALG+VBMI2+VNNI+VPOPCNTDQ,AVX512 IFMA+VBMI,AVX512 F+BW+CD+DQ+VL,AVX2+BMI1+BMI2+F16C+FMA+LZCNT+MOVBE,AVX,SSE3+SSSE3+SSE4.1+SSE4.2+POPCNT,X86Base+SSE+SSE2,AES+PCLMUL VectorSize=256
// Job: ShortRun(IterationCount=3, LaunchCount=1, MinIterationCount=50, WarmupCount=3)

OverheadJitting  1: 1 op, 148764.00 ns, 148.7640 us/op
WorkloadJitting  1: 1 op, 25931424.00 ns, 25.9314 ms/op

OverheadJitting  2: 16 op, 354585.00 ns, 22.1616 us/op
WorkloadJitting  2: 16 op, 86401733.00 ns, 5.4001 ms/op

WorkloadPilot    1: 16 op, 83615952.00 ns, 5.2260 ms/op
WorkloadPilot    2: 32 op, 161086828.00 ns, 5.0340 ms/op
WorkloadPilot    3: 64 op, 177169446.00 ns, 2.7683 ms/op
WorkloadPilot    4: 128 op, 246766373.00 ns, 1.9279 ms/op
WorkloadPilot    5: 256 op, 438050046.00 ns, 1.7111 ms/op
WorkloadPilot    6: 512 op, 869065452.00 ns, 1.6974 ms/op

OverheadWarmup   1: 512 op, 2751.00 ns, 5.3730 ns/op
OverheadWarmup   2: 512 op, 2127.00 ns, 4.1543 ns/op
OverheadWarmup   3: 512 op, 2097.00 ns, 4.0957 ns/op
OverheadWarmup   4: 512 op, 14986.00 ns, 29.2695 ns/op
OverheadWarmup   5: 512 op, 2178.00 ns, 4.2539 ns/op
OverheadWarmup   6: 512 op, 2258.00 ns, 4.4102 ns/op
OverheadWarmup   7: 512 op, 2180.00 ns, 4.2578 ns/op

OverheadActual   1: 512 op, 2351.00 ns, 4.5918 ns/op
OverheadActual   2: 512 op, 2282.00 ns, 4.4570 ns/op
OverheadActual   3: 512 op, 2271.00 ns, 4.4355 ns/op
OverheadActual   4: 512 op, 2342.00 ns, 4.5742 ns/op
OverheadActual   5: 512 op, 2257.00 ns, 4.4082 ns/op
OverheadActual   6: 512 op, 2271.00 ns, 4.4355 ns/op
OverheadActual   7: 512 op, 2268.00 ns, 4.4297 ns/op
OverheadActual   8: 512 op, 2255.00 ns, 4.4043 ns/op
OverheadActual   9: 512 op, 2314.00 ns, 4.5195 ns/op
OverheadActual  10: 512 op, 2274.00 ns, 4.4414 ns/op
OverheadActual  11: 512 op, 2133.00 ns, 4.1660 ns/op
OverheadActual  12: 512 op, 2212.00 ns, 4.3203 ns/op
OverheadActual  13: 512 op, 2245.00 ns, 4.3848 ns/op
OverheadActual  14: 512 op, 2248.00 ns, 4.3906 ns/op
OverheadActual  15: 512 op, 2208.00 ns, 4.3125 ns/op
OverheadActual  16: 512 op, 2197.00 ns, 4.2910 ns/op
OverheadActual  17: 512 op, 2269.00 ns, 4.4316 ns/op
OverheadActual  18: 512 op, 2345.00 ns, 4.5801 ns/op
OverheadActual  19: 512 op, 2215.00 ns, 4.3262 ns/op
OverheadActual  20: 512 op, 2291.00 ns, 4.4746 ns/op

WorkloadWarmup   1: 512 op, 873444925.00 ns, 1.7059 ms/op
WorkloadWarmup   2: 512 op, 875525453.00 ns, 1.7100 ms/op
WorkloadWarmup   3: 512 op, 868333881.00 ns, 1.6960 ms/op

// BeforeActualRun
WorkloadActual   1: 512 op, 872661205.00 ns, 1.7044 ms/op
WorkloadActual   2: 512 op, 870689365.00 ns, 1.7006 ms/op
WorkloadActual   3: 512 op, 871403319.00 ns, 1.7020 ms/op

// AfterActualRun
WorkloadResult   1: 512 op, 872658936.50 ns, 1.7044 ms/op
WorkloadResult   2: 512 op, 870687096.50 ns, 1.7006 ms/op
WorkloadResult   3: 512 op, 871401050.50 ns, 1.7020 ms/op
// GC:  145 71 0 1220280320 512
// Threading:  0 0 512

// AfterAll
// Benchmark Process 1337 has exited with code 0.

Mean = 1.702 ms, StdErr = 0.001 ms (0.07%), N = 3, StdDev = 0.002 ms
Min = 1.701 ms, Q1 = 1.701 ms, Median = 1.702 ms, Q3 = 1.703 ms, Max = 1.704 ms
IQR = 0.002 ms, LowerFence = 1.698 ms, UpperFence = 1.706 ms
ConfidenceInterval = [1.667 ms; 1.738 ms] (CI 99.9%), Margin = 0.036 ms (2.09% of Mean)
Skewness = 0.18, Kurtosis = 0.67, MValue = 2

// ** Remained 4 (4.5 %) benchmark(s) to run. Estimated finish 2026-10-07 19:43 (0h 0m from now) **
// **************************
// Benchmark: PlutusUseCasesBenchmarks.DecodeAndEval: ShortRun(IterationCount=3, LaunchCount=1, MinIterationCount=50, WarmupCount=3) [Script=uniswap-4]
// *** Execute ***
// Launch: 1 / 1
// Execute: dotnet PlutusBench-ShortRun-1.dll --anonymousPipes 113 114 --benchmarkName "PlutusUseCasesBenchmarks.DecodeAndEval(Script: \"uniswap-4\")" --job ShortRun --benchmarkId 85 in /bench/chrysalis/benchmarks/PlutusBench/bin/Release/net10.0/PlutusBench-ShortRun-1/bin/Release/net10.0
// BeforeAnythingElse

// Benchmark Process Environment Information:
// BenchmarkDotNet v0.15.8
// Runtime=.NET 10.0.12 (10.0.12, 10.0.1226.42308), X64 RyuJIT x86-64-v4
// GC=Concurrent Workstation
// HardwareIntrinsics=AVX512 BITALG+VBMI2+VNNI+VPOPCNTDQ,AVX512 IFMA+VBMI,AVX512 F+BW+CD+DQ+VL,AVX2+BMI1+BMI2+F16C+FMA+LZCNT+MOVBE,AVX,SSE3+SSSE3+SSE4.1+SSE4.2+POPCNT,X86Base+SSE+SSE2,AES+PCLMUL VectorSize=256
// Job: ShortRun(IterationCount=3, LaunchCount=1, MinIterationCount=50, WarmupCount=3)

OverheadJitting  1: 1 op, 151994.00 ns, 151.9940 us/op
WorkloadJitting  1: 1 op, 15707550.00 ns, 15.7076 ms/op

OverheadJitting  2: 16 op, 370981.00 ns, 23.1863 us/op
WorkloadJitting  2: 16 op, 19332207.00 ns, 1.2083 ms/op

WorkloadPilot    1: 16 op, 17191402.00 ns, 1.0745 ms/op
WorkloadPilot    2: 32 op, 34274662.00 ns, 1.0711 ms/op
WorkloadPilot    3: 64 op, 61887844.00 ns, 966.9976 us/op
WorkloadPilot    4: 128 op, 112257914.00 ns, 877.0150 us/op
WorkloadPilot    5: 256 op, 103374558.00 ns, 403.8069 us/op
WorkloadPilot    6: 512 op, 169920159.00 ns, 331.8753 us/op
WorkloadPilot    7: 1024 op, 329026332.00 ns, 321.3148 us/op
WorkloadPilot    8: 2048 op, 656029550.00 ns, 320.3269 us/op

OverheadWarmup   1: 2048 op, 8393.00 ns, 4.0981 ns/op
OverheadWarmup   2: 2048 op, 7754.00 ns, 3.7861 ns/op
OverheadWarmup   3: 2048 op, 7869.00 ns, 3.8423 ns/op
OverheadWarmup   4: 2048 op, 8078.00 ns, 3.9443 ns/op
OverheadWarmup   5: 2048 op, 7556.00 ns, 3.6895 ns/op
OverheadWarmup   6: 2048 op, 23322.00 ns, 11.3877 ns/op
OverheadWarmup   7: 2048 op, 7892.00 ns, 3.8535 ns/op

OverheadActual   1: 2048 op, 7715.00 ns, 3.7671 ns/op
OverheadActual   2: 2048 op, 7515.00 ns, 3.6694 ns/op
OverheadActual   3: 2048 op, 7670.00 ns, 3.7451 ns/op
OverheadActual   4: 2048 op, 8162.00 ns, 3.9854 ns/op
OverheadActual   5: 2048 op, 7516.00 ns, 3.6699 ns/op
OverheadActual   6: 2048 op, 7599.00 ns, 3.7104 ns/op
OverheadActual   7: 2048 op, 7532.00 ns, 3.6777 ns/op
OverheadActual   8: 2048 op, 7885.00 ns, 3.8501 ns/op
OverheadActual   9: 2048 op, 7869.00 ns, 3.8423 ns/op
OverheadActual  10: 2048 op, 8008.00 ns, 3.9102 ns/op
OverheadActual  11: 2048 op, 7933.00 ns, 3.8735 ns/op
OverheadActual  12: 2048 op, 7987.00 ns, 3.8999 ns/op
OverheadActual  13: 2048 op, 7964.00 ns, 3.8887 ns/op
OverheadActual  14: 2048 op, 7966.00 ns, 3.8896 ns/op
OverheadActual  15: 2048 op, 7958.00 ns, 3.8857 ns/op
OverheadActual  16: 2048 op, 38515.00 ns, 18.8062 ns/op
OverheadActual  17: 2048 op, 7965.00 ns, 3.8892 ns/op
OverheadActual  18: 2048 op, 7977.00 ns, 3.8950 ns/op
OverheadActual  19: 2048 op, 7971.00 ns, 3.8921 ns/op
OverheadActual  20: 2048 op, 7958.00 ns, 3.8857 ns/op

WorkloadWarmup   1: 2048 op, 662261997.00 ns, 323.3701 us/op
WorkloadWarmup   2: 2048 op, 662306442.00 ns, 323.3918 us/op
WorkloadWarmup   3: 2048 op, 659930988.00 ns, 322.2319 us/op

// BeforeActualRun
WorkloadActual   1: 2048 op, 658478948.00 ns, 321.5229 us/op
WorkloadActual   2: 2048 op, 663993668.00 ns, 324.2157 us/op
WorkloadActual   3: 2048 op, 794326799.00 ns, 387.8549 us/op

// AfterActualRun
WorkloadResult   1: 2048 op, 658470990.00 ns, 321.5190 us/op
WorkloadResult   2: 2048 op, 663985710.00 ns, 324.2118 us/op
WorkloadResult   3: 2048 op, 794318841.00 ns, 387.8510 us/op
// GC:  148 47 0 1239597056 2048
// Threading:  0 0 2048

// AfterAll
// Benchmark Process 1344 has exited with code 0.

Mean = 344.527 us, StdErr = 21.676 us (6.29%), N = 3, StdDev = 37.544 us
Min = 321.519 us, Q1 = 322.865 us, Median = 324.212 us, Q3 = 356.031 us, Max = 387.851 us
IQR = 33.166 us, LowerFence = 273.116 us, UpperFence = 405.780 us
ConfidenceInterval = [-340.408 us; 1,029.462 us] (CI 99.9%), Margin = 684.935 us (198.80% of Mean)
Skewness = 0.38, Kurtosis = 0.67, MValue = 2

// ** Remained 3 (3.4 %) benchmark(s) to run. Estimated finish 2026-10-07 19:43 (0h 0m from now) **
// **************************
// Benchmark: PlutusUseCasesBenchmarks.DecodeAndEval: ShortRun(IterationCount=3, LaunchCount=1, MinIterationCount=50, WarmupCount=3) [Script=uniswap-5]
// *** Execute ***
// Launch: 1 / 1
// Execute: dotnet PlutusBench-ShortRun-1.dll --anonymousPipes 113 114 --benchmarkName "PlutusUseCasesBenchmarks.DecodeAndEval(Script: \"uniswap-5\")" --job ShortRun --benchmarkId 86 in /bench/chrysalis/benchmarks/PlutusBench/bin/Release/net10.0/PlutusBench-ShortRun-1/bin/Release/net10.0
// BeforeAnythingElse

// Benchmark Process Environment Information:
// BenchmarkDotNet v0.15.8
// Runtime=.NET 10.0.12 (10.0.12, 10.0.1226.42308), X64 RyuJIT x86-64-v4
// GC=Concurrent Workstation
// HardwareIntrinsics=AVX512 BITALG+VBMI2+VNNI+VPOPCNTDQ,AVX512 IFMA+VBMI,AVX512 F+BW+CD+DQ+VL,AVX2+BMI1+BMI2+F16C+FMA+LZCNT+MOVBE,AVX,SSE3+SSSE3+SSE4.1+SSE4.2+POPCNT,X86Base+SSE+SSE2,AES+PCLMUL VectorSize=256
// Job: ShortRun(IterationCount=3, LaunchCount=1, MinIterationCount=50, WarmupCount=3)

OverheadJitting  1: 1 op, 187483.00 ns, 187.4830 us/op
WorkloadJitting  1: 1 op, 29472773.00 ns, 29.4728 ms/op

OverheadJitting  2: 16 op, 478835.00 ns, 29.9272 us/op
WorkloadJitting  2: 16 op, 84951196.00 ns, 5.3094 ms/op

WorkloadPilot    1: 16 op, 83767073.00 ns, 5.2354 ms/op
WorkloadPilot    2: 32 op, 148270341.00 ns, 4.6334 ms/op
WorkloadPilot    3: 64 op, 157223000.00 ns, 2.4566 ms/op
WorkloadPilot    4: 128 op, 186381560.00 ns, 1.4561 ms/op
WorkloadPilot    5: 256 op, 301331508.00 ns, 1.1771 ms/op
WorkloadPilot    6: 512 op, 596342607.00 ns, 1.1647 ms/op

OverheadWarmup   1: 512 op, 9300.00 ns, 18.1641 ns/op
OverheadWarmup   2: 512 op, 2154.00 ns, 4.2070 ns/op
OverheadWarmup   3: 512 op, 2219.00 ns, 4.3340 ns/op
OverheadWarmup   4: 512 op, 2188.00 ns, 4.2734 ns/op
OverheadWarmup   5: 512 op, 2089.00 ns, 4.0801 ns/op
OverheadWarmup   6: 512 op, 18309.00 ns, 35.7598 ns/op
OverheadWarmup   7: 512 op, 2103.00 ns, 4.1074 ns/op

OverheadActual   1: 512 op, 2339.00 ns, 4.5684 ns/op
OverheadActual   2: 512 op, 2178.00 ns, 4.2539 ns/op
OverheadActual   3: 512 op, 2192.00 ns, 4.2813 ns/op
OverheadActual   4: 512 op, 2236.00 ns, 4.3672 ns/op
OverheadActual   5: 512 op, 2143.00 ns, 4.1855 ns/op
OverheadActual   6: 512 op, 2103.00 ns, 4.1074 ns/op
OverheadActual   7: 512 op, 2184.00 ns, 4.2656 ns/op
OverheadActual   8: 512 op, 2038.00 ns, 3.9805 ns/op
OverheadActual   9: 512 op, 2217.00 ns, 4.3301 ns/op
OverheadActual  10: 512 op, 2142.00 ns, 4.1836 ns/op
OverheadActual  11: 512 op, 2204.00 ns, 4.3047 ns/op
OverheadActual  12: 512 op, 2249.00 ns, 4.3926 ns/op
OverheadActual  13: 512 op, 2271.00 ns, 4.4355 ns/op
OverheadActual  14: 512 op, 2223.00 ns, 4.3418 ns/op
OverheadActual  15: 512 op, 2261.00 ns, 4.4160 ns/op
OverheadActual  16: 512 op, 2236.00 ns, 4.3672 ns/op
OverheadActual  17: 512 op, 2215.00 ns, 4.3262 ns/op
OverheadActual  18: 512 op, 2301.00 ns, 4.4941 ns/op
OverheadActual  19: 512 op, 2264.00 ns, 4.4219 ns/op
OverheadActual  20: 512 op, 2145.00 ns, 4.1895 ns/op

WorkloadWarmup   1: 512 op, 600521737.00 ns, 1.1729 ms/op
WorkloadWarmup   2: 512 op, 602044326.00 ns, 1.1759 ms/op
WorkloadWarmup   3: 512 op, 596080200.00 ns, 1.1642 ms/op

// BeforeActualRun
WorkloadActual   1: 512 op, 595831378.00 ns, 1.1637 ms/op
WorkloadActual   2: 512 op, 598592625.00 ns, 1.1691 ms/op
WorkloadActual   3: 512 op, 599620814.00 ns, 1.1711 ms/op

// AfterActualRun
WorkloadResult   1: 512 op, 595829162.00 ns, 1.1637 ms/op
WorkloadResult   2: 512 op, 598590409.00 ns, 1.1691 ms/op
WorkloadResult   3: 512 op, 599618598.00 ns, 1.1711 ms/op
// GC:  106 46 0 890019840 512
// Threading:  0 0 512

// AfterAll
// Benchmark Process 1352 has exited with code 0.

Mean = 1.168 ms, StdErr = 0.002 ms (0.19%), N = 3, StdDev = 0.004 ms
Min = 1.164 ms, Q1 = 1.166 ms, Median = 1.169 ms, Q3 = 1.170 ms, Max = 1.171 ms
IQR = 0.004 ms, LowerFence = 1.161 ms, UpperFence = 1.176 ms
ConfidenceInterval = [1.098 ms; 1.238 ms] (CI 99.9%), Margin = 0.070 ms (5.98% of Mean)
Skewness = -0.27, Kurtosis = 0.67, MValue = 2

// ** Remained 2 (2.2 %) benchmark(s) to run. Estimated finish 2026-10-07 19:43 (0h 0m from now) **
// **************************
// Benchmark: PlutusUseCasesBenchmarks.DecodeAndEval: ShortRun(IterationCount=3, LaunchCount=1, MinIterationCount=50, WarmupCount=3) [Script=uniswap-6]
// *** Execute ***
// Launch: 1 / 1
// Execute: dotnet PlutusBench-ShortRun-1.dll --anonymousPipes 113 114 --benchmarkName "PlutusUseCasesBenchmarks.DecodeAndEval(Script: \"uniswap-6\")" --job ShortRun --benchmarkId 87 in /bench/chrysalis/benchmarks/PlutusBench/bin/Release/net10.0/PlutusBench-ShortRun-1/bin/Release/net10.0
// BeforeAnythingElse

// Benchmark Process Environment Information:
// BenchmarkDotNet v0.15.8
// Runtime=.NET 10.0.12 (10.0.12, 10.0.1226.42308), X64 RyuJIT x86-64-v4
// GC=Concurrent Workstation
// HardwareIntrinsics=AVX512 BITALG+VBMI2+VNNI+VPOPCNTDQ,AVX512 IFMA+VBMI,AVX512 F+BW+CD+DQ+VL,AVX2+BMI1+BMI2+F16C+FMA+LZCNT+MOVBE,AVX,SSE3+SSSE3+SSE4.1+SSE4.2+POPCNT,X86Base+SSE+SSE2,AES+PCLMUL VectorSize=256
// Job: ShortRun(IterationCount=3, LaunchCount=1, MinIterationCount=50, WarmupCount=3)

OverheadJitting  1: 1 op, 152589.00 ns, 152.5890 us/op
WorkloadJitting  1: 1 op, 16537005.00 ns, 16.5370 ms/op

OverheadJitting  2: 16 op, 343017.00 ns, 21.4386 us/op
WorkloadJitting  2: 16 op, 18295280.00 ns, 1.1435 ms/op

WorkloadPilot    1: 16 op, 16448383.00 ns, 1.0280 ms/op
WorkloadPilot    2: 32 op, 31314701.00 ns, 978.5844 us/op
WorkloadPilot    3: 64 op, 59899413.00 ns, 935.9283 us/op
WorkloadPilot    4: 128 op, 112929632.00 ns, 882.2628 us/op
WorkloadPilot    5: 256 op, 100583572.00 ns, 392.9046 us/op
WorkloadPilot    6: 512 op, 165634834.00 ns, 323.5055 us/op
WorkloadPilot    7: 1024 op, 318831173.00 ns, 311.3586 us/op
WorkloadPilot    8: 2048 op, 639917124.00 ns, 312.4595 us/op

OverheadWarmup   1: 2048 op, 8296.00 ns, 4.0508 ns/op
OverheadWarmup   2: 2048 op, 8188.00 ns, 3.9980 ns/op
OverheadWarmup   3: 2048 op, 8047.00 ns, 3.9292 ns/op
OverheadWarmup   4: 2048 op, 8177.00 ns, 3.9927 ns/op
OverheadWarmup   5: 2048 op, 8098.00 ns, 3.9541 ns/op
OverheadWarmup   6: 2048 op, 8020.00 ns, 3.9160 ns/op
OverheadWarmup   7: 2048 op, 8034.00 ns, 3.9229 ns/op
OverheadWarmup   8: 2048 op, 8022.00 ns, 3.9170 ns/op

OverheadActual   1: 2048 op, 8082.00 ns, 3.9463 ns/op
OverheadActual   2: 2048 op, 7710.00 ns, 3.7646 ns/op
OverheadActual   3: 2048 op, 7709.00 ns, 3.7642 ns/op
OverheadActual   4: 2048 op, 7948.00 ns, 3.8809 ns/op
OverheadActual   5: 2048 op, 7690.00 ns, 3.7549 ns/op
OverheadActual   6: 2048 op, 7951.00 ns, 3.8823 ns/op
OverheadActual   7: 2048 op, 7992.00 ns, 3.9023 ns/op
OverheadActual   8: 2048 op, 7944.00 ns, 3.8789 ns/op
OverheadActual   9: 2048 op, 20730.00 ns, 10.1221 ns/op
OverheadActual  10: 2048 op, 8505.00 ns, 4.1528 ns/op
OverheadActual  11: 2048 op, 23991.00 ns, 11.7144 ns/op
OverheadActual  12: 2048 op, 8104.00 ns, 3.9570 ns/op
OverheadActual  13: 2048 op, 8105.00 ns, 3.9575 ns/op
OverheadActual  14: 2048 op, 7939.00 ns, 3.8765 ns/op
OverheadActual  15: 2048 op, 7891.00 ns, 3.8530 ns/op
OverheadActual  16: 2048 op, 8097.00 ns, 3.9536 ns/op
OverheadActual  17: 2048 op, 8612.00 ns, 4.2051 ns/op
OverheadActual  18: 2048 op, 8017.00 ns, 3.9146 ns/op
OverheadActual  19: 2048 op, 8190.00 ns, 3.9990 ns/op
OverheadActual  20: 2048 op, 8062.00 ns, 3.9365 ns/op

WorkloadWarmup   1: 2048 op, 646774042.00 ns, 315.8076 us/op
WorkloadWarmup   2: 2048 op, 641171680.00 ns, 313.0721 us/op
WorkloadWarmup   3: 2048 op, 637152791.00 ns, 311.1098 us/op

// BeforeActualRun
WorkloadActual   1: 2048 op, 635927284.00 ns, 310.5114 us/op
WorkloadActual   2: 2048 op, 642347620.00 ns, 313.6463 us/op
WorkloadActual   3: 2048 op, 639508270.00 ns, 312.2599 us/op

// AfterActualRun
WorkloadResult   1: 2048 op, 635919244.50 ns, 310.5074 us/op
WorkloadResult   2: 2048 op, 642339580.50 ns, 313.6424 us/op
WorkloadResult   3: 2048 op, 639500230.50 ns, 312.2560 us/op
// GC:  143 45 0 1196900352 2048
// Threading:  0 0 2048

// AfterAll
// Benchmark Process 1359 has exited with code 0.

Mean = 312.135 us, StdErr = 0.907 us (0.29%), N = 3, StdDev = 1.571 us
Min = 310.507 us, Q1 = 311.382 us, Median = 312.256 us, Q3 = 312.949 us, Max = 313.642 us
IQR = 1.567 us, LowerFence = 309.031 us, UpperFence = 315.300 us
ConfidenceInterval = [283.475 us; 340.795 us] (CI 99.9%), Margin = 28.660 us (9.18% of Mean)
Skewness = -0.08, Kurtosis = 0.67, MValue = 2

// ** Remained 1 (1.1 %) benchmark(s) to run. Estimated finish 2026-10-07 19:43 (0h 0m from now) **
// **************************
// Benchmark: PlutusUseCasesBenchmarks.DecodeAndEval: ShortRun(IterationCount=3, LaunchCount=1, MinIterationCount=50, WarmupCount=3) [Script=vesting-1]
// *** Execute ***
// Launch: 1 / 1
// Execute: dotnet PlutusBench-ShortRun-1.dll --anonymousPipes 113 114 --benchmarkName "PlutusUseCasesBenchmarks.DecodeAndEval(Script: \"vesting-1\")" --job ShortRun --benchmarkId 88 in /bench/chrysalis/benchmarks/PlutusBench/bin/Release/net10.0/PlutusBench-ShortRun-1/bin/Release/net10.0
// BeforeAnythingElse

// Benchmark Process Environment Information:
// BenchmarkDotNet v0.15.8
// Runtime=.NET 10.0.12 (10.0.12, 10.0.1226.42308), X64 RyuJIT x86-64-v4
// GC=Concurrent Workstation
// HardwareIntrinsics=AVX512 BITALG+VBMI2+VNNI+VPOPCNTDQ,AVX512 IFMA+VBMI,AVX512 F+BW+CD+DQ+VL,AVX2+BMI1+BMI2+F16C+FMA+LZCNT+MOVBE,AVX,SSE3+SSSE3+SSE4.1+SSE4.2+POPCNT,X86Base+SSE+SSE2,AES+PCLMUL VectorSize=256
// Job: ShortRun(IterationCount=3, LaunchCount=1, MinIterationCount=50, WarmupCount=3)

OverheadJitting  1: 1 op, 151031.00 ns, 151.0310 us/op
WorkloadJitting  1: 1 op, 16297447.00 ns, 16.2974 ms/op

OverheadJitting  2: 16 op, 324041.00 ns, 20.2526 us/op
WorkloadJitting  2: 16 op, 21201046.00 ns, 1.3251 ms/op

WorkloadPilot    1: 16 op, 19735292.00 ns, 1.2335 ms/op
WorkloadPilot    2: 32 op, 38412506.00 ns, 1.2004 ms/op
WorkloadPilot    3: 64 op, 71736046.00 ns, 1.1209 ms/op
WorkloadPilot    4: 128 op, 117199375.00 ns, 915.6201 us/op
WorkloadPilot    5: 256 op, 156083944.00 ns, 609.7029 us/op
WorkloadPilot    6: 512 op, 220049398.00 ns, 429.7840 us/op
WorkloadPilot    7: 1024 op, 418692448.00 ns, 408.8793 us/op
WorkloadPilot    8: 2048 op, 834563398.00 ns, 407.5017 us/op

OverheadWarmup   1: 2048 op, 8452.00 ns, 4.1270 ns/op
OverheadWarmup   2: 2048 op, 7974.00 ns, 3.8936 ns/op
OverheadWarmup   3: 2048 op, 8651.00 ns, 4.2241 ns/op
OverheadWarmup   4: 2048 op, 7600.00 ns, 3.7109 ns/op
OverheadWarmup   5: 2048 op, 7589.00 ns, 3.7056 ns/op
OverheadWarmup   6: 2048 op, 8046.00 ns, 3.9287 ns/op
OverheadWarmup   7: 2048 op, 24903.00 ns, 12.1597 ns/op
OverheadWarmup   8: 2048 op, 7921.00 ns, 3.8677 ns/op

OverheadActual   1: 2048 op, 7798.00 ns, 3.8076 ns/op
OverheadActual   2: 2048 op, 7622.00 ns, 3.7217 ns/op
OverheadActual   3: 2048 op, 7640.00 ns, 3.7305 ns/op
OverheadActual   4: 2048 op, 7985.00 ns, 3.8989 ns/op
OverheadActual   5: 2048 op, 7726.00 ns, 3.7725 ns/op
OverheadActual   6: 2048 op, 7942.00 ns, 3.8779 ns/op
OverheadActual   7: 2048 op, 21505.00 ns, 10.5005 ns/op
OverheadActual   8: 2048 op, 7915.00 ns, 3.8647 ns/op
OverheadActual   9: 2048 op, 7966.00 ns, 3.8896 ns/op
OverheadActual  10: 2048 op, 7672.00 ns, 3.7461 ns/op
OverheadActual  11: 2048 op, 8002.00 ns, 3.9072 ns/op
OverheadActual  12: 2048 op, 7951.00 ns, 3.8823 ns/op
OverheadActual  13: 2048 op, 7892.00 ns, 3.8535 ns/op
OverheadActual  14: 2048 op, 8281.00 ns, 4.0435 ns/op
OverheadActual  15: 2048 op, 28560.00 ns, 13.9453 ns/op
OverheadActual  16: 2048 op, 7900.00 ns, 3.8574 ns/op
OverheadActual  17: 2048 op, 7822.00 ns, 3.8193 ns/op
OverheadActual  18: 2048 op, 8070.00 ns, 3.9404 ns/op
OverheadActual  19: 2048 op, 7944.00 ns, 3.8789 ns/op
OverheadActual  20: 2048 op, 8012.00 ns, 3.9121 ns/op

WorkloadWarmup   1: 2048 op, 840512371.00 ns, 410.4064 us/op
WorkloadWarmup   2: 2048 op, 841035372.00 ns, 410.6618 us/op
WorkloadWarmup   3: 2048 op, 835141182.00 ns, 407.7838 us/op

// BeforeActualRun
WorkloadActual   1: 2048 op, 836331055.00 ns, 408.3648 us/op
WorkloadActual   2: 2048 op, 836394232.00 ns, 408.3956 us/op
WorkloadActual   3: 2048 op, 842719982.00 ns, 411.4844 us/op

// AfterActualRun
WorkloadResult   1: 2048 op, 836323112.00 ns, 408.3609 us/op
WorkloadResult   2: 2048 op, 836386289.00 ns, 408.3917 us/op
WorkloadResult   3: 2048 op, 842712039.00 ns, 411.4805 us/op
// GC:  169 52 0 1417052160 2048
// Threading:  0 0 2048

// AfterAll
// Benchmark Process 1366 has exited with code 0.

Mean = 409.411 us, StdErr = 1.035 us (0.25%), N = 3, StdDev = 1.792 us
Min = 408.361 us, Q1 = 408.376 us, Median = 408.392 us, Q3 = 409.936 us, Max = 411.480 us
IQR = 1.560 us, LowerFence = 406.037 us, UpperFence = 412.276 us
ConfidenceInterval = [376.714 us; 442.109 us] (CI 99.9%), Margin = 32.697 us (7.99% of Mean)
Skewness = 0.38, Kurtosis = 0.67, MValue = 2

// ** Remained 0 (0.0 %) benchmark(s) to run. Estimated finish 2026-10-07 19:43 (0h 0m from now) **
// ***** BenchmarkRunner: Finish  *****

// * Export *
  BenchmarkDotNet.Artifacts/results/PlutusUseCasesBenchmarks-report.csv
  BenchmarkDotNet.Artifacts/results/PlutusUseCasesBenchmarks-report-github.md
  BenchmarkDotNet.Artifacts/results/PlutusUseCasesBenchmarks-report.html
  BenchmarkDotNet.Artifacts/results/PlutusUseCasesBenchmarks-report-full-compressed.json

// * Detailed results *
PlutusUseCasesBenchmarks.DecodeAndEval: ShortRun(IterationCount=3, LaunchCount=1, MinIterationCount=50, WarmupCount=3) [Script=auction_1-1]
Runtime = .NET 10.0.12 (10.0.12, 10.0.1226.42308), X64 RyuJIT x86-64-v4; GC = Concurrent Workstation
Mean = 205.711 us, StdErr = 0.407 us (0.20%), N = 3, StdDev = 0.705 us
Min = 204.897 us, Q1 = 205.496 us, Median = 206.095 us, Q3 = 206.118 us, Max = 206.142 us
IQR = 0.622 us, LowerFence = 204.563 us, UpperFence = 207.052 us
ConfidenceInterval = [192.843 us; 218.579 us] (CI 99.9%), Margin = 12.868 us (6.26% of Mean)
Skewness = -0.38, Kurtosis = 0.67, MValue = 2
-------------------- Histogram --------------------
[204.878 us ; 206.161 us) | @@@
---------------------------------------------------

PlutusUseCasesBenchmarks.DecodeAndEval: ShortRun(IterationCount=3, LaunchCount=1, MinIterationCount=50, WarmupCount=3) [Script=auction_1-2]
Runtime = .NET 10.0.12 (10.0.12, 10.0.1226.42308), X64 RyuJIT x86-64-v4; GC = Concurrent Workstation
Mean = 737.495 us, StdErr = 1.369 us (0.19%), N = 3, StdDev = 2.371 us
Min = 734.759 us, Q1 = 736.766 us, Median = 738.772 us, Q3 = 738.863 us, Max = 738.953 us
IQR = 2.097 us, LowerFence = 733.620 us, UpperFence = 742.008 us
ConfidenceInterval = [694.241 us; 780.749 us] (CI 99.9%), Margin = 43.254 us (5.87% of Mean)
Skewness = -0.38, Kurtosis = 0.67, MValue = 2
-------------------- Histogram --------------------
[734.699 us ; 739.014 us) | @@@
---------------------------------------------------

PlutusUseCasesBenchmarks.DecodeAndEval: ShortRun(IterationCount=3, LaunchCount=1, MinIterationCount=50, WarmupCount=3) [Script=auction_1-3]
Runtime = .NET 10.0.12 (10.0.12, 10.0.1226.42308), X64 RyuJIT x86-64-v4; GC = Concurrent Workstation
Mean = 748.995 us, StdErr = 0.376 us (0.05%), N = 3, StdDev = 0.651 us
Min = 748.253 us, Q1 = 748.758 us, Median = 749.264 us, Q3 = 749.366 us, Max = 749.469 us
IQR = 0.608 us, LowerFence = 747.847 us, UpperFence = 750.278 us
ConfidenceInterval = [737.123 us; 760.868 us] (CI 99.9%), Margin = 11.872 us (1.59% of Mean)
Skewness = -0.34, Kurtosis = 0.67, MValue = 2
-------------------- Histogram --------------------
[747.661 us ; 750.061 us) | @@@
---------------------------------------------------

PlutusUseCasesBenchmarks.DecodeAndEval: ShortRun(IterationCount=3, LaunchCount=1, MinIterationCount=50, WarmupCount=3) [Script=auction_1-4]
Runtime = .NET 10.0.12 (10.0.12, 10.0.1226.42308), X64 RyuJIT x86-64-v4; GC = Concurrent Workstation
Mean = 238.546 us, StdErr = 0.473 us (0.20%), N = 3, StdDev = 0.819 us
Min = 237.809 us, Q1 = 238.105 us, Median = 238.400 us, Q3 = 238.914 us, Max = 239.428 us
IQR = 0.809 us, LowerFence = 236.891 us, UpperFence = 240.128 us
ConfidenceInterval = [223.600 us; 253.492 us] (CI 99.9%), Margin = 14.946 us (6.27% of Mean)
Skewness = 0.17, Kurtosis = 0.67, MValue = 2
-------------------- Histogram --------------------
[237.064 us ; 240.174 us) | @@@
---------------------------------------------------

PlutusUseCasesBenchmarks.DecodeAndEval: ShortRun(IterationCount=3, LaunchCount=1, MinIterationCount=50, WarmupCount=3) [Script=auction_2-1]
Runtime = .NET 10.0.12 (10.0.12, 10.0.1226.42308), X64 RyuJIT x86-64-v4; GC = Concurrent Workstation
Mean = 205.838 us, StdErr = 0.131 us (0.06%), N = 3, StdDev = 0.227 us
Min = 205.615 us, Q1 = 205.722 us, Median = 205.829 us, Q3 = 205.949 us, Max = 206.069 us
IQR = 0.227 us, LowerFence = 205.382 us, UpperFence = 206.290 us
ConfidenceInterval = [201.694 us; 209.982 us] (CI 99.9%), Margin = 4.144 us (2.01% of Mean)
Skewness = 0.04, Kurtosis = 0.67, MValue = 2
-------------------- Histogram --------------------
[205.408 us ; 206.276 us) | @@@
---------------------------------------------------

PlutusUseCasesBenchmarks.DecodeAndEval: ShortRun(IterationCount=3, LaunchCount=1, MinIterationCount=50, WarmupCount=3) [Script=auction_2-2]
Runtime = .NET 10.0.12 (10.0.12, 10.0.1226.42308), X64 RyuJIT x86-64-v4; GC = Concurrent Workstation
Mean = 759.877 us, StdErr = 1.355 us (0.18%), N = 3, StdDev = 2.347 us
Min = 757.525 us, Q1 = 758.706 us, Median = 759.887 us, Q3 = 761.053 us, Max = 762.220 us
IQR = 2.347 us, LowerFence = 755.186 us, UpperFence = 764.574 us
ConfidenceInterval = [717.058 us; 802.697 us] (CI 99.9%), Margin = 42.819 us (5.64% of Mean)
Skewness = -0, Kurtosis = 0.67, MValue = 2
-------------------- Histogram --------------------
[755.389 us ; 764.355 us) | @@@
---------------------------------------------------

PlutusUseCasesBenchmarks.DecodeAndEval: ShortRun(IterationCount=3, LaunchCount=1, MinIterationCount=50, WarmupCount=3) [Script=auction_2-3]
Runtime = .NET 10.0.12 (10.0.12, 10.0.1226.42308), X64 RyuJIT x86-64-v4; GC = Concurrent Workstation
Mean = 934.974 us, StdErr = 0.529 us (0.06%), N = 3, StdDev = 0.917 us
Min = 934.087 us, Q1 = 934.502 us, Median = 934.916 us, Q3 = 935.417 us, Max = 935.918 us
IQR = 0.916 us, LowerFence = 933.128 us, UpperFence = 936.791 us
ConfidenceInterval = [918.244 us; 951.704 us] (CI 99.9%), Margin = 16.730 us (1.79% of Mean)
Skewness = 0.06, Kurtosis = 0.67, MValue = 2
-------------------- Histogram --------------------
[933.253 us ; 936.753 us) | @@@
---------------------------------------------------

PlutusUseCasesBenchmarks.DecodeAndEval: ShortRun(IterationCount=3, LaunchCount=1, MinIterationCount=50, WarmupCount=3) [Script=auction_2-4]
Runtime = .NET 10.0.12 (10.0.12, 10.0.1226.42308), X64 RyuJIT x86-64-v4; GC = Concurrent Workstation
Mean = 886.469 us, StdErr = 66.645 us (7.52%), N = 3, StdDev = 115.432 us
Min = 753.841 us, Q1 = 847.570 us, Median = 941.299 us, Q3 = 952.784 us, Max = 964.268 us
IQR = 105.213 us, LowerFence = 689.750 us, UpperFence = 1,110.604 us
ConfidenceInterval = [-1,219.446 us; 2,992.385 us] (CI 99.9%), Margin = 2,105.916 us (237.56% of Mean)
Skewness = -0.37, Kurtosis = 0.67, MValue = 2
-------------------- Histogram --------------------
[648.793 us ;   847.736 us) | @
[847.736 us ; 1,069.315 us) | @@
---------------------------------------------------

PlutusUseCasesBenchmarks.DecodeAndEval: ShortRun(IterationCount=3, LaunchCount=1, MinIterationCount=50, WarmupCount=3) [Script=auction_2-5]
Runtime = .NET 10.0.12 (10.0.12, 10.0.1226.42308), X64 RyuJIT x86-64-v4; GC = Concurrent Workstation
Mean = 239.218 us, StdErr = 0.232 us (0.10%), N = 3, StdDev = 0.402 us
Min = 238.756 us, Q1 = 239.079 us, Median = 239.403 us, Q3 = 239.448 us, Max = 239.494 us
IQR = 0.369 us, LowerFence = 238.526 us, UpperFence = 240.001 us
ConfidenceInterval = [231.882 us; 246.553 us] (CI 99.9%), Margin = 7.335 us (3.07% of Mean)
Skewness = -0.36, Kurtosis = 0.67, MValue = 2
-------------------- Histogram --------------------
[238.390 us ; 239.860 us) | @@@
---------------------------------------------------

PlutusUseCasesBenchmarks.DecodeAndEval: ShortRun(IterationCount=3, LaunchCount=1, MinIterationCount=50, WarmupCount=3) [Script=coop-1]
Runtime = .NET 10.0.12 (10.0.12, 10.0.1226.42308), X64 RyuJIT x86-64-v4; GC = Concurrent Workstation
Mean = 198.898 us, StdErr = 0.503 us (0.25%), N = 3, StdDev = 0.871 us
Min = 198.308 us, Q1 = 198.397 us, Median = 198.486 us, Q3 = 199.192 us, Max = 199.898 us
IQR = 0.795 us, LowerFence = 197.205 us, UpperFence = 200.385 us
ConfidenceInterval = [183.004 us; 214.791 us] (CI 99.9%), Margin = 15.893 us (7.99% of Mean)
Skewness = 0.37, Kurtosis = 0.67, MValue = 2
-------------------- Histogram --------------------
[197.515 us ; 200.691 us) | @@@
---------------------------------------------------

PlutusUseCasesBenchmarks.DecodeAndEval: ShortRun(IterationCount=3, LaunchCount=1, MinIterationCount=50, WarmupCount=3) [Script=coop-2]
Runtime = .NET 10.0.12 (10.0.12, 10.0.1226.42308), X64 RyuJIT x86-64-v4; GC = Concurrent Workstation
Mean = 787.832 us, StdErr = 44.966 us (5.71%), N = 3, StdDev = 77.884 us
Min = 698.681 us, Q1 = 760.424 us, Median = 822.167 us, Q3 = 832.408 us, Max = 842.650 us
IQR = 71.985 us, LowerFence = 652.446 us, UpperFence = 940.386 us
ConfidenceInterval = [-633.063 us; 2,208.728 us] (CI 99.9%), Margin = 1,420.896 us (180.36% of Mean)
Skewness = -0.36, Kurtosis = 0.67, MValue = 2
-------------------- Histogram --------------------
[627.803 us ; 761.531 us) | @
[761.531 us ; 913.528 us) | @@
---------------------------------------------------

PlutusUseCasesBenchmarks.DecodeAndEval: ShortRun(IterationCount=3, LaunchCount=1, MinIterationCount=50, WarmupCount=3) [Script=coop-3]
Runtime = .NET 10.0.12 (10.0.12, 10.0.1226.42308), X64 RyuJIT x86-64-v4; GC = Concurrent Workstation
Mean = 2.003 ms, StdErr = 0.008 ms (0.38%), N = 3, StdDev = 0.013 ms
Min = 1.990 ms, Q1 = 1.996 ms, Median = 2.001 ms, Q3 = 2.009 ms, Max = 2.016 ms
IQR = 0.013 ms, LowerFence = 1.976 ms, UpperFence = 2.028 ms
ConfidenceInterval = [1.762 ms; 2.243 ms] (CI 99.9%), Margin = 0.240 ms (12.00% of Mean)
Skewness = 0.13, Kurtosis = 0.67, MValue = 2
-------------------- Histogram --------------------
[1.978 ms ; 2.028 ms) | @@@
---------------------------------------------------

PlutusUseCasesBenchmarks.DecodeAndEval: ShortRun(IterationCount=3, LaunchCount=1, MinIterationCount=50, WarmupCount=3) [Script=coop-4]
Runtime = .NET 10.0.12 (10.0.12, 10.0.1226.42308), X64 RyuJIT x86-64-v4; GC = Concurrent Workstation
Mean = 798.713 us, StdErr = 0.759 us (0.10%), N = 3, StdDev = 1.315 us
Min = 797.393 us, Q1 = 798.059 us, Median = 798.725 us, Q3 = 799.374 us, Max = 800.023 us
IQR = 1.315 us, LowerFence = 796.086 us, UpperFence = 801.346 us
ConfidenceInterval = [774.723 us; 822.704 us] (CI 99.9%), Margin = 23.990 us (3.00% of Mean)
Skewness = -0.01, Kurtosis = 0.67, MValue = 2
-------------------- Histogram --------------------
[796.196 us ; 801.219 us) | @@@
---------------------------------------------------

PlutusUseCasesBenchmarks.DecodeAndEval: ShortRun(IterationCount=3, LaunchCount=1, MinIterationCount=50, WarmupCount=3) [Script=coop-5]
Runtime = .NET 10.0.12 (10.0.12, 10.0.1226.42308), X64 RyuJIT x86-64-v4; GC = Concurrent Workstation
Mean = 395.488 us, StdErr = 1.209 us (0.31%), N = 3, StdDev = 2.094 us
Min = 393.109 us, Q1 = 394.705 us, Median = 396.301 us, Q3 = 396.677 us, Max = 397.053 us
IQR = 1.972 us, LowerFence = 391.746 us, UpperFence = 399.636 us
ConfidenceInterval = [357.279 us; 433.697 us] (CI 99.9%), Margin = 38.209 us (9.66% of Mean)
Skewness = -0.33, Kurtosis = 0.67, MValue = 2
-------------------- Histogram --------------------
[391.203 us ; 398.959 us) | @@@
---------------------------------------------------

PlutusUseCasesBenchmarks.DecodeAndEval: ShortRun(IterationCount=3, LaunchCount=1, MinIterationCount=50, WarmupCount=3) [Script=coop-6]
Runtime = .NET 10.0.12 (10.0.12, 10.0.1226.42308), X64 RyuJIT x86-64-v4; GC = Concurrent Workstation
Mean = 520.622 us, StdErr = 0.781 us (0.15%), N = 3, StdDev = 1.354 us
Min = 519.181 us, Q1 = 520.000 us, Median = 520.818 us, Q3 = 521.342 us, Max = 521.867 us
IQR = 1.343 us, LowerFence = 517.985 us, UpperFence = 523.357 us
ConfidenceInterval = [495.928 us; 545.315 us] (CI 99.9%), Margin = 24.694 us (4.74% of Mean)
Skewness = -0.14, Kurtosis = 0.67, MValue = 2
-------------------- Histogram --------------------
[517.949 us ; 523.098 us) | @@@
---------------------------------------------------

PlutusUseCasesBenchmarks.DecodeAndEval: ShortRun(IterationCount=3, LaunchCount=1, MinIterationCount=50, WarmupCount=3) [Script=coop-7]
Runtime = .NET 10.0.12 (10.0.12, 10.0.1226.42308), X64 RyuJIT x86-64-v4; GC = Concurrent Workstation
Mean = 268.661 us, StdErr = 0.997 us (0.37%), N = 3, StdDev = 1.727 us
Min = 267.237 us, Q1 = 267.701 us, Median = 268.164 us, Q3 = 269.373 us, Max = 270.582 us
IQR = 1.672 us, LowerFence = 265.192 us, UpperFence = 271.882 us
ConfidenceInterval = [237.154 us; 300.168 us] (CI 99.9%), Margin = 31.507 us (11.73% of Mean)
Skewness = 0.26, Kurtosis = 0.67, MValue = 2
-------------------- Histogram --------------------
[265.666 us ; 272.154 us) | @@@
---------------------------------------------------

PlutusUseCasesBenchmarks.DecodeAndEval: ShortRun(IterationCount=3, LaunchCount=1, MinIterationCount=50, WarmupCount=3) [Script=crowdfunding-success-1]
Runtime = .NET 10.0.12 (10.0.12, 10.0.1226.42308), X64 RyuJIT x86-64-v4; GC = Concurrent Workstation
Mean = 230.113 us, StdErr = 1.200 us (0.52%), N = 3, StdDev = 2.079 us
Min = 228.358 us, Q1 = 228.965 us, Median = 229.571 us, Q3 = 230.990 us, Max = 232.408 us
IQR = 2.025 us, LowerFence = 225.927 us, UpperFence = 234.027 us
ConfidenceInterval = [192.192 us; 268.033 us] (CI 99.9%), Margin = 37.920 us (16.48% of Mean)
Skewness = 0.24, Kurtosis = 0.67, MValue = 2
-------------------- Histogram --------------------
[226.467 us ; 234.300 us) | @@@
---------------------------------------------------

PlutusUseCasesBenchmarks.DecodeAndEval: ShortRun(IterationCount=3, LaunchCount=1, MinIterationCount=50, WarmupCount=3) [Script=crowdfunding-success-2]
Runtime = .NET 10.0.12 (10.0.12, 10.0.1226.42308), X64 RyuJIT x86-64-v4; GC = Concurrent Workstation
Mean = 230.868 us, StdErr = 0.465 us (0.20%), N = 3, StdDev = 0.805 us
Min = 229.975 us, Q1 = 230.533 us, Median = 231.091 us, Q3 = 231.315 us, Max = 231.538 us
IQR = 0.781 us, LowerFence = 229.361 us, UpperFence = 232.487 us
ConfidenceInterval = [216.184 us; 245.552 us] (CI 99.9%), Margin = 14.684 us (6.36% of Mean)
Skewness = -0.26, Kurtosis = 0.67, MValue = 2
-------------------- Histogram --------------------
[229.243 us ; 232.271 us) | @@@
---------------------------------------------------

PlutusUseCasesBenchmarks.DecodeAndEval: ShortRun(IterationCount=3, LaunchCount=1, MinIterationCount=50, WarmupCount=3) [Script=crowdfunding-success-3]
Runtime = .NET 10.0.12 (10.0.12, 10.0.1226.42308), X64 RyuJIT x86-64-v4; GC = Concurrent Workstation
Mean = 233.144 us, StdErr = 0.744 us (0.32%), N = 3, StdDev = 1.289 us
Min = 231.667 us, Q1 = 232.697 us, Median = 233.726 us, Q3 = 233.883 us, Max = 234.040 us
IQR = 1.186 us, LowerFence = 230.917 us, UpperFence = 235.662 us
ConfidenceInterval = [209.635 us; 256.653 us] (CI 99.9%), Margin = 23.509 us (10.08% of Mean)
Skewness = -0.36, Kurtosis = 0.67, MValue = 2
-------------------- Histogram --------------------
[231.544 us ; 235.212 us) | @@@
---------------------------------------------------

PlutusUseCasesBenchmarks.DecodeAndEval: ShortRun(IterationCount=3, LaunchCount=1, MinIterationCount=50, WarmupCount=3) [Script=currency-1]
Runtime = .NET 10.0.12 (10.0.12, 10.0.1226.42308), X64 RyuJIT x86-64-v4; GC = Concurrent Workstation
Mean = 292.828 us, StdErr = 0.122 us (0.04%), N = 3, StdDev = 0.211 us
Min = 292.670 us, Q1 = 292.709 us, Median = 292.748 us, Q3 = 292.908 us, Max = 293.068 us
IQR = 0.199 us, LowerFence = 292.410 us, UpperFence = 293.206 us
ConfidenceInterval = [288.979 us; 296.678 us] (CI 99.9%), Margin = 3.849 us (1.31% of Mean)
Skewness = 0.33, Kurtosis = 0.67, MValue = 2
-------------------- Histogram --------------------
[292.478 us ; 293.260 us) | @@@
---------------------------------------------------

PlutusUseCasesBenchmarks.DecodeAndEval: ShortRun(IterationCount=3, LaunchCount=1, MinIterationCount=50, WarmupCount=3) [Script=escrow-redeem_1-1]
Runtime = .NET 10.0.12 (10.0.12, 10.0.1226.42308), X64 RyuJIT x86-64-v4; GC = Concurrent Workstation
Mean = 395.966 us, StdErr = 0.450 us (0.11%), N = 3, StdDev = 0.780 us
Min = 395.067 us, Q1 = 395.721 us, Median = 396.376 us, Q3 = 396.416 us, Max = 396.456 us
IQR = 0.695 us, LowerFence = 394.679 us, UpperFence = 397.458 us
ConfidenceInterval = [381.736 us; 410.197 us] (CI 99.9%), Margin = 14.231 us (3.59% of Mean)
Skewness = -0.38, Kurtosis = 0.67, MValue = 2
-------------------- Histogram --------------------
[395.052 us ; 396.472 us) | @@@
---------------------------------------------------

PlutusUseCasesBenchmarks.DecodeAndEval: ShortRun(IterationCount=3, LaunchCount=1, MinIterationCount=50, WarmupCount=3) [Script=escrow-redeem_1-2]
Runtime = .NET 10.0.12 (10.0.12, 10.0.1226.42308), X64 RyuJIT x86-64-v4; GC = Concurrent Workstation
Mean = 391.495 us, StdErr = 1.089 us (0.28%), N = 3, StdDev = 1.886 us
Min = 389.808 us, Q1 = 390.476 us, Median = 391.145 us, Q3 = 392.338 us, Max = 393.531 us
IQR = 1.862 us, LowerFence = 387.684 us, UpperFence = 395.130 us
ConfidenceInterval = [357.084 us; 425.905 us] (CI 99.9%), Margin = 34.411 us (8.79% of Mean)
Skewness = 0.18, Kurtosis = 0.67, MValue = 2
-------------------- Histogram --------------------
[388.091 us ; 395.248 us) | @@@
---------------------------------------------------

PlutusUseCasesBenchmarks.DecodeAndEval: ShortRun(IterationCount=3, LaunchCount=1, MinIterationCount=50, WarmupCount=3) [Script=escrow-redeem_2-1]
Runtime = .NET 10.0.12 (10.0.12, 10.0.1226.42308), X64 RyuJIT x86-64-v4; GC = Concurrent Workstation
Mean = 447.254 us, StdErr = 0.585 us (0.13%), N = 3, StdDev = 1.014 us
Min = 446.445 us, Q1 = 446.686 us, Median = 446.926 us, Q3 = 447.659 us, Max = 448.392 us
IQR = 0.973 us, LowerFence = 445.225 us, UpperFence = 449.119 us
ConfidenceInterval = [428.754 us; 465.754 us] (CI 99.9%), Margin = 18.500 us (4.14% of Mean)
Skewness = 0.29, Kurtosis = 0.67, MValue = 2
-------------------- Histogram --------------------
[445.522 us ; 449.315 us) | @@@
---------------------------------------------------

PlutusUseCasesBenchmarks.DecodeAndEval: ShortRun(IterationCount=3, LaunchCount=1, MinIterationCount=50, WarmupCount=3) [Script=escrow-redeem_2-2]
Runtime = .NET 10.0.12 (10.0.12, 10.0.1226.42308), X64 RyuJIT x86-64-v4; GC = Concurrent Workstation
Mean = 470.451 us, StdErr = 27.321 us (5.81%), N = 3, StdDev = 47.321 us
Min = 442.684 us, Q1 = 443.131 us, Median = 443.578 us, Q3 = 484.334 us, Max = 525.090 us
IQR = 41.203 us, LowerFence = 381.326 us, UpperFence = 546.139 us
ConfidenceInterval = [-392.864 us; 1,333.766 us] (CI 99.9%), Margin = 863.315 us (183.51% of Mean)
Skewness = 0.38, Kurtosis = 0.67, MValue = 2
-------------------- Histogram --------------------
[440.823 us ; 526.951 us) | @@@
---------------------------------------------------

PlutusUseCasesBenchmarks.DecodeAndEval: ShortRun(IterationCount=3, LaunchCount=1, MinIterationCount=50, WarmupCount=3) [Script=escrow-redeem_2-3]
Runtime = .NET 10.0.12 (10.0.12, 10.0.1226.42308), X64 RyuJIT x86-64-v4; GC = Concurrent Workstation
Mean = 445.178 us, StdErr = 0.550 us (0.12%), N = 3, StdDev = 0.953 us
Min = 444.188 us, Q1 = 444.723 us, Median = 445.257 us, Q3 = 445.673 us, Max = 446.088 us
IQR = 0.950 us, LowerFence = 443.297 us, UpperFence = 447.098 us
ConfidenceInterval = [427.796 us; 462.560 us] (CI 99.9%), Margin = 17.382 us (3.90% of Mean)
Skewness = -0.08, Kurtosis = 0.67, MValue = 2
-------------------- Histogram --------------------
[443.321 us ; 446.955 us) | @@@
---------------------------------------------------

PlutusUseCasesBenchmarks.DecodeAndEval: ShortRun(IterationCount=3, LaunchCount=1, MinIterationCount=50, WarmupCount=3) [Script=escrow-refund-1]
Runtime = .NET 10.0.12 (10.0.12, 10.0.1226.42308), X64 RyuJIT x86-64-v4; GC = Concurrent Workstation
Mean = 219.854 us, StdErr = 0.684 us (0.31%), N = 3, StdDev = 1.184 us
Min = 218.670 us, Q1 = 219.261 us, Median = 219.853 us, Q3 = 220.446 us, Max = 221.038 us
IQR = 1.184 us, LowerFence = 217.485 us, UpperFence = 222.222 us
ConfidenceInterval = [198.252 us; 241.455 us] (CI 99.9%), Margin = 21.602 us (9.83% of Mean)
Skewness = 0, Kurtosis = 0.67, MValue = 2
-------------------- Histogram --------------------
[217.593 us ; 221.454 us) | @@@
---------------------------------------------------

PlutusUseCasesBenchmarks.DecodeAndEval: ShortRun(IterationCount=3, LaunchCount=1, MinIterationCount=50, WarmupCount=3) [Script=future-increase-margin-1]
Runtime = .NET 10.0.12 (10.0.12, 10.0.1226.42308), X64 RyuJIT x86-64-v4; GC = Concurrent Workstation
Mean = 295.585 us, StdErr = 1.683 us (0.57%), N = 3, StdDev = 2.914 us
Min = 293.574 us, Q1 = 293.913 us, Median = 294.253 us, Q3 = 296.590 us, Max = 298.927 us
IQR = 2.677 us, LowerFence = 289.899 us, UpperFence = 300.605 us
ConfidenceInterval = [242.414 us; 348.755 us] (CI 99.9%), Margin = 53.171 us (17.99% of Mean)
Skewness = 0.36, Kurtosis = 0.67, MValue = 2
-------------------- Histogram --------------------
[290.922 us ; 301.579 us) | @@@
---------------------------------------------------

PlutusUseCasesBenchmarks.DecodeAndEval: ShortRun(IterationCount=3, LaunchCount=1, MinIterationCount=50, WarmupCount=3) [Script=future-increase-margin-2]
Runtime = .NET 10.0.12 (10.0.12, 10.0.1226.42308), X64 RyuJIT x86-64-v4; GC = Concurrent Workstation
Mean = 561.807 us, StdErr = 0.454 us (0.08%), N = 3, StdDev = 0.787 us
Min = 561.065 us, Q1 = 561.394 us, Median = 561.723 us, Q3 = 562.177 us, Max = 562.632 us
IQR = 0.783 us, LowerFence = 560.219 us, UpperFence = 563.352 us
ConfidenceInterval = [547.457 us; 576.157 us] (CI 99.9%), Margin = 14.350 us (2.55% of Mean)
Skewness = 0.11, Kurtosis = 0.67, MValue = 2
-------------------- Histogram --------------------
[560.350 us ; 563.348 us) | @@@
---------------------------------------------------

PlutusUseCasesBenchmarks.DecodeAndEval: ShortRun(IterationCount=3, LaunchCount=1, MinIterationCount=50, WarmupCount=3) [Script=future-increase-margin-3]
Runtime = .NET 10.0.12 (10.0.12, 10.0.1226.42308), X64 RyuJIT x86-64-v4; GC = Concurrent Workstation
Mean = 563.091 us, StdErr = 0.374 us (0.07%), N = 3, StdDev = 0.648 us
Min = 562.533 us, Q1 = 562.736 us, Median = 562.939 us, Q3 = 563.370 us, Max = 563.801 us
IQR = 0.634 us, LowerFence = 561.784 us, UpperFence = 564.322 us
ConfidenceInterval = [551.271 us; 574.911 us] (CI 99.9%), Margin = 11.820 us (2.10% of Mean)
Skewness = 0.22, Kurtosis = 0.67, MValue = 2
-------------------- Histogram --------------------
[561.943 us ; 564.391 us) | @@@
---------------------------------------------------

PlutusUseCasesBenchmarks.DecodeAndEval: ShortRun(IterationCount=3, LaunchCount=1, MinIterationCount=50, WarmupCount=3) [Script=future-increase-margin-4]
Runtime = .NET 10.0.12 (10.0.12, 10.0.1226.42308), X64 RyuJIT x86-64-v4; GC = Concurrent Workstation
Mean = 664.690 us, StdErr = 1.171 us (0.18%), N = 3, StdDev = 2.029 us
Min = 662.726 us, Q1 = 663.646 us, Median = 664.566 us, Q3 = 665.672 us, Max = 666.778 us
IQR = 2.026 us, LowerFence = 660.607 us, UpperFence = 668.711 us
ConfidenceInterval = [627.675 us; 701.704 us] (CI 99.9%), Margin = 37.015 us (5.57% of Mean)
Skewness = 0.06, Kurtosis = 0.67, MValue = 2
-------------------- Histogram --------------------
[660.879 us ; 668.624 us) | @@@
---------------------------------------------------

PlutusUseCasesBenchmarks.DecodeAndEval: ShortRun(IterationCount=3, LaunchCount=1, MinIterationCount=50, WarmupCount=3) [Script=future-increase-margin-5]
Runtime = .NET 10.0.12 (10.0.12, 10.0.1226.42308), X64 RyuJIT x86-64-v4; GC = Concurrent Workstation
Mean = 1.022 ms, StdErr = 0.001 ms (0.15%), N = 3, StdDev = 0.003 ms
Min = 1.019 ms, Q1 = 1.021 ms, Median = 1.023 ms, Q3 = 1.023 ms, Max = 1.024 ms
IQR = 0.003 ms, LowerFence = 1.017 ms, UpperFence = 1.027 ms
ConfidenceInterval = [0.975 ms; 1.069 ms] (CI 99.9%), Margin = 0.047 ms (4.63% of Mean)
Skewness = -0.26, Kurtosis = 0.67, MValue = 2
-------------------- Histogram --------------------
[1.017 ms ; 1.026 ms) | @@@
---------------------------------------------------

PlutusUseCasesBenchmarks.DecodeAndEval: ShortRun(IterationCount=3, LaunchCount=1, MinIterationCount=50, WarmupCount=3) [Script=future-pay-out-1]
Runtime = .NET 10.0.12 (10.0.12, 10.0.1226.42308), X64 RyuJIT x86-64-v4; GC = Concurrent Workstation
Mean = 294.719 us, StdErr = 0.533 us (0.18%), N = 3, StdDev = 0.923 us
Min = 293.667 us, Q1 = 294.380 us, Median = 295.093 us, Q3 = 295.244 us, Max = 295.396 us
IQR = 0.864 us, LowerFence = 293.084 us, UpperFence = 296.541 us
ConfidenceInterval = [277.879 us; 311.559 us] (CI 99.9%), Margin = 16.840 us (5.71% of Mean)
Skewness = -0.34, Kurtosis = 0.67, MValue = 2
-------------------- Histogram --------------------
[292.827 us ; 296.236 us) | @@@
---------------------------------------------------

PlutusUseCasesBenchmarks.DecodeAndEval: ShortRun(IterationCount=3, LaunchCount=1, MinIterationCount=50, WarmupCount=3) [Script=future-pay-out-2]
Runtime = .NET 10.0.12 (10.0.12, 10.0.1226.42308), X64 RyuJIT x86-64-v4; GC = Concurrent Workstation
Mean = 683.557 us, StdErr = 53.804 us (7.87%), N = 3, StdDev = 93.192 us
Min = 575.948 us, Q1 = 656.569 us, Median = 737.190 us, Q3 = 737.362 us, Max = 737.533 us
IQR = 80.792 us, LowerFence = 535.381 us, UpperFence = 858.550 us
ConfidenceInterval = [-1,016.614 us; 2,383.728 us] (CI 99.9%), Margin = 1,700.171 us (248.72% of Mean)
Skewness = -0.38, Kurtosis = 0.67, MValue = 2
-------------------- Histogram --------------------
[571.932 us ; 741.549 us) | @@@
---------------------------------------------------

PlutusUseCasesBenchmarks.DecodeAndEval: ShortRun(IterationCount=3, LaunchCount=1, MinIterationCount=50, WarmupCount=3) [Script=future-pay-out-3]
Runtime = .NET 10.0.12 (10.0.12, 10.0.1226.42308), X64 RyuJIT x86-64-v4; GC = Concurrent Workstation
Mean = 565.967 us, StdErr = 2.861 us (0.51%), N = 3, StdDev = 4.956 us
Min = 562.100 us, Q1 = 563.174 us, Median = 564.248 us, Q3 = 567.901 us, Max = 571.554 us
IQR = 4.727 us, LowerFence = 556.083 us, UpperFence = 574.992 us
ConfidenceInterval = [475.550 us; 656.385 us] (CI 99.9%), Margin = 90.418 us (15.98% of Mean)
Skewness = 0.31, Kurtosis = 0.67, MValue = 2
-------------------- Histogram --------------------
[557.590 us ; 576.064 us) | @@@
---------------------------------------------------

PlutusUseCasesBenchmarks.DecodeAndEval: ShortRun(IterationCount=3, LaunchCount=1, MinIterationCount=50, WarmupCount=3) [Script=future-pay-out-4]
Runtime = .NET 10.0.12 (10.0.12, 10.0.1226.42308), X64 RyuJIT x86-64-v4; GC = Concurrent Workstation
Mean = 1.016 ms, StdErr = 0.002 ms (0.17%), N = 3, StdDev = 0.003 ms
Min = 1.013 ms, Q1 = 1.015 ms, Median = 1.016 ms, Q3 = 1.018 ms, Max = 1.019 ms
IQR = 0.003 ms, LowerFence = 1.010 ms, UpperFence = 1.022 ms
ConfidenceInterval = [0.963 ms; 1.070 ms] (CI 99.9%), Margin = 0.054 ms (5.28% of Mean)
Skewness = -0.01, Kurtosis = 0.67, MValue = 2
-------------------- Histogram --------------------
[1.011 ms ; 1.022 ms) | @@@
---------------------------------------------------

PlutusUseCasesBenchmarks.DecodeAndEval: ShortRun(IterationCount=3, LaunchCount=1, MinIterationCount=50, WarmupCount=3) [Script=future-settle-early-1]
Runtime = .NET 10.0.12 (10.0.12, 10.0.1226.42308), X64 RyuJIT x86-64-v4; GC = Concurrent Workstation
Mean = 290.359 us, StdErr = 0.381 us (0.13%), N = 3, StdDev = 0.660 us
Min = 289.802 us, Q1 = 289.994 us, Median = 290.187 us, Q3 = 290.637 us, Max = 291.087 us
IQR = 0.643 us, LowerFence = 289.030 us, UpperFence = 291.601 us
ConfidenceInterval = [278.323 us; 302.394 us] (CI 99.9%), Margin = 12.036 us (4.15% of Mean)
Skewness = 0.24, Kurtosis = 0.67, MValue = 2
-------------------- Histogram --------------------
[289.201 us ; 291.687 us) | @@@
---------------------------------------------------

PlutusUseCasesBenchmarks.DecodeAndEval: ShortRun(IterationCount=3, LaunchCount=1, MinIterationCount=50, WarmupCount=3) [Script=future-settle-early-2]
Runtime = .NET 10.0.12 (10.0.12, 10.0.1226.42308), X64 RyuJIT x86-64-v4; GC = Concurrent Workstation
Mean = 634.774 us, StdErr = 50.281 us (7.92%), N = 3, StdDev = 87.089 us
Min = 573.455 us, Q1 = 584.931 us, Median = 596.408 us, Q3 = 665.433 us, Max = 734.458 us
IQR = 80.502 us, LowerFence = 464.179 us, UpperFence = 786.185 us
ConfidenceInterval = [-954.049 us; 2,223.596 us] (CI 99.9%), Margin = 1,588.823 us (250.30% of Mean)
Skewness = 0.36, Kurtosis = 0.67, MValue = 2
-------------------- Histogram --------------------
[494.201 us ; 664.185 us) | @@
[664.185 us ; 813.712 us) | @
---------------------------------------------------

PlutusUseCasesBenchmarks.DecodeAndEval: ShortRun(IterationCount=3, LaunchCount=1, MinIterationCount=50, WarmupCount=3) [Script=future-settle-early-3]
Runtime = .NET 10.0.12 (10.0.12, 10.0.1226.42308), X64 RyuJIT x86-64-v4; GC = Concurrent Workstation
Mean = 566.579 us, StdErr = 1.068 us (0.19%), N = 3, StdDev = 1.850 us
Min = 565.487 us, Q1 = 565.510 us, Median = 565.534 us, Q3 = 567.124 us, Max = 568.715 us
IQR = 1.614 us, LowerFence = 563.090 us, UpperFence = 569.545 us
ConfidenceInterval = [532.827 us; 600.330 us] (CI 99.9%), Margin = 33.752 us (5.96% of Mean)
Skewness = 0.38, Kurtosis = 0.67, MValue = 2
-------------------- Histogram --------------------
[565.417 us ; 568.784 us) | @@@
---------------------------------------------------

PlutusUseCasesBenchmarks.DecodeAndEval: ShortRun(IterationCount=3, LaunchCount=1, MinIterationCount=50, WarmupCount=3) [Script=future-settle-early-4]
Runtime = .NET 10.0.12 (10.0.12, 10.0.1226.42308), X64 RyuJIT x86-64-v4; GC = Concurrent Workstation
Mean = 805.484 us, StdErr = 0.870 us (0.11%), N = 3, StdDev = 1.506 us
Min = 803.788 us, Q1 = 804.894 us, Median = 806.001 us, Q3 = 806.333 us, Max = 806.664 us
IQR = 1.438 us, LowerFence = 802.737 us, UpperFence = 808.490 us
ConfidenceInterval = [778.004 us; 832.965 us] (CI 99.9%), Margin = 27.480 us (3.41% of Mean)
Skewness = -0.3, Kurtosis = 0.67, MValue = 2
-------------------- Histogram --------------------
[802.417 us ; 808.035 us) | @@@
---------------------------------------------------

PlutusUseCasesBenchmarks.DecodeAndEval: ShortRun(IterationCount=3, LaunchCount=1, MinIterationCount=50, WarmupCount=3) [Script=game-sm-success_1-1]
Runtime = .NET 10.0.12 (10.0.12, 10.0.1226.42308), X64 RyuJIT x86-64-v4; GC = Concurrent Workstation
Mean = 488.968 us, StdErr = 0.783 us (0.16%), N = 3, StdDev = 1.357 us
Min = 487.630 us, Q1 = 488.280 us, Median = 488.930 us, Q3 = 489.637 us, Max = 490.343 us
IQR = 1.357 us, LowerFence = 486.245 us, UpperFence = 491.671 us
ConfidenceInterval = [464.212 us; 513.723 us] (CI 99.9%), Margin = 24.755 us (5.06% of Mean)
Skewness = 0.03, Kurtosis = 0.67, MValue = 2
-------------------- Histogram --------------------
[486.395 us ; 491.578 us) | @@@
---------------------------------------------------

PlutusUseCasesBenchmarks.DecodeAndEval: ShortRun(IterationCount=3, LaunchCount=1, MinIterationCount=50, WarmupCount=3) [Script=game-sm-success_1-2]
Runtime = .NET 10.0.12 (10.0.12, 10.0.1226.42308), X64 RyuJIT x86-64-v4; GC = Concurrent Workstation
Mean = 203.290 us, StdErr = 0.086 us (0.04%), N = 3, StdDev = 0.149 us
Min = 203.165 us, Q1 = 203.208 us, Median = 203.251 us, Q3 = 203.353 us, Max = 203.455 us
IQR = 0.145 us, LowerFence = 202.990 us, UpperFence = 203.571 us
ConfidenceInterval = [200.568 us; 206.013 us] (CI 99.9%), Margin = 2.722 us (1.34% of Mean)
Skewness = 0.25, Kurtosis = 0.67, MValue = 2
-------------------- Histogram --------------------
[203.029 us ; 203.591 us) | @@@
---------------------------------------------------

PlutusUseCasesBenchmarks.DecodeAndEval: ShortRun(IterationCount=3, LaunchCount=1, MinIterationCount=50, WarmupCount=3) [Script=game-sm-success_1-3]
Runtime = .NET 10.0.12 (10.0.12, 10.0.1226.42308), X64 RyuJIT x86-64-v4; GC = Concurrent Workstation
Mean = 748.884 us, StdErr = 0.513 us (0.07%), N = 3, StdDev = 0.889 us
Min = 747.995 us, Q1 = 748.440 us, Median = 748.885 us, Q3 = 749.329 us, Max = 749.773 us
IQR = 0.889 us, LowerFence = 747.106 us, UpperFence = 750.663 us
ConfidenceInterval = [732.660 us; 765.108 us] (CI 99.9%), Margin = 16.224 us (2.17% of Mean)
Skewness = -0, Kurtosis = 0.67, MValue = 2
-------------------- Histogram --------------------
[747.185 us ; 750.583 us) | @@@
---------------------------------------------------

PlutusUseCasesBenchmarks.DecodeAndEval: ShortRun(IterationCount=3, LaunchCount=1, MinIterationCount=50, WarmupCount=3) [Script=game-sm-success_1-4]
Runtime = .NET 10.0.12 (10.0.12, 10.0.1226.42308), X64 RyuJIT x86-64-v4; GC = Concurrent Workstation
Mean = 227.566 us, StdErr = 0.436 us (0.19%), N = 3, StdDev = 0.756 us
Min = 226.698 us, Q1 = 227.310 us, Median = 227.921 us, Q3 = 228.000 us, Max = 228.079 us
IQR = 0.690 us, LowerFence = 226.274 us, UpperFence = 229.035 us
ConfidenceInterval = [213.780 us; 241.352 us] (CI 99.9%), Margin = 13.786 us (6.06% of Mean)
Skewness = -0.37, Kurtosis = 0.67, MValue = 2
-------------------- Histogram --------------------
[226.011 us ; 228.766 us) | @@@
---------------------------------------------------

PlutusUseCasesBenchmarks.DecodeAndEval: ShortRun(IterationCount=3, LaunchCount=1, MinIterationCount=50, WarmupCount=3) [Script=game-sm-success_2-1]
Runtime = .NET 10.0.12 (10.0.12, 10.0.1226.42308), X64 RyuJIT x86-64-v4; GC = Concurrent Workstation
Mean = 493.904 us, StdErr = 0.919 us (0.19%), N = 3, StdDev = 1.591 us
Min = 492.090 us, Q1 = 493.323 us, Median = 494.557 us, Q3 = 494.811 us, Max = 495.064 us
IQR = 1.487 us, LowerFence = 491.093 us, UpperFence = 497.041 us
ConfidenceInterval = [464.877 us; 522.930 us] (CI 99.9%), Margin = 29.027 us (5.88% of Mean)
Skewness = -0.34, Kurtosis = 0.67, MValue = 2
-------------------- Histogram --------------------
[490.642 us ; 496.512 us) | @@@
---------------------------------------------------

PlutusUseCasesBenchmarks.DecodeAndEval: ShortRun(IterationCount=3, LaunchCount=1, MinIterationCount=50, WarmupCount=3) [Script=game-sm-success_2-2]
Runtime = .NET 10.0.12 (10.0.12, 10.0.1226.42308), X64 RyuJIT x86-64-v4; GC = Concurrent Workstation
Mean = 208.220 us, StdErr = 0.192 us (0.09%), N = 3, StdDev = 0.332 us
Min = 207.922 us, Q1 = 208.042 us, Median = 208.161 us, Q3 = 208.370 us, Max = 208.578 us
IQR = 0.328 us, LowerFence = 207.549 us, UpperFence = 208.862 us
ConfidenceInterval = [202.158 us; 214.283 us] (CI 99.9%), Margin = 6.062 us (2.91% of Mean)
Skewness = 0.17, Kurtosis = 0.67, MValue = 2
-------------------- Histogram --------------------
[207.620 us ; 208.881 us) | @@@
---------------------------------------------------

PlutusUseCasesBenchmarks.DecodeAndEval: ShortRun(IterationCount=3, LaunchCount=1, MinIterationCount=50, WarmupCount=3) [Script=game-sm-success_2-3]
Runtime = .NET 10.0.12 (10.0.12, 10.0.1226.42308), X64 RyuJIT x86-64-v4; GC = Concurrent Workstation
Mean = 881.382 us, StdErr = 55.943 us (6.35%), N = 3, StdDev = 96.896 us
Min = 769.527 us, Q1 = 852.301 us, Median = 935.075 us, Q3 = 937.310 us, Max = 939.546 us
IQR = 85.009 us, LowerFence = 724.787 us, UpperFence = 1,064.824 us
ConfidenceInterval = [-886.353 us; 2,649.118 us] (CI 99.9%), Margin = 1,767.735 us (200.56% of Mean)
Skewness = -0.38, Kurtosis = 0.67, MValue = 2
-------------------- Histogram --------------------
[766.358 us ; 942.715 us) | @@@
---------------------------------------------------

PlutusUseCasesBenchmarks.DecodeAndEval: ShortRun(IterationCount=3, LaunchCount=1, MinIterationCount=50, WarmupCount=3) [Script=game-sm-success_2-4]
Runtime = .NET 10.0.12 (10.0.12, 10.0.1226.42308), X64 RyuJIT x86-64-v4; GC = Concurrent Workstation
Mean = 230.486 us, StdErr = 0.470 us (0.20%), N = 3, StdDev = 0.815 us
Min = 229.562 us, Q1 = 230.179 us, Median = 230.795 us, Q3 = 230.948 us, Max = 231.101 us
IQR = 0.770 us, LowerFence = 229.024 us, UpperFence = 232.103 us
ConfidenceInterval = [215.623 us; 245.349 us] (CI 99.9%), Margin = 14.863 us (6.45% of Mean)
Skewness = -0.32, Kurtosis = 0.67, MValue = 2
-------------------- Histogram --------------------
[228.821 us ; 231.843 us) | @@@
---------------------------------------------------

PlutusUseCasesBenchmarks.DecodeAndEval: ShortRun(IterationCount=3, LaunchCount=1, MinIterationCount=50, WarmupCount=3) [Script=game-sm-success_2-5]
Runtime = .NET 10.0.12 (10.0.12, 10.0.1226.42308), X64 RyuJIT x86-64-v4; GC = Concurrent Workstation
Mean = 738.924 us, StdErr = 0.514 us (0.07%), N = 3, StdDev = 0.890 us
Min = 737.900 us, Q1 = 738.628 us, Median = 739.356 us, Q3 = 739.436 us, Max = 739.516 us
IQR = 0.808 us, LowerFence = 737.417 us, UpperFence = 740.647 us
ConfidenceInterval = [722.687 us; 755.161 us] (CI 99.9%), Margin = 16.237 us (2.20% of Mean)
Skewness = -0.37, Kurtosis = 0.67, MValue = 2
-------------------- Histogram --------------------
[737.898 us ; 739.518 us) | @@@
---------------------------------------------------

PlutusUseCasesBenchmarks.DecodeAndEval: ShortRun(IterationCount=3, LaunchCount=1, MinIterationCount=50, WarmupCount=3) [Script=game-sm-success_2-6]
Runtime = .NET 10.0.12 (10.0.12, 10.0.1226.42308), X64 RyuJIT x86-64-v4; GC = Concurrent Workstation
Mean = 227.391 us, StdErr = 0.800 us (0.35%), N = 3, StdDev = 1.386 us
Min = 226.244 us, Q1 = 226.621 us, Median = 226.998 us, Q3 = 227.964 us, Max = 228.931 us
IQR = 1.343 us, LowerFence = 224.606 us, UpperFence = 229.980 us
ConfidenceInterval = [202.105 us; 252.677 us] (CI 99.9%), Margin = 25.286 us (11.12% of Mean)
Skewness = 0.26, Kurtosis = 0.67, MValue = 2
-------------------- Histogram --------------------
[224.983 us ; 230.193 us) | @@@
---------------------------------------------------

PlutusUseCasesBenchmarks.DecodeAndEval: ShortRun(IterationCount=3, LaunchCount=1, MinIterationCount=50, WarmupCount=3) [Script=guardrail-sorted-large]
Runtime = .NET 10.0.12 (10.0.12, 10.0.1226.42308), X64 RyuJIT x86-64-v4; GC = Concurrent Workstation
Mean = 406.110 us, StdErr = 0.418 us (0.10%), N = 3, StdDev = 0.725 us
Min = 405.288 us, Q1 = 405.837 us, Median = 406.387 us, Q3 = 406.521 us, Max = 406.655 us
IQR = 0.684 us, LowerFence = 404.812 us, UpperFence = 407.546 us
ConfidenceInterval = [392.892 us; 419.328 us] (CI 99.9%), Margin = 13.218 us (3.25% of Mean)
Skewness = -0.33, Kurtosis = 0.67, MValue = 2
-------------------- Histogram --------------------
[404.628 us ; 407.314 us) | @@@
---------------------------------------------------

PlutusUseCasesBenchmarks.DecodeAndEval: ShortRun(IterationCount=3, LaunchCount=1, MinIterationCount=50, WarmupCount=3) [Script=guardrail-sorted-small]
Runtime = .NET 10.0.12 (10.0.12, 10.0.1226.42308), X64 RyuJIT x86-64-v4; GC = Concurrent Workstation
Mean = 97.772 us, StdErr = 0.224 us (0.23%), N = 3, StdDev = 0.388 us
Min = 97.376 us, Q1 = 97.583 us, Median = 97.790 us, Q3 = 97.970 us, Max = 98.151 us
IQR = 0.387 us, LowerFence = 97.002 us, UpperFence = 98.551 us
ConfidenceInterval = [90.701 us; 104.843 us] (CI 99.9%), Margin = 7.071 us (7.23% of Mean)
Skewness = -0.04, Kurtosis = 0.67, MValue = 2
-------------------- Histogram --------------------
[97.024 us ; 98.504 us) | @@@
---------------------------------------------------

PlutusUseCasesBenchmarks.DecodeAndEval: ShortRun(IterationCount=3, LaunchCount=1, MinIterationCount=50, WarmupCount=3) [Script=guardrail-unsorted-large]
Runtime = .NET 10.0.12 (10.0.12, 10.0.1226.42308), X64 RyuJIT x86-64-v4; GC = Concurrent Workstation
Mean = 558.423 us, StdErr = 0.109 us (0.02%), N = 3, StdDev = 0.190 us
Min = 558.260 us, Q1 = 558.319 us, Median = 558.379 us, Q3 = 558.505 us, Max = 558.631 us
IQR = 0.186 us, LowerFence = 558.041 us, UpperFence = 558.784 us
ConfidenceInterval = [554.964 us; 561.882 us] (CI 99.9%), Margin = 3.459 us (0.62% of Mean)
Skewness = 0.22, Kurtosis = 0.67, MValue = 2
-------------------- Histogram --------------------
[558.087 us ; 558.804 us) | @@@
---------------------------------------------------

PlutusUseCasesBenchmarks.DecodeAndEval: ShortRun(IterationCount=3, LaunchCount=1, MinIterationCount=50, WarmupCount=3) [Script=guardrail-unsorted-small]
Runtime = .NET 10.0.12 (10.0.12, 10.0.1226.42308), X64 RyuJIT x86-64-v4; GC = Concurrent Workstation
Mean = 98.305 us, StdErr = 0.143 us (0.15%), N = 3, StdDev = 0.248 us
Min = 98.051 us, Q1 = 98.184 us, Median = 98.317 us, Q3 = 98.432 us, Max = 98.547 us
IQR = 0.248 us, LowerFence = 97.811 us, UpperFence = 98.804 us
ConfidenceInterval = [93.773 us; 102.836 us] (CI 99.9%), Margin = 4.531 us (4.61% of Mean)
Skewness = -0.05, Kurtosis = 0.67, MValue = 2
-------------------- Histogram --------------------
[97.825 us ; 98.773 us) | @@@
---------------------------------------------------

PlutusUseCasesBenchmarks.DecodeAndEval: ShortRun(IterationCount=3, LaunchCount=1, MinIterationCount=50, WarmupCount=3) [Script=multisig-sm-01]
Runtime = .NET 10.0.12 (10.0.12, 10.0.1226.42308), X64 RyuJIT x86-64-v4; GC = Concurrent Workstation
Mean = 644.379 us, StdErr = 30.092 us (4.67%), N = 3, StdDev = 52.121 us
Min = 584.195 us, Q1 = 629.312 us, Median = 674.428 us, Q3 = 674.471 us, Max = 674.514 us
IQR = 45.159 us, LowerFence = 561.573 us, UpperFence = 742.210 us
ConfidenceInterval = [-306.497 us; 1,595.256 us] (CI 99.9%), Margin = 950.877 us (147.56% of Mean)
Skewness = -0.38, Kurtosis = 0.67, MValue = 2
-------------------- Histogram --------------------
[581.923 us ; 676.786 us) | @@@
---------------------------------------------------

PlutusUseCasesBenchmarks.DecodeAndEval: ShortRun(IterationCount=3, LaunchCount=1, MinIterationCount=50, WarmupCount=3) [Script=multisig-sm-02]
Runtime = .NET 10.0.12 (10.0.12, 10.0.1226.42308), X64 RyuJIT x86-64-v4; GC = Concurrent Workstation
Mean = 512.035 us, StdErr = 0.257 us (0.05%), N = 3, StdDev = 0.445 us
Min = 511.657 us, Q1 = 511.789 us, Median = 511.922 us, Q3 = 512.224 us, Max = 512.526 us
IQR = 0.434 us, LowerFence = 511.138 us, UpperFence = 512.875 us
ConfidenceInterval = [503.910 us; 520.159 us] (CI 99.9%), Margin = 8.125 us (1.59% of Mean)
Skewness = 0.24, Kurtosis = 0.67, MValue = 2
-------------------- Histogram --------------------
[511.252 us ; 512.931 us) | @@@
---------------------------------------------------

PlutusUseCasesBenchmarks.DecodeAndEval: ShortRun(IterationCount=3, LaunchCount=1, MinIterationCount=50, WarmupCount=3) [Script=multisig-sm-03]
Runtime = .NET 10.0.12 (10.0.12, 10.0.1226.42308), X64 RyuJIT x86-64-v4; GC = Concurrent Workstation
Mean = 535.327 us, StdErr = 2.015 us (0.38%), N = 3, StdDev = 3.490 us
Min = 532.129 us, Q1 = 533.466 us, Median = 534.804 us, Q3 = 536.926 us, Max = 539.049 us
IQR = 3.460 us, LowerFence = 528.276 us, UpperFence = 542.117 us
ConfidenceInterval = [471.661 us; 598.993 us] (CI 99.9%), Margin = 63.666 us (11.89% of Mean)
Skewness = 0.15, Kurtosis = 0.67, MValue = 2
-------------------- Histogram --------------------
[528.953 us ; 542.225 us) | @@@
---------------------------------------------------

PlutusUseCasesBenchmarks.DecodeAndEval: ShortRun(IterationCount=3, LaunchCount=1, MinIterationCount=50, WarmupCount=3) [Script=multisig-sm-04]
Runtime = .NET 10.0.12 (10.0.12, 10.0.1226.42308), X64 RyuJIT x86-64-v4; GC = Concurrent Workstation
Mean = 529.914 us, StdErr = 0.433 us (0.08%), N = 3, StdDev = 0.750 us
Min = 529.386 us, Q1 = 529.484 us, Median = 529.583 us, Q3 = 530.177 us, Max = 530.772 us
IQR = 0.693 us, LowerFence = 528.445 us, UpperFence = 531.216 us
ConfidenceInterval = [516.235 us; 543.592 us] (CI 99.9%), Margin = 13.678 us (2.58% of Mean)
Skewness = 0.36, Kurtosis = 0.67, MValue = 2
-------------------- Histogram --------------------
[528.704 us ; 531.454 us) | @@@
---------------------------------------------------

PlutusUseCasesBenchmarks.DecodeAndEval: ShortRun(IterationCount=3, LaunchCount=1, MinIterationCount=50, WarmupCount=3) [Script=multisig-sm-05]
Runtime = .NET 10.0.12 (10.0.12, 10.0.1226.42308), X64 RyuJIT x86-64-v4; GC = Concurrent Workstation
Mean = 707.535 us, StdErr = 0.788 us (0.11%), N = 3, StdDev = 1.366 us
Min = 706.279 us, Q1 = 706.808 us, Median = 707.337 us, Q3 = 708.163 us, Max = 708.988 us
IQR = 1.355 us, LowerFence = 704.775 us, UpperFence = 710.195 us
ConfidenceInterval = [682.621 us; 732.448 us] (CI 99.9%), Margin = 24.914 us (3.52% of Mean)
Skewness = 0.14, Kurtosis = 0.67, MValue = 2
-------------------- Histogram --------------------
[705.036 us ; 710.231 us) | @@@
---------------------------------------------------

PlutusUseCasesBenchmarks.DecodeAndEval: ShortRun(IterationCount=3, LaunchCount=1, MinIterationCount=50, WarmupCount=3) [Script=multisig-sm-06]
Runtime = .NET 10.0.12 (10.0.12, 10.0.1226.42308), X64 RyuJIT x86-64-v4; GC = Concurrent Workstation
Mean = 535.223 us, StdErr = 0.823 us (0.15%), N = 3, StdDev = 1.425 us
Min = 534.289 us, Q1 = 534.403 us, Median = 534.518 us, Q3 = 535.690 us, Max = 536.863 us
IQR = 1.287 us, LowerFence = 532.472 us, UpperFence = 537.621 us
ConfidenceInterval = [509.227 us; 561.220 us] (CI 99.9%), Margin = 25.997 us (4.86% of Mean)
Skewness = 0.37, Kurtosis = 0.67, MValue = 2
-------------------- Histogram --------------------
[534.279 us ; 536.873 us) | @@@
---------------------------------------------------

PlutusUseCasesBenchmarks.DecodeAndEval: ShortRun(IterationCount=3, LaunchCount=1, MinIterationCount=50, WarmupCount=3) [Script=multisig-sm-07]
Runtime = .NET 10.0.12 (10.0.12, 10.0.1226.42308), X64 RyuJIT x86-64-v4; GC = Concurrent Workstation
Mean = 527.950 us, StdErr = 1.268 us (0.24%), N = 3, StdDev = 2.196 us
Min = 526.422 us, Q1 = 526.692 us, Median = 526.961 us, Q3 = 528.714 us, Max = 530.467 us
IQR = 2.023 us, LowerFence = 523.658 us, UpperFence = 531.748 us
ConfidenceInterval = [487.879 us; 568.022 us] (CI 99.9%), Margin = 40.072 us (7.59% of Mean)
Skewness = 0.36, Kurtosis = 0.67, MValue = 2
-------------------- Histogram --------------------
[524.423 us ; 532.466 us) | @@@
---------------------------------------------------

PlutusUseCasesBenchmarks.DecodeAndEval: ShortRun(IterationCount=3, LaunchCount=1, MinIterationCount=50, WarmupCount=3) [Script=multisig-sm-08]
Runtime = .NET 10.0.12 (10.0.12, 10.0.1226.42308), X64 RyuJIT x86-64-v4; GC = Concurrent Workstation
Mean = 521.964 us, StdErr = 0.520 us (0.10%), N = 3, StdDev = 0.900 us
Min = 521.160 us, Q1 = 521.477 us, Median = 521.794 us, Q3 = 522.365 us, Max = 522.937 us
IQR = 0.888 us, LowerFence = 520.145 us, UpperFence = 523.698 us
ConfidenceInterval = [505.537 us; 538.391 us] (CI 99.9%), Margin = 16.427 us (3.15% of Mean)
Skewness = 0.18, Kurtosis = 0.67, MValue = 2
-------------------- Histogram --------------------
[520.341 us ; 523.756 us) | @@@
---------------------------------------------------

PlutusUseCasesBenchmarks.DecodeAndEval: ShortRun(IterationCount=3, LaunchCount=1, MinIterationCount=50, WarmupCount=3) [Script=multisig-sm-09]
Runtime = .NET 10.0.12 (10.0.12, 10.0.1226.42308), X64 RyuJIT x86-64-v4; GC = Concurrent Workstation
Mean = 539.915 us, StdErr = 0.804 us (0.15%), N = 3, StdDev = 1.393 us
Min = 538.372 us, Q1 = 539.332 us, Median = 540.291 us, Q3 = 540.687 us, Max = 541.082 us
IQR = 1.355 us, LowerFence = 537.300 us, UpperFence = 542.719 us
ConfidenceInterval = [514.495 us; 565.336 us] (CI 99.9%), Margin = 25.421 us (4.71% of Mean)
Skewness = -0.25, Kurtosis = 0.67, MValue = 2
-------------------- Histogram --------------------
[537.104 us ; 542.350 us) | @@@
---------------------------------------------------

PlutusUseCasesBenchmarks.DecodeAndEval: ShortRun(IterationCount=3, LaunchCount=1, MinIterationCount=50, WarmupCount=3) [Script=multisig-sm-10]
Runtime = .NET 10.0.12 (10.0.12, 10.0.1226.42308), X64 RyuJIT x86-64-v4; GC = Concurrent Workstation
Mean = 704.996 us, StdErr = 2.196 us (0.31%), N = 3, StdDev = 3.804 us
Min = 702.457 us, Q1 = 702.809 us, Median = 703.161 us, Q3 = 706.265 us, Max = 709.370 us
IQR = 3.457 us, LowerFence = 697.624 us, UpperFence = 711.450 us
ConfidenceInterval = [635.590 us; 774.402 us] (CI 99.9%), Margin = 69.406 us (9.84% of Mean)
Skewness = 0.37, Kurtosis = 0.67, MValue = 2
-------------------- Histogram --------------------
[702.451 us ; 709.375 us) | @@@
---------------------------------------------------

PlutusUseCasesBenchmarks.DecodeAndEval: ShortRun(IterationCount=3, LaunchCount=1, MinIterationCount=50, WarmupCount=3) [Script=ping-pong_2-1]
Runtime = .NET 10.0.12 (10.0.12, 10.0.1226.42308), X64 RyuJIT x86-64-v4; GC = Concurrent Workstation
Mean = 308.878 us, StdErr = 0.220 us (0.07%), N = 3, StdDev = 0.380 us
Min = 308.557 us, Q1 = 308.668 us, Median = 308.779 us, Q3 = 309.038 us, Max = 309.298 us
IQR = 0.371 us, LowerFence = 308.112 us, UpperFence = 309.594 us
ConfidenceInterval = [301.938 us; 315.818 us] (CI 99.9%), Margin = 6.940 us (2.25% of Mean)
Skewness = 0.24, Kurtosis = 0.67, MValue = 2
-------------------- Histogram --------------------
[308.211 us ; 309.644 us) | @@@
---------------------------------------------------

PlutusUseCasesBenchmarks.DecodeAndEval: ShortRun(IterationCount=3, LaunchCount=1, MinIterationCount=50, WarmupCount=3) [Script=ping-pong-1]
Runtime = .NET 10.0.12 (10.0.12, 10.0.1226.42308), X64 RyuJIT x86-64-v4; GC = Concurrent Workstation
Mean = 433.172 us, StdErr = 0.918 us (0.21%), N = 3, StdDev = 1.590 us
Min = 431.364 us, Q1 = 432.583 us, Median = 433.802 us, Q3 = 434.076 us, Max = 434.351 us
IQR = 1.494 us, LowerFence = 430.342 us, UpperFence = 436.317 us
ConfidenceInterval = [404.166 us; 462.179 us] (CI 99.9%), Margin = 29.007 us (6.70% of Mean)
Skewness = -0.33, Kurtosis = 0.67, MValue = 2
-------------------- Histogram --------------------
[429.917 us ; 435.798 us) | @@@
---------------------------------------------------

PlutusUseCasesBenchmarks.DecodeAndEval: ShortRun(IterationCount=3, LaunchCount=1, MinIterationCount=50, WarmupCount=3) [Script=ping-pong-2]
Runtime = .NET 10.0.12 (10.0.12, 10.0.1226.42308), X64 RyuJIT x86-64-v4; GC = Concurrent Workstation
Mean = 434.977 us, StdErr = 0.328 us (0.08%), N = 3, StdDev = 0.569 us
Min = 434.364 us, Q1 = 434.721 us, Median = 435.078 us, Q3 = 435.283 us, Max = 435.488 us
IQR = 0.562 us, LowerFence = 433.878 us, UpperFence = 436.126 us
ConfidenceInterval = [424.601 us; 445.353 us] (CI 99.9%), Margin = 10.376 us (2.39% of Mean)
Skewness = -0.17, Kurtosis = 0.67, MValue = 2
-------------------- Histogram --------------------
[433.847 us ; 436.006 us) | @@@
---------------------------------------------------

PlutusUseCasesBenchmarks.DecodeAndEval: ShortRun(IterationCount=3, LaunchCount=1, MinIterationCount=50, WarmupCount=3) [Script=prism-1]
Runtime = .NET 10.0.12 (10.0.12, 10.0.1226.42308), X64 RyuJIT x86-64-v4; GC = Concurrent Workstation
Mean = 177.875 us, StdErr = 0.154 us (0.09%), N = 3, StdDev = 0.267 us
Min = 177.586 us, Q1 = 177.757 us, Median = 177.928 us, Q3 = 178.020 us, Max = 178.111 us
IQR = 0.263 us, LowerFence = 177.363 us, UpperFence = 178.414 us
ConfidenceInterval = [173.009 us; 182.741 us] (CI 99.9%), Margin = 4.866 us (2.74% of Mean)
Skewness = -0.19, Kurtosis = 0.67, MValue = 2
-------------------- Histogram --------------------
[177.343 us ; 178.354 us) | @@@
---------------------------------------------------

PlutusUseCasesBenchmarks.DecodeAndEval: ShortRun(IterationCount=3, LaunchCount=1, MinIterationCount=50, WarmupCount=3) [Script=prism-2]
Runtime = .NET 10.0.12 (10.0.12, 10.0.1226.42308), X64 RyuJIT x86-64-v4; GC = Concurrent Workstation
Mean = 508.570 us, StdErr = 0.733 us (0.14%), N = 3, StdDev = 1.270 us
Min = 507.504 us, Q1 = 507.868 us, Median = 508.232 us, Q3 = 509.103 us, Max = 509.975 us
IQR = 1.235 us, LowerFence = 506.015 us, UpperFence = 510.956 us
ConfidenceInterval = [485.408 us; 531.732 us] (CI 99.9%), Margin = 23.162 us (4.55% of Mean)
Skewness = 0.25, Kurtosis = 0.67, MValue = 2
-------------------- Histogram --------------------
[506.349 us ; 511.130 us) | @@@
---------------------------------------------------

PlutusUseCasesBenchmarks.DecodeAndEval: ShortRun(IterationCount=3, LaunchCount=1, MinIterationCount=50, WarmupCount=3) [Script=prism-3]
Runtime = .NET 10.0.12 (10.0.12, 10.0.1226.42308), X64 RyuJIT x86-64-v4; GC = Concurrent Workstation
Mean = 396.710 us, StdErr = 0.276 us (0.07%), N = 3, StdDev = 0.477 us
Min = 396.159 us, Q1 = 396.571 us, Median = 396.982 us, Q3 = 396.985 us, Max = 396.989 us
IQR = 0.415 us, LowerFence = 395.948 us, UpperFence = 397.608 us
ConfidenceInterval = [388.001 us; 405.418 us] (CI 99.9%), Margin = 8.709 us (2.20% of Mean)
Skewness = -0.38, Kurtosis = 0.67, MValue = 2
-------------------- Histogram --------------------
[396.139 us ; 397.008 us) | @@@
---------------------------------------------------

PlutusUseCasesBenchmarks.DecodeAndEval: ShortRun(IterationCount=3, LaunchCount=1, MinIterationCount=50, WarmupCount=3) [Script=pubkey-1]
Runtime = .NET 10.0.12 (10.0.12, 10.0.1226.42308), X64 RyuJIT x86-64-v4; GC = Concurrent Workstation
Mean = 163.056 us, StdErr = 1.319 us (0.81%), N = 3, StdDev = 2.284 us
Min = 161.537 us, Q1 = 161.743 us, Median = 161.949 us, Q3 = 163.816 us, Max = 165.683 us
IQR = 2.073 us, LowerFence = 158.633 us, UpperFence = 166.926 us
ConfidenceInterval = [121.383 us; 204.730 us] (CI 99.9%), Margin = 41.674 us (25.56% of Mean)
Skewness = 0.37, Kurtosis = 0.67, MValue = 2
-------------------- Histogram --------------------
[161.531 us ; 165.689 us) | @@@
---------------------------------------------------

PlutusUseCasesBenchmarks.DecodeAndEval: ShortRun(IterationCount=3, LaunchCount=1, MinIterationCount=50, WarmupCount=3) [Script=stablecoin_1-1]
Runtime = .NET 10.0.12 (10.0.12, 10.0.1226.42308), X64 RyuJIT x86-64-v4; GC = Concurrent Workstation
Mean = 1.190 ms, StdErr = 0.002 ms (0.15%), N = 3, StdDev = 0.003 ms
Min = 1.187 ms, Q1 = 1.188 ms, Median = 1.189 ms, Q3 = 1.191 ms, Max = 1.193 ms
IQR = 0.003 ms, LowerFence = 1.183 ms, UpperFence = 1.196 ms
ConfidenceInterval = [1.132 ms; 1.247 ms] (CI 99.9%), Margin = 0.057 ms (4.81% of Mean)
Skewness = 0.18, Kurtosis = 0.67, MValue = 2
-------------------- Histogram --------------------
[1.184 ms ; 1.196 ms) | @@@
---------------------------------------------------

PlutusUseCasesBenchmarks.DecodeAndEval: ShortRun(IterationCount=3, LaunchCount=1, MinIterationCount=50, WarmupCount=3) [Script=stablecoin_1-2]
Runtime = .NET 10.0.12 (10.0.12, 10.0.1226.42308), X64 RyuJIT x86-64-v4; GC = Concurrent Workstation
Mean = 204.453 us, StdErr = 0.476 us (0.23%), N = 3, StdDev = 0.825 us
Min = 203.540 us, Q1 = 204.107 us, Median = 204.673 us, Q3 = 204.909 us, Max = 205.145 us
IQR = 0.802 us, LowerFence = 202.904 us, UpperFence = 206.112 us
ConfidenceInterval = [189.410 us; 219.495 us] (CI 99.9%), Margin = 15.043 us (7.36% of Mean)
Skewness = -0.25, Kurtosis = 0.67, MValue = 2
-------------------- Histogram --------------------
[202.790 us ; 205.895 us) | @@@
---------------------------------------------------

PlutusUseCasesBenchmarks.DecodeAndEval: ShortRun(IterationCount=3, LaunchCount=1, MinIterationCount=50, WarmupCount=3) [Script=stablecoin_1-3]
Runtime = .NET 10.0.12 (10.0.12, 10.0.1226.42308), X64 RyuJIT x86-64-v4; GC = Concurrent Workstation
Mean = 1.483 ms, StdErr = 0.116 ms (7.85%), N = 3, StdDev = 0.202 ms
Min = 1.363 ms, Q1 = 1.366 ms, Median = 1.370 ms, Q3 = 1.543 ms, Max = 1.715 ms
IQR = 0.176 ms, LowerFence = 1.102 ms, UpperFence = 1.807 ms
ConfidenceInterval = [-2.193 ms; 5.159 ms] (CI 99.9%), Margin = 3.676 ms (247.93% of Mean)
Skewness = 0.38, Kurtosis = 0.67, MValue = 2
-------------------- Histogram --------------------
[1.356 ms ; 1.722 ms) | @@@
---------------------------------------------------

PlutusUseCasesBenchmarks.DecodeAndEval: ShortRun(IterationCount=3, LaunchCount=1, MinIterationCount=50, WarmupCount=3) [Script=stablecoin_1-4]
Runtime = .NET 10.0.12 (10.0.12, 10.0.1226.42308), X64 RyuJIT x86-64-v4; GC = Concurrent Workstation
Mean = 212.352 us, StdErr = 0.474 us (0.22%), N = 3, StdDev = 0.822 us
Min = 211.651 us, Q1 = 211.900 us, Median = 212.149 us, Q3 = 212.703 us, Max = 213.256 us
IQR = 0.803 us, LowerFence = 210.696 us, UpperFence = 213.907 us
ConfidenceInterval = [197.361 us; 227.343 us] (CI 99.9%), Margin = 14.991 us (7.06% of Mean)
Skewness = 0.23, Kurtosis = 0.67, MValue = 2
-------------------- Histogram --------------------
[210.903 us ; 214.004 us) | @@@
---------------------------------------------------

PlutusUseCasesBenchmarks.DecodeAndEval: ShortRun(IterationCount=3, LaunchCount=1, MinIterationCount=50, WarmupCount=3) [Script=stablecoin_1-5]
Runtime = .NET 10.0.12 (10.0.12, 10.0.1226.42308), X64 RyuJIT x86-64-v4; GC = Concurrent Workstation
Mean = 1.675 ms, StdErr = 0.001 ms (0.07%), N = 3, StdDev = 0.002 ms
Min = 1.674 ms, Q1 = 1.674 ms, Median = 1.674 ms, Q3 = 1.676 ms, Max = 1.677 ms
IQR = 0.002 ms, LowerFence = 1.671 ms, UpperFence = 1.678 ms
ConfidenceInterval = [1.639 ms; 1.711 ms] (CI 99.9%), Margin = 0.036 ms (2.15% of Mean)
Skewness = 0.38, Kurtosis = 0.67, MValue = 2
-------------------- Histogram --------------------
[1.674 ms ; 1.677 ms) | @@@
---------------------------------------------------

PlutusUseCasesBenchmarks.DecodeAndEval: ShortRun(IterationCount=3, LaunchCount=1, MinIterationCount=50, WarmupCount=3) [Script=stablecoin_1-6]
Runtime = .NET 10.0.12 (10.0.12, 10.0.1226.42308), X64 RyuJIT x86-64-v4; GC = Concurrent Workstation
Mean = 248.870 us, StdErr = 0.421 us (0.17%), N = 3, StdDev = 0.730 us
Min = 248.341 us, Q1 = 248.454 us, Median = 248.566 us, Q3 = 249.134 us, Max = 249.703 us
IQR = 0.681 us, LowerFence = 247.433 us, UpperFence = 250.155 us
ConfidenceInterval = [235.557 us; 262.183 us] (CI 99.9%), Margin = 13.313 us (5.35% of Mean)
Skewness = 0.34, Kurtosis = 0.67, MValue = 2
-------------------- Histogram --------------------
[247.677 us ; 250.367 us) | @@@
---------------------------------------------------

PlutusUseCasesBenchmarks.DecodeAndEval: ShortRun(IterationCount=3, LaunchCount=1, MinIterationCount=50, WarmupCount=3) [Script=stablecoin_2-1]
Runtime = .NET 10.0.12 (10.0.12, 10.0.1226.42308), X64 RyuJIT x86-64-v4; GC = Concurrent Workstation
Mean = 1.182 ms, StdErr = 0.002 ms (0.17%), N = 3, StdDev = 0.003 ms
Min = 1.179 ms, Q1 = 1.180 ms, Median = 1.181 ms, Q3 = 1.183 ms, Max = 1.186 ms
IQR = 0.003 ms, LowerFence = 1.175 ms, UpperFence = 1.188 ms
ConfidenceInterval = [1.120 ms; 1.244 ms] (CI 99.9%), Margin = 0.062 ms (5.23% of Mean)
Skewness = 0.26, Kurtosis = 0.67, MValue = 2
-------------------- Histogram --------------------
[1.176 ms ; 1.189 ms) | @@@
---------------------------------------------------

PlutusUseCasesBenchmarks.DecodeAndEval: ShortRun(IterationCount=3, LaunchCount=1, MinIterationCount=50, WarmupCount=3) [Script=stablecoin_2-2]
Runtime = .NET 10.0.12 (10.0.12, 10.0.1226.42308), X64 RyuJIT x86-64-v4; GC = Concurrent Workstation
Mean = 205.131 us, StdErr = 0.614 us (0.30%), N = 3, StdDev = 1.064 us
Min = 203.932 us, Q1 = 204.716 us, Median = 205.499 us, Q3 = 205.730 us, Max = 205.961 us
IQR = 1.015 us, LowerFence = 203.194 us, UpperFence = 207.252 us
ConfidenceInterval = [185.728 us; 224.534 us] (CI 99.9%), Margin = 19.403 us (9.46% of Mean)
Skewness = -0.3, Kurtosis = 0.67, MValue = 2
-------------------- Histogram --------------------
[202.964 us ; 206.929 us) | @@@
---------------------------------------------------

PlutusUseCasesBenchmarks.DecodeAndEval: ShortRun(IterationCount=3, LaunchCount=1, MinIterationCount=50, WarmupCount=3) [Script=stablecoin_2-3]
Runtime = .NET 10.0.12 (10.0.12, 10.0.1226.42308), X64 RyuJIT x86-64-v4; GC = Concurrent Workstation
Mean = 1.366 ms, StdErr = 0.003 ms (0.20%), N = 3, StdDev = 0.005 ms
Min = 1.362 ms, Q1 = 1.363 ms, Median = 1.364 ms, Q3 = 1.367 ms, Max = 1.371 ms
IQR = 0.004 ms, LowerFence = 1.357 ms, UpperFence = 1.374 ms
ConfidenceInterval = [1.280 ms; 1.451 ms] (CI 99.9%), Margin = 0.085 ms (6.25% of Mean)
Skewness = 0.35, Kurtosis = 0.67, MValue = 2
-------------------- Histogram --------------------
[1.358 ms ; 1.375 ms) | @@@
---------------------------------------------------

PlutusUseCasesBenchmarks.DecodeAndEval: ShortRun(IterationCount=3, LaunchCount=1, MinIterationCount=50, WarmupCount=3) [Script=stablecoin_2-4]
Runtime = .NET 10.0.12 (10.0.12, 10.0.1226.42308), X64 RyuJIT x86-64-v4; GC = Concurrent Workstation
Mean = 217.645 us, StdErr = 0.476 us (0.22%), N = 3, StdDev = 0.824 us
Min = 217.011 us, Q1 = 217.179 us, Median = 217.347 us, Q3 = 217.962 us, Max = 218.577 us
IQR = 0.783 us, LowerFence = 216.005 us, UpperFence = 219.136 us
ConfidenceInterval = [202.607 us; 232.682 us] (CI 99.9%), Margin = 15.038 us (6.91% of Mean)
Skewness = 0.31, Kurtosis = 0.67, MValue = 2
-------------------- Histogram --------------------
[216.260 us ; 219.327 us) | @@@
---------------------------------------------------

PlutusUseCasesBenchmarks.DecodeAndEval: ShortRun(IterationCount=3, LaunchCount=1, MinIterationCount=50, WarmupCount=3) [Script=token-account-1]
Runtime = .NET 10.0.12 (10.0.12, 10.0.1226.42308), X64 RyuJIT x86-64-v4; GC = Concurrent Workstation
Mean = 241.016 us, StdErr = 0.211 us (0.09%), N = 3, StdDev = 0.365 us
Min = 240.735 us, Q1 = 240.810 us, Median = 240.885 us, Q3 = 241.157 us, Max = 241.429 us
IQR = 0.347 us, LowerFence = 240.289 us, UpperFence = 241.678 us
ConfidenceInterval = [234.349 us; 247.684 us] (CI 99.9%), Margin = 6.668 us (2.77% of Mean)
Skewness = 0.31, Kurtosis = 0.67, MValue = 2
-------------------- Histogram --------------------
[240.402 us ; 241.762 us) | @@@
---------------------------------------------------

PlutusUseCasesBenchmarks.DecodeAndEval: ShortRun(IterationCount=3, LaunchCount=1, MinIterationCount=50, WarmupCount=3) [Script=token-account-2]
Runtime = .NET 10.0.12 (10.0.12, 10.0.1226.42308), X64 RyuJIT x86-64-v4; GC = Concurrent Workstation
Mean = 354.490 us, StdErr = 0.408 us (0.12%), N = 3, StdDev = 0.706 us
Min = 353.987 us, Q1 = 354.086 us, Median = 354.185 us, Q3 = 354.741 us, Max = 355.297 us
IQR = 0.655 us, LowerFence = 353.103 us, UpperFence = 355.724 us
ConfidenceInterval = [341.605 us; 367.375 us] (CI 99.9%), Margin = 12.885 us (3.63% of Mean)
Skewness = 0.35, Kurtosis = 0.67, MValue = 2
-------------------- Histogram --------------------
[353.344 us ; 355.940 us) | @@@
---------------------------------------------------

PlutusUseCasesBenchmarks.DecodeAndEval: ShortRun(IterationCount=3, LaunchCount=1, MinIterationCount=50, WarmupCount=3) [Script=uniswap-1]
Runtime = .NET 10.0.12 (10.0.12, 10.0.1226.42308), X64 RyuJIT x86-64-v4; GC = Concurrent Workstation
Mean = 446.542 us, StdErr = 0.755 us (0.17%), N = 3, StdDev = 1.308 us
Min = 445.700 us, Q1 = 445.789 us, Median = 445.878 us, Q3 = 446.964 us, Max = 448.050 us
IQR = 1.175 us, LowerFence = 444.026 us, UpperFence = 448.726 us
ConfidenceInterval = [422.672 us; 470.413 us] (CI 99.9%), Margin = 23.870 us (5.35% of Mean)
Skewness = 0.38, Kurtosis = 0.67, MValue = 2
-------------------- Histogram --------------------
[445.684 us ; 448.065 us) | @@@
---------------------------------------------------

PlutusUseCasesBenchmarks.DecodeAndEval: ShortRun(IterationCount=3, LaunchCount=1, MinIterationCount=50, WarmupCount=3) [Script=uniswap-2]
Runtime = .NET 10.0.12 (10.0.12, 10.0.1226.42308), X64 RyuJIT x86-64-v4; GC = Concurrent Workstation
Mean = 264.691 us, StdErr = 0.382 us (0.14%), N = 3, StdDev = 0.661 us
Min = 263.977 us, Q1 = 264.395 us, Median = 264.813 us, Q3 = 265.047 us, Max = 265.282 us
IQR = 0.652 us, LowerFence = 263.416 us, UpperFence = 266.026 us
ConfidenceInterval = [252.633 us; 276.748 us] (CI 99.9%), Margin = 12.057 us (4.56% of Mean)
Skewness = -0.18, Kurtosis = 0.67, MValue = 2
-------------------- Histogram --------------------
[263.376 us ; 265.883 us) | @@@
---------------------------------------------------

PlutusUseCasesBenchmarks.DecodeAndEval: ShortRun(IterationCount=3, LaunchCount=1, MinIterationCount=50, WarmupCount=3) [Script=uniswap-3]
Runtime = .NET 10.0.12 (10.0.12, 10.0.1226.42308), X64 RyuJIT x86-64-v4; GC = Concurrent Workstation
Mean = 1.702 ms, StdErr = 0.001 ms (0.07%), N = 3, StdDev = 0.002 ms
Min = 1.701 ms, Q1 = 1.701 ms, Median = 1.702 ms, Q3 = 1.703 ms, Max = 1.704 ms
IQR = 0.002 ms, LowerFence = 1.698 ms, UpperFence = 1.706 ms
ConfidenceInterval = [1.667 ms; 1.738 ms] (CI 99.9%), Margin = 0.036 ms (2.09% of Mean)
Skewness = 0.18, Kurtosis = 0.67, MValue = 2
-------------------- Histogram --------------------
[1.699 ms ; 1.706 ms) | @@@
---------------------------------------------------

PlutusUseCasesBenchmarks.DecodeAndEval: ShortRun(IterationCount=3, LaunchCount=1, MinIterationCount=50, WarmupCount=3) [Script=uniswap-4]
Runtime = .NET 10.0.12 (10.0.12, 10.0.1226.42308), X64 RyuJIT x86-64-v4; GC = Concurrent Workstation
Mean = 344.527 us, StdErr = 21.676 us (6.29%), N = 3, StdDev = 37.544 us
Min = 321.519 us, Q1 = 322.865 us, Median = 324.212 us, Q3 = 356.031 us, Max = 387.851 us
IQR = 33.166 us, LowerFence = 273.116 us, UpperFence = 405.780 us
ConfidenceInterval = [-340.408 us; 1,029.462 us] (CI 99.9%), Margin = 684.935 us (198.80% of Mean)
Skewness = 0.38, Kurtosis = 0.67, MValue = 2
-------------------- Histogram --------------------
[320.519 us ; 388.851 us) | @@@
---------------------------------------------------

PlutusUseCasesBenchmarks.DecodeAndEval: ShortRun(IterationCount=3, LaunchCount=1, MinIterationCount=50, WarmupCount=3) [Script=uniswap-5]
Runtime = .NET 10.0.12 (10.0.12, 10.0.1226.42308), X64 RyuJIT x86-64-v4; GC = Concurrent Workstation
Mean = 1.168 ms, StdErr = 0.002 ms (0.19%), N = 3, StdDev = 0.004 ms
Min = 1.164 ms, Q1 = 1.166 ms, Median = 1.169 ms, Q3 = 1.170 ms, Max = 1.171 ms
IQR = 0.004 ms, LowerFence = 1.161 ms, UpperFence = 1.176 ms
ConfidenceInterval = [1.098 ms; 1.238 ms] (CI 99.9%), Margin = 0.070 ms (5.98% of Mean)
Skewness = -0.27, Kurtosis = 0.67, MValue = 2
-------------------- Histogram --------------------
[1.160 ms ; 1.175 ms) | @@@
---------------------------------------------------

PlutusUseCasesBenchmarks.DecodeAndEval: ShortRun(IterationCount=3, LaunchCount=1, MinIterationCount=50, WarmupCount=3) [Script=uniswap-6]
Runtime = .NET 10.0.12 (10.0.12, 10.0.1226.42308), X64 RyuJIT x86-64-v4; GC = Concurrent Workstation
Mean = 312.135 us, StdErr = 0.907 us (0.29%), N = 3, StdDev = 1.571 us
Min = 310.507 us, Q1 = 311.382 us, Median = 312.256 us, Q3 = 312.949 us, Max = 313.642 us
IQR = 1.567 us, LowerFence = 309.031 us, UpperFence = 315.300 us
ConfidenceInterval = [283.475 us; 340.795 us] (CI 99.9%), Margin = 28.660 us (9.18% of Mean)
Skewness = -0.08, Kurtosis = 0.67, MValue = 2
-------------------- Histogram --------------------
[309.078 us ; 315.072 us) | @@@
---------------------------------------------------

PlutusUseCasesBenchmarks.DecodeAndEval: ShortRun(IterationCount=3, LaunchCount=1, MinIterationCount=50, WarmupCount=3) [Script=vesting-1]
Runtime = .NET 10.0.12 (10.0.12, 10.0.1226.42308), X64 RyuJIT x86-64-v4; GC = Concurrent Workstation
Mean = 409.411 us, StdErr = 1.035 us (0.25%), N = 3, StdDev = 1.792 us
Min = 408.361 us, Q1 = 408.376 us, Median = 408.392 us, Q3 = 409.936 us, Max = 411.480 us
IQR = 1.560 us, LowerFence = 406.037 us, UpperFence = 412.276 us
ConfidenceInterval = [376.714 us; 442.109 us] (CI 99.9%), Margin = 32.697 us (7.99% of Mean)
Skewness = 0.38, Kurtosis = 0.67, MValue = 2
-------------------- Histogram --------------------
[408.290 us ; 411.552 us) | @@@
---------------------------------------------------

// * Summary *

BenchmarkDotNet v0.15.8, Linux Ubuntu 24.04.5 LTS (Noble Numbat)
11th Gen Intel Core i9-11900 2.50GHz (Max: 0.80GHz), 1 CPU, 16 logical and 8 physical cores
.NET SDK 10.0.401
  [Host]   : .NET 10.0.12 (10.0.12, 10.0.1226.42308), X64 RyuJIT x86-64-v4
  ShortRun : .NET 10.0.12 (10.0.12, 10.0.1226.42308), X64 RyuJIT x86-64-v4

Job=ShortRun  IterationCount=3  LaunchCount=1  
MinIterationCount=50  WarmupCount=3  

| Method        | Script                   | Mean        | Error        | StdDev     | Gen0     | Gen1     | Allocated  |
|-------------- |------------------------- |------------:|-------------:|-----------:|---------:|---------:|-----------:|
| DecodeAndEval | auction_1-1              |   205.71 us |    12.868 us |   0.705 us |  47.6074 |  14.6484 |  389.98 KB |
| DecodeAndEval | auction_1-2              |   737.49 us |    43.254 us |   2.371 us | 135.7422 |  53.7109 |  1114.8 KB |
| DecodeAndEval | auction_1-3              |   749.00 us |    11.872 us |   0.651 us | 137.6953 |  68.3594 | 1127.13 KB |
| DecodeAndEval | auction_1-4              |   238.55 us |    14.946 us |   0.819 us |  56.1523 |  14.1602 |  460.27 KB |
| DecodeAndEval | auction_2-1              |   205.84 us |     4.144 us |   0.227 us |  47.6074 |  14.6484 |  389.98 KB |
| DecodeAndEval | auction_2-2              |   759.88 us |    42.819 us |   2.347 us | 135.7422 |  53.7109 |  1114.8 KB |
| DecodeAndEval | auction_2-3              |   934.97 us |    16.730 us |   0.917 us | 166.0156 |  76.1719 |  1357.3 KB |
| DecodeAndEval | auction_2-4              |   886.47 us | 2,105.916 us | 115.432 us | 137.6953 |  68.3594 | 1127.13 KB |
| DecodeAndEval | auction_2-5              |   239.22 us |     7.335 us |   0.402 us |  56.1523 |  14.1602 |  460.27 KB |
| DecodeAndEval | coop-1                   |   198.90 us |    15.893 us |   0.871 us |  53.4668 |  14.4043 |  437.29 KB |
| DecodeAndEval | coop-2                   |   787.83 us | 1,420.896 us |  77.884 us | 147.4609 |  54.6875 | 1210.63 KB |
| DecodeAndEval | coop-3                   | 2,002.50 us |   240.319 us |  13.173 us | 394.5313 | 128.9063 | 3230.13 KB |
| DecodeAndEval | coop-4                   |   798.71 us |    23.990 us |   1.315 us | 170.8984 |  68.3594 | 1402.15 KB |
| DecodeAndEval | coop-5                   |   395.49 us |    38.209 us |   2.094 us |  93.2617 |  30.7617 |   765.5 KB |
| DecodeAndEval | coop-6                   |   520.62 us |    24.694 us |   1.354 us | 129.8828 |  41.9922 | 1067.16 KB |
| DecodeAndEval | coop-7                   |   268.66 us |    31.507 us |   1.727 us |  70.8008 |  20.0195 |  578.78 KB |
| DecodeAndEval | crowdfunding-success-1   |   230.11 us |    37.920 us |   2.079 us |  56.6406 |  17.8223 |  463.15 KB |
| DecodeAndEval | crowdfunding-success-2   |   230.87 us |    14.684 us |   0.805 us |  56.6406 |  17.8223 |  463.15 KB |
| DecodeAndEval | crowdfunding-success-3   |   233.14 us |    23.509 us |   1.289 us |  56.6406 |  17.8223 |  463.15 KB |
| DecodeAndEval | currency-1               |   292.83 us |     3.849 us |   0.211 us |  61.0352 |  18.0664 |  501.35 KB |
| DecodeAndEval | escrow-redeem_1-1        |   395.97 us |    14.231 us |   0.780 us |  82.5195 |  25.8789 |  677.08 KB |
| DecodeAndEval | escrow-redeem_1-2        |   391.49 us |    34.411 us |   1.886 us |  82.5195 |  25.8789 |  677.08 KB |
| DecodeAndEval | escrow-redeem_2-1        |   447.25 us |    18.500 us |   1.014 us |  91.7969 |  28.8086 |  750.92 KB |
| DecodeAndEval | escrow-redeem_2-2        |   470.45 us |   863.315 us |  47.321 us |  91.7969 |  28.8086 |  750.92 KB |
| DecodeAndEval | escrow-redeem_2-3        |   445.18 us |    17.382 us |   0.953 us |  91.7969 |  28.8086 |  750.92 KB |
| DecodeAndEval | escrow-refund-1          |   219.85 us |    21.602 us |   1.184 us |  53.2227 |  15.8691 |  436.72 KB |
| DecodeAndEval | future-increase-margin-1 |   295.58 us |    53.171 us |   2.914 us |  61.0352 |  18.0664 |  501.15 KB |
| DecodeAndEval | future-increase-margin-2 |   561.81 us |    14.350 us |   0.787 us | 111.3281 |  36.1328 |  917.03 KB |
| DecodeAndEval | future-increase-margin-3 |   563.09 us |    11.820 us |   0.648 us | 111.3281 |  36.1328 |  917.03 KB |
| DecodeAndEval | future-increase-margin-4 |   664.69 us |    37.015 us |   2.029 us | 123.0469 |  55.6641 | 1009.68 KB |
| DecodeAndEval | future-increase-margin-5 | 1,021.99 us |    47.290 us |   2.592 us | 162.1094 |  74.2188 | 1331.91 KB |
| DecodeAndEval | future-pay-out-1         |   294.72 us |    16.840 us |   0.923 us |  61.0352 |  18.0664 |  501.15 KB |
| DecodeAndEval | future-pay-out-2         |   683.56 us | 1,700.171 us |  93.192 us | 111.3281 |  36.1328 |  917.03 KB |
| DecodeAndEval | future-pay-out-3         |   565.97 us |    90.418 us |   4.956 us | 111.3281 |  36.1328 |  917.03 KB |
| DecodeAndEval | future-pay-out-4         | 1,016.18 us |    53.655 us |   2.941 us | 162.1094 |  70.3125 | 1330.38 KB |
| DecodeAndEval | future-settle-early-1    |   290.36 us |    12.036 us |   0.660 us |  61.0352 |  18.0664 |  501.15 KB |
| DecodeAndEval | future-settle-early-2    |   634.77 us | 1,588.823 us |  87.089 us | 111.3281 |  36.1328 |  917.03 KB |
| DecodeAndEval | future-settle-early-3    |   566.58 us |    33.752 us |   1.850 us | 111.3281 |  36.1328 |  917.03 KB |
| DecodeAndEval | future-settle-early-4    |   805.48 us |    27.480 us |   1.506 us | 132.8125 |  63.4766 | 1091.89 KB |
| DecodeAndEval | game-sm-success_1-1      |   488.97 us |    24.755 us |   1.357 us |  98.6328 |  41.9922 |   812.8 KB |
| DecodeAndEval | game-sm-success_1-2      |   203.29 us |     2.722 us |   0.149 us |  49.3164 |  13.4277 |  404.74 KB |
| DecodeAndEval | game-sm-success_1-3      |   748.88 us |    16.224 us |   0.889 us | 136.7188 |  59.5703 | 1121.66 KB |
| DecodeAndEval | game-sm-success_1-4      |   227.57 us |    13.786 us |   0.756 us |  54.9316 |  15.1367 |  449.64 KB |
| DecodeAndEval | game-sm-success_2-1      |   493.90 us |    29.027 us |   1.591 us |  98.6328 |  41.9922 |   812.8 KB |
| DecodeAndEval | game-sm-success_2-2      |   208.22 us |     6.062 us |   0.332 us |  49.3164 |  13.4277 |  404.74 KB |
| DecodeAndEval | game-sm-success_2-3      |   881.38 us | 1,767.735 us |  96.896 us | 136.7188 |  59.5703 | 1121.66 KB |
| DecodeAndEval | game-sm-success_2-4      |   230.49 us |    14.863 us |   0.815 us |  54.9316 |  15.1367 |  449.64 KB |
| DecodeAndEval | game-sm-success_2-5      |   738.92 us |    16.237 us |   0.890 us | 136.7188 |  59.5703 | 1121.67 KB |
| DecodeAndEval | game-sm-success_2-6      |   227.39 us |    25.286 us |   1.386 us |  54.9316 |  15.1367 |  449.64 KB |
| DecodeAndEval | guardrail-sorted-large   |   406.11 us |    13.218 us |   0.725 us | 100.0977 |  30.7617 |  817.65 KB |
| DecodeAndEval | guardrail-sorted-small   |    97.77 us |     7.071 us |   0.388 us |  27.0996 |   5.8594 |  221.94 KB |
| DecodeAndEval | guardrail-unsorted-large |   558.42 us |     3.459 us |   0.190 us | 125.9766 |  41.0156 | 1035.32 KB |
| DecodeAndEval | guardrail-unsorted-small |    98.30 us |     4.531 us |   0.248 us |  26.7334 |   5.7373 |  219.12 KB |
| DecodeAndEval | multisig-sm-01           |   644.38 us |   950.877 us |  52.121 us | 103.5156 |  41.9922 |  850.95 KB |
| DecodeAndEval | multisig-sm-02           |   512.03 us |     8.125 us |   0.445 us | 101.5625 |  45.8984 |  837.33 KB |
| DecodeAndEval | multisig-sm-03           |   535.33 us |    63.666 us |   3.490 us | 102.5391 |  41.0156 |  842.07 KB |
| DecodeAndEval | multisig-sm-04           |   529.91 us |    13.678 us |   0.750 us | 103.5156 |  37.1094 |   846.8 KB |
| DecodeAndEval | multisig-sm-05           |   707.53 us |    24.914 us |   1.366 us | 126.9531 |  55.6641 | 1038.32 KB |
| DecodeAndEval | multisig-sm-06           |   535.22 us |    25.997 us |   1.425 us | 103.5156 |  41.0156 |  850.73 KB |
| DecodeAndEval | multisig-sm-07           |   527.95 us |    40.072 us |   2.196 us | 101.5625 |  44.9219 |  837.11 KB |
| DecodeAndEval | multisig-sm-08           |   521.96 us |    16.427 us |   0.900 us | 102.5391 |  41.0156 |  841.85 KB |
| DecodeAndEval | multisig-sm-09           |   539.92 us |    25.421 us |   1.393 us | 103.5156 |  36.1328 |  846.58 KB |
| DecodeAndEval | multisig-sm-10           |   705.00 us |    69.406 us |   3.804 us | 126.9531 |  55.6641 | 1038.21 KB |
| DecodeAndEval | ping-pong_2-1            |   308.88 us |     6.940 us |   0.380 us |  70.8008 |  29.2969 |  579.97 KB |
| DecodeAndEval | ping-pong-1              |   433.17 us |    29.007 us |   1.590 us |  88.8672 |  39.0625 |  726.52 KB |
| DecodeAndEval | ping-pong-2              |   434.98 us |    10.376 us |   0.569 us |  88.8672 |  38.0859 |  726.52 KB |
| DecodeAndEval | prism-1                  |   177.87 us |     4.866 us |   0.267 us |  43.7012 |  11.9629 |  357.55 KB |
| DecodeAndEval | prism-2                  |   508.57 us |    23.162 us |   1.270 us | 103.5156 |  40.0391 |  849.24 KB |
| DecodeAndEval | prism-3                  |   396.71 us |     8.709 us |   0.477 us |  80.0781 |  26.3672 |  657.98 KB |
| DecodeAndEval | pubkey-1                 |   163.06 us |    41.674 us |   2.284 us |  40.2832 |  10.7422 |  329.37 KB |
| DecodeAndEval | stablecoin_1-1           | 1,189.71 us |    57.249 us |   3.138 us | 166.0156 |  76.1719 | 1367.66 KB |
| DecodeAndEval | stablecoin_1-2           |   204.45 us |    15.043 us |   0.825 us |  48.8281 |  14.4043 |   400.2 KB |
| DecodeAndEval | stablecoin_1-3           | 1,482.75 us | 3,676.110 us | 201.500 us | 183.5938 |  78.1250 | 1504.04 KB |
| DecodeAndEval | stablecoin_1-4           |   212.35 us |    14.991 us |   0.822 us |  50.7813 |  14.4043 |  415.88 KB |
| DecodeAndEval | stablecoin_1-5           | 1,675.11 us |    36.003 us |   1.973 us | 216.7969 |  93.7500 | 1783.42 KB |
| DecodeAndEval | stablecoin_1-6           |   248.87 us |    13.313 us |   0.730 us |  58.5938 |  17.5781 |  481.81 KB |
| DecodeAndEval | stablecoin_2-1           | 1,181.90 us |    61.790 us |   3.387 us | 166.0156 |  76.1719 | 1367.66 KB |
| DecodeAndEval | stablecoin_2-2           |   205.13 us |    19.403 us |   1.064 us |  48.8281 |  14.4043 |   400.2 KB |
| DecodeAndEval | stablecoin_2-3           | 1,365.78 us |    85.427 us |   4.683 us | 183.5938 |  78.1250 | 1504.04 KB |
| DecodeAndEval | stablecoin_2-4           |   217.64 us |    15.038 us |   0.824 us |  50.7813 |  14.4043 |  415.88 KB |
| DecodeAndEval | token-account-1          |   241.02 us |     6.668 us |   0.365 us |  51.7578 |  14.8926 |  423.52 KB |
| DecodeAndEval | token-account-2          |   354.49 us |    12.885 us |   0.706 us |  74.7070 |  24.9023 |  612.98 KB |
| DecodeAndEval | uniswap-1                |   446.54 us |    23.870 us |   1.308 us |  87.4023 |  28.3203 |  715.68 KB |
| DecodeAndEval | uniswap-2                |   264.69 us |    12.057 us |   0.661 us |  57.1289 |  17.5781 |  469.34 KB |
| DecodeAndEval | uniswap-3                | 1,702.31 us |    35.573 us |   1.950 us | 283.2031 | 138.6719 |  2327.5 KB |
| DecodeAndEval | uniswap-4                |   344.53 us |   684.935 us |  37.544 us |  72.2656 |  22.9492 |  591.09 KB |
| DecodeAndEval | uniswap-5                | 1,167.99 us |    69.827 us |   3.827 us | 207.0313 |  89.8438 | 1697.58 KB |
| DecodeAndEval | uniswap-6                |   312.14 us |    28.660 us |   1.571 us |  69.8242 |  21.9727 |  570.73 KB |
| DecodeAndEval | vesting-1                |   409.41 us |    32.697 us |   1.792 us |  82.5195 |  25.3906 |   675.7 KB |

// * Legends *
  Script    : Value of the 'Script' parameter
  Mean      : Arithmetic mean of all measurements
  Error     : Half of 99.9% confidence interval
  StdDev    : Standard deviation of all measurements
  Gen0      : GC Generation 0 collects per 1000 operations
  Gen1      : GC Generation 1 collects per 1000 operations
  Allocated : Allocated memory per single operation (managed only, inclusive, 1KB = 1024B)
  1 us      : 1 Microsecond (0.000001 sec)

// * Diagnostic Output - MemoryDiagnoser *


// ***** BenchmarkRunner: End *****
Run time: 00:10:22 (622.08 sec), executed benchmarks: 89

Global total time: 00:10:34 (634.84 sec), executed benchmarks: 89
// * Artifacts cleanup *
Artifacts cleanup is finished
