// Validating benchmarks:
// ***** BenchmarkRunner: Start   *****
// ***** Found 89 benchmark(s) in total *****
// ***** Building 1 exe(s) in Parallel: Start   *****
// start dotnet  restore -r linux-x64 --nodeReuse:false /p:UseSharedCompilation=false /p:Deterministic=true /p:Optimize=true /p:ArtifactsPath="/bench/chrysalis/benchmarks/PlutusBench/bin/Release/net10.0/PlutusBench-NativeAOT 10.0-1/" /p:OutDir="/bench/chrysalis/benchmarks/PlutusBench/bin/Release/net10.0/PlutusBench-NativeAOT 10.0-1/bin/Release/net10.0/linux-x64/publish/" /p:OutputPath="/bench/chrysalis/benchmarks/PlutusBench/bin/Release/net10.0/PlutusBench-NativeAOT 10.0-1/bin/Release/net10.0/linux-x64/publish/" /p:PublishDir="/bench/chrysalis/benchmarks/PlutusBench/bin/Release/net10.0/PlutusBench-NativeAOT 10.0-1/publish/" in /bench/chrysalis/benchmarks/PlutusBench/bin/Release/net10.0/PlutusBench-NativeAOT 10.0-1
// command took 3.13 sec and exited with 0
// start dotnet  publish -c Release -r linux-x64 --no-restore --nodeReuse:false /p:UseSharedCompilation=false /p:Deterministic=true /p:Optimize=true /p:ArtifactsPath="/bench/chrysalis/benchmarks/PlutusBench/bin/Release/net10.0/PlutusBench-NativeAOT 10.0-1/" /p:OutDir="/bench/chrysalis/benchmarks/PlutusBench/bin/Release/net10.0/PlutusBench-NativeAOT 10.0-1/bin/Release/net10.0/linux-x64/publish/" /p:OutputPath="/bench/chrysalis/benchmarks/PlutusBench/bin/Release/net10.0/PlutusBench-NativeAOT 10.0-1/bin/Release/net10.0/linux-x64/publish/" /p:PublishDir="/bench/chrysalis/benchmarks/PlutusBench/bin/Release/net10.0/PlutusBench-NativeAOT 10.0-1/publish/" --output "/bench/chrysalis/benchmarks/PlutusBench/bin/Release/net10.0/PlutusBench-NativeAOT 10.0-1/bin/Release/net10.0/linux-x64/publish/" in /bench/chrysalis/benchmarks/PlutusBench/bin/Release/net10.0/PlutusBench-NativeAOT 10.0-1
// command took 62.93 sec and exited with 0
// ***** Done, took 00:01:06 (66.15 sec)   *****
// Found 89 benchmarks:
//   PlutusUseCasesBenchmarks.DecodeAndEval: NativeAOT 10.0(Runtime=NativeAOT 10.0, Toolchain=Latest ILCompiler, IterationCount=3, LaunchCount=1, MinIterationCount=50, WarmupCount=3) [Script=auction_1-1]
//   PlutusUseCasesBenchmarks.DecodeAndEval: NativeAOT 10.0(Runtime=NativeAOT 10.0, Toolchain=Latest ILCompiler, IterationCount=3, LaunchCount=1, MinIterationCount=50, WarmupCount=3) [Script=auction_1-2]
//   PlutusUseCasesBenchmarks.DecodeAndEval: NativeAOT 10.0(Runtime=NativeAOT 10.0, Toolchain=Latest ILCompiler, IterationCount=3, LaunchCount=1, MinIterationCount=50, WarmupCount=3) [Script=auction_1-3]
//   PlutusUseCasesBenchmarks.DecodeAndEval: NativeAOT 10.0(Runtime=NativeAOT 10.0, Toolchain=Latest ILCompiler, IterationCount=3, LaunchCount=1, MinIterationCount=50, WarmupCount=3) [Script=auction_1-4]
//   PlutusUseCasesBenchmarks.DecodeAndEval: NativeAOT 10.0(Runtime=NativeAOT 10.0, Toolchain=Latest ILCompiler, IterationCount=3, LaunchCount=1, MinIterationCount=50, WarmupCount=3) [Script=auction_2-1]
//   PlutusUseCasesBenchmarks.DecodeAndEval: NativeAOT 10.0(Runtime=NativeAOT 10.0, Toolchain=Latest ILCompiler, IterationCount=3, LaunchCount=1, MinIterationCount=50, WarmupCount=3) [Script=auction_2-2]
//   PlutusUseCasesBenchmarks.DecodeAndEval: NativeAOT 10.0(Runtime=NativeAOT 10.0, Toolchain=Latest ILCompiler, IterationCount=3, LaunchCount=1, MinIterationCount=50, WarmupCount=3) [Script=auction_2-3]
//   PlutusUseCasesBenchmarks.DecodeAndEval: NativeAOT 10.0(Runtime=NativeAOT 10.0, Toolchain=Latest ILCompiler, IterationCount=3, LaunchCount=1, MinIterationCount=50, WarmupCount=3) [Script=auction_2-4]
//   PlutusUseCasesBenchmarks.DecodeAndEval: NativeAOT 10.0(Runtime=NativeAOT 10.0, Toolchain=Latest ILCompiler, IterationCount=3, LaunchCount=1, MinIterationCount=50, WarmupCount=3) [Script=auction_2-5]
//   PlutusUseCasesBenchmarks.DecodeAndEval: NativeAOT 10.0(Runtime=NativeAOT 10.0, Toolchain=Latest ILCompiler, IterationCount=3, LaunchCount=1, MinIterationCount=50, WarmupCount=3) [Script=coop-1]
//   PlutusUseCasesBenchmarks.DecodeAndEval: NativeAOT 10.0(Runtime=NativeAOT 10.0, Toolchain=Latest ILCompiler, IterationCount=3, LaunchCount=1, MinIterationCount=50, WarmupCount=3) [Script=coop-2]
//   PlutusUseCasesBenchmarks.DecodeAndEval: NativeAOT 10.0(Runtime=NativeAOT 10.0, Toolchain=Latest ILCompiler, IterationCount=3, LaunchCount=1, MinIterationCount=50, WarmupCount=3) [Script=coop-3]
//   PlutusUseCasesBenchmarks.DecodeAndEval: NativeAOT 10.0(Runtime=NativeAOT 10.0, Toolchain=Latest ILCompiler, IterationCount=3, LaunchCount=1, MinIterationCount=50, WarmupCount=3) [Script=coop-4]
//   PlutusUseCasesBenchmarks.DecodeAndEval: NativeAOT 10.0(Runtime=NativeAOT 10.0, Toolchain=Latest ILCompiler, IterationCount=3, LaunchCount=1, MinIterationCount=50, WarmupCount=3) [Script=coop-5]
//   PlutusUseCasesBenchmarks.DecodeAndEval: NativeAOT 10.0(Runtime=NativeAOT 10.0, Toolchain=Latest ILCompiler, IterationCount=3, LaunchCount=1, MinIterationCount=50, WarmupCount=3) [Script=coop-6]
//   PlutusUseCasesBenchmarks.DecodeAndEval: NativeAOT 10.0(Runtime=NativeAOT 10.0, Toolchain=Latest ILCompiler, IterationCount=3, LaunchCount=1, MinIterationCount=50, WarmupCount=3) [Script=coop-7]
//   PlutusUseCasesBenchmarks.DecodeAndEval: NativeAOT 10.0(Runtime=NativeAOT 10.0, Toolchain=Latest ILCompiler, IterationCount=3, LaunchCount=1, MinIterationCount=50, WarmupCount=3) [Script=crowdfunding-success-1]
//   PlutusUseCasesBenchmarks.DecodeAndEval: NativeAOT 10.0(Runtime=NativeAOT 10.0, Toolchain=Latest ILCompiler, IterationCount=3, LaunchCount=1, MinIterationCount=50, WarmupCount=3) [Script=crowdfunding-success-2]
//   PlutusUseCasesBenchmarks.DecodeAndEval: NativeAOT 10.0(Runtime=NativeAOT 10.0, Toolchain=Latest ILCompiler, IterationCount=3, LaunchCount=1, MinIterationCount=50, WarmupCount=3) [Script=crowdfunding-success-3]
//   PlutusUseCasesBenchmarks.DecodeAndEval: NativeAOT 10.0(Runtime=NativeAOT 10.0, Toolchain=Latest ILCompiler, IterationCount=3, LaunchCount=1, MinIterationCount=50, WarmupCount=3) [Script=currency-1]
//   PlutusUseCasesBenchmarks.DecodeAndEval: NativeAOT 10.0(Runtime=NativeAOT 10.0, Toolchain=Latest ILCompiler, IterationCount=3, LaunchCount=1, MinIterationCount=50, WarmupCount=3) [Script=escrow-redeem_1-1]
//   PlutusUseCasesBenchmarks.DecodeAndEval: NativeAOT 10.0(Runtime=NativeAOT 10.0, Toolchain=Latest ILCompiler, IterationCount=3, LaunchCount=1, MinIterationCount=50, WarmupCount=3) [Script=escrow-redeem_1-2]
//   PlutusUseCasesBenchmarks.DecodeAndEval: NativeAOT 10.0(Runtime=NativeAOT 10.0, Toolchain=Latest ILCompiler, IterationCount=3, LaunchCount=1, MinIterationCount=50, WarmupCount=3) [Script=escrow-redeem_2-1]
//   PlutusUseCasesBenchmarks.DecodeAndEval: NativeAOT 10.0(Runtime=NativeAOT 10.0, Toolchain=Latest ILCompiler, IterationCount=3, LaunchCount=1, MinIterationCount=50, WarmupCount=3) [Script=escrow-redeem_2-2]
//   PlutusUseCasesBenchmarks.DecodeAndEval: NativeAOT 10.0(Runtime=NativeAOT 10.0, Toolchain=Latest ILCompiler, IterationCount=3, LaunchCount=1, MinIterationCount=50, WarmupCount=3) [Script=escrow-redeem_2-3]
//   PlutusUseCasesBenchmarks.DecodeAndEval: NativeAOT 10.0(Runtime=NativeAOT 10.0, Toolchain=Latest ILCompiler, IterationCount=3, LaunchCount=1, MinIterationCount=50, WarmupCount=3) [Script=escrow-refund-1]
//   PlutusUseCasesBenchmarks.DecodeAndEval: NativeAOT 10.0(Runtime=NativeAOT 10.0, Toolchain=Latest ILCompiler, IterationCount=3, LaunchCount=1, MinIterationCount=50, WarmupCount=3) [Script=future-increase-margin-1]
//   PlutusUseCasesBenchmarks.DecodeAndEval: NativeAOT 10.0(Runtime=NativeAOT 10.0, Toolchain=Latest ILCompiler, IterationCount=3, LaunchCount=1, MinIterationCount=50, WarmupCount=3) [Script=future-increase-margin-2]
//   PlutusUseCasesBenchmarks.DecodeAndEval: NativeAOT 10.0(Runtime=NativeAOT 10.0, Toolchain=Latest ILCompiler, IterationCount=3, LaunchCount=1, MinIterationCount=50, WarmupCount=3) [Script=future-increase-margin-3]
//   PlutusUseCasesBenchmarks.DecodeAndEval: NativeAOT 10.0(Runtime=NativeAOT 10.0, Toolchain=Latest ILCompiler, IterationCount=3, LaunchCount=1, MinIterationCount=50, WarmupCount=3) [Script=future-increase-margin-4]
//   PlutusUseCasesBenchmarks.DecodeAndEval: NativeAOT 10.0(Runtime=NativeAOT 10.0, Toolchain=Latest ILCompiler, IterationCount=3, LaunchCount=1, MinIterationCount=50, WarmupCount=3) [Script=future-increase-margin-5]
//   PlutusUseCasesBenchmarks.DecodeAndEval: NativeAOT 10.0(Runtime=NativeAOT 10.0, Toolchain=Latest ILCompiler, IterationCount=3, LaunchCount=1, MinIterationCount=50, WarmupCount=3) [Script=future-pay-out-1]
//   PlutusUseCasesBenchmarks.DecodeAndEval: NativeAOT 10.0(Runtime=NativeAOT 10.0, Toolchain=Latest ILCompiler, IterationCount=3, LaunchCount=1, MinIterationCount=50, WarmupCount=3) [Script=future-pay-out-2]
//   PlutusUseCasesBenchmarks.DecodeAndEval: NativeAOT 10.0(Runtime=NativeAOT 10.0, Toolchain=Latest ILCompiler, IterationCount=3, LaunchCount=1, MinIterationCount=50, WarmupCount=3) [Script=future-pay-out-3]
//   PlutusUseCasesBenchmarks.DecodeAndEval: NativeAOT 10.0(Runtime=NativeAOT 10.0, Toolchain=Latest ILCompiler, IterationCount=3, LaunchCount=1, MinIterationCount=50, WarmupCount=3) [Script=future-pay-out-4]
//   PlutusUseCasesBenchmarks.DecodeAndEval: NativeAOT 10.0(Runtime=NativeAOT 10.0, Toolchain=Latest ILCompiler, IterationCount=3, LaunchCount=1, MinIterationCount=50, WarmupCount=3) [Script=future-settle-early-1]
//   PlutusUseCasesBenchmarks.DecodeAndEval: NativeAOT 10.0(Runtime=NativeAOT 10.0, Toolchain=Latest ILCompiler, IterationCount=3, LaunchCount=1, MinIterationCount=50, WarmupCount=3) [Script=future-settle-early-2]
//   PlutusUseCasesBenchmarks.DecodeAndEval: NativeAOT 10.0(Runtime=NativeAOT 10.0, Toolchain=Latest ILCompiler, IterationCount=3, LaunchCount=1, MinIterationCount=50, WarmupCount=3) [Script=future-settle-early-3]
//   PlutusUseCasesBenchmarks.DecodeAndEval: NativeAOT 10.0(Runtime=NativeAOT 10.0, Toolchain=Latest ILCompiler, IterationCount=3, LaunchCount=1, MinIterationCount=50, WarmupCount=3) [Script=future-settle-early-4]
//   PlutusUseCasesBenchmarks.DecodeAndEval: NativeAOT 10.0(Runtime=NativeAOT 10.0, Toolchain=Latest ILCompiler, IterationCount=3, LaunchCount=1, MinIterationCount=50, WarmupCount=3) [Script=game-sm-success_1-1]
//   PlutusUseCasesBenchmarks.DecodeAndEval: NativeAOT 10.0(Runtime=NativeAOT 10.0, Toolchain=Latest ILCompiler, IterationCount=3, LaunchCount=1, MinIterationCount=50, WarmupCount=3) [Script=game-sm-success_1-2]
//   PlutusUseCasesBenchmarks.DecodeAndEval: NativeAOT 10.0(Runtime=NativeAOT 10.0, Toolchain=Latest ILCompiler, IterationCount=3, LaunchCount=1, MinIterationCount=50, WarmupCount=3) [Script=game-sm-success_1-3]
//   PlutusUseCasesBenchmarks.DecodeAndEval: NativeAOT 10.0(Runtime=NativeAOT 10.0, Toolchain=Latest ILCompiler, IterationCount=3, LaunchCount=1, MinIterationCount=50, WarmupCount=3) [Script=game-sm-success_1-4]
//   PlutusUseCasesBenchmarks.DecodeAndEval: NativeAOT 10.0(Runtime=NativeAOT 10.0, Toolchain=Latest ILCompiler, IterationCount=3, LaunchCount=1, MinIterationCount=50, WarmupCount=3) [Script=game-sm-success_2-1]
//   PlutusUseCasesBenchmarks.DecodeAndEval: NativeAOT 10.0(Runtime=NativeAOT 10.0, Toolchain=Latest ILCompiler, IterationCount=3, LaunchCount=1, MinIterationCount=50, WarmupCount=3) [Script=game-sm-success_2-2]
//   PlutusUseCasesBenchmarks.DecodeAndEval: NativeAOT 10.0(Runtime=NativeAOT 10.0, Toolchain=Latest ILCompiler, IterationCount=3, LaunchCount=1, MinIterationCount=50, WarmupCount=3) [Script=game-sm-success_2-3]
//   PlutusUseCasesBenchmarks.DecodeAndEval: NativeAOT 10.0(Runtime=NativeAOT 10.0, Toolchain=Latest ILCompiler, IterationCount=3, LaunchCount=1, MinIterationCount=50, WarmupCount=3) [Script=game-sm-success_2-4]
//   PlutusUseCasesBenchmarks.DecodeAndEval: NativeAOT 10.0(Runtime=NativeAOT 10.0, Toolchain=Latest ILCompiler, IterationCount=3, LaunchCount=1, MinIterationCount=50, WarmupCount=3) [Script=game-sm-success_2-5]
//   PlutusUseCasesBenchmarks.DecodeAndEval: NativeAOT 10.0(Runtime=NativeAOT 10.0, Toolchain=Latest ILCompiler, IterationCount=3, LaunchCount=1, MinIterationCount=50, WarmupCount=3) [Script=game-sm-success_2-6]
//   PlutusUseCasesBenchmarks.DecodeAndEval: NativeAOT 10.0(Runtime=NativeAOT 10.0, Toolchain=Latest ILCompiler, IterationCount=3, LaunchCount=1, MinIterationCount=50, WarmupCount=3) [Script=guardrail-sorted-large]
//   PlutusUseCasesBenchmarks.DecodeAndEval: NativeAOT 10.0(Runtime=NativeAOT 10.0, Toolchain=Latest ILCompiler, IterationCount=3, LaunchCount=1, MinIterationCount=50, WarmupCount=3) [Script=guardrail-sorted-small]
//   PlutusUseCasesBenchmarks.DecodeAndEval: NativeAOT 10.0(Runtime=NativeAOT 10.0, Toolchain=Latest ILCompiler, IterationCount=3, LaunchCount=1, MinIterationCount=50, WarmupCount=3) [Script=guardrail-unsorted-large]
//   PlutusUseCasesBenchmarks.DecodeAndEval: NativeAOT 10.0(Runtime=NativeAOT 10.0, Toolchain=Latest ILCompiler, IterationCount=3, LaunchCount=1, MinIterationCount=50, WarmupCount=3) [Script=guardrail-unsorted-small]
//   PlutusUseCasesBenchmarks.DecodeAndEval: NativeAOT 10.0(Runtime=NativeAOT 10.0, Toolchain=Latest ILCompiler, IterationCount=3, LaunchCount=1, MinIterationCount=50, WarmupCount=3) [Script=multisig-sm-01]
//   PlutusUseCasesBenchmarks.DecodeAndEval: NativeAOT 10.0(Runtime=NativeAOT 10.0, Toolchain=Latest ILCompiler, IterationCount=3, LaunchCount=1, MinIterationCount=50, WarmupCount=3) [Script=multisig-sm-02]
//   PlutusUseCasesBenchmarks.DecodeAndEval: NativeAOT 10.0(Runtime=NativeAOT 10.0, Toolchain=Latest ILCompiler, IterationCount=3, LaunchCount=1, MinIterationCount=50, WarmupCount=3) [Script=multisig-sm-03]
//   PlutusUseCasesBenchmarks.DecodeAndEval: NativeAOT 10.0(Runtime=NativeAOT 10.0, Toolchain=Latest ILCompiler, IterationCount=3, LaunchCount=1, MinIterationCount=50, WarmupCount=3) [Script=multisig-sm-04]
//   PlutusUseCasesBenchmarks.DecodeAndEval: NativeAOT 10.0(Runtime=NativeAOT 10.0, Toolchain=Latest ILCompiler, IterationCount=3, LaunchCount=1, MinIterationCount=50, WarmupCount=3) [Script=multisig-sm-05]
//   PlutusUseCasesBenchmarks.DecodeAndEval: NativeAOT 10.0(Runtime=NativeAOT 10.0, Toolchain=Latest ILCompiler, IterationCount=3, LaunchCount=1, MinIterationCount=50, WarmupCount=3) [Script=multisig-sm-06]
//   PlutusUseCasesBenchmarks.DecodeAndEval: NativeAOT 10.0(Runtime=NativeAOT 10.0, Toolchain=Latest ILCompiler, IterationCount=3, LaunchCount=1, MinIterationCount=50, WarmupCount=3) [Script=multisig-sm-07]
//   PlutusUseCasesBenchmarks.DecodeAndEval: NativeAOT 10.0(Runtime=NativeAOT 10.0, Toolchain=Latest ILCompiler, IterationCount=3, LaunchCount=1, MinIterationCount=50, WarmupCount=3) [Script=multisig-sm-08]
//   PlutusUseCasesBenchmarks.DecodeAndEval: NativeAOT 10.0(Runtime=NativeAOT 10.0, Toolchain=Latest ILCompiler, IterationCount=3, LaunchCount=1, MinIterationCount=50, WarmupCount=3) [Script=multisig-sm-09]
//   PlutusUseCasesBenchmarks.DecodeAndEval: NativeAOT 10.0(Runtime=NativeAOT 10.0, Toolchain=Latest ILCompiler, IterationCount=3, LaunchCount=1, MinIterationCount=50, WarmupCount=3) [Script=multisig-sm-10]
//   PlutusUseCasesBenchmarks.DecodeAndEval: NativeAOT 10.0(Runtime=NativeAOT 10.0, Toolchain=Latest ILCompiler, IterationCount=3, LaunchCount=1, MinIterationCount=50, WarmupCount=3) [Script=ping-pong_2-1]
//   PlutusUseCasesBenchmarks.DecodeAndEval: NativeAOT 10.0(Runtime=NativeAOT 10.0, Toolchain=Latest ILCompiler, IterationCount=3, LaunchCount=1, MinIterationCount=50, WarmupCount=3) [Script=ping-pong-1]
//   PlutusUseCasesBenchmarks.DecodeAndEval: NativeAOT 10.0(Runtime=NativeAOT 10.0, Toolchain=Latest ILCompiler, IterationCount=3, LaunchCount=1, MinIterationCount=50, WarmupCount=3) [Script=ping-pong-2]
//   PlutusUseCasesBenchmarks.DecodeAndEval: NativeAOT 10.0(Runtime=NativeAOT 10.0, Toolchain=Latest ILCompiler, IterationCount=3, LaunchCount=1, MinIterationCount=50, WarmupCount=3) [Script=prism-1]
//   PlutusUseCasesBenchmarks.DecodeAndEval: NativeAOT 10.0(Runtime=NativeAOT 10.0, Toolchain=Latest ILCompiler, IterationCount=3, LaunchCount=1, MinIterationCount=50, WarmupCount=3) [Script=prism-2]
//   PlutusUseCasesBenchmarks.DecodeAndEval: NativeAOT 10.0(Runtime=NativeAOT 10.0, Toolchain=Latest ILCompiler, IterationCount=3, LaunchCount=1, MinIterationCount=50, WarmupCount=3) [Script=prism-3]
//   PlutusUseCasesBenchmarks.DecodeAndEval: NativeAOT 10.0(Runtime=NativeAOT 10.0, Toolchain=Latest ILCompiler, IterationCount=3, LaunchCount=1, MinIterationCount=50, WarmupCount=3) [Script=pubkey-1]
//   PlutusUseCasesBenchmarks.DecodeAndEval: NativeAOT 10.0(Runtime=NativeAOT 10.0, Toolchain=Latest ILCompiler, IterationCount=3, LaunchCount=1, MinIterationCount=50, WarmupCount=3) [Script=stablecoin_1-1]
//   PlutusUseCasesBenchmarks.DecodeAndEval: NativeAOT 10.0(Runtime=NativeAOT 10.0, Toolchain=Latest ILCompiler, IterationCount=3, LaunchCount=1, MinIterationCount=50, WarmupCount=3) [Script=stablecoin_1-2]
//   PlutusUseCasesBenchmarks.DecodeAndEval: NativeAOT 10.0(Runtime=NativeAOT 10.0, Toolchain=Latest ILCompiler, IterationCount=3, LaunchCount=1, MinIterationCount=50, WarmupCount=3) [Script=stablecoin_1-3]
//   PlutusUseCasesBenchmarks.DecodeAndEval: NativeAOT 10.0(Runtime=NativeAOT 10.0, Toolchain=Latest ILCompiler, IterationCount=3, LaunchCount=1, MinIterationCount=50, WarmupCount=3) [Script=stablecoin_1-4]
//   PlutusUseCasesBenchmarks.DecodeAndEval: NativeAOT 10.0(Runtime=NativeAOT 10.0, Toolchain=Latest ILCompiler, IterationCount=3, LaunchCount=1, MinIterationCount=50, WarmupCount=3) [Script=stablecoin_1-5]
//   PlutusUseCasesBenchmarks.DecodeAndEval: NativeAOT 10.0(Runtime=NativeAOT 10.0, Toolchain=Latest ILCompiler, IterationCount=3, LaunchCount=1, MinIterationCount=50, WarmupCount=3) [Script=stablecoin_1-6]
//   PlutusUseCasesBenchmarks.DecodeAndEval: NativeAOT 10.0(Runtime=NativeAOT 10.0, Toolchain=Latest ILCompiler, IterationCount=3, LaunchCount=1, MinIterationCount=50, WarmupCount=3) [Script=stablecoin_2-1]
//   PlutusUseCasesBenchmarks.DecodeAndEval: NativeAOT 10.0(Runtime=NativeAOT 10.0, Toolchain=Latest ILCompiler, IterationCount=3, LaunchCount=1, MinIterationCount=50, WarmupCount=3) [Script=stablecoin_2-2]
//   PlutusUseCasesBenchmarks.DecodeAndEval: NativeAOT 10.0(Runtime=NativeAOT 10.0, Toolchain=Latest ILCompiler, IterationCount=3, LaunchCount=1, MinIterationCount=50, WarmupCount=3) [Script=stablecoin_2-3]
//   PlutusUseCasesBenchmarks.DecodeAndEval: NativeAOT 10.0(Runtime=NativeAOT 10.0, Toolchain=Latest ILCompiler, IterationCount=3, LaunchCount=1, MinIterationCount=50, WarmupCount=3) [Script=stablecoin_2-4]
//   PlutusUseCasesBenchmarks.DecodeAndEval: NativeAOT 10.0(Runtime=NativeAOT 10.0, Toolchain=Latest ILCompiler, IterationCount=3, LaunchCount=1, MinIterationCount=50, WarmupCount=3) [Script=token-account-1]
//   PlutusUseCasesBenchmarks.DecodeAndEval: NativeAOT 10.0(Runtime=NativeAOT 10.0, Toolchain=Latest ILCompiler, IterationCount=3, LaunchCount=1, MinIterationCount=50, WarmupCount=3) [Script=token-account-2]
//   PlutusUseCasesBenchmarks.DecodeAndEval: NativeAOT 10.0(Runtime=NativeAOT 10.0, Toolchain=Latest ILCompiler, IterationCount=3, LaunchCount=1, MinIterationCount=50, WarmupCount=3) [Script=uniswap-1]
//   PlutusUseCasesBenchmarks.DecodeAndEval: NativeAOT 10.0(Runtime=NativeAOT 10.0, Toolchain=Latest ILCompiler, IterationCount=3, LaunchCount=1, MinIterationCount=50, WarmupCount=3) [Script=uniswap-2]
//   PlutusUseCasesBenchmarks.DecodeAndEval: NativeAOT 10.0(Runtime=NativeAOT 10.0, Toolchain=Latest ILCompiler, IterationCount=3, LaunchCount=1, MinIterationCount=50, WarmupCount=3) [Script=uniswap-3]
//   PlutusUseCasesBenchmarks.DecodeAndEval: NativeAOT 10.0(Runtime=NativeAOT 10.0, Toolchain=Latest ILCompiler, IterationCount=3, LaunchCount=1, MinIterationCount=50, WarmupCount=3) [Script=uniswap-4]
//   PlutusUseCasesBenchmarks.DecodeAndEval: NativeAOT 10.0(Runtime=NativeAOT 10.0, Toolchain=Latest ILCompiler, IterationCount=3, LaunchCount=1, MinIterationCount=50, WarmupCount=3) [Script=uniswap-5]
//   PlutusUseCasesBenchmarks.DecodeAndEval: NativeAOT 10.0(Runtime=NativeAOT 10.0, Toolchain=Latest ILCompiler, IterationCount=3, LaunchCount=1, MinIterationCount=50, WarmupCount=3) [Script=uniswap-6]
//   PlutusUseCasesBenchmarks.DecodeAndEval: NativeAOT 10.0(Runtime=NativeAOT 10.0, Toolchain=Latest ILCompiler, IterationCount=3, LaunchCount=1, MinIterationCount=50, WarmupCount=3) [Script=vesting-1]

// **************************
// Benchmark: PlutusUseCasesBenchmarks.DecodeAndEval: NativeAOT 10.0(Runtime=NativeAOT 10.0, Toolchain=Latest ILCompiler, IterationCount=3, LaunchCount=1, MinIterationCount=50, WarmupCount=3) [Script=auction_1-1]
// *** Execute ***
// Launch: 1 / 1
// Execute: /bench/chrysalis/benchmarks/PlutusBench/bin/Release/net10.0/PlutusBench-NativeAOT 10.0-1/bin/Release/net10.0/linux-x64/publish/PlutusBench-NativeAOT 10.0-1 --anonymousPipes 113 114 --benchmarkName "PlutusUseCasesBenchmarks.DecodeAndEval(Script: \"auction_1-1\")" --job "NativeAOT 10.0" --benchmarkId 0 in 
// BeforeAnythingElse

// Benchmark Process Environment Information:
// BenchmarkDotNet v0.15.8
// Runtime=.NET 10.0.12, X64 NativeAOT x86-64-v4
// GC=Concurrent Workstation
// HardwareIntrinsics=AVX512 IFMA+VBMI,AVX512 F+BW+CD+DQ+VL,AVX2+BMI1+BMI2+F16C+FMA+LZCNT+MOVBE,AVX,SSE3+SSSE3+SSE4.1+SSE4.2+POPCNT,X86Base+SSE+SSE2,AES+PCLMUL VectorSize=256
// Job: NativeAOT 10.0(IterationCount=3, LaunchCount=1, MinIterationCount=50, WarmupCount=3)

OverheadJitting  1: 1 op, 215.00 ns, 215.0000 ns/op
WorkloadJitting  1: 1 op, 454657.00 ns, 454.6570 us/op

OverheadJitting  2: 16 op, 317.00 ns, 19.8125 ns/op
WorkloadJitting  2: 16 op, 5853443.00 ns, 365.8402 us/op

WorkloadPilot    1: 16 op, 5123004.00 ns, 320.1878 us/op
WorkloadPilot    2: 32 op, 8466485.00 ns, 264.5777 us/op
WorkloadPilot    3: 64 op, 17473402.00 ns, 273.0219 us/op
WorkloadPilot    4: 128 op, 32212072.00 ns, 251.6568 us/op
WorkloadPilot    5: 256 op, 62088340.00 ns, 242.5326 us/op
WorkloadPilot    6: 512 op, 125252712.00 ns, 244.6342 us/op
WorkloadPilot    7: 1024 op, 256049220.00 ns, 250.0481 us/op
WorkloadPilot    8: 2048 op, 516840794.00 ns, 252.3637 us/op

OverheadWarmup   1: 2048 op, 5080.00 ns, 2.4805 ns/op
OverheadWarmup   2: 2048 op, 4917.00 ns, 2.4009 ns/op
OverheadWarmup   3: 2048 op, 5093.00 ns, 2.4868 ns/op
OverheadWarmup   4: 2048 op, 5123.00 ns, 2.5015 ns/op
OverheadWarmup   5: 2048 op, 4921.00 ns, 2.4028 ns/op
OverheadWarmup   6: 2048 op, 5071.00 ns, 2.4761 ns/op
OverheadWarmup   7: 2048 op, 5105.00 ns, 2.4927 ns/op
OverheadWarmup   8: 2048 op, 5071.00 ns, 2.4761 ns/op

OverheadActual   1: 2048 op, 5110.00 ns, 2.4951 ns/op
OverheadActual   2: 2048 op, 5228.00 ns, 2.5527 ns/op
OverheadActual   3: 2048 op, 5205.00 ns, 2.5415 ns/op
OverheadActual   4: 2048 op, 5186.00 ns, 2.5322 ns/op
OverheadActual   5: 2048 op, 5189.00 ns, 2.5337 ns/op
OverheadActual   6: 2048 op, 5215.00 ns, 2.5464 ns/op
OverheadActual   7: 2048 op, 5197.00 ns, 2.5376 ns/op
OverheadActual   8: 2048 op, 5191.00 ns, 2.5347 ns/op
OverheadActual   9: 2048 op, 5181.00 ns, 2.5298 ns/op
OverheadActual  10: 2048 op, 5192.00 ns, 2.5352 ns/op
OverheadActual  11: 2048 op, 5166.00 ns, 2.5225 ns/op
OverheadActual  12: 2048 op, 5169.00 ns, 2.5239 ns/op
OverheadActual  13: 2048 op, 5166.00 ns, 2.5225 ns/op
OverheadActual  14: 2048 op, 5198.00 ns, 2.5381 ns/op
OverheadActual  15: 2048 op, 5159.00 ns, 2.5190 ns/op
OverheadActual  16: 2048 op, 5207.00 ns, 2.5425 ns/op
OverheadActual  17: 2048 op, 5334.00 ns, 2.6045 ns/op
OverheadActual  18: 2048 op, 5265.00 ns, 2.5708 ns/op
OverheadActual  19: 2048 op, 5218.00 ns, 2.5479 ns/op
OverheadActual  20: 2048 op, 5216.00 ns, 2.5469 ns/op

WorkloadWarmup   1: 2048 op, 513609136.00 ns, 250.7857 us/op
WorkloadWarmup   2: 2048 op, 518972005.00 ns, 253.4043 us/op
WorkloadWarmup   3: 2048 op, 517973418.00 ns, 252.9167 us/op

// BeforeActualRun
WorkloadActual   1: 2048 op, 501813460.00 ns, 245.0261 us/op
WorkloadActual   2: 2048 op, 509747069.00 ns, 248.8999 us/op
WorkloadActual   3: 2048 op, 514445974.00 ns, 251.1943 us/op

// AfterActualRun
WorkloadResult   1: 2048 op, 501808265.50 ns, 245.0236 us/op
WorkloadResult   2: 2048 op, 509741874.50 ns, 248.8974 us/op
WorkloadResult   3: 2048 op, 514440779.50 ns, 251.1918 us/op
// GC:  99 32 0 828490736 2048
// Threading:  0 0 2048

// AfterAll
// Benchmark Process 2019 has exited with code 0.

Mean = 248.371 us, StdErr = 1.800 us (0.72%), N = 3, StdDev = 3.118 us
Min = 245.024 us, Q1 = 246.960 us, Median = 248.897 us, Q3 = 250.045 us, Max = 251.192 us
IQR = 3.084 us, LowerFence = 242.334 us, UpperFence = 254.671 us
ConfidenceInterval = [191.494 us; 305.248 us] (CI 99.9%), Margin = 56.877 us (22.90% of Mean)
Skewness = -0.16, Kurtosis = 0.67, MValue = 2

// ** Remained 88 (98.9 %) benchmark(s) to run. Estimated finish 2026-10-07 19:51 (0h 6m from now) **
// **************************
// Benchmark: PlutusUseCasesBenchmarks.DecodeAndEval: NativeAOT 10.0(Runtime=NativeAOT 10.0, Toolchain=Latest ILCompiler, IterationCount=3, LaunchCount=1, MinIterationCount=50, WarmupCount=3) [Script=auction_1-2]
// *** Execute ***
// Launch: 1 / 1
// Execute: /bench/chrysalis/benchmarks/PlutusBench/bin/Release/net10.0/PlutusBench-NativeAOT 10.0-1/bin/Release/net10.0/linux-x64/publish/PlutusBench-NativeAOT 10.0-1 --anonymousPipes 113 114 --benchmarkName "PlutusUseCasesBenchmarks.DecodeAndEval(Script: \"auction_1-2\")" --job "NativeAOT 10.0" --benchmarkId 1 in 
// BeforeAnythingElse

// Benchmark Process Environment Information:
// BenchmarkDotNet v0.15.8
// Runtime=.NET 10.0.12, X64 NativeAOT x86-64-v4
// GC=Concurrent Workstation
// HardwareIntrinsics=AVX512 IFMA+VBMI,AVX512 F+BW+CD+DQ+VL,AVX2+BMI1+BMI2+F16C+FMA+LZCNT+MOVBE,AVX,SSE3+SSSE3+SSE4.1+SSE4.2+POPCNT,X86Base+SSE+SSE2,AES+PCLMUL VectorSize=256
// Job: NativeAOT 10.0(IterationCount=3, LaunchCount=1, MinIterationCount=50, WarmupCount=3)

OverheadJitting  1: 1 op, 214.00 ns, 214.0000 ns/op
WorkloadJitting  1: 1 op, 1400770.00 ns, 1.4008 ms/op

OverheadJitting  2: 16 op, 311.00 ns, 19.4375 ns/op
WorkloadJitting  2: 16 op, 20058358.00 ns, 1.2536 ms/op

WorkloadPilot    1: 16 op, 17700255.00 ns, 1.1063 ms/op
WorkloadPilot    2: 32 op, 31110163.00 ns, 972.1926 us/op
WorkloadPilot    3: 64 op, 61685362.00 ns, 963.8338 us/op
WorkloadPilot    4: 128 op, 124466329.00 ns, 972.3932 us/op
WorkloadPilot    5: 256 op, 251580057.00 ns, 982.7346 us/op
WorkloadPilot    6: 512 op, 496047543.00 ns, 968.8429 us/op
WorkloadPilot    7: 1024 op, 977661763.00 ns, 954.7478 us/op

OverheadWarmup   1: 1024 op, 3140.00 ns, 3.0664 ns/op
OverheadWarmup   2: 1024 op, 2951.00 ns, 2.8818 ns/op
OverheadWarmup   3: 1024 op, 2930.00 ns, 2.8613 ns/op
OverheadWarmup   4: 1024 op, 2917.00 ns, 2.8486 ns/op
OverheadWarmup   5: 1024 op, 2907.00 ns, 2.8389 ns/op
OverheadWarmup   6: 1024 op, 2950.00 ns, 2.8809 ns/op
OverheadWarmup   7: 1024 op, 2845.00 ns, 2.7783 ns/op
OverheadWarmup   8: 1024 op, 2874.00 ns, 2.8066 ns/op
OverheadWarmup   9: 1024 op, 2869.00 ns, 2.8018 ns/op

OverheadActual   1: 1024 op, 2906.00 ns, 2.8379 ns/op
OverheadActual   2: 1024 op, 2916.00 ns, 2.8477 ns/op
OverheadActual   3: 1024 op, 2862.00 ns, 2.7949 ns/op
OverheadActual   4: 1024 op, 2881.00 ns, 2.8135 ns/op
OverheadActual   5: 1024 op, 2881.00 ns, 2.8135 ns/op
OverheadActual   6: 1024 op, 2874.00 ns, 2.8066 ns/op
OverheadActual   7: 1024 op, 2885.00 ns, 2.8174 ns/op
OverheadActual   8: 1024 op, 2857.00 ns, 2.7900 ns/op
OverheadActual   9: 1024 op, 2890.00 ns, 2.8223 ns/op
OverheadActual  10: 1024 op, 2855.00 ns, 2.7881 ns/op
OverheadActual  11: 1024 op, 2860.00 ns, 2.7930 ns/op
OverheadActual  12: 1024 op, 2855.00 ns, 2.7881 ns/op
OverheadActual  13: 1024 op, 2865.00 ns, 2.7979 ns/op
OverheadActual  14: 1024 op, 2890.00 ns, 2.8223 ns/op
OverheadActual  15: 1024 op, 2838.00 ns, 2.7715 ns/op
OverheadActual  16: 1024 op, 2862.00 ns, 2.7949 ns/op
OverheadActual  17: 1024 op, 2834.00 ns, 2.7676 ns/op
OverheadActual  18: 1024 op, 2857.00 ns, 2.7900 ns/op
OverheadActual  19: 1024 op, 2832.00 ns, 2.7656 ns/op
OverheadActual  20: 1024 op, 2873.00 ns, 2.8057 ns/op

WorkloadWarmup   1: 1024 op, 979172310.00 ns, 956.2230 us/op
WorkloadWarmup   2: 1024 op, 975033684.00 ns, 952.1813 us/op
WorkloadWarmup   3: 1024 op, 913126115.00 ns, 891.7247 us/op

// BeforeActualRun
WorkloadActual   1: 1024 op, 900005770.00 ns, 878.9119 us/op
WorkloadActual   2: 1024 op, 891605062.00 ns, 870.7081 us/op
WorkloadActual   3: 1024 op, 873557351.00 ns, 853.0834 us/op

// AfterActualRun
WorkloadResult   1: 1024 op, 900002906.50 ns, 878.9091 us/op
WorkloadResult   2: 1024 op, 891602198.50 ns, 870.7053 us/op
WorkloadResult   3: 1024 op, 873554487.50 ns, 853.0806 us/op
// GC:  140 60 0 1175839728 1024
// Threading:  0 0 1024

// AfterAll
// Benchmark Process 2024 has exited with code 0.

Mean = 867.565 us, StdErr = 7.620 us (0.88%), N = 3, StdDev = 13.198 us
Min = 853.081 us, Q1 = 861.893 us, Median = 870.705 us, Q3 = 874.807 us, Max = 878.909 us
IQR = 12.914 us, LowerFence = 842.522 us, UpperFence = 894.179 us
ConfidenceInterval = [626.793 us; 1,108.337 us] (CI 99.9%), Margin = 240.772 us (27.75% of Mean)
Skewness = -0.22, Kurtosis = 0.67, MValue = 2

// ** Remained 87 (97.8 %) benchmark(s) to run. Estimated finish 2026-10-07 19:54 (0h 9m from now) **
// **************************
// Benchmark: PlutusUseCasesBenchmarks.DecodeAndEval: NativeAOT 10.0(Runtime=NativeAOT 10.0, Toolchain=Latest ILCompiler, IterationCount=3, LaunchCount=1, MinIterationCount=50, WarmupCount=3) [Script=auction_1-3]
// *** Execute ***
// Launch: 1 / 1
// Execute: /bench/chrysalis/benchmarks/PlutusBench/bin/Release/net10.0/PlutusBench-NativeAOT 10.0-1/bin/Release/net10.0/linux-x64/publish/PlutusBench-NativeAOT 10.0-1 --anonymousPipes 113 114 --benchmarkName "PlutusUseCasesBenchmarks.DecodeAndEval(Script: \"auction_1-3\")" --job "NativeAOT 10.0" --benchmarkId 2 in 
// BeforeAnythingElse

// Benchmark Process Environment Information:
// BenchmarkDotNet v0.15.8
// Runtime=.NET 10.0.12, X64 NativeAOT x86-64-v4
// GC=Concurrent Workstation
// HardwareIntrinsics=AVX512 IFMA+VBMI,AVX512 F+BW+CD+DQ+VL,AVX2+BMI1+BMI2+F16C+FMA+LZCNT+MOVBE,AVX,SSE3+SSSE3+SSE4.1+SSE4.2+POPCNT,X86Base+SSE+SSE2,AES+PCLMUL VectorSize=256
// Job: NativeAOT 10.0(IterationCount=3, LaunchCount=1, MinIterationCount=50, WarmupCount=3)

OverheadJitting  1: 1 op, 217.00 ns, 217.0000 ns/op
WorkloadJitting  1: 1 op, 1199758.00 ns, 1.1998 ms/op

OverheadJitting  2: 16 op, 296.00 ns, 18.5000 ns/op
WorkloadJitting  2: 16 op, 16708430.00 ns, 1.0443 ms/op

WorkloadPilot    1: 16 op, 16025346.00 ns, 1.0016 ms/op
WorkloadPilot    2: 32 op, 28111710.00 ns, 878.4909 us/op
WorkloadPilot    3: 64 op, 54328166.00 ns, 848.8776 us/op
WorkloadPilot    4: 128 op, 108810451.00 ns, 850.0816 us/op
WorkloadPilot    5: 256 op, 226236957.00 ns, 883.7381 us/op
WorkloadPilot    6: 512 op, 432389789.00 ns, 844.5113 us/op
WorkloadPilot    7: 1024 op, 859948128.00 ns, 839.7931 us/op

OverheadWarmup   1: 1024 op, 2700.00 ns, 2.6367 ns/op
OverheadWarmup   2: 1024 op, 2504.00 ns, 2.4453 ns/op
OverheadWarmup   3: 1024 op, 2458.00 ns, 2.4004 ns/op
OverheadWarmup   4: 1024 op, 2556.00 ns, 2.4961 ns/op
OverheadWarmup   5: 1024 op, 2529.00 ns, 2.4697 ns/op
OverheadWarmup   6: 1024 op, 2506.00 ns, 2.4473 ns/op
OverheadWarmup   7: 1024 op, 2506.00 ns, 2.4473 ns/op
OverheadWarmup   8: 1024 op, 2625.00 ns, 2.5635 ns/op

OverheadActual   1: 1024 op, 2535.00 ns, 2.4756 ns/op
OverheadActual   2: 1024 op, 2511.00 ns, 2.4521 ns/op
OverheadActual   3: 1024 op, 2721.00 ns, 2.6572 ns/op
OverheadActual   4: 1024 op, 2644.00 ns, 2.5820 ns/op
OverheadActual   5: 1024 op, 2718.00 ns, 2.6543 ns/op
OverheadActual   6: 1024 op, 2831.00 ns, 2.7646 ns/op
OverheadActual   7: 1024 op, 2538.00 ns, 2.4785 ns/op
OverheadActual   8: 1024 op, 2676.00 ns, 2.6133 ns/op
OverheadActual   9: 1024 op, 2618.00 ns, 2.5566 ns/op
OverheadActual  10: 1024 op, 2633.00 ns, 2.5713 ns/op
OverheadActual  11: 1024 op, 2639.00 ns, 2.5771 ns/op
OverheadActual  12: 1024 op, 2597.00 ns, 2.5361 ns/op
OverheadActual  13: 1024 op, 2627.00 ns, 2.5654 ns/op
OverheadActual  14: 1024 op, 2649.00 ns, 2.5869 ns/op
OverheadActual  15: 1024 op, 2679.00 ns, 2.6162 ns/op
OverheadActual  16: 1024 op, 2669.00 ns, 2.6064 ns/op
OverheadActual  17: 1024 op, 2605.00 ns, 2.5439 ns/op
OverheadActual  18: 1024 op, 2624.00 ns, 2.5625 ns/op
OverheadActual  19: 1024 op, 2633.00 ns, 2.5713 ns/op
OverheadActual  20: 1024 op, 2625.00 ns, 2.5635 ns/op

WorkloadWarmup   1: 1024 op, 866730828.00 ns, 846.4168 us/op
WorkloadWarmup   2: 1024 op, 872331943.00 ns, 851.8867 us/op
WorkloadWarmup   3: 1024 op, 865973943.00 ns, 845.6777 us/op

// BeforeActualRun
WorkloadActual   1: 1024 op, 863599866.00 ns, 843.3592 us/op
WorkloadActual   2: 1024 op, 868043388.00 ns, 847.6986 us/op
WorkloadActual   3: 1024 op, 863861196.00 ns, 843.6144 us/op

// AfterActualRun
WorkloadResult   1: 1024 op, 863597233.00 ns, 843.3567 us/op
WorkloadResult   2: 1024 op, 868040755.00 ns, 847.6960 us/op
WorkloadResult   3: 1024 op, 863858563.00 ns, 843.6119 us/op
// GC:  142 57 0 1189463024 1024
// Threading:  0 0 1024

// AfterAll
// Benchmark Process 2029 has exited with code 0.

Mean = 844.888 us, StdErr = 1.406 us (0.17%), N = 3, StdDev = 2.435 us
Min = 843.357 us, Q1 = 843.484 us, Median = 843.612 us, Q3 = 845.654 us, Max = 847.696 us
IQR = 2.170 us, LowerFence = 840.230 us, UpperFence = 848.908 us
ConfidenceInterval = [800.464 us; 889.312 us] (CI 99.9%), Margin = 44.424 us (5.26% of Mean)
Skewness = 0.38, Kurtosis = 0.67, MValue = 2

// ** Remained 86 (96.6 %) benchmark(s) to run. Estimated finish 2026-10-07 19:55 (0h 10m from now) **
// **************************
// Benchmark: PlutusUseCasesBenchmarks.DecodeAndEval: NativeAOT 10.0(Runtime=NativeAOT 10.0, Toolchain=Latest ILCompiler, IterationCount=3, LaunchCount=1, MinIterationCount=50, WarmupCount=3) [Script=auction_1-4]
// *** Execute ***
// Launch: 1 / 1
// Execute: /bench/chrysalis/benchmarks/PlutusBench/bin/Release/net10.0/PlutusBench-NativeAOT 10.0-1/bin/Release/net10.0/linux-x64/publish/PlutusBench-NativeAOT 10.0-1 --anonymousPipes 113 114 --benchmarkName "PlutusUseCasesBenchmarks.DecodeAndEval(Script: \"auction_1-4\")" --job "NativeAOT 10.0" --benchmarkId 3 in 
// BeforeAnythingElse

// Benchmark Process Environment Information:
// BenchmarkDotNet v0.15.8
// Runtime=.NET 10.0.12, X64 NativeAOT x86-64-v4
// GC=Concurrent Workstation
// HardwareIntrinsics=AVX512 IFMA+VBMI,AVX512 F+BW+CD+DQ+VL,AVX2+BMI1+BMI2+F16C+FMA+LZCNT+MOVBE,AVX,SSE3+SSSE3+SSE4.1+SSE4.2+POPCNT,X86Base+SSE+SSE2,AES+PCLMUL VectorSize=256
// Job: NativeAOT 10.0(IterationCount=3, LaunchCount=1, MinIterationCount=50, WarmupCount=3)

OverheadJitting  1: 1 op, 204.00 ns, 204.0000 ns/op
WorkloadJitting  1: 1 op, 468848.00 ns, 468.8480 us/op

OverheadJitting  2: 16 op, 332.00 ns, 20.7500 ns/op
WorkloadJitting  2: 16 op, 6159938.00 ns, 384.9961 us/op

WorkloadPilot    1: 16 op, 5220076.00 ns, 326.2548 us/op
WorkloadPilot    2: 32 op, 8824979.00 ns, 275.7806 us/op
WorkloadPilot    3: 64 op, 19105742.00 ns, 298.5272 us/op
WorkloadPilot    4: 128 op, 34072724.00 ns, 266.1932 us/op
WorkloadPilot    5: 256 op, 68286559.00 ns, 266.7444 us/op
WorkloadPilot    6: 512 op, 138758456.00 ns, 271.0126 us/op
WorkloadPilot    7: 1024 op, 271657134.00 ns, 265.2902 us/op
WorkloadPilot    8: 2048 op, 542332973.00 ns, 264.8110 us/op

OverheadWarmup   1: 2048 op, 5411.00 ns, 2.6421 ns/op
OverheadWarmup   2: 2048 op, 5298.00 ns, 2.5869 ns/op
OverheadWarmup   3: 2048 op, 5120.00 ns, 2.5000 ns/op
OverheadWarmup   4: 2048 op, 5150.00 ns, 2.5146 ns/op
OverheadWarmup   5: 2048 op, 5079.00 ns, 2.4800 ns/op
OverheadWarmup   6: 2048 op, 5180.00 ns, 2.5293 ns/op
OverheadWarmup   7: 2048 op, 5067.00 ns, 2.4741 ns/op

OverheadActual   1: 2048 op, 5241.00 ns, 2.5591 ns/op
OverheadActual   2: 2048 op, 5196.00 ns, 2.5371 ns/op
OverheadActual   3: 2048 op, 5183.00 ns, 2.5308 ns/op
OverheadActual   4: 2048 op, 5171.00 ns, 2.5249 ns/op
OverheadActual   5: 2048 op, 5178.00 ns, 2.5283 ns/op
OverheadActual   6: 2048 op, 5159.00 ns, 2.5190 ns/op
OverheadActual   7: 2048 op, 5173.00 ns, 2.5259 ns/op
OverheadActual   8: 2048 op, 5181.00 ns, 2.5298 ns/op
OverheadActual   9: 2048 op, 5390.00 ns, 2.6318 ns/op
OverheadActual  10: 2048 op, 5392.00 ns, 2.6328 ns/op
OverheadActual  11: 2048 op, 5160.00 ns, 2.5195 ns/op
OverheadActual  12: 2048 op, 5167.00 ns, 2.5229 ns/op
OverheadActual  13: 2048 op, 5182.00 ns, 2.5303 ns/op
OverheadActual  14: 2048 op, 5259.00 ns, 2.5679 ns/op
OverheadActual  15: 2048 op, 5272.00 ns, 2.5742 ns/op
OverheadActual  16: 2048 op, 5477.00 ns, 2.6743 ns/op
OverheadActual  17: 2048 op, 5501.00 ns, 2.6860 ns/op
OverheadActual  18: 2048 op, 5266.00 ns, 2.5713 ns/op
OverheadActual  19: 2048 op, 5436.00 ns, 2.6543 ns/op
OverheadActual  20: 2048 op, 5256.00 ns, 2.5664 ns/op

WorkloadWarmup   1: 2048 op, 544199573.00 ns, 265.7224 us/op
WorkloadWarmup   2: 2048 op, 546601490.00 ns, 266.8953 us/op
WorkloadWarmup   3: 2048 op, 542744805.00 ns, 265.0121 us/op

// BeforeActualRun
WorkloadActual   1: 2048 op, 542012318.00 ns, 264.6545 us/op
WorkloadActual   2: 2048 op, 540912696.00 ns, 264.1175 us/op
WorkloadActual   3: 2048 op, 543568733.00 ns, 265.4144 us/op

// AfterActualRun
WorkloadResult   1: 2048 op, 542007099.50 ns, 264.6519 us/op
WorkloadResult   2: 2048 op, 540907477.50 ns, 264.1150 us/op
WorkloadResult   3: 2048 op, 543563514.50 ns, 265.4119 us/op
// GC:  117 39 0 979944432 2048
// Threading:  0 0 2048

// AfterAll
// Benchmark Process 2033 has exited with code 0.

Mean = 264.726 us, StdErr = 0.376 us (0.14%), N = 3, StdDev = 0.652 us
Min = 264.115 us, Q1 = 264.383 us, Median = 264.652 us, Q3 = 265.032 us, Max = 265.412 us
IQR = 0.648 us, LowerFence = 263.411 us, UpperFence = 266.005 us
ConfidenceInterval = [252.838 us; 276.615 us] (CI 99.9%), Margin = 11.888 us (4.49% of Mean)
Skewness = 0.11, Kurtosis = 0.67, MValue = 2

// ** Remained 85 (95.5 %) benchmark(s) to run. Estimated finish 2026-10-07 19:54 (0h 9m from now) **
// **************************
// Benchmark: PlutusUseCasesBenchmarks.DecodeAndEval: NativeAOT 10.0(Runtime=NativeAOT 10.0, Toolchain=Latest ILCompiler, IterationCount=3, LaunchCount=1, MinIterationCount=50, WarmupCount=3) [Script=auction_2-1]
// *** Execute ***
// Launch: 1 / 1
// Execute: /bench/chrysalis/benchmarks/PlutusBench/bin/Release/net10.0/PlutusBench-NativeAOT 10.0-1/bin/Release/net10.0/linux-x64/publish/PlutusBench-NativeAOT 10.0-1 --anonymousPipes 113 114 --benchmarkName "PlutusUseCasesBenchmarks.DecodeAndEval(Script: \"auction_2-1\")" --job "NativeAOT 10.0" --benchmarkId 4 in 
// BeforeAnythingElse

// Benchmark Process Environment Information:
// BenchmarkDotNet v0.15.8
// Runtime=.NET 10.0.12, X64 NativeAOT x86-64-v4
// GC=Concurrent Workstation
// HardwareIntrinsics=AVX512 IFMA+VBMI,AVX512 F+BW+CD+DQ+VL,AVX2+BMI1+BMI2+F16C+FMA+LZCNT+MOVBE,AVX,SSE3+SSSE3+SSE4.1+SSE4.2+POPCNT,X86Base+SSE+SSE2,AES+PCLMUL VectorSize=256
// Job: NativeAOT 10.0(IterationCount=3, LaunchCount=1, MinIterationCount=50, WarmupCount=3)

OverheadJitting  1: 1 op, 202.00 ns, 202.0000 ns/op
WorkloadJitting  1: 1 op, 381664.00 ns, 381.6640 us/op

OverheadJitting  2: 16 op, 309.00 ns, 19.3125 ns/op
WorkloadJitting  2: 16 op, 5242770.00 ns, 327.6731 us/op

WorkloadPilot    1: 16 op, 4626071.00 ns, 289.1294 us/op
WorkloadPilot    2: 32 op, 7963861.00 ns, 248.8707 us/op
WorkloadPilot    3: 64 op, 16471762.00 ns, 257.3713 us/op
WorkloadPilot    4: 128 op, 30302084.00 ns, 236.7350 us/op
WorkloadPilot    5: 256 op, 60034292.00 ns, 234.5090 us/op
WorkloadPilot    6: 512 op, 116946938.00 ns, 228.4120 us/op
WorkloadPilot    7: 1024 op, 235959107.00 ns, 230.4288 us/op
WorkloadPilot    8: 2048 op, 490497103.00 ns, 239.5005 us/op
WorkloadPilot    9: 4096 op, 1025042087.00 ns, 250.2544 us/op

OverheadWarmup   1: 4096 op, 10508.00 ns, 2.5654 ns/op
OverheadWarmup   2: 4096 op, 10371.00 ns, 2.5320 ns/op
OverheadWarmup   3: 4096 op, 9923.00 ns, 2.4226 ns/op
OverheadWarmup   4: 4096 op, 9923.00 ns, 2.4226 ns/op
OverheadWarmup   5: 4096 op, 10331.00 ns, 2.5222 ns/op
OverheadWarmup   6: 4096 op, 10062.00 ns, 2.4565 ns/op
OverheadWarmup   7: 4096 op, 10289.00 ns, 2.5120 ns/op

OverheadActual   1: 4096 op, 10293.00 ns, 2.5129 ns/op
OverheadActual   2: 4096 op, 9857.00 ns, 2.4065 ns/op
OverheadActual   3: 4096 op, 10298.00 ns, 2.5142 ns/op
OverheadActual   4: 4096 op, 10280.00 ns, 2.5098 ns/op
OverheadActual   5: 4096 op, 10265.00 ns, 2.5061 ns/op
OverheadActual   6: 4096 op, 10294.00 ns, 2.5132 ns/op
OverheadActual   7: 4096 op, 10275.00 ns, 2.5085 ns/op
OverheadActual   8: 4096 op, 10294.00 ns, 2.5132 ns/op
OverheadActual   9: 4096 op, 10301.00 ns, 2.5149 ns/op
OverheadActual  10: 4096 op, 10255.00 ns, 2.5037 ns/op
OverheadActual  11: 4096 op, 9859.00 ns, 2.4070 ns/op
OverheadActual  12: 4096 op, 9847.00 ns, 2.4041 ns/op
OverheadActual  13: 4096 op, 9890.00 ns, 2.4146 ns/op
OverheadActual  14: 4096 op, 9895.00 ns, 2.4158 ns/op
OverheadActual  15: 4096 op, 10359.00 ns, 2.5291 ns/op
OverheadActual  16: 4096 op, 10298.00 ns, 2.5142 ns/op
OverheadActual  17: 4096 op, 9894.00 ns, 2.4155 ns/op
OverheadActual  18: 4096 op, 10319.00 ns, 2.5193 ns/op
OverheadActual  19: 4096 op, 10295.00 ns, 2.5134 ns/op
OverheadActual  20: 4096 op, 10304.00 ns, 2.5156 ns/op

WorkloadWarmup   1: 4096 op, 992517544.00 ns, 242.3139 us/op
WorkloadWarmup   2: 4096 op, 1007845578.00 ns, 246.0560 us/op
WorkloadWarmup   3: 4096 op, 1181114012.00 ns, 288.3579 us/op

// BeforeActualRun
WorkloadActual   1: 4096 op, 1153314015.00 ns, 281.5708 us/op
WorkloadActual   2: 4096 op, 1029470051.00 ns, 251.3355 us/op
WorkloadActual   3: 4096 op, 1027554542.00 ns, 250.8678 us/op

// AfterActualRun
WorkloadResult   1: 4096 op, 1153303728.50 ns, 281.5683 us/op
WorkloadResult   2: 4096 op, 1029459764.50 ns, 251.3330 us/op
WorkloadResult   3: 4096 op, 1027544255.50 ns, 250.8653 us/op
// GC:  198 64 0 1656980464 4096
// Threading:  0 0 4096

// AfterAll
// Benchmark Process 2037 has exited with code 0.

Mean = 261.256 us, StdErr = 10.157 us (3.89%), N = 3, StdDev = 17.593 us
Min = 250.865 us, Q1 = 251.099 us, Median = 251.333 us, Q3 = 266.451 us, Max = 281.568 us
IQR = 15.351 us, LowerFence = 228.072 us, UpperFence = 289.478 us
ConfidenceInterval = [-59.705 us; 582.216 us] (CI 99.9%), Margin = 320.961 us (122.85% of Mean)
Skewness = 0.38, Kurtosis = 0.67, MValue = 2

// ** Remained 84 (94.4 %) benchmark(s) to run. Estimated finish 2026-10-07 19:55 (0h 9m from now) **
// **************************
// Benchmark: PlutusUseCasesBenchmarks.DecodeAndEval: NativeAOT 10.0(Runtime=NativeAOT 10.0, Toolchain=Latest ILCompiler, IterationCount=3, LaunchCount=1, MinIterationCount=50, WarmupCount=3) [Script=auction_2-2]
// *** Execute ***
// Launch: 1 / 1
// Execute: /bench/chrysalis/benchmarks/PlutusBench/bin/Release/net10.0/PlutusBench-NativeAOT 10.0-1/bin/Release/net10.0/linux-x64/publish/PlutusBench-NativeAOT 10.0-1 --anonymousPipes 113 114 --benchmarkName "PlutusUseCasesBenchmarks.DecodeAndEval(Script: \"auction_2-2\")" --job "NativeAOT 10.0" --benchmarkId 5 in 
// BeforeAnythingElse

// Benchmark Process Environment Information:
// BenchmarkDotNet v0.15.8
// Runtime=.NET 10.0.12, X64 NativeAOT x86-64-v4
// GC=Concurrent Workstation
// HardwareIntrinsics=AVX512 IFMA+VBMI,AVX512 F+BW+CD+DQ+VL,AVX2+BMI1+BMI2+F16C+FMA+LZCNT+MOVBE,AVX,SSE3+SSSE3+SSE4.1+SSE4.2+POPCNT,X86Base+SSE+SSE2,AES+PCLMUL VectorSize=256
// Job: NativeAOT 10.0(IterationCount=3, LaunchCount=1, MinIterationCount=50, WarmupCount=3)

OverheadJitting  1: 1 op, 216.00 ns, 216.0000 ns/op
WorkloadJitting  1: 1 op, 1243367.00 ns, 1.2434 ms/op

OverheadJitting  2: 16 op, 296.00 ns, 18.5000 ns/op
WorkloadJitting  2: 16 op, 18266011.00 ns, 1.1416 ms/op

WorkloadPilot    1: 16 op, 16954974.00 ns, 1.0597 ms/op
WorkloadPilot    2: 32 op, 30252836.00 ns, 945.4011 us/op
WorkloadPilot    3: 64 op, 58105201.00 ns, 907.8938 us/op
WorkloadPilot    4: 128 op, 117784667.00 ns, 920.1927 us/op
WorkloadPilot    5: 256 op, 245197798.00 ns, 957.8039 us/op
WorkloadPilot    6: 512 op, 490441339.00 ns, 957.8932 us/op
WorkloadPilot    7: 1024 op, 1006537744.00 ns, 982.9470 us/op

OverheadWarmup   1: 1024 op, 3158.00 ns, 3.0840 ns/op
OverheadWarmup   2: 1024 op, 2906.00 ns, 2.8379 ns/op
OverheadWarmup   3: 1024 op, 2756.00 ns, 2.6914 ns/op
OverheadWarmup   4: 1024 op, 2842.00 ns, 2.7754 ns/op
OverheadWarmup   5: 1024 op, 2961.00 ns, 2.8916 ns/op
OverheadWarmup   6: 1024 op, 2800.00 ns, 2.7344 ns/op
OverheadWarmup   7: 1024 op, 2802.00 ns, 2.7363 ns/op
OverheadWarmup   8: 1024 op, 2790.00 ns, 2.7246 ns/op

OverheadActual   1: 1024 op, 34107.00 ns, 33.3076 ns/op
OverheadActual   2: 1024 op, 2874.00 ns, 2.8066 ns/op
OverheadActual   3: 1024 op, 2852.00 ns, 2.7852 ns/op
OverheadActual   4: 1024 op, 2842.00 ns, 2.7754 ns/op
OverheadActual   5: 1024 op, 2805.00 ns, 2.7393 ns/op
OverheadActual   6: 1024 op, 2872.00 ns, 2.8047 ns/op
OverheadActual   7: 1024 op, 2959.00 ns, 2.8896 ns/op
OverheadActual   8: 1024 op, 2783.00 ns, 2.7178 ns/op
OverheadActual   9: 1024 op, 2830.00 ns, 2.7637 ns/op
OverheadActual  10: 1024 op, 2841.00 ns, 2.7744 ns/op
OverheadActual  11: 1024 op, 2859.00 ns, 2.7920 ns/op
OverheadActual  12: 1024 op, 2886.00 ns, 2.8184 ns/op
OverheadActual  13: 1024 op, 2868.00 ns, 2.8008 ns/op
OverheadActual  14: 1024 op, 2863.00 ns, 2.7959 ns/op
OverheadActual  15: 1024 op, 2891.00 ns, 2.8232 ns/op
OverheadActual  16: 1024 op, 3614.00 ns, 3.5293 ns/op
OverheadActual  17: 1024 op, 3027.00 ns, 2.9561 ns/op
OverheadActual  18: 1024 op, 2888.00 ns, 2.8203 ns/op
OverheadActual  19: 1024 op, 2826.00 ns, 2.7598 ns/op
OverheadActual  20: 1024 op, 2819.00 ns, 2.7529 ns/op

WorkloadWarmup   1: 1024 op, 982002068.00 ns, 958.9864 us/op
WorkloadWarmup   2: 1024 op, 981053016.00 ns, 958.0596 us/op
WorkloadWarmup   3: 1024 op, 982215404.00 ns, 959.1947 us/op

// BeforeActualRun
WorkloadActual   1: 1024 op, 917946956.00 ns, 896.4326 us/op
WorkloadActual   2: 1024 op, 915452155.00 ns, 893.9962 us/op
WorkloadActual   3: 1024 op, 918152654.00 ns, 896.6335 us/op

// AfterActualRun
WorkloadResult   1: 1024 op, 917944090.50 ns, 896.4298 us/op
WorkloadResult   2: 1024 op, 915449289.50 ns, 893.9934 us/op
WorkloadResult   3: 1024 op, 918149788.50 ns, 896.6307 us/op
// GC:  140 60 0 1175839728 1024
// Threading:  0 0 1024

// AfterAll
// Benchmark Process 2042 has exited with code 0.

Mean = 895.685 us, StdErr = 0.848 us (0.09%), N = 3, StdDev = 1.468 us
Min = 893.993 us, Q1 = 895.212 us, Median = 896.430 us, Q3 = 896.530 us, Max = 896.631 us
IQR = 1.319 us, LowerFence = 893.234 us, UpperFence = 898.508 us
ConfidenceInterval = [868.902 us; 922.467 us] (CI 99.9%), Margin = 26.783 us (2.99% of Mean)
Skewness = -0.38, Kurtosis = 0.67, MValue = 2

// ** Remained 83 (93.3 %) benchmark(s) to run. Estimated finish 2026-10-07 19:55 (0h 10m from now) **
// **************************
// Benchmark: PlutusUseCasesBenchmarks.DecodeAndEval: NativeAOT 10.0(Runtime=NativeAOT 10.0, Toolchain=Latest ILCompiler, IterationCount=3, LaunchCount=1, MinIterationCount=50, WarmupCount=3) [Script=auction_2-3]
// *** Execute ***
// Launch: 1 / 1
// Execute: /bench/chrysalis/benchmarks/PlutusBench/bin/Release/net10.0/PlutusBench-NativeAOT 10.0-1/bin/Release/net10.0/linux-x64/publish/PlutusBench-NativeAOT 10.0-1 --anonymousPipes 113 114 --benchmarkName "PlutusUseCasesBenchmarks.DecodeAndEval(Script: \"auction_2-3\")" --job "NativeAOT 10.0" --benchmarkId 6 in 
// BeforeAnythingElse

// Benchmark Process Environment Information:
// BenchmarkDotNet v0.15.8
// Runtime=.NET 10.0.12, X64 NativeAOT x86-64-v4
// GC=Concurrent Workstation
// HardwareIntrinsics=AVX512 IFMA+VBMI,AVX512 F+BW+CD+DQ+VL,AVX2+BMI1+BMI2+F16C+FMA+LZCNT+MOVBE,AVX,SSE3+SSSE3+SSE4.1+SSE4.2+POPCNT,X86Base+SSE+SSE2,AES+PCLMUL VectorSize=256
// Job: NativeAOT 10.0(IterationCount=3, LaunchCount=1, MinIterationCount=50, WarmupCount=3)

OverheadJitting  1: 1 op, 205.00 ns, 205.0000 ns/op
WorkloadJitting  1: 1 op, 1445032.00 ns, 1.4450 ms/op

OverheadJitting  2: 16 op, 295.00 ns, 18.4375 ns/op
WorkloadJitting  2: 16 op, 21168849.00 ns, 1.3231 ms/op

WorkloadPilot    1: 16 op, 19115618.00 ns, 1.1947 ms/op
WorkloadPilot    2: 32 op, 35449927.00 ns, 1.1078 ms/op
WorkloadPilot    3: 64 op, 68075656.00 ns, 1.0637 ms/op
WorkloadPilot    4: 128 op, 134940075.00 ns, 1.0542 ms/op
WorkloadPilot    5: 256 op, 271957550.00 ns, 1.0623 ms/op
WorkloadPilot    6: 512 op, 542103076.00 ns, 1.0588 ms/op

OverheadWarmup   1: 512 op, 1499.00 ns, 2.9277 ns/op
OverheadWarmup   2: 512 op, 1319.00 ns, 2.5762 ns/op
OverheadWarmup   3: 512 op, 1327.00 ns, 2.5918 ns/op
OverheadWarmup   4: 512 op, 1297.00 ns, 2.5332 ns/op
OverheadWarmup   5: 512 op, 1352.00 ns, 2.6406 ns/op
OverheadWarmup   6: 512 op, 1336.00 ns, 2.6094 ns/op

OverheadActual   1: 512 op, 1364.00 ns, 2.6641 ns/op
OverheadActual   2: 512 op, 1343.00 ns, 2.6230 ns/op
OverheadActual   3: 512 op, 1339.00 ns, 2.6152 ns/op
OverheadActual   4: 512 op, 1344.00 ns, 2.6250 ns/op
OverheadActual   5: 512 op, 1317.00 ns, 2.5723 ns/op
OverheadActual   6: 512 op, 1324.00 ns, 2.5859 ns/op
OverheadActual   7: 512 op, 1323.00 ns, 2.5840 ns/op
OverheadActual   8: 512 op, 1372.00 ns, 2.6797 ns/op
OverheadActual   9: 512 op, 1369.00 ns, 2.6738 ns/op
OverheadActual  10: 512 op, 1396.00 ns, 2.7266 ns/op
OverheadActual  11: 512 op, 1391.00 ns, 2.7168 ns/op
OverheadActual  12: 512 op, 1390.00 ns, 2.7148 ns/op
OverheadActual  13: 512 op, 1386.00 ns, 2.7070 ns/op
OverheadActual  14: 512 op, 1378.00 ns, 2.6914 ns/op
OverheadActual  15: 512 op, 1413.00 ns, 2.7598 ns/op
OverheadActual  16: 512 op, 1396.00 ns, 2.7266 ns/op
OverheadActual  17: 512 op, 1383.00 ns, 2.7012 ns/op
OverheadActual  18: 512 op, 1388.00 ns, 2.7109 ns/op
OverheadActual  19: 512 op, 1381.00 ns, 2.6973 ns/op
OverheadActual  20: 512 op, 1322.00 ns, 2.5820 ns/op

WorkloadWarmup   1: 512 op, 548192450.00 ns, 1.0707 ms/op
WorkloadWarmup   2: 512 op, 560916277.00 ns, 1.0955 ms/op
WorkloadWarmup   3: 512 op, 539733598.00 ns, 1.0542 ms/op

// BeforeActualRun
WorkloadActual   1: 512 op, 542327998.00 ns, 1.0592 ms/op
WorkloadActual   2: 512 op, 552271804.00 ns, 1.0787 ms/op
WorkloadActual   3: 512 op, 542343919.00 ns, 1.0593 ms/op

// AfterActualRun
WorkloadResult   1: 512 op, 542326623.00 ns, 1.0592 ms/op
WorkloadResult   2: 512 op, 552270429.00 ns, 1.0787 ms/op
WorkloadResult   3: 512 op, 542342544.00 ns, 1.0593 ms/op
// GC:  85 40 0 715764720 512
// Threading:  0 0 512

// AfterAll
// Benchmark Process 2046 has exited with code 0.

Mean = 1.066 ms, StdErr = 0.006 ms (0.61%), N = 3, StdDev = 0.011 ms
Min = 1.059 ms, Q1 = 1.059 ms, Median = 1.059 ms, Q3 = 1.069 ms, Max = 1.079 ms
IQR = 0.010 ms, LowerFence = 1.045 ms, UpperFence = 1.084 ms
ConfidenceInterval = [0.861 ms; 1.270 ms] (CI 99.9%), Margin = 0.204 ms (19.18% of Mean)
Skewness = 0.38, Kurtosis = 0.67, MValue = 2

// ** Remained 82 (92.1 %) benchmark(s) to run. Estimated finish 2026-10-07 19:55 (0h 9m from now) **
// **************************
// Benchmark: PlutusUseCasesBenchmarks.DecodeAndEval: NativeAOT 10.0(Runtime=NativeAOT 10.0, Toolchain=Latest ILCompiler, IterationCount=3, LaunchCount=1, MinIterationCount=50, WarmupCount=3) [Script=auction_2-4]
// *** Execute ***
// Launch: 1 / 1
// Execute: /bench/chrysalis/benchmarks/PlutusBench/bin/Release/net10.0/PlutusBench-NativeAOT 10.0-1/bin/Release/net10.0/linux-x64/publish/PlutusBench-NativeAOT 10.0-1 --anonymousPipes 113 114 --benchmarkName "PlutusUseCasesBenchmarks.DecodeAndEval(Script: \"auction_2-4\")" --job "NativeAOT 10.0" --benchmarkId 7 in 
// BeforeAnythingElse

// Benchmark Process Environment Information:
// BenchmarkDotNet v0.15.8
// Runtime=.NET 10.0.12, X64 NativeAOT x86-64-v4
// GC=Concurrent Workstation
// HardwareIntrinsics=AVX512 IFMA+VBMI,AVX512 F+BW+CD+DQ+VL,AVX2+BMI1+BMI2+F16C+FMA+LZCNT+MOVBE,AVX,SSE3+SSSE3+SSE4.1+SSE4.2+POPCNT,X86Base+SSE+SSE2,AES+PCLMUL VectorSize=256
// Job: NativeAOT 10.0(IterationCount=3, LaunchCount=1, MinIterationCount=50, WarmupCount=3)

OverheadJitting  1: 1 op, 233.00 ns, 233.0000 ns/op
WorkloadJitting  1: 1 op, 1259109.00 ns, 1.2591 ms/op

OverheadJitting  2: 16 op, 330.00 ns, 20.6250 ns/op
WorkloadJitting  2: 16 op, 17383067.00 ns, 1.0864 ms/op

WorkloadPilot    1: 16 op, 15944942.00 ns, 996.5589 us/op
WorkloadPilot    2: 32 op, 28406887.00 ns, 887.7152 us/op
WorkloadPilot    3: 64 op, 55798887.00 ns, 871.8576 us/op
WorkloadPilot    4: 128 op, 108161055.00 ns, 845.0082 us/op
WorkloadPilot    5: 256 op, 219708652.00 ns, 858.2369 us/op
WorkloadPilot    6: 512 op, 433606930.00 ns, 846.8885 us/op
WorkloadPilot    7: 1024 op, 875098477.00 ns, 854.5884 us/op

OverheadWarmup   1: 1024 op, 2941.00 ns, 2.8721 ns/op
OverheadWarmup   2: 1024 op, 2834.00 ns, 2.7676 ns/op
OverheadWarmup   3: 1024 op, 2771.00 ns, 2.7061 ns/op
OverheadWarmup   4: 1024 op, 2853.00 ns, 2.7861 ns/op
OverheadWarmup   5: 1024 op, 2665.00 ns, 2.6025 ns/op
OverheadWarmup   6: 1024 op, 2585.00 ns, 2.5244 ns/op
OverheadWarmup   7: 1024 op, 2652.00 ns, 2.5898 ns/op
OverheadWarmup   8: 1024 op, 2655.00 ns, 2.5928 ns/op
OverheadWarmup   9: 1024 op, 2874.00 ns, 2.8066 ns/op
OverheadWarmup  10: 1024 op, 2768.00 ns, 2.7031 ns/op

OverheadActual   1: 1024 op, 2720.00 ns, 2.6563 ns/op
OverheadActual   2: 1024 op, 2773.00 ns, 2.7080 ns/op
OverheadActual   3: 1024 op, 2817.00 ns, 2.7510 ns/op
OverheadActual   4: 1024 op, 2774.00 ns, 2.7090 ns/op
OverheadActual   5: 1024 op, 2701.00 ns, 2.6377 ns/op
OverheadActual   6: 1024 op, 2784.00 ns, 2.7188 ns/op
OverheadActual   7: 1024 op, 2673.00 ns, 2.6104 ns/op
OverheadActual   8: 1024 op, 2963.00 ns, 2.8936 ns/op
OverheadActual   9: 1024 op, 2806.00 ns, 2.7402 ns/op
OverheadActual  10: 1024 op, 2703.00 ns, 2.6396 ns/op
OverheadActual  11: 1024 op, 2672.00 ns, 2.6094 ns/op
OverheadActual  12: 1024 op, 2640.00 ns, 2.5781 ns/op
OverheadActual  13: 1024 op, 2788.00 ns, 2.7227 ns/op
OverheadActual  14: 1024 op, 2760.00 ns, 2.6953 ns/op
OverheadActual  15: 1024 op, 2832.00 ns, 2.7656 ns/op
OverheadActual  16: 1024 op, 2920.00 ns, 2.8516 ns/op
OverheadActual  17: 1024 op, 2868.00 ns, 2.8008 ns/op
OverheadActual  18: 1024 op, 2836.00 ns, 2.7695 ns/op
OverheadActual  19: 1024 op, 2938.00 ns, 2.8691 ns/op
OverheadActual  20: 1024 op, 2787.00 ns, 2.7217 ns/op

WorkloadWarmup   1: 1024 op, 875158448.00 ns, 854.6469 us/op
WorkloadWarmup   2: 1024 op, 898514099.00 ns, 877.4552 us/op
WorkloadWarmup   3: 1024 op, 867588803.00 ns, 847.2547 us/op

// BeforeActualRun
WorkloadActual   1: 1024 op, 860217733.00 ns, 840.0564 us/op
WorkloadActual   2: 1024 op, 1024441936.00 ns, 1.0004 ms/op
WorkloadActual   3: 1024 op, 1073431248.00 ns, 1.0483 ms/op

// AfterActualRun
WorkloadResult   1: 1024 op, 860214947.50 ns, 840.0537 us/op
WorkloadResult   2: 1024 op, 1024439150.50 ns, 1.0004 ms/op
WorkloadResult   3: 1024 op, 1073428462.50 ns, 1.0483 ms/op
// GC:  142 57 0 1189463024 1024
// Threading:  0 0 1024

// AfterAll
// Benchmark Process 2050 has exited with code 0.

Mean = 962.918 us, StdErr = 62.965 us (6.54%), N = 3, StdDev = 109.059 us
Min = 840.054 us, Q1 = 920.241 us, Median = 1,000.429 us, Q3 = 1,024.349 us, Max = 1,048.270 us
IQR = 104.108 us, LowerFence = 764.079 us, UpperFence = 1,180.512 us
ConfidenceInterval = [-1,026.722 us; 2,952.557 us] (CI 99.9%), Margin = 1,989.640 us (206.63% of Mean)
Skewness = -0.3, Kurtosis = 0.67, MValue = 2

// ** Remained 81 (91.0 %) benchmark(s) to run. Estimated finish 2026-10-07 19:55 (0h 9m from now) **
// **************************
// Benchmark: PlutusUseCasesBenchmarks.DecodeAndEval: NativeAOT 10.0(Runtime=NativeAOT 10.0, Toolchain=Latest ILCompiler, IterationCount=3, LaunchCount=1, MinIterationCount=50, WarmupCount=3) [Script=auction_2-5]
// *** Execute ***
// Launch: 1 / 1
// Execute: /bench/chrysalis/benchmarks/PlutusBench/bin/Release/net10.0/PlutusBench-NativeAOT 10.0-1/bin/Release/net10.0/linux-x64/publish/PlutusBench-NativeAOT 10.0-1 --anonymousPipes 113 114 --benchmarkName "PlutusUseCasesBenchmarks.DecodeAndEval(Script: \"auction_2-5\")" --job "NativeAOT 10.0" --benchmarkId 8 in 
// BeforeAnythingElse

// Benchmark Process Environment Information:
// BenchmarkDotNet v0.15.8
// Runtime=.NET 10.0.12, X64 NativeAOT x86-64-v4
// GC=Concurrent Workstation
// HardwareIntrinsics=AVX512 IFMA+VBMI,AVX512 F+BW+CD+DQ+VL,AVX2+BMI1+BMI2+F16C+FMA+LZCNT+MOVBE,AVX,SSE3+SSSE3+SSE4.1+SSE4.2+POPCNT,X86Base+SSE+SSE2,AES+PCLMUL VectorSize=256
// Job: NativeAOT 10.0(IterationCount=3, LaunchCount=1, MinIterationCount=50, WarmupCount=3)

OverheadJitting  1: 1 op, 227.00 ns, 227.0000 ns/op
WorkloadJitting  1: 1 op, 452635.00 ns, 452.6350 us/op

OverheadJitting  2: 16 op, 291.00 ns, 18.1875 ns/op
WorkloadJitting  2: 16 op, 6255179.00 ns, 390.9487 us/op

WorkloadPilot    1: 16 op, 5232744.00 ns, 327.0465 us/op
WorkloadPilot    2: 32 op, 8827693.00 ns, 275.8654 us/op
WorkloadPilot    3: 64 op, 19404793.00 ns, 303.1999 us/op
WorkloadPilot    4: 128 op, 34639563.00 ns, 270.6216 us/op
WorkloadPilot    5: 256 op, 71969270.00 ns, 281.1300 us/op
WorkloadPilot    6: 512 op, 139568816.00 ns, 272.5953 us/op
WorkloadPilot    7: 1024 op, 277757970.00 ns, 271.2480 us/op
WorkloadPilot    8: 2048 op, 551189313.00 ns, 269.1354 us/op

OverheadWarmup   1: 2048 op, 5007.00 ns, 2.4448 ns/op
OverheadWarmup   2: 2048 op, 4853.00 ns, 2.3696 ns/op
OverheadWarmup   3: 2048 op, 4797.00 ns, 2.3423 ns/op
OverheadWarmup   4: 2048 op, 4804.00 ns, 2.3457 ns/op
OverheadWarmup   5: 2048 op, 4817.00 ns, 2.3521 ns/op
OverheadWarmup   6: 2048 op, 4773.00 ns, 2.3306 ns/op
OverheadWarmup   7: 2048 op, 4884.00 ns, 2.3848 ns/op
OverheadWarmup   8: 2048 op, 4895.00 ns, 2.3901 ns/op
OverheadWarmup   9: 2048 op, 4793.00 ns, 2.3403 ns/op

OverheadActual   1: 2048 op, 4938.00 ns, 2.4111 ns/op
OverheadActual   2: 2048 op, 4903.00 ns, 2.3940 ns/op
OverheadActual   3: 2048 op, 4896.00 ns, 2.3906 ns/op
OverheadActual   4: 2048 op, 4877.00 ns, 2.3813 ns/op
OverheadActual   5: 2048 op, 5097.00 ns, 2.4888 ns/op
OverheadActual   6: 2048 op, 4870.00 ns, 2.3779 ns/op
OverheadActual   7: 2048 op, 5089.00 ns, 2.4849 ns/op
OverheadActual   8: 2048 op, 4882.00 ns, 2.3838 ns/op
OverheadActual   9: 2048 op, 4876.00 ns, 2.3809 ns/op
OverheadActual  10: 2048 op, 4872.00 ns, 2.3789 ns/op
OverheadActual  11: 2048 op, 4872.00 ns, 2.3789 ns/op
OverheadActual  12: 2048 op, 4873.00 ns, 2.3794 ns/op
OverheadActual  13: 2048 op, 4855.00 ns, 2.3706 ns/op
OverheadActual  14: 2048 op, 4870.00 ns, 2.3779 ns/op
OverheadActual  15: 2048 op, 5095.00 ns, 2.4878 ns/op
OverheadActual  16: 2048 op, 4895.00 ns, 2.3901 ns/op
OverheadActual  17: 2048 op, 4876.00 ns, 2.3809 ns/op
OverheadActual  18: 2048 op, 4886.00 ns, 2.3857 ns/op
OverheadActual  19: 2048 op, 5076.00 ns, 2.4785 ns/op
OverheadActual  20: 2048 op, 4873.00 ns, 2.3794 ns/op

WorkloadWarmup   1: 2048 op, 548268905.00 ns, 267.7094 us/op
WorkloadWarmup   2: 2048 op, 560433444.00 ns, 273.6491 us/op
WorkloadWarmup   3: 2048 op, 555174736.00 ns, 271.0814 us/op

// BeforeActualRun
WorkloadActual   1: 2048 op, 558540585.00 ns, 272.7249 us/op
WorkloadActual   2: 2048 op, 567231765.00 ns, 276.9686 us/op
WorkloadActual   3: 2048 op, 551093906.00 ns, 269.0888 us/op

// AfterActualRun
WorkloadResult   1: 2048 op, 558535705.50 ns, 272.7225 us/op
WorkloadResult   2: 2048 op, 567226885.50 ns, 276.9663 us/op
WorkloadResult   3: 2048 op, 551089026.50 ns, 269.0864 us/op
// GC:  117 39 0 979944432 2048
// Threading:  0 0 2048

// AfterAll
// Benchmark Process 2055 has exited with code 0.

Mean = 272.925 us, StdErr = 2.277 us (0.83%), N = 3, StdDev = 3.944 us
Min = 269.086 us, Q1 = 270.904 us, Median = 272.723 us, Q3 = 274.844 us, Max = 276.966 us
IQR = 3.940 us, LowerFence = 264.995 us, UpperFence = 280.754 us
ConfidenceInterval = [200.975 us; 344.875 us] (CI 99.9%), Margin = 71.950 us (26.36% of Mean)
Skewness = 0.05, Kurtosis = 0.67, MValue = 2

// ** Remained 80 (89.9 %) benchmark(s) to run. Estimated finish 2026-10-07 19:55 (0h 9m from now) **
// **************************
// Benchmark: PlutusUseCasesBenchmarks.DecodeAndEval: NativeAOT 10.0(Runtime=NativeAOT 10.0, Toolchain=Latest ILCompiler, IterationCount=3, LaunchCount=1, MinIterationCount=50, WarmupCount=3) [Script=coop-1]
// *** Execute ***
// Launch: 1 / 1
// Execute: /bench/chrysalis/benchmarks/PlutusBench/bin/Release/net10.0/PlutusBench-NativeAOT 10.0-1/bin/Release/net10.0/linux-x64/publish/PlutusBench-NativeAOT 10.0-1 --anonymousPipes 113 114 --benchmarkName "PlutusUseCasesBenchmarks.DecodeAndEval(Script: \"coop-1\")" --job "NativeAOT 10.0" --benchmarkId 9 in 
// BeforeAnythingElse

// Benchmark Process Environment Information:
// BenchmarkDotNet v0.15.8
// Runtime=.NET 10.0.12, X64 NativeAOT x86-64-v4
// GC=Concurrent Workstation
// HardwareIntrinsics=AVX512 IFMA+VBMI,AVX512 F+BW+CD+DQ+VL,AVX2+BMI1+BMI2+F16C+FMA+LZCNT+MOVBE,AVX,SSE3+SSSE3+SSE4.1+SSE4.2+POPCNT,X86Base+SSE+SSE2,AES+PCLMUL VectorSize=256
// Job: NativeAOT 10.0(IterationCount=3, LaunchCount=1, MinIterationCount=50, WarmupCount=3)

OverheadJitting  1: 1 op, 214.00 ns, 214.0000 ns/op
WorkloadJitting  1: 1 op, 570981.00 ns, 570.9810 us/op

OverheadJitting  2: 16 op, 278.00 ns, 17.3750 ns/op
WorkloadJitting  2: 16 op, 5524406.00 ns, 345.2754 us/op

WorkloadPilot    1: 16 op, 4675678.00 ns, 292.2299 us/op
WorkloadPilot    2: 32 op, 7640383.00 ns, 238.7620 us/op
WorkloadPilot    3: 64 op, 17483513.00 ns, 273.1799 us/op
WorkloadPilot    4: 128 op, 29194240.00 ns, 228.0800 us/op
WorkloadPilot    5: 256 op, 58117489.00 ns, 227.0214 us/op
WorkloadPilot    6: 512 op, 115565094.00 ns, 225.7131 us/op
WorkloadPilot    7: 1024 op, 229156944.00 ns, 223.7861 us/op
WorkloadPilot    8: 2048 op, 475977539.00 ns, 232.4109 us/op
WorkloadPilot    9: 4096 op, 932102095.00 ns, 227.5640 us/op

OverheadWarmup   1: 4096 op, 19717.00 ns, 4.8137 ns/op
OverheadWarmup   2: 4096 op, 10248.00 ns, 2.5020 ns/op
OverheadWarmup   3: 4096 op, 10262.00 ns, 2.5054 ns/op
OverheadWarmup   4: 4096 op, 10027.00 ns, 2.4480 ns/op
OverheadWarmup   5: 4096 op, 10060.00 ns, 2.4561 ns/op
OverheadWarmup   6: 4096 op, 10046.00 ns, 2.4526 ns/op

OverheadActual   1: 4096 op, 10140.00 ns, 2.4756 ns/op
OverheadActual   2: 4096 op, 10495.00 ns, 2.5623 ns/op
OverheadActual   3: 4096 op, 10026.00 ns, 2.4478 ns/op
OverheadActual   4: 4096 op, 10154.00 ns, 2.4790 ns/op
OverheadActual   5: 4096 op, 10149.00 ns, 2.4778 ns/op
OverheadActual   6: 4096 op, 10462.00 ns, 2.5542 ns/op
OverheadActual   7: 4096 op, 9986.00 ns, 2.4380 ns/op
OverheadActual   8: 4096 op, 9815.00 ns, 2.3962 ns/op
OverheadActual   9: 4096 op, 10125.00 ns, 2.4719 ns/op
OverheadActual  10: 4096 op, 14081.00 ns, 3.4377 ns/op
OverheadActual  11: 4096 op, 10559.00 ns, 2.5779 ns/op
OverheadActual  12: 4096 op, 10580.00 ns, 2.5830 ns/op
OverheadActual  13: 4096 op, 10088.00 ns, 2.4629 ns/op
OverheadActual  14: 4096 op, 10914.00 ns, 2.6646 ns/op
OverheadActual  15: 4096 op, 10215.00 ns, 2.4939 ns/op
OverheadActual  16: 4096 op, 10137.00 ns, 2.4749 ns/op
OverheadActual  17: 4096 op, 10158.00 ns, 2.4800 ns/op
OverheadActual  18: 4096 op, 10566.00 ns, 2.5796 ns/op
OverheadActual  19: 4096 op, 10519.00 ns, 2.5681 ns/op
OverheadActual  20: 4096 op, 10156.00 ns, 2.4795 ns/op

WorkloadWarmup   1: 4096 op, 933835612.00 ns, 227.9872 us/op
WorkloadWarmup   2: 4096 op, 933928325.00 ns, 228.0098 us/op
WorkloadWarmup   3: 4096 op, 939338538.00 ns, 229.3307 us/op

// BeforeActualRun
WorkloadActual   1: 4096 op, 927274315.00 ns, 226.3853 us/op
WorkloadActual   2: 4096 op, 918850171.00 ns, 224.3287 us/op
WorkloadActual   3: 4096 op, 921408915.00 ns, 224.9533 us/op

// AfterActualRun
WorkloadResult   1: 4096 op, 927264158.00 ns, 226.3829 us/op
WorkloadResult   2: 4096 op, 918840014.00 ns, 224.3262 us/op
WorkloadResult   3: 4096 op, 921398758.00 ns, 224.9509 us/op
// GC:  221 57 0 1854211056 4096
// Threading:  0 0 4096

// AfterAll
// Benchmark Process 2059 has exited with code 0.

Mean = 225.220 us, StdErr = 0.609 us (0.27%), N = 3, StdDev = 1.054 us
Min = 224.326 us, Q1 = 224.639 us, Median = 224.951 us, Q3 = 225.667 us, Max = 226.383 us
IQR = 1.028 us, LowerFence = 223.096 us, UpperFence = 227.209 us
ConfidenceInterval = [205.984 us; 244.456 us] (CI 99.9%), Margin = 19.236 us (8.54% of Mean)
Skewness = 0.24, Kurtosis = 0.67, MValue = 2

// ** Remained 79 (88.8 %) benchmark(s) to run. Estimated finish 2026-10-07 19:55 (0h 9m from now) **
// **************************
// Benchmark: PlutusUseCasesBenchmarks.DecodeAndEval: NativeAOT 10.0(Runtime=NativeAOT 10.0, Toolchain=Latest ILCompiler, IterationCount=3, LaunchCount=1, MinIterationCount=50, WarmupCount=3) [Script=coop-2]
// *** Execute ***
// Launch: 1 / 1
// Execute: /bench/chrysalis/benchmarks/PlutusBench/bin/Release/net10.0/PlutusBench-NativeAOT 10.0-1/bin/Release/net10.0/linux-x64/publish/PlutusBench-NativeAOT 10.0-1 --anonymousPipes 113 114 --benchmarkName "PlutusUseCasesBenchmarks.DecodeAndEval(Script: \"coop-2\")" --job "NativeAOT 10.0" --benchmarkId 10 in 
// BeforeAnythingElse

// Benchmark Process Environment Information:
// BenchmarkDotNet v0.15.8
// Runtime=.NET 10.0.12, X64 NativeAOT x86-64-v4
// GC=Concurrent Workstation
// HardwareIntrinsics=AVX512 IFMA+VBMI,AVX512 F+BW+CD+DQ+VL,AVX2+BMI1+BMI2+F16C+FMA+LZCNT+MOVBE,AVX,SSE3+SSSE3+SSE4.1+SSE4.2+POPCNT,X86Base+SSE+SSE2,AES+PCLMUL VectorSize=256
// Job: NativeAOT 10.0(IterationCount=3, LaunchCount=1, MinIterationCount=50, WarmupCount=3)

OverheadJitting  1: 1 op, 217.00 ns, 217.0000 ns/op
WorkloadJitting  1: 1 op, 1119908.00 ns, 1.1199 ms/op

OverheadJitting  2: 16 op, 267.00 ns, 16.6875 ns/op
WorkloadJitting  2: 16 op, 14163827.00 ns, 885.2392 us/op

WorkloadPilot    1: 16 op, 13695329.00 ns, 855.9581 us/op
WorkloadPilot    2: 32 op, 23143398.00 ns, 723.2312 us/op
WorkloadPilot    3: 64 op, 44851509.00 ns, 700.8048 us/op
WorkloadPilot    4: 128 op, 89031219.00 ns, 695.5564 us/op
WorkloadPilot    5: 256 op, 177939052.00 ns, 695.0744 us/op
WorkloadPilot    6: 512 op, 367064422.00 ns, 716.9227 us/op
WorkloadPilot    7: 1024 op, 718297039.00 ns, 701.4620 us/op

OverheadWarmup   1: 1024 op, 2668.00 ns, 2.6055 ns/op
OverheadWarmup   2: 1024 op, 2470.00 ns, 2.4121 ns/op
OverheadWarmup   3: 1024 op, 2492.00 ns, 2.4336 ns/op
OverheadWarmup   4: 1024 op, 2458.00 ns, 2.4004 ns/op
OverheadWarmup   5: 1024 op, 2486.00 ns, 2.4277 ns/op
OverheadWarmup   6: 1024 op, 2481.00 ns, 2.4229 ns/op

OverheadActual   1: 1024 op, 2545.00 ns, 2.4854 ns/op
OverheadActual   2: 1024 op, 2524.00 ns, 2.4648 ns/op
OverheadActual   3: 1024 op, 2536.00 ns, 2.4766 ns/op
OverheadActual   4: 1024 op, 2527.00 ns, 2.4678 ns/op
OverheadActual   5: 1024 op, 2478.00 ns, 2.4199 ns/op
OverheadActual   6: 1024 op, 2551.00 ns, 2.4912 ns/op
OverheadActual   7: 1024 op, 2633.00 ns, 2.5713 ns/op
OverheadActual   8: 1024 op, 2530.00 ns, 2.4707 ns/op
OverheadActual   9: 1024 op, 2644.00 ns, 2.5820 ns/op
OverheadActual  10: 1024 op, 2536.00 ns, 2.4766 ns/op
OverheadActual  11: 1024 op, 2516.00 ns, 2.4570 ns/op
OverheadActual  12: 1024 op, 2532.00 ns, 2.4727 ns/op
OverheadActual  13: 1024 op, 2642.00 ns, 2.5801 ns/op
OverheadActual  14: 1024 op, 2633.00 ns, 2.5713 ns/op
OverheadActual  15: 1024 op, 2620.00 ns, 2.5586 ns/op
OverheadActual  16: 1024 op, 2634.00 ns, 2.5723 ns/op
OverheadActual  17: 1024 op, 2616.00 ns, 2.5547 ns/op
OverheadActual  18: 1024 op, 2532.00 ns, 2.4727 ns/op
OverheadActual  19: 1024 op, 2521.00 ns, 2.4619 ns/op
OverheadActual  20: 1024 op, 2641.00 ns, 2.5791 ns/op

WorkloadWarmup   1: 1024 op, 725426558.00 ns, 708.4244 us/op
WorkloadWarmup   2: 1024 op, 721209581.00 ns, 704.3062 us/op
WorkloadWarmup   3: 1024 op, 718175943.00 ns, 701.3437 us/op

// BeforeActualRun
WorkloadActual   1: 1024 op, 731002432.00 ns, 713.8696 us/op
WorkloadActual   2: 1024 op, 720524770.00 ns, 703.6375 us/op
WorkloadActual   3: 1024 op, 720783749.00 ns, 703.8904 us/op

// AfterActualRun
WorkloadResult   1: 1024 op, 730999891.50 ns, 713.8671 us/op
WorkloadResult   2: 1024 op, 720522229.50 ns, 703.6350 us/op
WorkloadResult   3: 1024 op, 720781208.50 ns, 703.8879 us/op
// GC:  153 51 0 1284293616 1024
// Threading:  0 0 1024

// AfterAll
// Benchmark Process 2062 has exited with code 0.

Mean = 707.130 us, StdErr = 3.369 us (0.48%), N = 3, StdDev = 5.836 us
Min = 703.635 us, Q1 = 703.761 us, Median = 703.888 us, Q3 = 708.877 us, Max = 713.867 us
IQR = 5.116 us, LowerFence = 696.087 us, UpperFence = 716.552 us
ConfidenceInterval = [600.662 us; 813.598 us] (CI 99.9%), Margin = 106.468 us (15.06% of Mean)
Skewness = 0.38, Kurtosis = 0.67, MValue = 2

// ** Remained 78 (87.6 %) benchmark(s) to run. Estimated finish 2026-10-07 19:55 (0h 9m from now) **
// **************************
// Benchmark: PlutusUseCasesBenchmarks.DecodeAndEval: NativeAOT 10.0(Runtime=NativeAOT 10.0, Toolchain=Latest ILCompiler, IterationCount=3, LaunchCount=1, MinIterationCount=50, WarmupCount=3) [Script=coop-3]
// *** Execute ***
// Launch: 1 / 1
// Execute: /bench/chrysalis/benchmarks/PlutusBench/bin/Release/net10.0/PlutusBench-NativeAOT 10.0-1/bin/Release/net10.0/linux-x64/publish/PlutusBench-NativeAOT 10.0-1 --anonymousPipes 113 114 --benchmarkName "PlutusUseCasesBenchmarks.DecodeAndEval(Script: \"coop-3\")" --job "NativeAOT 10.0" --benchmarkId 11 in 
// BeforeAnythingElse

// Benchmark Process Environment Information:
// BenchmarkDotNet v0.15.8
// Runtime=.NET 10.0.12, X64 NativeAOT x86-64-v4
// GC=Concurrent Workstation
// HardwareIntrinsics=AVX512 IFMA+VBMI,AVX512 F+BW+CD+DQ+VL,AVX2+BMI1+BMI2+F16C+FMA+LZCNT+MOVBE,AVX,SSE3+SSSE3+SSE4.1+SSE4.2+POPCNT,X86Base+SSE+SSE2,AES+PCLMUL VectorSize=256
// Job: NativeAOT 10.0(IterationCount=3, LaunchCount=1, MinIterationCount=50, WarmupCount=3)

OverheadJitting  1: 1 op, 212.00 ns, 212.0000 ns/op
WorkloadJitting  1: 1 op, 3240796.00 ns, 3.2408 ms/op

OverheadJitting  2: 16 op, 292.00 ns, 18.2500 ns/op
WorkloadJitting  2: 16 op, 40617428.00 ns, 2.5386 ms/op

WorkloadPilot    1: 16 op, 41438446.00 ns, 2.5899 ms/op
WorkloadPilot    2: 32 op, 83965045.00 ns, 2.6239 ms/op
WorkloadPilot    3: 64 op, 149254080.00 ns, 2.3321 ms/op
WorkloadPilot    4: 128 op, 288545192.00 ns, 2.2543 ms/op
WorkloadPilot    5: 256 op, 580676701.00 ns, 2.2683 ms/op

OverheadWarmup   1: 256 op, 1001.00 ns, 3.9102 ns/op
OverheadWarmup   2: 256 op, 861.00 ns, 3.3633 ns/op
OverheadWarmup   3: 256 op, 850.00 ns, 3.3203 ns/op
OverheadWarmup   4: 256 op, 835.00 ns, 3.2617 ns/op
OverheadWarmup   5: 256 op, 802.00 ns, 3.1328 ns/op
OverheadWarmup   6: 256 op, 785.00 ns, 3.0664 ns/op
OverheadWarmup   7: 256 op, 815.00 ns, 3.1836 ns/op
OverheadWarmup   8: 256 op, 810.00 ns, 3.1641 ns/op
OverheadWarmup   9: 256 op, 784.00 ns, 3.0625 ns/op
OverheadWarmup  10: 256 op, 808.00 ns, 3.1563 ns/op

OverheadActual   1: 256 op, 830.00 ns, 3.2422 ns/op
OverheadActual   2: 256 op, 798.00 ns, 3.1172 ns/op
OverheadActual   3: 256 op, 853.00 ns, 3.3320 ns/op
OverheadActual   4: 256 op, 813.00 ns, 3.1758 ns/op
OverheadActual   5: 256 op, 806.00 ns, 3.1484 ns/op
OverheadActual   6: 256 op, 841.00 ns, 3.2852 ns/op
OverheadActual   7: 256 op, 838.00 ns, 3.2734 ns/op
OverheadActual   8: 256 op, 866.00 ns, 3.3828 ns/op
OverheadActual   9: 256 op, 879.00 ns, 3.4336 ns/op
OverheadActual  10: 256 op, 815.00 ns, 3.1836 ns/op
OverheadActual  11: 256 op, 804.00 ns, 3.1406 ns/op
OverheadActual  12: 256 op, 855.00 ns, 3.3398 ns/op
OverheadActual  13: 256 op, 828.00 ns, 3.2344 ns/op
OverheadActual  14: 256 op, 825.00 ns, 3.2227 ns/op
OverheadActual  15: 256 op, 789.00 ns, 3.0820 ns/op
OverheadActual  16: 256 op, 778.00 ns, 3.0391 ns/op
OverheadActual  17: 256 op, 835.00 ns, 3.2617 ns/op
OverheadActual  18: 256 op, 848.00 ns, 3.3125 ns/op
OverheadActual  19: 256 op, 834.00 ns, 3.2578 ns/op
OverheadActual  20: 256 op, 876.00 ns, 3.4219 ns/op

WorkloadWarmup   1: 256 op, 589145736.00 ns, 2.3014 ms/op
WorkloadWarmup   2: 256 op, 583997648.00 ns, 2.2812 ms/op
WorkloadWarmup   3: 256 op, 579537687.00 ns, 2.2638 ms/op

// BeforeActualRun
WorkloadActual   1: 256 op, 578828070.00 ns, 2.2610 ms/op
WorkloadActual   2: 256 op, 578823696.00 ns, 2.2610 ms/op
WorkloadActual   3: 256 op, 580442354.00 ns, 2.2674 ms/op

// AfterActualRun
WorkloadResult   1: 256 op, 578827238.00 ns, 2.2610 ms/op
WorkloadResult   2: 256 op, 578822864.00 ns, 2.2610 ms/op
WorkloadResult   3: 256 op, 580441522.00 ns, 2.2673 ms/op
// GC:  101 33 0 849441776 256
// Threading:  0 0 256

// AfterAll
// Benchmark Process 2069 has exited with code 0.

Mean = 2.263 ms, StdErr = 0.002 ms (0.09%), N = 3, StdDev = 0.004 ms
Min = 2.261 ms, Q1 = 2.261 ms, Median = 2.261 ms, Q3 = 2.264 ms, Max = 2.267 ms
IQR = 0.003 ms, LowerFence = 2.256 ms, UpperFence = 2.269 ms
ConfidenceInterval = [2.197 ms; 2.330 ms] (CI 99.9%), Margin = 0.067 ms (2.94% of Mean)
Skewness = 0.38, Kurtosis = 0.67, MValue = 2

// ** Remained 77 (86.5 %) benchmark(s) to run. Estimated finish 2026-10-07 19:55 (0h 8m from now) **
// **************************
// Benchmark: PlutusUseCasesBenchmarks.DecodeAndEval: NativeAOT 10.0(Runtime=NativeAOT 10.0, Toolchain=Latest ILCompiler, IterationCount=3, LaunchCount=1, MinIterationCount=50, WarmupCount=3) [Script=coop-4]
// *** Execute ***
// Launch: 1 / 1
// Execute: /bench/chrysalis/benchmarks/PlutusBench/bin/Release/net10.0/PlutusBench-NativeAOT 10.0-1/bin/Release/net10.0/linux-x64/publish/PlutusBench-NativeAOT 10.0-1 --anonymousPipes 113 114 --benchmarkName "PlutusUseCasesBenchmarks.DecodeAndEval(Script: \"coop-4\")" --job "NativeAOT 10.0" --benchmarkId 12 in 
// BeforeAnythingElse

// Benchmark Process Environment Information:
// BenchmarkDotNet v0.15.8
// Runtime=.NET 10.0.12, X64 NativeAOT x86-64-v4
// GC=Concurrent Workstation
// HardwareIntrinsics=AVX512 IFMA+VBMI,AVX512 F+BW+CD+DQ+VL,AVX2+BMI1+BMI2+F16C+FMA+LZCNT+MOVBE,AVX,SSE3+SSSE3+SSE4.1+SSE4.2+POPCNT,X86Base+SSE+SSE2,AES+PCLMUL VectorSize=256
// Job: NativeAOT 10.0(IterationCount=3, LaunchCount=1, MinIterationCount=50, WarmupCount=3)

OverheadJitting  1: 1 op, 211.00 ns, 211.0000 ns/op
WorkloadJitting  1: 1 op, 1254898.00 ns, 1.2549 ms/op

OverheadJitting  2: 16 op, 274.00 ns, 17.1250 ns/op
WorkloadJitting  2: 16 op, 18085273.00 ns, 1.1303 ms/op

WorkloadPilot    1: 16 op, 16554110.00 ns, 1.0346 ms/op
WorkloadPilot    2: 32 op, 30193024.00 ns, 943.5320 us/op
WorkloadPilot    3: 64 op, 58685573.00 ns, 916.9621 us/op
WorkloadPilot    4: 128 op, 115752132.00 ns, 904.3135 us/op
WorkloadPilot    5: 256 op, 230751696.00 ns, 901.3738 us/op
WorkloadPilot    6: 512 op, 465061285.00 ns, 908.3228 us/op
WorkloadPilot    7: 1024 op, 926304294.00 ns, 904.5940 us/op

OverheadWarmup   1: 1024 op, 16066.00 ns, 15.6895 ns/op
OverheadWarmup   2: 1024 op, 2574.00 ns, 2.5137 ns/op
OverheadWarmup   3: 1024 op, 2453.00 ns, 2.3955 ns/op
OverheadWarmup   4: 1024 op, 2464.00 ns, 2.4063 ns/op
OverheadWarmup   5: 1024 op, 2524.00 ns, 2.4648 ns/op
OverheadWarmup   6: 1024 op, 2513.00 ns, 2.4541 ns/op
OverheadWarmup   7: 1024 op, 2503.00 ns, 2.4443 ns/op
OverheadWarmup   8: 1024 op, 2505.00 ns, 2.4463 ns/op
OverheadWarmup   9: 1024 op, 2631.00 ns, 2.5693 ns/op
OverheadWarmup  10: 1024 op, 2520.00 ns, 2.4609 ns/op

OverheadActual   1: 1024 op, 2522.00 ns, 2.4629 ns/op
OverheadActual   2: 1024 op, 2605.00 ns, 2.5439 ns/op
OverheadActual   3: 1024 op, 2641.00 ns, 2.5791 ns/op
OverheadActual   4: 1024 op, 2513.00 ns, 2.4541 ns/op
OverheadActual   5: 1024 op, 2603.00 ns, 2.5420 ns/op
OverheadActual   6: 1024 op, 2610.00 ns, 2.5488 ns/op
OverheadActual   7: 1024 op, 2504.00 ns, 2.4453 ns/op
OverheadActual   8: 1024 op, 2505.00 ns, 2.4463 ns/op
OverheadActual   9: 1024 op, 2615.00 ns, 2.5537 ns/op
OverheadActual  10: 1024 op, 2591.00 ns, 2.5303 ns/op
OverheadActual  11: 1024 op, 2596.00 ns, 2.5352 ns/op
OverheadActual  12: 1024 op, 2600.00 ns, 2.5391 ns/op
OverheadActual  13: 1024 op, 2638.00 ns, 2.5762 ns/op
OverheadActual  14: 1024 op, 2700.00 ns, 2.6367 ns/op
OverheadActual  15: 1024 op, 2500.00 ns, 2.4414 ns/op
OverheadActual  16: 1024 op, 2517.00 ns, 2.4580 ns/op
OverheadActual  17: 1024 op, 2499.00 ns, 2.4404 ns/op
OverheadActual  18: 1024 op, 2508.00 ns, 2.4492 ns/op
OverheadActual  19: 1024 op, 2506.00 ns, 2.4473 ns/op
OverheadActual  20: 1024 op, 2498.00 ns, 2.4395 ns/op

WorkloadWarmup   1: 1024 op, 930843147.00 ns, 909.0265 us/op
WorkloadWarmup   2: 1024 op, 929527200.00 ns, 907.7414 us/op
WorkloadWarmup   3: 1024 op, 934673873.00 ns, 912.7675 us/op

// BeforeActualRun
WorkloadActual   1: 1024 op, 930015132.00 ns, 908.2179 us/op
WorkloadActual   2: 1024 op, 960475795.00 ns, 937.9646 us/op
WorkloadActual   3: 1024 op, 1086047289.00 ns, 1.0606 ms/op

// AfterActualRun
WorkloadResult   1: 1024 op, 930012575.50 ns, 908.2154 us/op
WorkloadResult   2: 1024 op, 960473238.50 ns, 937.9621 us/op
WorkloadResult   3: 1024 op, 1086044732.50 ns, 1.0606 ms/op
// GC:  177 69 0 1483015152 1024
// Threading:  0 0 1024

// AfterAll
// Benchmark Process 2073 has exited with code 0.

Mean = 968.923 us, StdErr = 46.631 us (4.81%), N = 3, StdDev = 80.768 us
Min = 908.215 us, Q1 = 923.089 us, Median = 937.962 us, Q3 = 999.276 us, Max = 1,060.591 us
IQR = 76.188 us, LowerFence = 808.807 us, UpperFence = 1,113.558 us
ConfidenceInterval = [-504.586 us; 2,442.431 us] (CI 99.9%), Margin = 1,473.508 us (152.08% of Mean)
Skewness = 0.33, Kurtosis = 0.67, MValue = 2

// ** Remained 76 (85.4 %) benchmark(s) to run. Estimated finish 2026-10-07 19:55 (0h 8m from now) **
// **************************
// Benchmark: PlutusUseCasesBenchmarks.DecodeAndEval: NativeAOT 10.0(Runtime=NativeAOT 10.0, Toolchain=Latest ILCompiler, IterationCount=3, LaunchCount=1, MinIterationCount=50, WarmupCount=3) [Script=coop-5]
// *** Execute ***
// Launch: 1 / 1
// Execute: /bench/chrysalis/benchmarks/PlutusBench/bin/Release/net10.0/PlutusBench-NativeAOT 10.0-1/bin/Release/net10.0/linux-x64/publish/PlutusBench-NativeAOT 10.0-1 --anonymousPipes 113 114 --benchmarkName "PlutusUseCasesBenchmarks.DecodeAndEval(Script: \"coop-5\")" --job "NativeAOT 10.0" --benchmarkId 13 in 
// BeforeAnythingElse

// Benchmark Process Environment Information:
// BenchmarkDotNet v0.15.8
// Runtime=.NET 10.0.12, X64 NativeAOT x86-64-v4
// GC=Concurrent Workstation
// HardwareIntrinsics=AVX512 IFMA+VBMI,AVX512 F+BW+CD+DQ+VL,AVX2+BMI1+BMI2+F16C+FMA+LZCNT+MOVBE,AVX,SSE3+SSSE3+SSE4.1+SSE4.2+POPCNT,X86Base+SSE+SSE2,AES+PCLMUL VectorSize=256
// Job: NativeAOT 10.0(IterationCount=3, LaunchCount=1, MinIterationCount=50, WarmupCount=3)

OverheadJitting  1: 1 op, 302.00 ns, 302.0000 ns/op
WorkloadJitting  1: 1 op, 836366.00 ns, 836.3660 us/op

OverheadJitting  2: 16 op, 313.00 ns, 19.5625 ns/op
WorkloadJitting  2: 16 op, 11889770.00 ns, 743.1106 us/op

WorkloadPilot    1: 16 op, 10285513.00 ns, 642.8446 us/op
WorkloadPilot    2: 32 op, 19935735.00 ns, 622.9917 us/op
WorkloadPilot    3: 64 op, 37823765.00 ns, 590.9963 us/op
WorkloadPilot    4: 128 op, 73483007.00 ns, 574.0860 us/op
WorkloadPilot    5: 256 op, 125788239.00 ns, 491.3603 us/op
WorkloadPilot    6: 512 op, 232175515.00 ns, 453.4678 us/op
WorkloadPilot    7: 1024 op, 457840904.00 ns, 447.1103 us/op
WorkloadPilot    8: 2048 op, 913939185.00 ns, 446.2594 us/op

OverheadWarmup   1: 2048 op, 5426.00 ns, 2.6494 ns/op
OverheadWarmup   2: 2048 op, 5234.00 ns, 2.5557 ns/op
OverheadWarmup   3: 2048 op, 5175.00 ns, 2.5269 ns/op
OverheadWarmup   4: 2048 op, 5304.00 ns, 2.5898 ns/op
OverheadWarmup   5: 2048 op, 5145.00 ns, 2.5122 ns/op
OverheadWarmup   6: 2048 op, 5091.00 ns, 2.4858 ns/op
OverheadWarmup   7: 2048 op, 5024.00 ns, 2.4531 ns/op
OverheadWarmup   8: 2048 op, 5027.00 ns, 2.4546 ns/op
OverheadWarmup   9: 2048 op, 5103.00 ns, 2.4917 ns/op
OverheadWarmup  10: 2048 op, 5323.00 ns, 2.5991 ns/op

OverheadActual   1: 2048 op, 5224.00 ns, 2.5508 ns/op
OverheadActual   2: 2048 op, 5406.00 ns, 2.6396 ns/op
OverheadActual   3: 2048 op, 5117.00 ns, 2.4985 ns/op
OverheadActual   4: 2048 op, 5094.00 ns, 2.4873 ns/op
OverheadActual   5: 2048 op, 5128.00 ns, 2.5039 ns/op
OverheadActual   6: 2048 op, 5163.00 ns, 2.5210 ns/op
OverheadActual   7: 2048 op, 5230.00 ns, 2.5537 ns/op
OverheadActual   8: 2048 op, 5240.00 ns, 2.5586 ns/op
OverheadActual   9: 2048 op, 5575.00 ns, 2.7222 ns/op
OverheadActual  10: 2048 op, 5382.00 ns, 2.6279 ns/op
OverheadActual  11: 2048 op, 5077.00 ns, 2.4790 ns/op
OverheadActual  12: 2048 op, 5363.00 ns, 2.6187 ns/op
OverheadActual  13: 2048 op, 5167.00 ns, 2.5229 ns/op
OverheadActual  14: 2048 op, 5155.00 ns, 2.5171 ns/op
OverheadActual  15: 2048 op, 5172.00 ns, 2.5254 ns/op
OverheadActual  16: 2048 op, 5220.00 ns, 2.5488 ns/op
OverheadActual  17: 2048 op, 5121.00 ns, 2.5005 ns/op
OverheadActual  18: 2048 op, 5385.00 ns, 2.6294 ns/op
OverheadActual  19: 2048 op, 5209.00 ns, 2.5435 ns/op
OverheadActual  20: 2048 op, 5167.00 ns, 2.5229 ns/op

WorkloadWarmup   1: 2048 op, 920738429.00 ns, 449.5793 us/op
WorkloadWarmup   2: 2048 op, 919922582.00 ns, 449.1809 us/op
WorkloadWarmup   3: 2048 op, 914913328.00 ns, 446.7350 us/op

// BeforeActualRun
WorkloadActual   1: 2048 op, 926204690.00 ns, 452.2484 us/op
WorkloadActual   2: 2048 op, 915570148.00 ns, 447.0557 us/op
WorkloadActual   3: 2048 op, 915154780.00 ns, 446.8529 us/op

// AfterActualRun
WorkloadResult   1: 2048 op, 926199499.50 ns, 452.2458 us/op
WorkloadResult   2: 2048 op, 915564957.50 ns, 447.0532 us/op
WorkloadResult   3: 2048 op, 915149589.50 ns, 446.8504 us/op
// GC:  193 64 0 1618822128 2048
// Threading:  0 0 2048

// AfterAll
// Benchmark Process 2076 has exited with code 0.

Mean = 448.716 us, StdErr = 1.766 us (0.39%), N = 3, StdDev = 3.058 us
Min = 446.850 us, Q1 = 446.952 us, Median = 447.053 us, Q3 = 449.650 us, Max = 452.246 us
IQR = 2.698 us, LowerFence = 442.905 us, UpperFence = 453.696 us
ConfidenceInterval = [392.923 us; 504.510 us] (CI 99.9%), Margin = 55.793 us (12.43% of Mean)
Skewness = 0.38, Kurtosis = 0.67, MValue = 2

// ** Remained 75 (84.3 %) benchmark(s) to run. Estimated finish 2026-10-07 19:55 (0h 8m from now) **
// **************************
// Benchmark: PlutusUseCasesBenchmarks.DecodeAndEval: NativeAOT 10.0(Runtime=NativeAOT 10.0, Toolchain=Latest ILCompiler, IterationCount=3, LaunchCount=1, MinIterationCount=50, WarmupCount=3) [Script=coop-6]
// *** Execute ***
// Launch: 1 / 1
// Execute: /bench/chrysalis/benchmarks/PlutusBench/bin/Release/net10.0/PlutusBench-NativeAOT 10.0-1/bin/Release/net10.0/linux-x64/publish/PlutusBench-NativeAOT 10.0-1 --anonymousPipes 113 114 --benchmarkName "PlutusUseCasesBenchmarks.DecodeAndEval(Script: \"coop-6\")" --job "NativeAOT 10.0" --benchmarkId 14 in 
// BeforeAnythingElse

// Benchmark Process Environment Information:
// BenchmarkDotNet v0.15.8
// Runtime=.NET 10.0.12, X64 NativeAOT x86-64-v4
// GC=Concurrent Workstation
// HardwareIntrinsics=AVX512 IFMA+VBMI,AVX512 F+BW+CD+DQ+VL,AVX2+BMI1+BMI2+F16C+FMA+LZCNT+MOVBE,AVX,SSE3+SSSE3+SSE4.1+SSE4.2+POPCNT,X86Base+SSE+SSE2,AES+PCLMUL VectorSize=256
// Job: NativeAOT 10.0(IterationCount=3, LaunchCount=1, MinIterationCount=50, WarmupCount=3)

OverheadJitting  1: 1 op, 240.00 ns, 240.0000 ns/op
WorkloadJitting  1: 1 op, 924924.00 ns, 924.9240 us/op

OverheadJitting  2: 16 op, 272.00 ns, 17.0000 ns/op
WorkloadJitting  2: 16 op, 12138797.00 ns, 758.6748 us/op

WorkloadPilot    1: 16 op, 11730076.00 ns, 733.1298 us/op
WorkloadPilot    2: 32 op, 20126549.00 ns, 628.9547 us/op
WorkloadPilot    3: 64 op, 37657828.00 ns, 588.4036 us/op
WorkloadPilot    4: 128 op, 76901625.00 ns, 600.7939 us/op
WorkloadPilot    5: 256 op, 154223692.00 ns, 602.4363 us/op
WorkloadPilot    6: 512 op, 305180939.00 ns, 596.0565 us/op
WorkloadPilot    7: 1024 op, 604661831.00 ns, 590.4901 us/op

OverheadWarmup   1: 1024 op, 2852.00 ns, 2.7852 ns/op
OverheadWarmup   2: 1024 op, 2574.00 ns, 2.5137 ns/op
OverheadWarmup   3: 1024 op, 2488.00 ns, 2.4297 ns/op
OverheadWarmup   4: 1024 op, 2561.00 ns, 2.5010 ns/op
OverheadWarmup   5: 1024 op, 2512.00 ns, 2.4531 ns/op
OverheadWarmup   6: 1024 op, 2565.00 ns, 2.5049 ns/op
OverheadWarmup   7: 1024 op, 2487.00 ns, 2.4287 ns/op

OverheadActual   1: 1024 op, 2539.00 ns, 2.4795 ns/op
OverheadActual   2: 1024 op, 2512.00 ns, 2.4531 ns/op
OverheadActual   3: 1024 op, 2529.00 ns, 2.4697 ns/op
OverheadActual   4: 1024 op, 2511.00 ns, 2.4521 ns/op
OverheadActual   5: 1024 op, 2526.00 ns, 2.4668 ns/op
OverheadActual   6: 1024 op, 2619.00 ns, 2.5576 ns/op
OverheadActual   7: 1024 op, 2520.00 ns, 2.4609 ns/op
OverheadActual   8: 1024 op, 2513.00 ns, 2.4541 ns/op
OverheadActual   9: 1024 op, 2532.00 ns, 2.4727 ns/op
OverheadActual  10: 1024 op, 2518.00 ns, 2.4590 ns/op
OverheadActual  11: 1024 op, 2513.00 ns, 2.4541 ns/op
OverheadActual  12: 1024 op, 2515.00 ns, 2.4561 ns/op
OverheadActual  13: 1024 op, 2546.00 ns, 2.4863 ns/op
OverheadActual  14: 1024 op, 2508.00 ns, 2.4492 ns/op
OverheadActual  15: 1024 op, 2532.00 ns, 2.4727 ns/op
OverheadActual  16: 1024 op, 2619.00 ns, 2.5576 ns/op
OverheadActual  17: 1024 op, 2635.00 ns, 2.5732 ns/op
OverheadActual  18: 1024 op, 2531.00 ns, 2.4717 ns/op
OverheadActual  19: 1024 op, 2615.00 ns, 2.5537 ns/op
OverheadActual  20: 1024 op, 2674.00 ns, 2.6113 ns/op

WorkloadWarmup   1: 1024 op, 611878978.00 ns, 597.5381 us/op
WorkloadWarmup   2: 1024 op, 626850742.00 ns, 612.1589 us/op
WorkloadWarmup   3: 1024 op, 605631489.00 ns, 591.4370 us/op

// BeforeActualRun
WorkloadActual   1: 1024 op, 608478722.00 ns, 594.2175 us/op
WorkloadActual   2: 1024 op, 611710222.00 ns, 597.3733 us/op
WorkloadActual   3: 1024 op, 605866815.00 ns, 591.6668 us/op

// AfterActualRun
WorkloadResult   1: 1024 op, 608476192.00 ns, 594.2150 us/op
WorkloadResult   2: 1024 op, 611707692.00 ns, 597.3708 us/op
WorkloadResult   3: 1024 op, 605864285.00 ns, 591.6643 us/op
// GC:  135 45 0 1133560816 1024
// Threading:  0 0 1024

// AfterAll
// Benchmark Process 2080 has exited with code 0.

Mean = 594.417 us, StdErr = 1.650 us (0.28%), N = 3, StdDev = 2.859 us
Min = 591.664 us, Q1 = 592.940 us, Median = 594.215 us, Q3 = 595.793 us, Max = 597.371 us
IQR = 2.853 us, LowerFence = 588.660 us, UpperFence = 600.073 us
ConfidenceInterval = [542.266 us; 646.568 us] (CI 99.9%), Margin = 52.151 us (8.77% of Mean)
Skewness = 0.07, Kurtosis = 0.67, MValue = 2

// ** Remained 74 (83.1 %) benchmark(s) to run. Estimated finish 2026-10-07 19:55 (0h 8m from now) **
// **************************
// Benchmark: PlutusUseCasesBenchmarks.DecodeAndEval: NativeAOT 10.0(Runtime=NativeAOT 10.0, Toolchain=Latest ILCompiler, IterationCount=3, LaunchCount=1, MinIterationCount=50, WarmupCount=3) [Script=coop-7]
// *** Execute ***
// Launch: 1 / 1
// Execute: /bench/chrysalis/benchmarks/PlutusBench/bin/Release/net10.0/PlutusBench-NativeAOT 10.0-1/bin/Release/net10.0/linux-x64/publish/PlutusBench-NativeAOT 10.0-1 --anonymousPipes 113 114 --benchmarkName "PlutusUseCasesBenchmarks.DecodeAndEval(Script: \"coop-7\")" --job "NativeAOT 10.0" --benchmarkId 15 in 
// BeforeAnythingElse

// Benchmark Process Environment Information:
// BenchmarkDotNet v0.15.8
// Runtime=.NET 10.0.12, X64 NativeAOT x86-64-v4
// GC=Concurrent Workstation
// HardwareIntrinsics=AVX512 IFMA+VBMI,AVX512 F+BW+CD+DQ+VL,AVX2+BMI1+BMI2+F16C+FMA+LZCNT+MOVBE,AVX,SSE3+SSSE3+SSE4.1+SSE4.2+POPCNT,X86Base+SSE+SSE2,AES+PCLMUL VectorSize=256
// Job: NativeAOT 10.0(IterationCount=3, LaunchCount=1, MinIterationCount=50, WarmupCount=3)

OverheadJitting  1: 1 op, 233.00 ns, 233.0000 ns/op
WorkloadJitting  1: 1 op, 522777.00 ns, 522.7770 us/op

OverheadJitting  2: 16 op, 272.00 ns, 17.0000 ns/op
WorkloadJitting  2: 16 op, 7595987.00 ns, 474.7492 us/op

WorkloadPilot    1: 16 op, 6286389.00 ns, 392.8993 us/op
WorkloadPilot    2: 32 op, 11279106.00 ns, 352.4721 us/op
WorkloadPilot    3: 64 op, 21576650.00 ns, 337.1352 us/op
WorkloadPilot    4: 128 op, 38916820.00 ns, 304.0377 us/op
WorkloadPilot    5: 256 op, 78648153.00 ns, 307.2193 us/op
WorkloadPilot    6: 512 op, 165085293.00 ns, 322.4322 us/op
WorkloadPilot    7: 1024 op, 312865978.00 ns, 305.5332 us/op
WorkloadPilot    8: 2048 op, 635052904.00 ns, 310.0844 us/op

OverheadWarmup   1: 2048 op, 5402.00 ns, 2.6377 ns/op
OverheadWarmup   2: 2048 op, 5198.00 ns, 2.5381 ns/op
OverheadWarmup   3: 2048 op, 5179.00 ns, 2.5288 ns/op
OverheadWarmup   4: 2048 op, 5177.00 ns, 2.5278 ns/op
OverheadWarmup   5: 2048 op, 5179.00 ns, 2.5288 ns/op
OverheadWarmup   6: 2048 op, 5155.00 ns, 2.5171 ns/op
OverheadWarmup   7: 2048 op, 5241.00 ns, 2.5591 ns/op
OverheadWarmup   8: 2048 op, 5462.00 ns, 2.6670 ns/op
OverheadWarmup   9: 2048 op, 5586.00 ns, 2.7275 ns/op
OverheadWarmup  10: 2048 op, 5127.00 ns, 2.5034 ns/op

OverheadActual   1: 2048 op, 5262.00 ns, 2.5693 ns/op
OverheadActual   2: 2048 op, 5140.00 ns, 2.5098 ns/op
OverheadActual   3: 2048 op, 5274.00 ns, 2.5752 ns/op
OverheadActual   4: 2048 op, 5291.00 ns, 2.5835 ns/op
OverheadActual   5: 2048 op, 5499.00 ns, 2.6851 ns/op
OverheadActual   6: 2048 op, 5268.00 ns, 2.5723 ns/op
OverheadActual   7: 2048 op, 5267.00 ns, 2.5718 ns/op
OverheadActual   8: 2048 op, 5265.00 ns, 2.5708 ns/op
OverheadActual   9: 2048 op, 5255.00 ns, 2.5659 ns/op
OverheadActual  10: 2048 op, 5139.00 ns, 2.5093 ns/op
OverheadActual  11: 2048 op, 5258.00 ns, 2.5674 ns/op
OverheadActual  12: 2048 op, 5254.00 ns, 2.5654 ns/op
OverheadActual  13: 2048 op, 5143.00 ns, 2.5112 ns/op
OverheadActual  14: 2048 op, 5514.00 ns, 2.6924 ns/op
OverheadActual  15: 2048 op, 5267.00 ns, 2.5718 ns/op
OverheadActual  16: 2048 op, 5131.00 ns, 2.5054 ns/op
OverheadActual  17: 2048 op, 5264.00 ns, 2.5703 ns/op
OverheadActual  18: 2048 op, 5274.00 ns, 2.5752 ns/op
OverheadActual  19: 2048 op, 5264.00 ns, 2.5703 ns/op
OverheadActual  20: 2048 op, 5245.00 ns, 2.5610 ns/op

WorkloadWarmup   1: 2048 op, 628134802.00 ns, 306.7064 us/op
WorkloadWarmup   2: 2048 op, 632153656.00 ns, 308.6688 us/op
WorkloadWarmup   3: 2048 op, 624655827.00 ns, 305.0077 us/op

// BeforeActualRun
WorkloadActual   1: 2048 op, 622332794.00 ns, 303.8734 us/op
WorkloadActual   2: 2048 op, 621091268.00 ns, 303.2672 us/op
WorkloadActual   3: 2048 op, 627316013.00 ns, 306.3066 us/op

// AfterActualRun
WorkloadResult   1: 2048 op, 622327530.00 ns, 303.8709 us/op
WorkloadResult   2: 2048 op, 621086004.00 ns, 303.2647 us/op
WorkloadResult   3: 2048 op, 627310749.00 ns, 306.3041 us/op
// GC:  146 43 0 1228751856 2048
// Threading:  0 0 2048

// AfterAll
// Benchmark Process 2084 has exited with code 0.

Mean = 304.480 us, StdErr = 0.929 us (0.31%), N = 3, StdDev = 1.609 us
Min = 303.265 us, Q1 = 303.568 us, Median = 303.871 us, Q3 = 305.087 us, Max = 306.304 us
IQR = 1.520 us, LowerFence = 301.288 us, UpperFence = 307.367 us
ConfidenceInterval = [275.132 us; 333.827 us] (CI 99.9%), Margin = 29.347 us (9.64% of Mean)
Skewness = 0.32, Kurtosis = 0.67, MValue = 2

// ** Remained 73 (82.0 %) benchmark(s) to run. Estimated finish 2026-10-07 19:55 (0h 8m from now) **
// **************************
// Benchmark: PlutusUseCasesBenchmarks.DecodeAndEval: NativeAOT 10.0(Runtime=NativeAOT 10.0, Toolchain=Latest ILCompiler, IterationCount=3, LaunchCount=1, MinIterationCount=50, WarmupCount=3) [Script=crowdfunding-success-1]
// *** Execute ***
// Launch: 1 / 1
// Execute: /bench/chrysalis/benchmarks/PlutusBench/bin/Release/net10.0/PlutusBench-NativeAOT 10.0-1/bin/Release/net10.0/linux-x64/publish/PlutusBench-NativeAOT 10.0-1 --anonymousPipes 113 114 --benchmarkName "PlutusUseCasesBenchmarks.DecodeAndEval(Script: \"crowdfunding-success-1\")" --job "NativeAOT 10.0" --benchmarkId 16 in 
// BeforeAnythingElse

// Benchmark Process Environment Information:
// BenchmarkDotNet v0.15.8
// Runtime=.NET 10.0.12, X64 NativeAOT x86-64-v4
// GC=Concurrent Workstation
// HardwareIntrinsics=AVX512 IFMA+VBMI,AVX512 F+BW+CD+DQ+VL,AVX2+BMI1+BMI2+F16C+FMA+LZCNT+MOVBE,AVX,SSE3+SSSE3+SSE4.1+SSE4.2+POPCNT,X86Base+SSE+SSE2,AES+PCLMUL VectorSize=256
// Job: NativeAOT 10.0(IterationCount=3, LaunchCount=1, MinIterationCount=50, WarmupCount=3)

OverheadJitting  1: 1 op, 431.00 ns, 431.0000 ns/op
WorkloadJitting  1: 1 op, 461396.00 ns, 461.3960 us/op

OverheadJitting  2: 16 op, 300.00 ns, 18.7500 ns/op
WorkloadJitting  2: 16 op, 6161850.00 ns, 385.1156 us/op

WorkloadPilot    1: 16 op, 5403707.00 ns, 337.7317 us/op
WorkloadPilot    2: 32 op, 8433579.00 ns, 263.5493 us/op
WorkloadPilot    3: 64 op, 18479594.00 ns, 288.7437 us/op
WorkloadPilot    4: 128 op, 33254215.00 ns, 259.7986 us/op
WorkloadPilot    5: 256 op, 66280261.00 ns, 258.9073 us/op
WorkloadPilot    6: 512 op, 132140084.00 ns, 258.0861 us/op
WorkloadPilot    7: 1024 op, 263422029.00 ns, 257.2481 us/op
WorkloadPilot    8: 2048 op, 528404521.00 ns, 258.0100 us/op

OverheadWarmup   1: 2048 op, 4973.00 ns, 2.4282 ns/op
OverheadWarmup   2: 2048 op, 4937.00 ns, 2.4106 ns/op
OverheadWarmup   3: 2048 op, 4846.00 ns, 2.3662 ns/op
OverheadWarmup   4: 2048 op, 4920.00 ns, 2.4023 ns/op
OverheadWarmup   5: 2048 op, 4804.00 ns, 2.3457 ns/op
OverheadWarmup   6: 2048 op, 4880.00 ns, 2.3828 ns/op
OverheadWarmup   7: 2048 op, 4887.00 ns, 2.3862 ns/op
OverheadWarmup   8: 2048 op, 4877.00 ns, 2.3813 ns/op

OverheadActual   1: 2048 op, 4906.00 ns, 2.3955 ns/op
OverheadActual   2: 2048 op, 4890.00 ns, 2.3877 ns/op
OverheadActual   3: 2048 op, 4909.00 ns, 2.3970 ns/op
OverheadActual   4: 2048 op, 5115.00 ns, 2.4976 ns/op
OverheadActual   5: 2048 op, 5098.00 ns, 2.4893 ns/op
OverheadActual   6: 2048 op, 5094.00 ns, 2.4873 ns/op
OverheadActual   7: 2048 op, 5093.00 ns, 2.4868 ns/op
OverheadActual   8: 2048 op, 4917.00 ns, 2.4009 ns/op
OverheadActual   9: 2048 op, 5113.00 ns, 2.4966 ns/op
OverheadActual  10: 2048 op, 4904.00 ns, 2.3945 ns/op
OverheadActual  11: 2048 op, 4899.00 ns, 2.3921 ns/op
OverheadActual  12: 2048 op, 5091.00 ns, 2.4858 ns/op
OverheadActual  13: 2048 op, 4870.00 ns, 2.3779 ns/op
OverheadActual  14: 2048 op, 4913.00 ns, 2.3989 ns/op
OverheadActual  15: 2048 op, 5096.00 ns, 2.4883 ns/op
OverheadActual  16: 2048 op, 4877.00 ns, 2.3813 ns/op
OverheadActual  17: 2048 op, 4895.00 ns, 2.3901 ns/op
OverheadActual  18: 2048 op, 4865.00 ns, 2.3755 ns/op
OverheadActual  19: 2048 op, 5110.00 ns, 2.4951 ns/op
OverheadActual  20: 2048 op, 4869.00 ns, 2.3774 ns/op

WorkloadWarmup   1: 2048 op, 539394978.00 ns, 263.3765 us/op
WorkloadWarmup   2: 2048 op, 535169160.00 ns, 261.3131 us/op
WorkloadWarmup   3: 2048 op, 528552660.00 ns, 258.0824 us/op

// BeforeActualRun
WorkloadActual   1: 2048 op, 526696321.00 ns, 257.1759 us/op
WorkloadActual   2: 2048 op, 602003356.00 ns, 293.9470 us/op
WorkloadActual   3: 2048 op, 657183924.00 ns, 320.8906 us/op

// AfterActualRun
WorkloadResult   1: 2048 op, 526691410.00 ns, 257.1735 us/op
WorkloadResult   2: 2048 op, 601998445.00 ns, 293.9446 us/op
WorkloadResult   3: 2048 op, 657179013.00 ns, 320.8882 us/op
// GC:  117 35 0 984351728 2048
// Threading:  0 0 2048

// AfterAll
// Benchmark Process 2087 has exited with code 0.

Mean = 290.669 us, StdErr = 18.466 us (6.35%), N = 3, StdDev = 31.983 us
Min = 257.174 us, Q1 = 275.559 us, Median = 293.945 us, Q3 = 307.416 us, Max = 320.888 us
IQR = 31.857 us, LowerFence = 227.773 us, UpperFence = 355.202 us
ConfidenceInterval = [-292.827 us; 874.165 us] (CI 99.9%), Margin = 583.496 us (200.74% of Mean)
Skewness = -0.1, Kurtosis = 0.67, MValue = 2

// ** Remained 72 (80.9 %) benchmark(s) to run. Estimated finish 2026-10-07 19:55 (0h 8m from now) **
// **************************
// Benchmark: PlutusUseCasesBenchmarks.DecodeAndEval: NativeAOT 10.0(Runtime=NativeAOT 10.0, Toolchain=Latest ILCompiler, IterationCount=3, LaunchCount=1, MinIterationCount=50, WarmupCount=3) [Script=crowdfunding-success-2]
// *** Execute ***
// Launch: 1 / 1
// Execute: /bench/chrysalis/benchmarks/PlutusBench/bin/Release/net10.0/PlutusBench-NativeAOT 10.0-1/bin/Release/net10.0/linux-x64/publish/PlutusBench-NativeAOT 10.0-1 --anonymousPipes 113 114 --benchmarkName "PlutusUseCasesBenchmarks.DecodeAndEval(Script: \"crowdfunding-success-2\")" --job "NativeAOT 10.0" --benchmarkId 17 in 
// BeforeAnythingElse

// Benchmark Process Environment Information:
// BenchmarkDotNet v0.15.8
// Runtime=.NET 10.0.12, X64 NativeAOT x86-64-v4
// GC=Concurrent Workstation
// HardwareIntrinsics=AVX512 IFMA+VBMI,AVX512 F+BW+CD+DQ+VL,AVX2+BMI1+BMI2+F16C+FMA+LZCNT+MOVBE,AVX,SSE3+SSSE3+SSE4.1+SSE4.2+POPCNT,X86Base+SSE+SSE2,AES+PCLMUL VectorSize=256
// Job: NativeAOT 10.0(IterationCount=3, LaunchCount=1, MinIterationCount=50, WarmupCount=3)

OverheadJitting  1: 1 op, 280.00 ns, 280.0000 ns/op
WorkloadJitting  1: 1 op, 503784.00 ns, 503.7840 us/op

OverheadJitting  2: 16 op, 325.00 ns, 20.3125 ns/op
WorkloadJitting  2: 16 op, 7455808.00 ns, 465.9880 us/op

WorkloadPilot    1: 16 op, 6356373.00 ns, 397.2733 us/op
WorkloadPilot    2: 32 op, 10502171.00 ns, 328.1928 us/op
WorkloadPilot    3: 64 op, 22980371.00 ns, 359.0683 us/op
WorkloadPilot    4: 128 op, 41580582.00 ns, 324.8483 us/op
WorkloadPilot    5: 256 op, 82801324.00 ns, 323.4427 us/op
WorkloadPilot    6: 512 op, 166110330.00 ns, 324.4342 us/op
WorkloadPilot    7: 1024 op, 264791148.00 ns, 258.5851 us/op
WorkloadPilot    8: 2048 op, 527949385.00 ns, 257.7878 us/op

OverheadWarmup   1: 2048 op, 5434.00 ns, 2.6533 ns/op
OverheadWarmup   2: 2048 op, 5162.00 ns, 2.5205 ns/op
OverheadWarmup   3: 2048 op, 5190.00 ns, 2.5342 ns/op
OverheadWarmup   4: 2048 op, 5185.00 ns, 2.5317 ns/op
OverheadWarmup   5: 2048 op, 5170.00 ns, 2.5244 ns/op
OverheadWarmup   6: 2048 op, 5185.00 ns, 2.5317 ns/op
OverheadWarmup   7: 2048 op, 5290.00 ns, 2.5830 ns/op
OverheadWarmup   8: 2048 op, 5549.00 ns, 2.7095 ns/op
OverheadWarmup   9: 2048 op, 5194.00 ns, 2.5361 ns/op

OverheadActual   1: 2048 op, 5176.00 ns, 2.5273 ns/op
OverheadActual   2: 2048 op, 5179.00 ns, 2.5288 ns/op
OverheadActual   3: 2048 op, 5175.00 ns, 2.5269 ns/op
OverheadActual   4: 2048 op, 5197.00 ns, 2.5376 ns/op
OverheadActual   5: 2048 op, 5199.00 ns, 2.5386 ns/op
OverheadActual   6: 2048 op, 5535.00 ns, 2.7026 ns/op
OverheadActual   7: 2048 op, 5518.00 ns, 2.6943 ns/op
OverheadActual   8: 2048 op, 5284.00 ns, 2.5801 ns/op
OverheadActual   9: 2048 op, 5497.00 ns, 2.6841 ns/op
OverheadActual  10: 2048 op, 5292.00 ns, 2.5840 ns/op
OverheadActual  11: 2048 op, 5160.00 ns, 2.5195 ns/op
OverheadActual  12: 2048 op, 5282.00 ns, 2.5791 ns/op
OverheadActual  13: 2048 op, 5292.00 ns, 2.5840 ns/op
OverheadActual  14: 2048 op, 5504.00 ns, 2.6875 ns/op
OverheadActual  15: 2048 op, 5292.00 ns, 2.5840 ns/op
OverheadActual  16: 2048 op, 5460.00 ns, 2.6660 ns/op
OverheadActual  17: 2048 op, 5277.00 ns, 2.5767 ns/op
OverheadActual  18: 2048 op, 5282.00 ns, 2.5791 ns/op
OverheadActual  19: 2048 op, 22510.00 ns, 10.9912 ns/op
OverheadActual  20: 2048 op, 5532.00 ns, 2.7012 ns/op

WorkloadWarmup   1: 2048 op, 528641440.00 ns, 258.1257 us/op
WorkloadWarmup   2: 2048 op, 531509641.00 ns, 259.5262 us/op
WorkloadWarmup   3: 2048 op, 526263158.00 ns, 256.9644 us/op

// BeforeActualRun
WorkloadActual   1: 2048 op, 525379743.00 ns, 256.5331 us/op
WorkloadActual   2: 2048 op, 527707735.00 ns, 257.6698 us/op
WorkloadActual   3: 2048 op, 526550865.00 ns, 257.1049 us/op

// AfterActualRun
WorkloadResult   1: 2048 op, 525374455.00 ns, 256.5305 us/op
WorkloadResult   2: 2048 op, 527702447.00 ns, 257.6672 us/op
WorkloadResult   3: 2048 op, 526545577.00 ns, 257.1023 us/op
// GC:  117 35 0 984351728 2048
// Threading:  0 0 2048

// AfterAll
// Benchmark Process 2091 has exited with code 0.

Mean = 257.100 us, StdErr = 0.328 us (0.13%), N = 3, StdDev = 0.568 us
Min = 256.530 us, Q1 = 256.816 us, Median = 257.102 us, Q3 = 257.385 us, Max = 257.667 us
IQR = 0.568 us, LowerFence = 255.964 us, UpperFence = 258.237 us
ConfidenceInterval = [246.731 us; 267.469 us] (CI 99.9%), Margin = 10.369 us (4.03% of Mean)
Skewness = -0, Kurtosis = 0.67, MValue = 2

// ** Remained 71 (79.8 %) benchmark(s) to run. Estimated finish 2026-10-07 19:54 (0h 8m from now) **
// **************************
// Benchmark: PlutusUseCasesBenchmarks.DecodeAndEval: NativeAOT 10.0(Runtime=NativeAOT 10.0, Toolchain=Latest ILCompiler, IterationCount=3, LaunchCount=1, MinIterationCount=50, WarmupCount=3) [Script=crowdfunding-success-3]
// *** Execute ***
// Launch: 1 / 1
// Execute: /bench/chrysalis/benchmarks/PlutusBench/bin/Release/net10.0/PlutusBench-NativeAOT 10.0-1/bin/Release/net10.0/linux-x64/publish/PlutusBench-NativeAOT 10.0-1 --anonymousPipes 113 114 --benchmarkName "PlutusUseCasesBenchmarks.DecodeAndEval(Script: \"crowdfunding-success-3\")" --job "NativeAOT 10.0" --benchmarkId 18 in 
// BeforeAnythingElse

// Benchmark Process Environment Information:
// BenchmarkDotNet v0.15.8
// Runtime=.NET 10.0.12, X64 NativeAOT x86-64-v4
// GC=Concurrent Workstation
// HardwareIntrinsics=AVX512 IFMA+VBMI,AVX512 F+BW+CD+DQ+VL,AVX2+BMI1+BMI2+F16C+FMA+LZCNT+MOVBE,AVX,SSE3+SSSE3+SSE4.1+SSE4.2+POPCNT,X86Base+SSE+SSE2,AES+PCLMUL VectorSize=256
// Job: NativeAOT 10.0(IterationCount=3, LaunchCount=1, MinIterationCount=50, WarmupCount=3)

OverheadJitting  1: 1 op, 218.00 ns, 218.0000 ns/op
WorkloadJitting  1: 1 op, 425993.00 ns, 425.9930 us/op

OverheadJitting  2: 16 op, 283.00 ns, 17.6875 ns/op
WorkloadJitting  2: 16 op, 5859397.00 ns, 366.2123 us/op

WorkloadPilot    1: 16 op, 5178857.00 ns, 323.6786 us/op
WorkloadPilot    2: 32 op, 8397481.00 ns, 262.4213 us/op
WorkloadPilot    3: 64 op, 18505620.00 ns, 289.1503 us/op
WorkloadPilot    4: 128 op, 33255361.00 ns, 259.8075 us/op
WorkloadPilot    5: 256 op, 66264843.00 ns, 258.8470 us/op
WorkloadPilot    6: 512 op, 133203433.00 ns, 260.1630 us/op
WorkloadPilot    7: 1024 op, 264565138.00 ns, 258.3644 us/op
WorkloadPilot    8: 2048 op, 533761104.00 ns, 260.6255 us/op

OverheadWarmup   1: 2048 op, 5629.00 ns, 2.7485 ns/op
OverheadWarmup   2: 2048 op, 4849.00 ns, 2.3677 ns/op
OverheadWarmup   3: 2048 op, 4829.00 ns, 2.3579 ns/op
OverheadWarmup   4: 2048 op, 4789.00 ns, 2.3384 ns/op
OverheadWarmup   5: 2048 op, 4936.00 ns, 2.4102 ns/op
OverheadWarmup   6: 2048 op, 4900.00 ns, 2.3926 ns/op
OverheadWarmup   7: 2048 op, 4899.00 ns, 2.3921 ns/op
OverheadWarmup   8: 2048 op, 4814.00 ns, 2.3506 ns/op
OverheadWarmup   9: 2048 op, 4924.00 ns, 2.4043 ns/op
OverheadWarmup  10: 2048 op, 4884.00 ns, 2.3848 ns/op

OverheadActual   1: 2048 op, 4950.00 ns, 2.4170 ns/op
OverheadActual   2: 2048 op, 4915.00 ns, 2.3999 ns/op
OverheadActual   3: 2048 op, 4903.00 ns, 2.3940 ns/op
OverheadActual   4: 2048 op, 5138.00 ns, 2.5088 ns/op
OverheadActual   5: 2048 op, 4791.00 ns, 2.3394 ns/op
OverheadActual   6: 2048 op, 4879.00 ns, 2.3823 ns/op
OverheadActual   7: 2048 op, 4780.00 ns, 2.3340 ns/op
OverheadActual   8: 2048 op, 4888.00 ns, 2.3867 ns/op
OverheadActual   9: 2048 op, 4763.00 ns, 2.3257 ns/op
OverheadActual  10: 2048 op, 4888.00 ns, 2.3867 ns/op
OverheadActual  11: 2048 op, 5083.00 ns, 2.4819 ns/op
OverheadActual  12: 2048 op, 5143.00 ns, 2.5112 ns/op
OverheadActual  13: 2048 op, 5122.00 ns, 2.5010 ns/op
OverheadActual  14: 2048 op, 5125.00 ns, 2.5024 ns/op
OverheadActual  15: 2048 op, 4896.00 ns, 2.3906 ns/op
OverheadActual  16: 2048 op, 4882.00 ns, 2.3838 ns/op
OverheadActual  17: 2048 op, 5242.00 ns, 2.5596 ns/op
OverheadActual  18: 2048 op, 5177.00 ns, 2.5278 ns/op
OverheadActual  19: 2048 op, 5130.00 ns, 2.5049 ns/op
OverheadActual  20: 2048 op, 5147.00 ns, 2.5132 ns/op

WorkloadWarmup   1: 2048 op, 531931649.00 ns, 259.7323 us/op
WorkloadWarmup   2: 2048 op, 536212719.00 ns, 261.8226 us/op
WorkloadWarmup   3: 2048 op, 529056144.00 ns, 258.3282 us/op

// BeforeActualRun
WorkloadActual   1: 2048 op, 528772588.00 ns, 258.1897 us/op
WorkloadActual   2: 2048 op, 527677371.00 ns, 257.6550 us/op
WorkloadActual   3: 2048 op, 528916844.00 ns, 258.2602 us/op

// AfterActualRun
WorkloadResult   1: 2048 op, 528767655.50 ns, 258.1873 us/op
WorkloadResult   2: 2048 op, 527672438.50 ns, 257.6526 us/op
WorkloadResult   3: 2048 op, 528911911.50 ns, 258.2578 us/op
// GC:  117 35 0 984351728 2048
// Threading:  0 0 2048

// AfterAll
// Benchmark Process 2094 has exited with code 0.

Mean = 258.033 us, StdErr = 0.191 us (0.07%), N = 3, StdDev = 0.331 us
Min = 257.653 us, Q1 = 257.920 us, Median = 258.187 us, Q3 = 258.223 us, Max = 258.258 us
IQR = 0.303 us, LowerFence = 257.466 us, UpperFence = 258.676 us
ConfidenceInterval = [251.995 us; 264.071 us] (CI 99.9%), Margin = 6.038 us (2.34% of Mean)
Skewness = -0.37, Kurtosis = 0.67, MValue = 2

// ** Remained 70 (78.7 %) benchmark(s) to run. Estimated finish 2026-10-07 19:54 (0h 7m from now) **
// **************************
// Benchmark: PlutusUseCasesBenchmarks.DecodeAndEval: NativeAOT 10.0(Runtime=NativeAOT 10.0, Toolchain=Latest ILCompiler, IterationCount=3, LaunchCount=1, MinIterationCount=50, WarmupCount=3) [Script=currency-1]
// *** Execute ***
// Launch: 1 / 1
// Execute: /bench/chrysalis/benchmarks/PlutusBench/bin/Release/net10.0/PlutusBench-NativeAOT 10.0-1/bin/Release/net10.0/linux-x64/publish/PlutusBench-NativeAOT 10.0-1 --anonymousPipes 113 114 --benchmarkName "PlutusUseCasesBenchmarks.DecodeAndEval(Script: \"currency-1\")" --job "NativeAOT 10.0" --benchmarkId 19 in 
// BeforeAnythingElse

// Benchmark Process Environment Information:
// BenchmarkDotNet v0.15.8
// Runtime=.NET 10.0.12, X64 NativeAOT x86-64-v4
// GC=Concurrent Workstation
// HardwareIntrinsics=AVX512 IFMA+VBMI,AVX512 F+BW+CD+DQ+VL,AVX2+BMI1+BMI2+F16C+FMA+LZCNT+MOVBE,AVX,SSE3+SSSE3+SSE4.1+SSE4.2+POPCNT,X86Base+SSE+SSE2,AES+PCLMUL VectorSize=256
// Job: NativeAOT 10.0(IterationCount=3, LaunchCount=1, MinIterationCount=50, WarmupCount=3)

OverheadJitting  1: 1 op, 212.00 ns, 212.0000 ns/op
WorkloadJitting  1: 1 op, 555636.00 ns, 555.6360 us/op

OverheadJitting  2: 16 op, 314.00 ns, 19.6250 ns/op
WorkloadJitting  2: 16 op, 7677602.00 ns, 479.8501 us/op

WorkloadPilot    1: 16 op, 6452666.00 ns, 403.2916 us/op
WorkloadPilot    2: 32 op, 10907051.00 ns, 340.8453 us/op
WorkloadPilot    3: 64 op, 24189443.00 ns, 377.9600 us/op
WorkloadPilot    4: 128 op, 42913376.00 ns, 335.2608 us/op
WorkloadPilot    5: 256 op, 85657372.00 ns, 334.5991 us/op
WorkloadPilot    6: 512 op, 172656394.00 ns, 337.2195 us/op
WorkloadPilot    7: 1024 op, 342283121.00 ns, 334.2609 us/op
WorkloadPilot    8: 2048 op, 684685664.00 ns, 334.3192 us/op

OverheadWarmup   1: 2048 op, 5493.00 ns, 2.6821 ns/op
OverheadWarmup   2: 2048 op, 5288.00 ns, 2.5820 ns/op
OverheadWarmup   3: 2048 op, 5139.00 ns, 2.5093 ns/op
OverheadWarmup   4: 2048 op, 5102.00 ns, 2.4912 ns/op
OverheadWarmup   5: 2048 op, 5075.00 ns, 2.4780 ns/op
OverheadWarmup   6: 2048 op, 5036.00 ns, 2.4590 ns/op
OverheadWarmup   7: 2048 op, 5154.00 ns, 2.5166 ns/op
OverheadWarmup   8: 2048 op, 5159.00 ns, 2.5190 ns/op
OverheadWarmup   9: 2048 op, 5166.00 ns, 2.5225 ns/op
OverheadWarmup  10: 2048 op, 5209.00 ns, 2.5435 ns/op

OverheadActual   1: 2048 op, 5162.00 ns, 2.5205 ns/op
OverheadActual   2: 2048 op, 5140.00 ns, 2.5098 ns/op
OverheadActual   3: 2048 op, 5136.00 ns, 2.5078 ns/op
OverheadActual   4: 2048 op, 5137.00 ns, 2.5083 ns/op
OverheadActual   5: 2048 op, 5149.00 ns, 2.5142 ns/op
OverheadActual   6: 2048 op, 5110.00 ns, 2.4951 ns/op
OverheadActual   7: 2048 op, 5123.00 ns, 2.5015 ns/op
OverheadActual   8: 2048 op, 5338.00 ns, 2.6064 ns/op
OverheadActual   9: 2048 op, 5175.00 ns, 2.5269 ns/op
OverheadActual  10: 2048 op, 5206.00 ns, 2.5420 ns/op
OverheadActual  11: 2048 op, 5164.00 ns, 2.5215 ns/op
OverheadActual  12: 2048 op, 5365.00 ns, 2.6196 ns/op
OverheadActual  13: 2048 op, 5395.00 ns, 2.6343 ns/op
OverheadActual  14: 2048 op, 5213.00 ns, 2.5454 ns/op
OverheadActual  15: 2048 op, 5441.00 ns, 2.6567 ns/op
OverheadActual  16: 2048 op, 5159.00 ns, 2.5190 ns/op
OverheadActual  17: 2048 op, 5150.00 ns, 2.5146 ns/op
OverheadActual  18: 2048 op, 5165.00 ns, 2.5220 ns/op
OverheadActual  19: 2048 op, 5201.00 ns, 2.5396 ns/op
OverheadActual  20: 2048 op, 5135.00 ns, 2.5073 ns/op

WorkloadWarmup   1: 2048 op, 686663923.00 ns, 335.2851 us/op
WorkloadWarmup   2: 2048 op, 688303133.00 ns, 336.0855 us/op
WorkloadWarmup   3: 2048 op, 683428712.00 ns, 333.7054 us/op

// BeforeActualRun
WorkloadActual   1: 2048 op, 687601231.00 ns, 335.7428 us/op
WorkloadActual   2: 2048 op, 681890371.00 ns, 332.9543 us/op
WorkloadActual   3: 2048 op, 680038220.00 ns, 332.0499 us/op

// AfterActualRun
WorkloadResult   1: 2048 op, 687596068.00 ns, 335.7403 us/op
WorkloadResult   2: 2048 op, 681885208.00 ns, 332.9518 us/op
WorkloadResult   3: 2048 op, 680033057.00 ns, 332.0474 us/op
// GC:  126 42 0 1059619824 2048
// Threading:  0 0 2048

// AfterAll
// Benchmark Process 2098 has exited with code 0.

Mean = 333.580 us, StdErr = 1.111 us (0.33%), N = 3, StdDev = 1.925 us
Min = 332.047 us, Q1 = 332.500 us, Median = 332.952 us, Q3 = 334.346 us, Max = 335.740 us
IQR = 1.846 us, LowerFence = 329.730 us, UpperFence = 337.116 us
ConfidenceInterval = [298.463 us; 368.697 us] (CI 99.9%), Margin = 35.117 us (10.53% of Mean)
Skewness = 0.29, Kurtosis = 0.67, MValue = 2

// ** Remained 69 (77.5 %) benchmark(s) to run. Estimated finish 2026-10-07 19:54 (0h 7m from now) **
// **************************
// Benchmark: PlutusUseCasesBenchmarks.DecodeAndEval: NativeAOT 10.0(Runtime=NativeAOT 10.0, Toolchain=Latest ILCompiler, IterationCount=3, LaunchCount=1, MinIterationCount=50, WarmupCount=3) [Script=escrow-redeem_1-1]
// *** Execute ***
// Launch: 1 / 1
// Execute: /bench/chrysalis/benchmarks/PlutusBench/bin/Release/net10.0/PlutusBench-NativeAOT 10.0-1/bin/Release/net10.0/linux-x64/publish/PlutusBench-NativeAOT 10.0-1 --anonymousPipes 113 114 --benchmarkName "PlutusUseCasesBenchmarks.DecodeAndEval(Script: \"escrow-redeem_1-1\")" --job "NativeAOT 10.0" --benchmarkId 20 in 
// BeforeAnythingElse

// Benchmark Process Environment Information:
// BenchmarkDotNet v0.15.8
// Runtime=.NET 10.0.12, X64 NativeAOT x86-64-v4
// GC=Concurrent Workstation
// HardwareIntrinsics=AVX512 IFMA+VBMI,AVX512 F+BW+CD+DQ+VL,AVX2+BMI1+BMI2+F16C+FMA+LZCNT+MOVBE,AVX,SSE3+SSSE3+SSE4.1+SSE4.2+POPCNT,X86Base+SSE+SSE2,AES+PCLMUL VectorSize=256
// Job: NativeAOT 10.0(IterationCount=3, LaunchCount=1, MinIterationCount=50, WarmupCount=3)

OverheadJitting  1: 1 op, 203.00 ns, 203.0000 ns/op
WorkloadJitting  1: 1 op, 636409.00 ns, 636.4090 us/op

OverheadJitting  2: 16 op, 289.00 ns, 18.0625 ns/op
WorkloadJitting  2: 16 op, 9885209.00 ns, 617.8256 us/op

WorkloadPilot    1: 16 op, 8389869.00 ns, 524.3668 us/op
WorkloadPilot    2: 32 op, 15166064.00 ns, 473.9395 us/op
WorkloadPilot    3: 64 op, 29446255.00 ns, 460.0977 us/op
WorkloadPilot    4: 128 op, 56073316.00 ns, 438.0728 us/op
WorkloadPilot    5: 256 op, 111358754.00 ns, 434.9951 us/op
WorkloadPilot    6: 512 op, 224958947.00 ns, 439.3729 us/op
WorkloadPilot    7: 1024 op, 447092048.00 ns, 436.6133 us/op
WorkloadPilot    8: 2048 op, 898848765.00 ns, 438.8910 us/op

OverheadWarmup   1: 2048 op, 5008.00 ns, 2.4453 ns/op
OverheadWarmup   2: 2048 op, 4807.00 ns, 2.3472 ns/op
OverheadWarmup   3: 2048 op, 4837.00 ns, 2.3618 ns/op
OverheadWarmup   4: 2048 op, 4828.00 ns, 2.3574 ns/op
OverheadWarmup   5: 2048 op, 4840.00 ns, 2.3633 ns/op
OverheadWarmup   6: 2048 op, 4832.00 ns, 2.3594 ns/op

OverheadActual   1: 2048 op, 4904.00 ns, 2.3945 ns/op
OverheadActual   2: 2048 op, 4774.00 ns, 2.3311 ns/op
OverheadActual   3: 2048 op, 4862.00 ns, 2.3740 ns/op
OverheadActual   4: 2048 op, 11391.00 ns, 5.5620 ns/op
OverheadActual   5: 2048 op, 4915.00 ns, 2.3999 ns/op
OverheadActual   6: 2048 op, 5121.00 ns, 2.5005 ns/op
OverheadActual   7: 2048 op, 4895.00 ns, 2.3901 ns/op
OverheadActual   8: 2048 op, 5067.00 ns, 2.4741 ns/op
OverheadActual   9: 2048 op, 4873.00 ns, 2.3794 ns/op
OverheadActual  10: 2048 op, 4858.00 ns, 2.3721 ns/op
OverheadActual  11: 2048 op, 4877.00 ns, 2.3813 ns/op
OverheadActual  12: 2048 op, 4891.00 ns, 2.3882 ns/op
OverheadActual  13: 2048 op, 4850.00 ns, 2.3682 ns/op
OverheadActual  14: 2048 op, 4859.00 ns, 2.3726 ns/op
OverheadActual  15: 2048 op, 5081.00 ns, 2.4810 ns/op
OverheadActual  16: 2048 op, 4867.00 ns, 2.3765 ns/op
OverheadActual  17: 2048 op, 4888.00 ns, 2.3867 ns/op
OverheadActual  18: 2048 op, 4880.00 ns, 2.3828 ns/op
OverheadActual  19: 2048 op, 4919.00 ns, 2.4019 ns/op
OverheadActual  20: 2048 op, 5105.00 ns, 2.4927 ns/op

WorkloadWarmup   1: 2048 op, 896841251.00 ns, 437.9108 us/op
WorkloadWarmup   2: 2048 op, 898365053.00 ns, 438.6548 us/op
WorkloadWarmup   3: 2048 op, 898995052.00 ns, 438.9624 us/op

// BeforeActualRun
WorkloadActual   1: 2048 op, 897694799.00 ns, 438.3275 us/op
WorkloadActual   2: 2048 op, 897878365.00 ns, 438.4172 us/op
WorkloadActual   3: 2048 op, 892587478.00 ns, 435.8337 us/op

// AfterActualRun
WorkloadResult   1: 2048 op, 897689909.50 ns, 438.3252 us/op
WorkloadResult   2: 2048 op, 897873475.50 ns, 438.4148 us/op
WorkloadResult   3: 2048 op, 892582588.50 ns, 435.8313 us/op
// GC:  171 55 0 1433977840 2048
// Threading:  0 0 2048

// AfterAll
// Benchmark Process 2102 has exited with code 0.

Mean = 437.524 us, StdErr = 0.847 us (0.19%), N = 3, StdDev = 1.466 us
Min = 435.831 us, Q1 = 437.078 us, Median = 438.325 us, Q3 = 438.370 us, Max = 438.415 us
IQR = 1.292 us, LowerFence = 435.141 us, UpperFence = 440.308 us
ConfidenceInterval = [410.772 us; 464.276 us] (CI 99.9%), Margin = 26.752 us (6.11% of Mean)
Skewness = -0.38, Kurtosis = 0.67, MValue = 2

// ** Remained 68 (76.4 %) benchmark(s) to run. Estimated finish 2026-10-07 19:54 (0h 7m from now) **
// **************************
// Benchmark: PlutusUseCasesBenchmarks.DecodeAndEval: NativeAOT 10.0(Runtime=NativeAOT 10.0, Toolchain=Latest ILCompiler, IterationCount=3, LaunchCount=1, MinIterationCount=50, WarmupCount=3) [Script=escrow-redeem_1-2]
// *** Execute ***
// Launch: 1 / 1
// Execute: /bench/chrysalis/benchmarks/PlutusBench/bin/Release/net10.0/PlutusBench-NativeAOT 10.0-1/bin/Release/net10.0/linux-x64/publish/PlutusBench-NativeAOT 10.0-1 --anonymousPipes 113 114 --benchmarkName "PlutusUseCasesBenchmarks.DecodeAndEval(Script: \"escrow-redeem_1-2\")" --job "NativeAOT 10.0" --benchmarkId 21 in 
// BeforeAnythingElse

// Benchmark Process Environment Information:
// BenchmarkDotNet v0.15.8
// Runtime=.NET 10.0.12, X64 NativeAOT x86-64-v4
// GC=Concurrent Workstation
// HardwareIntrinsics=AVX512 IFMA+VBMI,AVX512 F+BW+CD+DQ+VL,AVX2+BMI1+BMI2+F16C+FMA+LZCNT+MOVBE,AVX,SSE3+SSSE3+SSE4.1+SSE4.2+POPCNT,X86Base+SSE+SSE2,AES+PCLMUL VectorSize=256
// Job: NativeAOT 10.0(IterationCount=3, LaunchCount=1, MinIterationCount=50, WarmupCount=3)

OverheadJitting  1: 1 op, 214.00 ns, 214.0000 ns/op
WorkloadJitting  1: 1 op, 628273.00 ns, 628.2730 us/op

OverheadJitting  2: 16 op, 271.00 ns, 16.9375 ns/op
WorkloadJitting  2: 16 op, 9611055.00 ns, 600.6909 us/op

WorkloadPilot    1: 16 op, 8056616.00 ns, 503.5385 us/op
WorkloadPilot    2: 32 op, 15026151.00 ns, 469.5672 us/op
WorkloadPilot    3: 64 op, 29364851.00 ns, 458.8258 us/op
WorkloadPilot    4: 128 op, 56155509.00 ns, 438.7149 us/op
WorkloadPilot    5: 256 op, 111416815.00 ns, 435.2219 us/op
WorkloadPilot    6: 512 op, 223751738.00 ns, 437.0151 us/op
WorkloadPilot    7: 1024 op, 447978223.00 ns, 437.4787 us/op
WorkloadPilot    8: 2048 op, 895668011.00 ns, 437.3379 us/op

OverheadWarmup   1: 2048 op, 5587.00 ns, 2.7280 ns/op
OverheadWarmup   2: 2048 op, 5347.00 ns, 2.6108 ns/op
OverheadWarmup   3: 2048 op, 5125.00 ns, 2.5024 ns/op
OverheadWarmup   4: 2048 op, 5256.00 ns, 2.5664 ns/op
OverheadWarmup   5: 2048 op, 5230.00 ns, 2.5537 ns/op
OverheadWarmup   6: 2048 op, 5221.00 ns, 2.5493 ns/op
OverheadWarmup   7: 2048 op, 5201.00 ns, 2.5396 ns/op
OverheadWarmup   8: 2048 op, 5417.00 ns, 2.6450 ns/op
OverheadWarmup   9: 2048 op, 5210.00 ns, 2.5439 ns/op

OverheadActual   1: 2048 op, 5267.00 ns, 2.5718 ns/op
OverheadActual   2: 2048 op, 5208.00 ns, 2.5430 ns/op
OverheadActual   3: 2048 op, 5199.00 ns, 2.5386 ns/op
OverheadActual   4: 2048 op, 5214.00 ns, 2.5459 ns/op
OverheadActual   5: 2048 op, 5228.00 ns, 2.5527 ns/op
OverheadActual   6: 2048 op, 5209.00 ns, 2.5435 ns/op
OverheadActual   7: 2048 op, 5423.00 ns, 2.6479 ns/op
OverheadActual   8: 2048 op, 5231.00 ns, 2.5542 ns/op
OverheadActual   9: 2048 op, 5212.00 ns, 2.5449 ns/op
OverheadActual  10: 2048 op, 5204.00 ns, 2.5410 ns/op
OverheadActual  11: 2048 op, 5206.00 ns, 2.5420 ns/op
OverheadActual  12: 2048 op, 5274.00 ns, 2.5752 ns/op
OverheadActual  13: 2048 op, 5217.00 ns, 2.5474 ns/op
OverheadActual  14: 2048 op, 5192.00 ns, 2.5352 ns/op
OverheadActual  15: 2048 op, 5225.00 ns, 2.5513 ns/op
OverheadActual  16: 2048 op, 5501.00 ns, 2.6860 ns/op
OverheadActual  17: 2048 op, 5212.00 ns, 2.5449 ns/op
OverheadActual  18: 2048 op, 5184.00 ns, 2.5313 ns/op
OverheadActual  19: 2048 op, 5220.00 ns, 2.5488 ns/op
OverheadActual  20: 2048 op, 5232.00 ns, 2.5547 ns/op

WorkloadWarmup   1: 2048 op, 898584752.00 ns, 438.7621 us/op
WorkloadWarmup   2: 2048 op, 899030525.00 ns, 438.9797 us/op
WorkloadWarmup   3: 2048 op, 896504001.00 ns, 437.7461 us/op

// BeforeActualRun
WorkloadActual   1: 2048 op, 897433206.00 ns, 438.1998 us/op
WorkloadActual   2: 2048 op, 894082343.00 ns, 436.5636 us/op
WorkloadActual   3: 2048 op, 901683280.00 ns, 440.2750 us/op

// AfterActualRun
WorkloadResult   1: 2048 op, 897427990.50 ns, 438.1973 us/op
WorkloadResult   2: 2048 op, 894077127.50 ns, 436.5611 us/op
WorkloadResult   3: 2048 op, 901678064.50 ns, 440.2725 us/op
// GC:  171 55 0 1433977840 2048
// Threading:  0 0 2048

// AfterAll
// Benchmark Process 2105 has exited with code 0.

Mean = 438.344 us, StdErr = 1.074 us (0.24%), N = 3, StdDev = 1.860 us
Min = 436.561 us, Q1 = 437.379 us, Median = 438.197 us, Q3 = 439.235 us, Max = 440.272 us
IQR = 1.856 us, LowerFence = 434.596 us, UpperFence = 442.018 us
ConfidenceInterval = [404.410 us; 472.277 us] (CI 99.9%), Margin = 33.934 us (7.74% of Mean)
Skewness = 0.08, Kurtosis = 0.67, MValue = 2

// ** Remained 67 (75.3 %) benchmark(s) to run. Estimated finish 2026-10-07 19:54 (0h 7m from now) **
// **************************
// Benchmark: PlutusUseCasesBenchmarks.DecodeAndEval: NativeAOT 10.0(Runtime=NativeAOT 10.0, Toolchain=Latest ILCompiler, IterationCount=3, LaunchCount=1, MinIterationCount=50, WarmupCount=3) [Script=escrow-redeem_2-1]
// *** Execute ***
// Launch: 1 / 1
// Execute: /bench/chrysalis/benchmarks/PlutusBench/bin/Release/net10.0/PlutusBench-NativeAOT 10.0-1/bin/Release/net10.0/linux-x64/publish/PlutusBench-NativeAOT 10.0-1 --anonymousPipes 113 114 --benchmarkName "PlutusUseCasesBenchmarks.DecodeAndEval(Script: \"escrow-redeem_2-1\")" --job "NativeAOT 10.0" --benchmarkId 22 in 
// BeforeAnythingElse

// Benchmark Process Environment Information:
// BenchmarkDotNet v0.15.8
// Runtime=.NET 10.0.12, X64 NativeAOT x86-64-v4
// GC=Concurrent Workstation
// HardwareIntrinsics=AVX512 IFMA+VBMI,AVX512 F+BW+CD+DQ+VL,AVX2+BMI1+BMI2+F16C+FMA+LZCNT+MOVBE,AVX,SSE3+SSSE3+SSE4.1+SSE4.2+POPCNT,X86Base+SSE+SSE2,AES+PCLMUL VectorSize=256
// Job: NativeAOT 10.0(IterationCount=3, LaunchCount=1, MinIterationCount=50, WarmupCount=3)

OverheadJitting  1: 1 op, 220.00 ns, 220.0000 ns/op
WorkloadJitting  1: 1 op, 755020.00 ns, 755.0200 us/op

OverheadJitting  2: 16 op, 302.00 ns, 18.8750 ns/op
WorkloadJitting  2: 16 op, 10495272.00 ns, 655.9545 us/op

WorkloadPilot    1: 16 op, 9197833.00 ns, 574.8646 us/op
WorkloadPilot    2: 32 op, 17437083.00 ns, 544.9088 us/op
WorkloadPilot    3: 64 op, 32451364.00 ns, 507.0526 us/op
WorkloadPilot    4: 128 op, 63619688.00 ns, 497.0288 us/op
WorkloadPilot    5: 256 op, 128005835.00 ns, 500.0228 us/op
WorkloadPilot    6: 512 op, 256231667.00 ns, 500.4525 us/op
WorkloadPilot    7: 1024 op, 582252538.00 ns, 568.6060 us/op

OverheadWarmup   1: 1024 op, 3269.00 ns, 3.1924 ns/op
OverheadWarmup   2: 1024 op, 3135.00 ns, 3.0615 ns/op
OverheadWarmup   3: 1024 op, 3090.00 ns, 3.0176 ns/op
OverheadWarmup   4: 1024 op, 3051.00 ns, 2.9795 ns/op
OverheadWarmup   5: 1024 op, 3112.00 ns, 3.0391 ns/op
OverheadWarmup   6: 1024 op, 3104.00 ns, 3.0313 ns/op
OverheadWarmup   7: 1024 op, 3116.00 ns, 3.0430 ns/op
OverheadWarmup   8: 1024 op, 3032.00 ns, 2.9609 ns/op

OverheadActual   1: 1024 op, 3125.00 ns, 3.0518 ns/op
OverheadActual   2: 1024 op, 3022.00 ns, 2.9512 ns/op
OverheadActual   3: 1024 op, 8185.00 ns, 7.9932 ns/op
OverheadActual   4: 1024 op, 3071.00 ns, 2.9990 ns/op
OverheadActual   5: 1024 op, 3053.00 ns, 2.9814 ns/op
OverheadActual   6: 1024 op, 3052.00 ns, 2.9805 ns/op
OverheadActual   7: 1024 op, 3034.00 ns, 2.9629 ns/op
OverheadActual   8: 1024 op, 3031.00 ns, 2.9600 ns/op
OverheadActual   9: 1024 op, 3005.00 ns, 2.9346 ns/op
OverheadActual  10: 1024 op, 3125.00 ns, 3.0518 ns/op
OverheadActual  11: 1024 op, 3077.00 ns, 3.0049 ns/op
OverheadActual  12: 1024 op, 3045.00 ns, 2.9736 ns/op
OverheadActual  13: 1024 op, 3092.00 ns, 3.0195 ns/op
OverheadActual  14: 1024 op, 3053.00 ns, 2.9814 ns/op
OverheadActual  15: 1024 op, 3072.00 ns, 3.0000 ns/op
OverheadActual  16: 1024 op, 3039.00 ns, 2.9678 ns/op
OverheadActual  17: 1024 op, 3019.00 ns, 2.9482 ns/op
OverheadActual  18: 1024 op, 3115.00 ns, 3.0420 ns/op
OverheadActual  19: 1024 op, 3018.00 ns, 2.9473 ns/op
OverheadActual  20: 1024 op, 3047.00 ns, 2.9756 ns/op

WorkloadWarmup   1: 1024 op, 636689288.00 ns, 621.7669 us/op
WorkloadWarmup   2: 1024 op, 634609628.00 ns, 619.7360 us/op
WorkloadWarmup   3: 1024 op, 595775981.00 ns, 581.8125 us/op

// BeforeActualRun
WorkloadActual   1: 1024 op, 509645775.00 ns, 497.7010 us/op
WorkloadActual   2: 1024 op, 509680498.00 ns, 497.7349 us/op
WorkloadActual   3: 1024 op, 509527303.00 ns, 497.5853 us/op

// AfterActualRun
WorkloadResult   1: 1024 op, 509642722.50 ns, 497.6980 us/op
WorkloadResult   2: 1024 op, 509677445.50 ns, 497.7319 us/op
WorkloadResult   3: 1024 op, 509524250.50 ns, 497.5823 us/op
// GC:  95 31 0 795370480 1024
// Threading:  0 0 1024

// AfterAll
// Benchmark Process 2109 has exited with code 0.

Mean = 497.671 us, StdErr = 0.045 us (0.01%), N = 3, StdDev = 0.078 us
Min = 497.582 us, Q1 = 497.640 us, Median = 497.698 us, Q3 = 497.715 us, Max = 497.732 us
IQR = 0.075 us, LowerFence = 497.528 us, UpperFence = 497.827 us
ConfidenceInterval = [496.240 us; 499.102 us] (CI 99.9%), Margin = 1.431 us (0.29% of Mean)
Skewness = -0.31, Kurtosis = 0.67, MValue = 2

// ** Remained 66 (74.2 %) benchmark(s) to run. Estimated finish 2026-10-07 19:54 (0h 7m from now) **
// **************************
// Benchmark: PlutusUseCasesBenchmarks.DecodeAndEval: NativeAOT 10.0(Runtime=NativeAOT 10.0, Toolchain=Latest ILCompiler, IterationCount=3, LaunchCount=1, MinIterationCount=50, WarmupCount=3) [Script=escrow-redeem_2-2]
// *** Execute ***
// Launch: 1 / 1
// Execute: /bench/chrysalis/benchmarks/PlutusBench/bin/Release/net10.0/PlutusBench-NativeAOT 10.0-1/bin/Release/net10.0/linux-x64/publish/PlutusBench-NativeAOT 10.0-1 --anonymousPipes 113 114 --benchmarkName "PlutusUseCasesBenchmarks.DecodeAndEval(Script: \"escrow-redeem_2-2\")" --job "NativeAOT 10.0" --benchmarkId 23 in 
// BeforeAnythingElse

// Benchmark Process Environment Information:
// BenchmarkDotNet v0.15.8
// Runtime=.NET 10.0.12, X64 NativeAOT x86-64-v4
// GC=Concurrent Workstation
// HardwareIntrinsics=AVX512 IFMA+VBMI,AVX512 F+BW+CD+DQ+VL,AVX2+BMI1+BMI2+F16C+FMA+LZCNT+MOVBE,AVX,SSE3+SSSE3+SSE4.1+SSE4.2+POPCNT,X86Base+SSE+SSE2,AES+PCLMUL VectorSize=256
// Job: NativeAOT 10.0(IterationCount=3, LaunchCount=1, MinIterationCount=50, WarmupCount=3)

OverheadJitting  1: 1 op, 205.00 ns, 205.0000 ns/op
WorkloadJitting  1: 1 op, 750731.00 ns, 750.7310 us/op

OverheadJitting  2: 16 op, 306.00 ns, 19.1250 ns/op
WorkloadJitting  2: 16 op, 10300782.00 ns, 643.7989 us/op

WorkloadPilot    1: 16 op, 8994127.00 ns, 562.1329 us/op
WorkloadPilot    2: 32 op, 17450458.00 ns, 545.3268 us/op
WorkloadPilot    3: 64 op, 32574723.00 ns, 508.9800 us/op
WorkloadPilot    4: 128 op, 64086370.00 ns, 500.6748 us/op
WorkloadPilot    5: 256 op, 126725657.00 ns, 495.0221 us/op
WorkloadPilot    6: 512 op, 253548346.00 ns, 495.2116 us/op
WorkloadPilot    7: 1024 op, 511872021.00 ns, 499.8750 us/op

OverheadWarmup   1: 1024 op, 2883.00 ns, 2.8154 ns/op
OverheadWarmup   2: 1024 op, 2725.00 ns, 2.6611 ns/op
OverheadWarmup   3: 1024 op, 2679.00 ns, 2.6162 ns/op
OverheadWarmup   4: 1024 op, 2665.00 ns, 2.6025 ns/op
OverheadWarmup   5: 1024 op, 2661.00 ns, 2.5986 ns/op
OverheadWarmup   6: 1024 op, 2663.00 ns, 2.6006 ns/op
OverheadWarmup   7: 1024 op, 2666.00 ns, 2.6035 ns/op
OverheadWarmup   8: 1024 op, 2685.00 ns, 2.6221 ns/op
OverheadWarmup   9: 1024 op, 2639.00 ns, 2.5771 ns/op
OverheadWarmup  10: 1024 op, 2640.00 ns, 2.5781 ns/op

OverheadActual   1: 1024 op, 2674.00 ns, 2.6113 ns/op
OverheadActual   2: 1024 op, 2673.00 ns, 2.6104 ns/op
OverheadActual   3: 1024 op, 2701.00 ns, 2.6377 ns/op
OverheadActual   4: 1024 op, 2783.00 ns, 2.7178 ns/op
OverheadActual   5: 1024 op, 2829.00 ns, 2.7627 ns/op
OverheadActual   6: 1024 op, 2800.00 ns, 2.7344 ns/op
OverheadActual   7: 1024 op, 2780.00 ns, 2.7148 ns/op
OverheadActual   8: 1024 op, 2812.00 ns, 2.7461 ns/op
OverheadActual   9: 1024 op, 2663.00 ns, 2.6006 ns/op
OverheadActual  10: 1024 op, 2683.00 ns, 2.6201 ns/op
OverheadActual  11: 1024 op, 2795.00 ns, 2.7295 ns/op
OverheadActual  12: 1024 op, 2689.00 ns, 2.6260 ns/op
OverheadActual  13: 1024 op, 2790.00 ns, 2.7246 ns/op
OverheadActual  14: 1024 op, 2822.00 ns, 2.7559 ns/op
OverheadActual  15: 1024 op, 2709.00 ns, 2.6455 ns/op
OverheadActual  16: 1024 op, 2699.00 ns, 2.6357 ns/op
OverheadActual  17: 1024 op, 2703.00 ns, 2.6396 ns/op
OverheadActual  18: 1024 op, 2696.00 ns, 2.6328 ns/op
OverheadActual  19: 1024 op, 2687.00 ns, 2.6240 ns/op
OverheadActual  20: 1024 op, 2802.00 ns, 2.7363 ns/op

WorkloadWarmup   1: 1024 op, 516622049.00 ns, 504.5137 us/op
WorkloadWarmup   2: 1024 op, 514568214.00 ns, 502.5080 us/op
WorkloadWarmup   3: 1024 op, 509276376.00 ns, 497.3402 us/op

// BeforeActualRun
WorkloadActual   1: 1024 op, 518751242.00 ns, 506.5930 us/op
WorkloadActual   2: 1024 op, 507524120.00 ns, 495.6290 us/op
WorkloadActual   3: 1024 op, 509256918.00 ns, 497.3212 us/op

// AfterActualRun
WorkloadResult   1: 1024 op, 518748536.00 ns, 506.5904 us/op
WorkloadResult   2: 1024 op, 507521414.00 ns, 495.6264 us/op
WorkloadResult   3: 1024 op, 509254212.00 ns, 497.3186 us/op
// GC:  95 31 0 795370480 1024
// Threading:  0 0 1024

// AfterAll
// Benchmark Process 2113 has exited with code 0.

Mean = 499.845 us, StdErr = 3.408 us (0.68%), N = 3, StdDev = 5.903 us
Min = 495.626 us, Q1 = 496.472 us, Median = 497.319 us, Q3 = 501.954 us, Max = 506.590 us
IQR = 5.482 us, LowerFence = 488.249 us, UpperFence = 510.177 us
ConfidenceInterval = [392.161 us; 607.529 us] (CI 99.9%), Margin = 107.684 us (21.54% of Mean)
Skewness = 0.35, Kurtosis = 0.67, MValue = 2

// ** Remained 65 (73.0 %) benchmark(s) to run. Estimated finish 2026-10-07 19:54 (0h 7m from now) **
// **************************
// Benchmark: PlutusUseCasesBenchmarks.DecodeAndEval: NativeAOT 10.0(Runtime=NativeAOT 10.0, Toolchain=Latest ILCompiler, IterationCount=3, LaunchCount=1, MinIterationCount=50, WarmupCount=3) [Script=escrow-redeem_2-3]
// *** Execute ***
// Launch: 1 / 1
// Execute: /bench/chrysalis/benchmarks/PlutusBench/bin/Release/net10.0/PlutusBench-NativeAOT 10.0-1/bin/Release/net10.0/linux-x64/publish/PlutusBench-NativeAOT 10.0-1 --anonymousPipes 113 114 --benchmarkName "PlutusUseCasesBenchmarks.DecodeAndEval(Script: \"escrow-redeem_2-3\")" --job "NativeAOT 10.0" --benchmarkId 24 in 
// BeforeAnythingElse

// Benchmark Process Environment Information:
// BenchmarkDotNet v0.15.8
// Runtime=.NET 10.0.12, X64 NativeAOT x86-64-v4
// GC=Concurrent Workstation
// HardwareIntrinsics=AVX512 IFMA+VBMI,AVX512 F+BW+CD+DQ+VL,AVX2+BMI1+BMI2+F16C+FMA+LZCNT+MOVBE,AVX,SSE3+SSSE3+SSE4.1+SSE4.2+POPCNT,X86Base+SSE+SSE2,AES+PCLMUL VectorSize=256
// Job: NativeAOT 10.0(IterationCount=3, LaunchCount=1, MinIterationCount=50, WarmupCount=3)

OverheadJitting  1: 1 op, 207.00 ns, 207.0000 ns/op
WorkloadJitting  1: 1 op, 713243.00 ns, 713.2430 us/op

OverheadJitting  2: 16 op, 285.00 ns, 17.8125 ns/op
WorkloadJitting  2: 16 op, 10407822.00 ns, 650.4889 us/op

WorkloadPilot    1: 16 op, 9043044.00 ns, 565.1903 us/op
WorkloadPilot    2: 32 op, 17497700.00 ns, 546.8031 us/op
WorkloadPilot    3: 64 op, 32371637.00 ns, 505.8068 us/op
WorkloadPilot    4: 128 op, 63684702.00 ns, 497.5367 us/op
WorkloadPilot    5: 256 op, 126632336.00 ns, 494.6576 us/op
WorkloadPilot    6: 512 op, 253090026.00 ns, 494.3165 us/op
WorkloadPilot    7: 1024 op, 509167969.00 ns, 497.2343 us/op

OverheadWarmup   1: 1024 op, 2668.00 ns, 2.6055 ns/op
OverheadWarmup   2: 1024 op, 2580.00 ns, 2.5195 ns/op
OverheadWarmup   3: 1024 op, 2529.00 ns, 2.4697 ns/op
OverheadWarmup   4: 1024 op, 2572.00 ns, 2.5117 ns/op
OverheadWarmup   5: 1024 op, 2515.00 ns, 2.4561 ns/op
OverheadWarmup   6: 1024 op, 2504.00 ns, 2.4453 ns/op
OverheadWarmup   7: 1024 op, 2529.00 ns, 2.4697 ns/op
OverheadWarmup   8: 1024 op, 2492.00 ns, 2.4336 ns/op

OverheadActual   1: 1024 op, 2578.00 ns, 2.5176 ns/op
OverheadActual   2: 1024 op, 2522.00 ns, 2.4629 ns/op
OverheadActual   3: 1024 op, 2543.00 ns, 2.4834 ns/op
OverheadActual   4: 1024 op, 2538.00 ns, 2.4785 ns/op
OverheadActual   5: 1024 op, 2661.00 ns, 2.5986 ns/op
OverheadActual   6: 1024 op, 2694.00 ns, 2.6309 ns/op
OverheadActual   7: 1024 op, 2807.00 ns, 2.7412 ns/op
OverheadActual   8: 1024 op, 2630.00 ns, 2.5684 ns/op
OverheadActual   9: 1024 op, 2729.00 ns, 2.6650 ns/op
OverheadActual  10: 1024 op, 2745.00 ns, 2.6807 ns/op
OverheadActual  11: 1024 op, 2752.00 ns, 2.6875 ns/op
OverheadActual  12: 1024 op, 2656.00 ns, 2.5938 ns/op
OverheadActual  13: 1024 op, 2652.00 ns, 2.5898 ns/op
OverheadActual  14: 1024 op, 2700.00 ns, 2.6367 ns/op
OverheadActual  15: 1024 op, 2648.00 ns, 2.5859 ns/op
OverheadActual  16: 1024 op, 2640.00 ns, 2.5781 ns/op
OverheadActual  17: 1024 op, 2641.00 ns, 2.5791 ns/op
OverheadActual  18: 1024 op, 2637.00 ns, 2.5752 ns/op
OverheadActual  19: 1024 op, 2702.00 ns, 2.6387 ns/op
OverheadActual  20: 1024 op, 2696.00 ns, 2.6328 ns/op

WorkloadWarmup   1: 1024 op, 513785810.00 ns, 501.7440 us/op
WorkloadWarmup   2: 1024 op, 513552736.00 ns, 501.5163 us/op
WorkloadWarmup   3: 1024 op, 509270936.00 ns, 497.3349 us/op

// BeforeActualRun
WorkloadActual   1: 1024 op, 507159127.00 ns, 495.2726 us/op
WorkloadActual   2: 1024 op, 508415250.00 ns, 496.4993 us/op
WorkloadActual   3: 1024 op, 507174698.00 ns, 495.2878 us/op

// AfterActualRun
WorkloadResult   1: 1024 op, 507156473.00 ns, 495.2700 us/op
WorkloadResult   2: 1024 op, 508412596.00 ns, 496.4967 us/op
WorkloadResult   3: 1024 op, 507172044.00 ns, 495.2852 us/op
// GC:  95 31 0 795370480 1024
// Threading:  0 0 1024

// AfterAll
// Benchmark Process 2116 has exited with code 0.

Mean = 495.684 us, StdErr = 0.406 us (0.08%), N = 3, StdDev = 0.704 us
Min = 495.270 us, Q1 = 495.278 us, Median = 495.285 us, Q3 = 495.891 us, Max = 496.497 us
IQR = 0.613 us, LowerFence = 494.358 us, UpperFence = 496.811 us
ConfidenceInterval = [482.843 us; 508.525 us] (CI 99.9%), Margin = 12.841 us (2.59% of Mean)
Skewness = 0.38, Kurtosis = 0.67, MValue = 2

// ** Remained 64 (71.9 %) benchmark(s) to run. Estimated finish 2026-10-07 19:54 (0h 6m from now) **
// **************************
// Benchmark: PlutusUseCasesBenchmarks.DecodeAndEval: NativeAOT 10.0(Runtime=NativeAOT 10.0, Toolchain=Latest ILCompiler, IterationCount=3, LaunchCount=1, MinIterationCount=50, WarmupCount=3) [Script=escrow-refund-1]
// *** Execute ***
// Launch: 1 / 1
// Execute: /bench/chrysalis/benchmarks/PlutusBench/bin/Release/net10.0/PlutusBench-NativeAOT 10.0-1/bin/Release/net10.0/linux-x64/publish/PlutusBench-NativeAOT 10.0-1 --anonymousPipes 113 114 --benchmarkName "PlutusUseCasesBenchmarks.DecodeAndEval(Script: \"escrow-refund-1\")" --job "NativeAOT 10.0" --benchmarkId 25 in 
// BeforeAnythingElse

// Benchmark Process Environment Information:
// BenchmarkDotNet v0.15.8
// Runtime=.NET 10.0.12, X64 NativeAOT x86-64-v4
// GC=Concurrent Workstation
// HardwareIntrinsics=AVX512 IFMA+VBMI,AVX512 F+BW+CD+DQ+VL,AVX2+BMI1+BMI2+F16C+FMA+LZCNT+MOVBE,AVX,SSE3+SSSE3+SSE4.1+SSE4.2+POPCNT,X86Base+SSE+SSE2,AES+PCLMUL VectorSize=256
// Job: NativeAOT 10.0(IterationCount=3, LaunchCount=1, MinIterationCount=50, WarmupCount=3)

OverheadJitting  1: 1 op, 614.00 ns, 614.0000 ns/op
WorkloadJitting  1: 1 op, 438704.00 ns, 438.7040 us/op

OverheadJitting  2: 16 op, 313.00 ns, 19.5625 ns/op
WorkloadJitting  2: 16 op, 5644751.00 ns, 352.7969 us/op

WorkloadPilot    1: 16 op, 4737227.00 ns, 296.0767 us/op
WorkloadPilot    2: 32 op, 8125483.00 ns, 253.9213 us/op
WorkloadPilot    3: 64 op, 17831020.00 ns, 278.6097 us/op
WorkloadPilot    4: 128 op, 30748007.00 ns, 240.2188 us/op
WorkloadPilot    5: 256 op, 61424307.00 ns, 239.9387 us/op
WorkloadPilot    6: 512 op, 122411564.00 ns, 239.0851 us/op
WorkloadPilot    7: 1024 op, 244662772.00 ns, 238.9285 us/op
WorkloadPilot    8: 2048 op, 489256150.00 ns, 238.8946 us/op
WorkloadPilot    9: 4096 op, 976969217.00 ns, 238.5179 us/op

OverheadWarmup   1: 4096 op, 10952.00 ns, 2.6738 ns/op
OverheadWarmup   2: 4096 op, 10208.00 ns, 2.4922 ns/op
OverheadWarmup   3: 4096 op, 10104.00 ns, 2.4668 ns/op
OverheadWarmup   4: 4096 op, 10171.00 ns, 2.4832 ns/op
OverheadWarmup   5: 4096 op, 10065.00 ns, 2.4573 ns/op
OverheadWarmup   6: 4096 op, 10060.00 ns, 2.4561 ns/op
OverheadWarmup   7: 4096 op, 10157.00 ns, 2.4797 ns/op
OverheadWarmup   8: 4096 op, 10727.00 ns, 2.6189 ns/op
OverheadWarmup   9: 4096 op, 10032.00 ns, 2.4492 ns/op

OverheadActual   1: 4096 op, 10041.00 ns, 2.4514 ns/op
OverheadActual   2: 4096 op, 10255.00 ns, 2.5037 ns/op
OverheadActual   3: 4096 op, 10158.00 ns, 2.4800 ns/op
OverheadActual   4: 4096 op, 9817.00 ns, 2.3967 ns/op
OverheadActual   5: 4096 op, 10073.00 ns, 2.4592 ns/op
OverheadActual   6: 4096 op, 9934.00 ns, 2.4253 ns/op
OverheadActual   7: 4096 op, 10142.00 ns, 2.4761 ns/op
OverheadActual   8: 4096 op, 9961.00 ns, 2.4319 ns/op
OverheadActual   9: 4096 op, 10171.00 ns, 2.4832 ns/op
OverheadActual  10: 4096 op, 10162.00 ns, 2.4810 ns/op
OverheadActual  11: 4096 op, 9969.00 ns, 2.4338 ns/op
OverheadActual  12: 4096 op, 10208.00 ns, 2.4922 ns/op
OverheadActual  13: 4096 op, 10251.00 ns, 2.5027 ns/op
OverheadActual  14: 4096 op, 10261.00 ns, 2.5051 ns/op
OverheadActual  15: 4096 op, 10260.00 ns, 2.5049 ns/op
OverheadActual  16: 4096 op, 10306.00 ns, 2.5161 ns/op
OverheadActual  17: 4096 op, 10058.00 ns, 2.4556 ns/op
OverheadActual  18: 4096 op, 10390.00 ns, 2.5366 ns/op
OverheadActual  19: 4096 op, 10238.00 ns, 2.4995 ns/op
OverheadActual  20: 4096 op, 10287.00 ns, 2.5115 ns/op

WorkloadWarmup   1: 4096 op, 982363064.00 ns, 239.8347 us/op
WorkloadWarmup   2: 4096 op, 981578417.00 ns, 239.6432 us/op
WorkloadWarmup   3: 4096 op, 981003402.00 ns, 239.5028 us/op

// BeforeActualRun
WorkloadActual   1: 4096 op, 981092950.00 ns, 239.5246 us/op
WorkloadActual   2: 4096 op, 977060001.00 ns, 238.5400 us/op
WorkloadActual   3: 4096 op, 980464080.00 ns, 239.3711 us/op

// AfterActualRun
WorkloadResult   1: 4096 op, 981082783.50 ns, 239.5222 us/op
WorkloadResult   2: 4096 op, 977049834.50 ns, 238.5376 us/op
WorkloadResult   3: 4096 op, 980453913.50 ns, 239.3686 us/op
// GC:  221 73 0 1849983984 4096
// Threading:  0 0 4096

// AfterAll
// Benchmark Process 2120 has exited with code 0.

Mean = 239.143 us, StdErr = 0.306 us (0.13%), N = 3, StdDev = 0.530 us
Min = 238.538 us, Q1 = 238.953 us, Median = 239.369 us, Q3 = 239.445 us, Max = 239.522 us
IQR = 0.492 us, LowerFence = 238.215 us, UpperFence = 240.184 us
ConfidenceInterval = [229.478 us; 248.807 us] (CI 99.9%), Margin = 9.664 us (4.04% of Mean)
Skewness = -0.35, Kurtosis = 0.67, MValue = 2

// ** Remained 63 (70.8 %) benchmark(s) to run. Estimated finish 2026-10-07 19:54 (0h 6m from now) **
// **************************
// Benchmark: PlutusUseCasesBenchmarks.DecodeAndEval: NativeAOT 10.0(Runtime=NativeAOT 10.0, Toolchain=Latest ILCompiler, IterationCount=3, LaunchCount=1, MinIterationCount=50, WarmupCount=3) [Script=future-increase-margin-1]
// *** Execute ***
// Launch: 1 / 1
// Execute: /bench/chrysalis/benchmarks/PlutusBench/bin/Release/net10.0/PlutusBench-NativeAOT 10.0-1/bin/Release/net10.0/linux-x64/publish/PlutusBench-NativeAOT 10.0-1 --anonymousPipes 113 114 --benchmarkName "PlutusUseCasesBenchmarks.DecodeAndEval(Script: \"future-increase-margin-1\")" --job "NativeAOT 10.0" --benchmarkId 26 in 
// BeforeAnythingElse

// Benchmark Process Environment Information:
// BenchmarkDotNet v0.15.8
// Runtime=.NET 10.0.12, X64 NativeAOT x86-64-v4
// GC=Concurrent Workstation
// HardwareIntrinsics=AVX512 IFMA+VBMI,AVX512 F+BW+CD+DQ+VL,AVX2+BMI1+BMI2+F16C+FMA+LZCNT+MOVBE,AVX,SSE3+SSSE3+SSE4.1+SSE4.2+POPCNT,X86Base+SSE+SSE2,AES+PCLMUL VectorSize=256
// Job: NativeAOT 10.0(IterationCount=3, LaunchCount=1, MinIterationCount=50, WarmupCount=3)

OverheadJitting  1: 1 op, 188.00 ns, 188.0000 ns/op
WorkloadJitting  1: 1 op, 507095.00 ns, 507.0950 us/op

OverheadJitting  2: 16 op, 311.00 ns, 19.4375 ns/op
WorkloadJitting  2: 16 op, 7332802.00 ns, 458.3001 us/op

WorkloadPilot    1: 16 op, 6275841.00 ns, 392.2401 us/op
WorkloadPilot    2: 32 op, 10739243.00 ns, 335.6013 us/op
WorkloadPilot    3: 64 op, 24220672.00 ns, 378.4480 us/op
WorkloadPilot    4: 128 op, 42618368.00 ns, 332.9560 us/op
WorkloadPilot    5: 256 op, 84705553.00 ns, 330.8811 us/op
WorkloadPilot    6: 512 op, 171563064.00 ns, 335.0841 us/op
WorkloadPilot    7: 1024 op, 337909265.00 ns, 329.9895 us/op
WorkloadPilot    8: 2048 op, 678688808.00 ns, 331.3910 us/op

OverheadWarmup   1: 2048 op, 6228.00 ns, 3.0410 ns/op
OverheadWarmup   2: 2048 op, 5722.00 ns, 2.7939 ns/op
OverheadWarmup   3: 2048 op, 5747.00 ns, 2.8062 ns/op
OverheadWarmup   4: 2048 op, 5965.00 ns, 2.9126 ns/op
OverheadWarmup   5: 2048 op, 5881.00 ns, 2.8716 ns/op
OverheadWarmup   6: 2048 op, 5827.00 ns, 2.8452 ns/op
OverheadWarmup   7: 2048 op, 6204.00 ns, 3.0293 ns/op
OverheadWarmup   8: 2048 op, 5736.00 ns, 2.8008 ns/op

OverheadActual   1: 2048 op, 5747.00 ns, 2.8062 ns/op
OverheadActual   2: 2048 op, 4916.00 ns, 2.4004 ns/op
OverheadActual   3: 2048 op, 5002.00 ns, 2.4424 ns/op
OverheadActual   4: 2048 op, 4890.00 ns, 2.3877 ns/op
OverheadActual   5: 2048 op, 4889.00 ns, 2.3872 ns/op
OverheadActual   6: 2048 op, 4982.00 ns, 2.4326 ns/op
OverheadActual   7: 2048 op, 4973.00 ns, 2.4282 ns/op
OverheadActual   8: 2048 op, 9072.00 ns, 4.4297 ns/op
OverheadActual   9: 2048 op, 5305.00 ns, 2.5903 ns/op
OverheadActual  10: 2048 op, 4985.00 ns, 2.4341 ns/op
OverheadActual  11: 2048 op, 5218.00 ns, 2.5479 ns/op
OverheadActual  12: 2048 op, 4988.00 ns, 2.4355 ns/op
OverheadActual  13: 2048 op, 5312.00 ns, 2.5938 ns/op
OverheadActual  14: 2048 op, 5237.00 ns, 2.5571 ns/op
OverheadActual  15: 2048 op, 5227.00 ns, 2.5522 ns/op
OverheadActual  16: 2048 op, 4999.00 ns, 2.4409 ns/op
OverheadActual  17: 2048 op, 5005.00 ns, 2.4438 ns/op
OverheadActual  18: 2048 op, 5030.00 ns, 2.4561 ns/op
OverheadActual  19: 2048 op, 4975.00 ns, 2.4292 ns/op
OverheadActual  20: 2048 op, 5210.00 ns, 2.5439 ns/op

WorkloadWarmup   1: 2048 op, 820287815.00 ns, 400.5312 us/op
WorkloadWarmup   2: 2048 op, 840936354.00 ns, 410.6135 us/op
WorkloadWarmup   3: 2048 op, 779300344.00 ns, 380.5177 us/op

// BeforeActualRun
WorkloadActual   1: 2048 op, 678659593.00 ns, 331.3768 us/op
WorkloadActual   2: 2048 op, 679850144.00 ns, 331.9581 us/op
WorkloadActual   3: 2048 op, 676198915.00 ns, 330.1753 us/op

// AfterActualRun
WorkloadResult   1: 2048 op, 678654589.50 ns, 331.3743 us/op
WorkloadResult   2: 2048 op, 679845140.50 ns, 331.9556 us/op
WorkloadResult   3: 2048 op, 676193911.50 ns, 330.1728 us/op
// GC:  126 41 0 1059193840 2048
// Threading:  0 0 2048

// AfterAll
// Benchmark Process 2123 has exited with code 0.

Mean = 331.168 us, StdErr = 0.525 us (0.16%), N = 3, StdDev = 0.909 us
Min = 330.173 us, Q1 = 330.774 us, Median = 331.374 us, Q3 = 331.665 us, Max = 331.956 us
IQR = 0.891 us, LowerFence = 329.436 us, UpperFence = 333.002 us
ConfidenceInterval = [314.580 us; 347.755 us] (CI 99.9%), Margin = 16.587 us (5.01% of Mean)
Skewness = -0.22, Kurtosis = 0.67, MValue = 2

// ** Remained 62 (69.7 %) benchmark(s) to run. Estimated finish 2026-10-07 19:54 (0h 6m from now) **
// **************************
// Benchmark: PlutusUseCasesBenchmarks.DecodeAndEval: NativeAOT 10.0(Runtime=NativeAOT 10.0, Toolchain=Latest ILCompiler, IterationCount=3, LaunchCount=1, MinIterationCount=50, WarmupCount=3) [Script=future-increase-margin-2]
// *** Execute ***
// Launch: 1 / 1
// Execute: /bench/chrysalis/benchmarks/PlutusBench/bin/Release/net10.0/PlutusBench-NativeAOT 10.0-1/bin/Release/net10.0/linux-x64/publish/PlutusBench-NativeAOT 10.0-1 --anonymousPipes 113 114 --benchmarkName "PlutusUseCasesBenchmarks.DecodeAndEval(Script: \"future-increase-margin-2\")" --job "NativeAOT 10.0" --benchmarkId 27 in 
// BeforeAnythingElse

// Benchmark Process Environment Information:
// BenchmarkDotNet v0.15.8
// Runtime=.NET 10.0.12, X64 NativeAOT x86-64-v4
// GC=Concurrent Workstation
// HardwareIntrinsics=AVX512 IFMA+VBMI,AVX512 F+BW+CD+DQ+VL,AVX2+BMI1+BMI2+F16C+FMA+LZCNT+MOVBE,AVX,SSE3+SSSE3+SSE4.1+SSE4.2+POPCNT,X86Base+SSE+SSE2,AES+PCLMUL VectorSize=256
// Job: NativeAOT 10.0(IterationCount=3, LaunchCount=1, MinIterationCount=50, WarmupCount=3)

OverheadJitting  1: 1 op, 188.00 ns, 188.0000 ns/op
WorkloadJitting  1: 1 op, 908523.00 ns, 908.5230 us/op

OverheadJitting  2: 16 op, 343.00 ns, 21.4375 ns/op
WorkloadJitting  2: 16 op, 12733586.00 ns, 795.8491 us/op

WorkloadPilot    1: 16 op, 12156022.00 ns, 759.7514 us/op
WorkloadPilot    2: 32 op, 22291840.00 ns, 696.6200 us/op
WorkloadPilot    3: 64 op, 42342815.00 ns, 661.6065 us/op
WorkloadPilot    4: 128 op, 83679461.00 ns, 653.7458 us/op
WorkloadPilot    5: 256 op, 167838575.00 ns, 655.6194 us/op
WorkloadPilot    6: 512 op, 336213940.00 ns, 656.6679 us/op
WorkloadPilot    7: 1024 op, 671397585.00 ns, 655.6617 us/op

OverheadWarmup   1: 1024 op, 2882.00 ns, 2.8145 ns/op
OverheadWarmup   2: 1024 op, 2685.00 ns, 2.6221 ns/op
OverheadWarmup   3: 1024 op, 2681.00 ns, 2.6182 ns/op
OverheadWarmup   4: 1024 op, 2624.00 ns, 2.5625 ns/op
OverheadWarmup   5: 1024 op, 2688.00 ns, 2.6250 ns/op
OverheadWarmup   6: 1024 op, 2630.00 ns, 2.5684 ns/op
OverheadWarmup   7: 1024 op, 2707.00 ns, 2.6436 ns/op
OverheadWarmup   8: 1024 op, 2689.00 ns, 2.6260 ns/op

OverheadActual   1: 1024 op, 2645.00 ns, 2.5830 ns/op
OverheadActual   2: 1024 op, 2645.00 ns, 2.5830 ns/op
OverheadActual   3: 1024 op, 2698.00 ns, 2.6348 ns/op
OverheadActual   4: 1024 op, 2627.00 ns, 2.5654 ns/op
OverheadActual   5: 1024 op, 2672.00 ns, 2.6094 ns/op
OverheadActual   6: 1024 op, 2666.00 ns, 2.6035 ns/op
OverheadActual   7: 1024 op, 2647.00 ns, 2.5850 ns/op
OverheadActual   8: 1024 op, 2724.00 ns, 2.6602 ns/op
OverheadActual   9: 1024 op, 2644.00 ns, 2.5820 ns/op
OverheadActual  10: 1024 op, 2638.00 ns, 2.5762 ns/op
OverheadActual  11: 1024 op, 2644.00 ns, 2.5820 ns/op
OverheadActual  12: 1024 op, 2647.00 ns, 2.5850 ns/op
OverheadActual  13: 1024 op, 2645.00 ns, 2.5830 ns/op
OverheadActual  14: 1024 op, 2691.00 ns, 2.6279 ns/op
OverheadActual  15: 1024 op, 8369.00 ns, 8.1729 ns/op
OverheadActual  16: 1024 op, 2819.00 ns, 2.7529 ns/op
OverheadActual  17: 1024 op, 2828.00 ns, 2.7617 ns/op
OverheadActual  18: 1024 op, 2724.00 ns, 2.6602 ns/op
OverheadActual  19: 1024 op, 2801.00 ns, 2.7354 ns/op
OverheadActual  20: 1024 op, 3034.00 ns, 2.9629 ns/op

WorkloadWarmup   1: 1024 op, 676801646.00 ns, 660.9391 us/op
WorkloadWarmup   2: 1024 op, 676583848.00 ns, 660.7264 us/op
WorkloadWarmup   3: 1024 op, 673409352.00 ns, 657.6263 us/op

// BeforeActualRun
WorkloadActual   1: 1024 op, 672790564.00 ns, 657.0220 us/op
WorkloadActual   2: 1024 op, 672626285.00 ns, 656.8616 us/op
WorkloadActual   3: 1024 op, 673048959.00 ns, 657.2744 us/op

// AfterActualRun
WorkloadResult   1: 1024 op, 672787895.00 ns, 657.0194 us/op
WorkloadResult   2: 1024 op, 672623616.00 ns, 656.8590 us/op
WorkloadResult   3: 1024 op, 673046290.00 ns, 657.2718 us/op
// GC:  116 38 0 970367984 1024
// Threading:  0 0 1024

// AfterAll
// Benchmark Process 2128 has exited with code 0.

Mean = 657.050 us, StdErr = 0.120 us (0.02%), N = 3, StdDev = 0.208 us
Min = 656.859 us, Q1 = 656.939 us, Median = 657.019 us, Q3 = 657.146 us, Max = 657.272 us
IQR = 0.206 us, LowerFence = 656.630 us, UpperFence = 657.455 us
ConfidenceInterval = [653.254 us; 660.846 us] (CI 99.9%), Margin = 3.796 us (0.58% of Mean)
Skewness = 0.14, Kurtosis = 0.67, MValue = 2

// ** Remained 61 (68.5 %) benchmark(s) to run. Estimated finish 2026-10-07 19:54 (0h 6m from now) **
// **************************
// Benchmark: PlutusUseCasesBenchmarks.DecodeAndEval: NativeAOT 10.0(Runtime=NativeAOT 10.0, Toolchain=Latest ILCompiler, IterationCount=3, LaunchCount=1, MinIterationCount=50, WarmupCount=3) [Script=future-increase-margin-3]
// *** Execute ***
// Launch: 1 / 1
// Execute: /bench/chrysalis/benchmarks/PlutusBench/bin/Release/net10.0/PlutusBench-NativeAOT 10.0-1/bin/Release/net10.0/linux-x64/publish/PlutusBench-NativeAOT 10.0-1 --anonymousPipes 113 114 --benchmarkName "PlutusUseCasesBenchmarks.DecodeAndEval(Script: \"future-increase-margin-3\")" --job "NativeAOT 10.0" --benchmarkId 28 in 
// BeforeAnythingElse

// Benchmark Process Environment Information:
// BenchmarkDotNet v0.15.8
// Runtime=.NET 10.0.12, X64 NativeAOT x86-64-v4
// GC=Concurrent Workstation
// HardwareIntrinsics=AVX512 IFMA+VBMI,AVX512 F+BW+CD+DQ+VL,AVX2+BMI1+BMI2+F16C+FMA+LZCNT+MOVBE,AVX,SSE3+SSSE3+SSE4.1+SSE4.2+POPCNT,X86Base+SSE+SSE2,AES+PCLMUL VectorSize=256
// Job: NativeAOT 10.0(IterationCount=3, LaunchCount=1, MinIterationCount=50, WarmupCount=3)

OverheadJitting  1: 1 op, 789.00 ns, 789.0000 ns/op
WorkloadJitting  1: 1 op, 998021.00 ns, 998.0210 us/op

OverheadJitting  2: 16 op, 300.00 ns, 18.7500 ns/op
WorkloadJitting  2: 16 op, 13232365.00 ns, 827.0228 us/op

WorkloadPilot    1: 16 op, 11876047.00 ns, 742.2529 us/op
WorkloadPilot    2: 32 op, 21820835.00 ns, 681.9011 us/op
WorkloadPilot    3: 64 op, 41309749.00 ns, 645.4648 us/op
WorkloadPilot    4: 128 op, 83444891.00 ns, 651.9132 us/op
WorkloadPilot    5: 256 op, 165218828.00 ns, 645.3860 us/op
WorkloadPilot    6: 512 op, 330626765.00 ns, 645.7554 us/op
WorkloadPilot    7: 1024 op, 661301460.00 ns, 645.8022 us/op

OverheadWarmup   1: 1024 op, 2651.00 ns, 2.5889 ns/op
OverheadWarmup   2: 1024 op, 2506.00 ns, 2.4473 ns/op
OverheadWarmup   3: 1024 op, 2496.00 ns, 2.4375 ns/op
OverheadWarmup   4: 1024 op, 2483.00 ns, 2.4248 ns/op
OverheadWarmup   5: 1024 op, 2508.00 ns, 2.4492 ns/op
OverheadWarmup   6: 1024 op, 2522.00 ns, 2.4629 ns/op
OverheadWarmup   7: 1024 op, 2681.00 ns, 2.6182 ns/op
OverheadWarmup   8: 1024 op, 2676.00 ns, 2.6133 ns/op
OverheadWarmup   9: 1024 op, 2493.00 ns, 2.4346 ns/op
OverheadWarmup  10: 1024 op, 2460.00 ns, 2.4023 ns/op

OverheadActual   1: 1024 op, 2504.00 ns, 2.4453 ns/op
OverheadActual   2: 1024 op, 2501.00 ns, 2.4424 ns/op
OverheadActual   3: 1024 op, 2438.00 ns, 2.3809 ns/op
OverheadActual   4: 1024 op, 2551.00 ns, 2.4912 ns/op
OverheadActual   5: 1024 op, 2549.00 ns, 2.4893 ns/op
OverheadActual   6: 1024 op, 2588.00 ns, 2.5273 ns/op
OverheadActual   7: 1024 op, 2515.00 ns, 2.4561 ns/op
OverheadActual   8: 1024 op, 2491.00 ns, 2.4326 ns/op
OverheadActual   9: 1024 op, 2508.00 ns, 2.4492 ns/op
OverheadActual  10: 1024 op, 2514.00 ns, 2.4551 ns/op
OverheadActual  11: 1024 op, 2594.00 ns, 2.5332 ns/op
OverheadActual  12: 1024 op, 2607.00 ns, 2.5459 ns/op
OverheadActual  13: 1024 op, 2545.00 ns, 2.4854 ns/op
OverheadActual  14: 1024 op, 2912.00 ns, 2.8438 ns/op
OverheadActual  15: 1024 op, 2634.00 ns, 2.5723 ns/op
OverheadActual  16: 1024 op, 2637.00 ns, 2.5752 ns/op
OverheadActual  17: 1024 op, 2630.00 ns, 2.5684 ns/op
OverheadActual  18: 1024 op, 2637.00 ns, 2.5752 ns/op
OverheadActual  19: 1024 op, 2628.00 ns, 2.5664 ns/op
OverheadActual  20: 1024 op, 2764.00 ns, 2.6992 ns/op

WorkloadWarmup   1: 1024 op, 661825541.00 ns, 646.3140 us/op
WorkloadWarmup   2: 1024 op, 665681672.00 ns, 650.0798 us/op
WorkloadWarmup   3: 1024 op, 662399125.00 ns, 646.8741 us/op

// BeforeActualRun
WorkloadActual   1: 1024 op, 661112004.00 ns, 645.6172 us/op
WorkloadActual   2: 1024 op, 659061830.00 ns, 643.6151 us/op
WorkloadActual   3: 1024 op, 659279019.00 ns, 643.8272 us/op

// AfterActualRun
WorkloadResult   1: 1024 op, 661109434.50 ns, 645.6147 us/op
WorkloadResult   2: 1024 op, 659059260.50 ns, 643.6126 us/op
WorkloadResult   3: 1024 op, 659276449.50 ns, 643.8247 us/op
// GC:  116 38 0 970367984 1024
// Threading:  0 0 1024

// AfterAll
// Benchmark Process 2132 has exited with code 0.

Mean = 644.351 us, StdErr = 0.635 us (0.10%), N = 3, StdDev = 1.100 us
Min = 643.613 us, Q1 = 643.719 us, Median = 643.825 us, Q3 = 644.720 us, Max = 645.615 us
IQR = 1.001 us, LowerFence = 642.217 us, UpperFence = 646.221 us
ConfidenceInterval = [624.286 us; 664.416 us] (CI 99.9%), Margin = 20.065 us (3.11% of Mean)
Skewness = 0.37, Kurtosis = 0.67, MValue = 2

// ** Remained 60 (67.4 %) benchmark(s) to run. Estimated finish 2026-10-07 19:54 (0h 6m from now) **
// **************************
// Benchmark: PlutusUseCasesBenchmarks.DecodeAndEval: NativeAOT 10.0(Runtime=NativeAOT 10.0, Toolchain=Latest ILCompiler, IterationCount=3, LaunchCount=1, MinIterationCount=50, WarmupCount=3) [Script=future-increase-margin-4]
// *** Execute ***
// Launch: 1 / 1
// Execute: /bench/chrysalis/benchmarks/PlutusBench/bin/Release/net10.0/PlutusBench-NativeAOT 10.0-1/bin/Release/net10.0/linux-x64/publish/PlutusBench-NativeAOT 10.0-1 --anonymousPipes 113 114 --benchmarkName "PlutusUseCasesBenchmarks.DecodeAndEval(Script: \"future-increase-margin-4\")" --job "NativeAOT 10.0" --benchmarkId 29 in 
// BeforeAnythingElse

// Benchmark Process Environment Information:
// BenchmarkDotNet v0.15.8
// Runtime=.NET 10.0.12, X64 NativeAOT x86-64-v4
// GC=Concurrent Workstation
// HardwareIntrinsics=AVX512 IFMA+VBMI,AVX512 F+BW+CD+DQ+VL,AVX2+BMI1+BMI2+F16C+FMA+LZCNT+MOVBE,AVX,SSE3+SSSE3+SSE4.1+SSE4.2+POPCNT,X86Base+SSE+SSE2,AES+PCLMUL VectorSize=256
// Job: NativeAOT 10.0(IterationCount=3, LaunchCount=1, MinIterationCount=50, WarmupCount=3)

OverheadJitting  1: 1 op, 296.00 ns, 296.0000 ns/op
WorkloadJitting  1: 1 op, 1078846.00 ns, 1.0788 ms/op

OverheadJitting  2: 16 op, 296.00 ns, 18.5000 ns/op
WorkloadJitting  2: 16 op, 14083032.00 ns, 880.1895 us/op

WorkloadPilot    1: 16 op, 13037310.00 ns, 814.8319 us/op
WorkloadPilot    2: 32 op, 23818389.00 ns, 744.3247 us/op
WorkloadPilot    3: 64 op, 48222271.00 ns, 753.4730 us/op
WorkloadPilot    4: 128 op, 94451523.00 ns, 737.9025 us/op
WorkloadPilot    5: 256 op, 188722342.00 ns, 737.1966 us/op
WorkloadPilot    6: 512 op, 378070292.00 ns, 738.4185 us/op
WorkloadPilot    7: 1024 op, 754483121.00 ns, 736.7999 us/op

OverheadWarmup   1: 1024 op, 2901.00 ns, 2.8330 ns/op
OverheadWarmup   2: 1024 op, 2634.00 ns, 2.5723 ns/op
OverheadWarmup   3: 1024 op, 2697.00 ns, 2.6338 ns/op
OverheadWarmup   4: 1024 op, 2651.00 ns, 2.5889 ns/op
OverheadWarmup   5: 1024 op, 2632.00 ns, 2.5703 ns/op
OverheadWarmup   6: 1024 op, 2624.00 ns, 2.5625 ns/op
OverheadWarmup   7: 1024 op, 2773.00 ns, 2.7080 ns/op
OverheadWarmup   8: 1024 op, 2746.00 ns, 2.6816 ns/op

OverheadActual   1: 1024 op, 2646.00 ns, 2.5840 ns/op
OverheadActual   2: 1024 op, 2730.00 ns, 2.6660 ns/op
OverheadActual   3: 1024 op, 2700.00 ns, 2.6367 ns/op
OverheadActual   4: 1024 op, 2729.00 ns, 2.6650 ns/op
OverheadActual   5: 1024 op, 2634.00 ns, 2.5723 ns/op
OverheadActual   6: 1024 op, 2776.00 ns, 2.7109 ns/op
OverheadActual   7: 1024 op, 2837.00 ns, 2.7705 ns/op
OverheadActual   8: 1024 op, 2686.00 ns, 2.6230 ns/op
OverheadActual   9: 1024 op, 2756.00 ns, 2.6914 ns/op
OverheadActual  10: 1024 op, 2822.00 ns, 2.7559 ns/op
OverheadActual  11: 1024 op, 2671.00 ns, 2.6084 ns/op
OverheadActual  12: 1024 op, 2694.00 ns, 2.6309 ns/op
OverheadActual  13: 1024 op, 2656.00 ns, 2.5938 ns/op
OverheadActual  14: 1024 op, 2741.00 ns, 2.6768 ns/op
OverheadActual  15: 1024 op, 2856.00 ns, 2.7891 ns/op
OverheadActual  16: 1024 op, 2737.00 ns, 2.6729 ns/op
OverheadActual  17: 1024 op, 2760.00 ns, 2.6953 ns/op
OverheadActual  18: 1024 op, 2802.00 ns, 2.7363 ns/op
OverheadActual  19: 1024 op, 2642.00 ns, 2.5801 ns/op
OverheadActual  20: 1024 op, 2831.00 ns, 2.7646 ns/op

WorkloadWarmup   1: 1024 op, 756281068.00 ns, 738.5557 us/op
WorkloadWarmup   2: 1024 op, 758604103.00 ns, 740.8243 us/op
WorkloadWarmup   3: 1024 op, 754785891.00 ns, 737.0956 us/op

// BeforeActualRun
WorkloadActual   1: 1024 op, 752575322.00 ns, 734.9368 us/op
WorkloadActual   2: 1024 op, 754035610.00 ns, 736.3629 us/op
WorkloadActual   3: 1024 op, 751211160.00 ns, 733.6046 us/op

// AfterActualRun
WorkloadResult   1: 1024 op, 752572588.50 ns, 734.9342 us/op
WorkloadResult   2: 1024 op, 754032876.50 ns, 736.3602 us/op
WorkloadResult   3: 1024 op, 751208426.50 ns, 733.6020 us/op
// GC:  127 56 0 1065550832 1024
// Threading:  0 0 1024

// AfterAll
// Benchmark Process 2135 has exited with code 0.

Mean = 734.965 us, StdErr = 0.796 us (0.11%), N = 3, StdDev = 1.379 us
Min = 733.602 us, Q1 = 734.268 us, Median = 734.934 us, Q3 = 735.647 us, Max = 736.360 us
IQR = 1.379 us, LowerFence = 732.199 us, UpperFence = 737.716 us
ConfidenceInterval = [709.800 us; 760.131 us] (CI 99.9%), Margin = 25.165 us (3.42% of Mean)
Skewness = 0.02, Kurtosis = 0.67, MValue = 2

// ** Remained 59 (66.3 %) benchmark(s) to run. Estimated finish 2026-10-07 19:54 (0h 6m from now) **
// **************************
// Benchmark: PlutusUseCasesBenchmarks.DecodeAndEval: NativeAOT 10.0(Runtime=NativeAOT 10.0, Toolchain=Latest ILCompiler, IterationCount=3, LaunchCount=1, MinIterationCount=50, WarmupCount=3) [Script=future-increase-margin-5]
// *** Execute ***
// Launch: 1 / 1
// Execute: /bench/chrysalis/benchmarks/PlutusBench/bin/Release/net10.0/PlutusBench-NativeAOT 10.0-1/bin/Release/net10.0/linux-x64/publish/PlutusBench-NativeAOT 10.0-1 --anonymousPipes 113 114 --benchmarkName "PlutusUseCasesBenchmarks.DecodeAndEval(Script: \"future-increase-margin-5\")" --job "NativeAOT 10.0" --benchmarkId 30 in 
// BeforeAnythingElse

// Benchmark Process Environment Information:
// BenchmarkDotNet v0.15.8
// Runtime=.NET 10.0.12, X64 NativeAOT x86-64-v4
// GC=Concurrent Workstation
// HardwareIntrinsics=AVX512 IFMA+VBMI,AVX512 F+BW+CD+DQ+VL,AVX2+BMI1+BMI2+F16C+FMA+LZCNT+MOVBE,AVX,SSE3+SSSE3+SSE4.1+SSE4.2+POPCNT,X86Base+SSE+SSE2,AES+PCLMUL VectorSize=256
// Job: NativeAOT 10.0(IterationCount=3, LaunchCount=1, MinIterationCount=50, WarmupCount=3)

OverheadJitting  1: 1 op, 230.00 ns, 230.0000 ns/op
WorkloadJitting  1: 1 op, 1683040.00 ns, 1.6830 ms/op

OverheadJitting  2: 16 op, 292.00 ns, 18.2500 ns/op
WorkloadJitting  2: 16 op, 21666178.00 ns, 1.3541 ms/op

WorkloadPilot    1: 16 op, 19115329.00 ns, 1.1947 ms/op
WorkloadPilot    2: 32 op, 37964253.00 ns, 1.1864 ms/op
WorkloadPilot    3: 64 op, 71784623.00 ns, 1.1216 ms/op
WorkloadPilot    4: 128 op, 142622281.00 ns, 1.1142 ms/op
WorkloadPilot    5: 256 op, 286079038.00 ns, 1.1175 ms/op
WorkloadPilot    6: 512 op, 571540896.00 ns, 1.1163 ms/op

OverheadWarmup   1: 512 op, 1504.00 ns, 2.9375 ns/op
OverheadWarmup   2: 512 op, 1374.00 ns, 2.6836 ns/op
OverheadWarmup   3: 512 op, 1327.00 ns, 2.5918 ns/op
OverheadWarmup   4: 512 op, 1323.00 ns, 2.5840 ns/op
OverheadWarmup   5: 512 op, 1301.00 ns, 2.5410 ns/op
OverheadWarmup   6: 512 op, 1327.00 ns, 2.5918 ns/op
OverheadWarmup   7: 512 op, 1393.00 ns, 2.7207 ns/op
OverheadWarmup   8: 512 op, 1332.00 ns, 2.6016 ns/op
OverheadWarmup   9: 512 op, 1305.00 ns, 2.5488 ns/op
OverheadWarmup  10: 512 op, 1296.00 ns, 2.5313 ns/op

OverheadActual   1: 512 op, 1336.00 ns, 2.6094 ns/op
OverheadActual   2: 512 op, 1329.00 ns, 2.5957 ns/op
OverheadActual   3: 512 op, 1303.00 ns, 2.5449 ns/op
OverheadActual   4: 512 op, 1372.00 ns, 2.6797 ns/op
OverheadActual   5: 512 op, 1372.00 ns, 2.6797 ns/op
OverheadActual   6: 512 op, 1313.00 ns, 2.5645 ns/op
OverheadActual   7: 512 op, 1313.00 ns, 2.5645 ns/op
OverheadActual   8: 512 op, 1321.00 ns, 2.5801 ns/op
OverheadActual   9: 512 op, 1272.00 ns, 2.4844 ns/op
OverheadActual  10: 512 op, 1267.00 ns, 2.4746 ns/op
OverheadActual  11: 512 op, 1347.00 ns, 2.6309 ns/op
OverheadActual  12: 512 op, 1348.00 ns, 2.6328 ns/op
OverheadActual  13: 512 op, 1375.00 ns, 2.6855 ns/op
OverheadActual  14: 512 op, 1314.00 ns, 2.5664 ns/op
OverheadActual  15: 512 op, 1321.00 ns, 2.5801 ns/op
OverheadActual  16: 512 op, 1322.00 ns, 2.5820 ns/op
OverheadActual  17: 512 op, 1316.00 ns, 2.5703 ns/op
OverheadActual  18: 512 op, 1325.00 ns, 2.5879 ns/op
OverheadActual  19: 512 op, 1328.00 ns, 2.5938 ns/op
OverheadActual  20: 512 op, 1378.00 ns, 2.6914 ns/op

WorkloadWarmup   1: 512 op, 577625631.00 ns, 1.1282 ms/op
WorkloadWarmup   2: 512 op, 572581098.00 ns, 1.1183 ms/op
WorkloadWarmup   3: 512 op, 575347660.00 ns, 1.1237 ms/op

// BeforeActualRun
WorkloadActual   1: 512 op, 573052122.00 ns, 1.1192 ms/op
WorkloadActual   2: 512 op, 573022222.00 ns, 1.1192 ms/op
WorkloadActual   3: 512 op, 574040940.00 ns, 1.1212 ms/op

// AfterActualRun
WorkloadResult   1: 512 op, 573050798.50 ns, 1.1192 ms/op
WorkloadResult   2: 512 op, 573020898.50 ns, 1.1192 ms/op
WorkloadResult   3: 512 op, 574039616.50 ns, 1.1212 ms/op
// GC:  83 37 0 702166336 512
// Threading:  0 0 512

// AfterAll
// Benchmark Process 2138 has exited with code 0.

Mean = 1.120 ms, StdErr = 0.001 ms (0.06%), N = 3, StdDev = 0.001 ms
Min = 1.119 ms, Q1 = 1.119 ms, Median = 1.119 ms, Q3 = 1.120 ms, Max = 1.121 ms
IQR = 0.001 ms, LowerFence = 1.118 ms, UpperFence = 1.122 ms
ConfidenceInterval = [1.099 ms; 1.141 ms] (CI 99.9%), Margin = 0.021 ms (1.84% of Mean)
Skewness = 0.38, Kurtosis = 0.67, MValue = 2

// ** Remained 58 (65.2 %) benchmark(s) to run. Estimated finish 2026-10-07 19:54 (0h 6m from now) **
// **************************
// Benchmark: PlutusUseCasesBenchmarks.DecodeAndEval: NativeAOT 10.0(Runtime=NativeAOT 10.0, Toolchain=Latest ILCompiler, IterationCount=3, LaunchCount=1, MinIterationCount=50, WarmupCount=3) [Script=future-pay-out-1]
// *** Execute ***
// Launch: 1 / 1
// Execute: /bench/chrysalis/benchmarks/PlutusBench/bin/Release/net10.0/PlutusBench-NativeAOT 10.0-1/bin/Release/net10.0/linux-x64/publish/PlutusBench-NativeAOT 10.0-1 --anonymousPipes 113 114 --benchmarkName "PlutusUseCasesBenchmarks.DecodeAndEval(Script: \"future-pay-out-1\")" --job "NativeAOT 10.0" --benchmarkId 31 in 
// BeforeAnythingElse

// Benchmark Process Environment Information:
// BenchmarkDotNet v0.15.8
// Runtime=.NET 10.0.12, X64 NativeAOT x86-64-v4
// GC=Concurrent Workstation
// HardwareIntrinsics=AVX512 IFMA+VBMI,AVX512 F+BW+CD+DQ+VL,AVX2+BMI1+BMI2+F16C+FMA+LZCNT+MOVBE,AVX,SSE3+SSSE3+SSE4.1+SSE4.2+POPCNT,X86Base+SSE+SSE2,AES+PCLMUL VectorSize=256
// Job: NativeAOT 10.0(IterationCount=3, LaunchCount=1, MinIterationCount=50, WarmupCount=3)

OverheadJitting  1: 1 op, 208.00 ns, 208.0000 ns/op
WorkloadJitting  1: 1 op, 508741.00 ns, 508.7410 us/op

OverheadJitting  2: 16 op, 320.00 ns, 20.0000 ns/op
WorkloadJitting  2: 16 op, 7351480.00 ns, 459.4675 us/op

WorkloadPilot    1: 16 op, 6424325.00 ns, 401.5203 us/op
WorkloadPilot    2: 32 op, 10761181.00 ns, 336.2869 us/op
WorkloadPilot    3: 64 op, 23184615.00 ns, 362.2596 us/op
WorkloadPilot    4: 128 op, 43943343.00 ns, 343.3074 us/op
WorkloadPilot    5: 256 op, 86136324.00 ns, 336.4700 us/op
WorkloadPilot    6: 512 op, 171029897.00 ns, 334.0428 us/op
WorkloadPilot    7: 1024 op, 340272185.00 ns, 332.2971 us/op
WorkloadPilot    8: 2048 op, 686831647.00 ns, 335.3670 us/op

OverheadWarmup   1: 2048 op, 5330.00 ns, 2.6025 ns/op
OverheadWarmup   2: 2048 op, 5024.00 ns, 2.4531 ns/op
OverheadWarmup   3: 2048 op, 5058.00 ns, 2.4697 ns/op
OverheadWarmup   4: 2048 op, 5055.00 ns, 2.4683 ns/op
OverheadWarmup   5: 2048 op, 5053.00 ns, 2.4673 ns/op
OverheadWarmup   6: 2048 op, 5018.00 ns, 2.4502 ns/op
OverheadWarmup   7: 2048 op, 5120.00 ns, 2.5000 ns/op
OverheadWarmup   8: 2048 op, 5283.00 ns, 2.5796 ns/op
OverheadWarmup   9: 2048 op, 5332.00 ns, 2.6035 ns/op
OverheadWarmup  10: 2048 op, 5085.00 ns, 2.4829 ns/op

OverheadActual   1: 2048 op, 5115.00 ns, 2.4976 ns/op
OverheadActual   2: 2048 op, 5117.00 ns, 2.4985 ns/op
OverheadActual   3: 2048 op, 5125.00 ns, 2.5024 ns/op
OverheadActual   4: 2048 op, 5059.00 ns, 2.4702 ns/op
OverheadActual   5: 2048 op, 5131.00 ns, 2.5054 ns/op
OverheadActual   6: 2048 op, 5067.00 ns, 2.4741 ns/op
OverheadActual   7: 2048 op, 5317.00 ns, 2.5962 ns/op
OverheadActual   8: 2048 op, 5041.00 ns, 2.4614 ns/op
OverheadActual   9: 2048 op, 5162.00 ns, 2.5205 ns/op
OverheadActual  10: 2048 op, 5175.00 ns, 2.5269 ns/op
OverheadActual  11: 2048 op, 5138.00 ns, 2.5088 ns/op
OverheadActual  12: 2048 op, 5351.00 ns, 2.6128 ns/op
OverheadActual  13: 2048 op, 5348.00 ns, 2.6113 ns/op
OverheadActual  14: 2048 op, 5345.00 ns, 2.6099 ns/op
OverheadActual  15: 2048 op, 5200.00 ns, 2.5391 ns/op
OverheadActual  16: 2048 op, 5126.00 ns, 2.5029 ns/op
OverheadActual  17: 2048 op, 5091.00 ns, 2.4858 ns/op
OverheadActual  18: 2048 op, 5121.00 ns, 2.5005 ns/op
OverheadActual  19: 2048 op, 5232.00 ns, 2.5547 ns/op
OverheadActual  20: 2048 op, 5296.00 ns, 2.5859 ns/op

WorkloadWarmup   1: 2048 op, 683304928.00 ns, 333.6450 us/op
WorkloadWarmup   2: 2048 op, 688437797.00 ns, 336.1513 us/op
WorkloadWarmup   3: 2048 op, 677420062.00 ns, 330.7715 us/op

// BeforeActualRun
WorkloadActual   1: 2048 op, 685250123.00 ns, 334.5948 us/op
WorkloadActual   2: 2048 op, 689633692.00 ns, 336.7352 us/op
WorkloadActual   3: 2048 op, 686370754.00 ns, 335.1420 us/op

// AfterActualRun
WorkloadResult   1: 2048 op, 685244988.50 ns, 334.5923 us/op
WorkloadResult   2: 2048 op, 689628557.50 ns, 336.7327 us/op
WorkloadResult   3: 2048 op, 686365619.50 ns, 335.1395 us/op
// GC:  126 41 0 1059193840 2048
// Threading:  0 0 2048

// AfterAll
// Benchmark Process 2142 has exited with code 0.

Mean = 335.488 us, StdErr = 0.642 us (0.19%), N = 3, StdDev = 1.112 us
Min = 334.592 us, Q1 = 334.866 us, Median = 335.139 us, Q3 = 335.936 us, Max = 336.733 us
IQR = 1.070 us, LowerFence = 333.261 us, UpperFence = 337.541 us
ConfidenceInterval = [315.201 us; 355.775 us] (CI 99.9%), Margin = 20.287 us (6.05% of Mean)
Skewness = 0.28, Kurtosis = 0.67, MValue = 2

// ** Remained 57 (64.0 %) benchmark(s) to run. Estimated finish 2026-10-07 19:54 (0h 6m from now) **
// **************************
// Benchmark: PlutusUseCasesBenchmarks.DecodeAndEval: NativeAOT 10.0(Runtime=NativeAOT 10.0, Toolchain=Latest ILCompiler, IterationCount=3, LaunchCount=1, MinIterationCount=50, WarmupCount=3) [Script=future-pay-out-2]
// *** Execute ***
// Launch: 1 / 1
// Execute: /bench/chrysalis/benchmarks/PlutusBench/bin/Release/net10.0/PlutusBench-NativeAOT 10.0-1/bin/Release/net10.0/linux-x64/publish/PlutusBench-NativeAOT 10.0-1 --anonymousPipes 113 114 --benchmarkName "PlutusUseCasesBenchmarks.DecodeAndEval(Script: \"future-pay-out-2\")" --job "NativeAOT 10.0" --benchmarkId 32 in 
// BeforeAnythingElse

// Benchmark Process Environment Information:
// BenchmarkDotNet v0.15.8
// Runtime=.NET 10.0.12, X64 NativeAOT x86-64-v4
// GC=Concurrent Workstation
// HardwareIntrinsics=AVX512 IFMA+VBMI,AVX512 F+BW+CD+DQ+VL,AVX2+BMI1+BMI2+F16C+FMA+LZCNT+MOVBE,AVX,SSE3+SSSE3+SSE4.1+SSE4.2+POPCNT,X86Base+SSE+SSE2,AES+PCLMUL VectorSize=256
// Job: NativeAOT 10.0(IterationCount=3, LaunchCount=1, MinIterationCount=50, WarmupCount=3)

OverheadJitting  1: 1 op, 197.00 ns, 197.0000 ns/op
WorkloadJitting  1: 1 op, 903303.00 ns, 903.3030 us/op

OverheadJitting  2: 16 op, 300.00 ns, 18.7500 ns/op
WorkloadJitting  2: 16 op, 12770903.00 ns, 798.1814 us/op

WorkloadPilot    1: 16 op, 12134543.00 ns, 758.4089 us/op
WorkloadPilot    2: 32 op, 21940436.00 ns, 685.6386 us/op
WorkloadPilot    3: 64 op, 41628414.00 ns, 650.4440 us/op
WorkloadPilot    4: 128 op, 83222454.00 ns, 650.1754 us/op
WorkloadPilot    5: 256 op, 164817955.00 ns, 643.8201 us/op
WorkloadPilot    6: 512 op, 330249580.00 ns, 645.0187 us/op
WorkloadPilot    7: 1024 op, 815135816.00 ns, 796.0311 us/op

OverheadWarmup   1: 1024 op, 3309.00 ns, 3.2314 ns/op
OverheadWarmup   2: 1024 op, 3070.00 ns, 2.9980 ns/op
OverheadWarmup   3: 1024 op, 3070.00 ns, 2.9980 ns/op
OverheadWarmup   4: 1024 op, 3086.00 ns, 3.0137 ns/op
OverheadWarmup   5: 1024 op, 3015.00 ns, 2.9443 ns/op
OverheadWarmup   6: 1024 op, 3014.00 ns, 2.9434 ns/op
OverheadWarmup   7: 1024 op, 3059.00 ns, 2.9873 ns/op

OverheadActual   1: 1024 op, 3025.00 ns, 2.9541 ns/op
OverheadActual   2: 1024 op, 3019.00 ns, 2.9482 ns/op
OverheadActual   3: 1024 op, 3032.00 ns, 2.9609 ns/op
OverheadActual   4: 1024 op, 3017.00 ns, 2.9463 ns/op
OverheadActual   5: 1024 op, 3074.00 ns, 3.0020 ns/op
OverheadActual   6: 1024 op, 3053.00 ns, 2.9814 ns/op
OverheadActual   7: 1024 op, 3074.00 ns, 3.0020 ns/op
OverheadActual   8: 1024 op, 3008.00 ns, 2.9375 ns/op
OverheadActual   9: 1024 op, 3019.00 ns, 2.9482 ns/op
OverheadActual  10: 1024 op, 3087.00 ns, 3.0146 ns/op
OverheadActual  11: 1024 op, 3083.00 ns, 3.0107 ns/op
OverheadActual  12: 1024 op, 3090.00 ns, 3.0176 ns/op
OverheadActual  13: 1024 op, 3097.00 ns, 3.0244 ns/op
OverheadActual  14: 1024 op, 3076.00 ns, 3.0039 ns/op
OverheadActual  15: 1024 op, 3053.00 ns, 2.9814 ns/op
OverheadActual  16: 1024 op, 3040.00 ns, 2.9688 ns/op
OverheadActual  17: 1024 op, 3061.00 ns, 2.9893 ns/op
OverheadActual  18: 1024 op, 3025.00 ns, 2.9541 ns/op
OverheadActual  19: 1024 op, 3047.00 ns, 2.9756 ns/op
OverheadActual  20: 1024 op, 3022.00 ns, 2.9512 ns/op

WorkloadWarmup   1: 1024 op, 829196351.00 ns, 809.7621 us/op
WorkloadWarmup   2: 1024 op, 751925383.00 ns, 734.3021 us/op
WorkloadWarmup   3: 1024 op, 660111654.00 ns, 644.6403 us/op

// BeforeActualRun
WorkloadActual   1: 1024 op, 658470552.00 ns, 643.0376 us/op
WorkloadActual   2: 1024 op, 662935933.00 ns, 647.3984 us/op
WorkloadActual   3: 1024 op, 659366242.00 ns, 643.9123 us/op

// AfterActualRun
WorkloadResult   1: 1024 op, 658467502.00 ns, 643.0347 us/op
WorkloadResult   2: 1024 op, 662932883.00 ns, 647.3954 us/op
WorkloadResult   3: 1024 op, 659363192.00 ns, 643.9094 us/op
// GC:  116 38 0 970367984 1024
// Threading:  0 0 1024

// AfterAll
// Benchmark Process 2145 has exited with code 0.

Mean = 644.780 us, StdErr = 1.332 us (0.21%), N = 3, StdDev = 2.307 us
Min = 643.035 us, Q1 = 643.472 us, Median = 643.909 us, Q3 = 645.652 us, Max = 647.395 us
IQR = 2.180 us, LowerFence = 640.201 us, UpperFence = 648.923 us
ConfidenceInterval = [602.692 us; 686.868 us] (CI 99.9%), Margin = 42.088 us (6.53% of Mean)
Skewness = 0.32, Kurtosis = 0.67, MValue = 2

// ** Remained 56 (62.9 %) benchmark(s) to run. Estimated finish 2026-10-07 19:54 (0h 6m from now) **
// **************************
// Benchmark: PlutusUseCasesBenchmarks.DecodeAndEval: NativeAOT 10.0(Runtime=NativeAOT 10.0, Toolchain=Latest ILCompiler, IterationCount=3, LaunchCount=1, MinIterationCount=50, WarmupCount=3) [Script=future-pay-out-3]
// *** Execute ***
// Launch: 1 / 1
// Execute: /bench/chrysalis/benchmarks/PlutusBench/bin/Release/net10.0/PlutusBench-NativeAOT 10.0-1/bin/Release/net10.0/linux-x64/publish/PlutusBench-NativeAOT 10.0-1 --anonymousPipes 113 114 --benchmarkName "PlutusUseCasesBenchmarks.DecodeAndEval(Script: \"future-pay-out-3\")" --job "NativeAOT 10.0" --benchmarkId 33 in 
// BeforeAnythingElse

// Benchmark Process Environment Information:
// BenchmarkDotNet v0.15.8
// Runtime=.NET 10.0.12, X64 NativeAOT x86-64-v4
// GC=Concurrent Workstation
// HardwareIntrinsics=AVX512 IFMA+VBMI,AVX512 F+BW+CD+DQ+VL,AVX2+BMI1+BMI2+F16C+FMA+LZCNT+MOVBE,AVX,SSE3+SSSE3+SSE4.1+SSE4.2+POPCNT,X86Base+SSE+SSE2,AES+PCLMUL VectorSize=256
// Job: NativeAOT 10.0(IterationCount=3, LaunchCount=1, MinIterationCount=50, WarmupCount=3)

OverheadJitting  1: 1 op, 214.00 ns, 214.0000 ns/op
WorkloadJitting  1: 1 op, 1013768.00 ns, 1.0138 ms/op

OverheadJitting  2: 16 op, 294.00 ns, 18.3750 ns/op
WorkloadJitting  2: 16 op, 12612643.00 ns, 788.2902 us/op

WorkloadPilot    1: 16 op, 11701743.00 ns, 731.3589 us/op
WorkloadPilot    2: 32 op, 21709967.00 ns, 678.4365 us/op
WorkloadPilot    3: 64 op, 41121873.00 ns, 642.5293 us/op
WorkloadPilot    4: 128 op, 82855852.00 ns, 647.3113 us/op
WorkloadPilot    5: 256 op, 164383922.00 ns, 642.1247 us/op
WorkloadPilot    6: 512 op, 326502877.00 ns, 637.7009 us/op
WorkloadPilot    7: 1024 op, 654600249.00 ns, 639.2581 us/op

OverheadWarmup   1: 1024 op, 3010.00 ns, 2.9395 ns/op
OverheadWarmup   2: 1024 op, 2689.00 ns, 2.6260 ns/op
OverheadWarmup   3: 1024 op, 2696.00 ns, 2.6328 ns/op
OverheadWarmup   4: 1024 op, 2767.00 ns, 2.7021 ns/op
OverheadWarmup   5: 1024 op, 2657.00 ns, 2.5947 ns/op
OverheadWarmup   6: 1024 op, 2649.00 ns, 2.5869 ns/op
OverheadWarmup   7: 1024 op, 2668.00 ns, 2.6055 ns/op
OverheadWarmup   8: 1024 op, 2680.00 ns, 2.6172 ns/op
OverheadWarmup   9: 1024 op, 2678.00 ns, 2.6152 ns/op

OverheadActual   1: 1024 op, 2664.00 ns, 2.6016 ns/op
OverheadActual   2: 1024 op, 2680.00 ns, 2.6172 ns/op
OverheadActual   3: 1024 op, 2704.00 ns, 2.6406 ns/op
OverheadActual   4: 1024 op, 2801.00 ns, 2.7354 ns/op
OverheadActual   5: 1024 op, 2655.00 ns, 2.5928 ns/op
OverheadActual   6: 1024 op, 2783.00 ns, 2.7178 ns/op
OverheadActual   7: 1024 op, 2794.00 ns, 2.7285 ns/op
OverheadActual   8: 1024 op, 2692.00 ns, 2.6289 ns/op
OverheadActual   9: 1024 op, 2795.00 ns, 2.7295 ns/op
OverheadActual  10: 1024 op, 2778.00 ns, 2.7129 ns/op
OverheadActual  11: 1024 op, 2825.00 ns, 2.7588 ns/op
OverheadActual  12: 1024 op, 2717.00 ns, 2.6533 ns/op
OverheadActual  13: 1024 op, 2773.00 ns, 2.7080 ns/op
OverheadActual  14: 1024 op, 2797.00 ns, 2.7314 ns/op
OverheadActual  15: 1024 op, 2795.00 ns, 2.7295 ns/op
OverheadActual  16: 1024 op, 2774.00 ns, 2.7090 ns/op
OverheadActual  17: 1024 op, 2776.00 ns, 2.7109 ns/op
OverheadActual  18: 1024 op, 2676.00 ns, 2.6133 ns/op
OverheadActual  19: 1024 op, 2637.00 ns, 2.5752 ns/op
OverheadActual  20: 1024 op, 2801.00 ns, 2.7354 ns/op

WorkloadWarmup   1: 1024 op, 663036236.00 ns, 647.4963 us/op
WorkloadWarmup   2: 1024 op, 656632396.00 ns, 641.2426 us/op
WorkloadWarmup   3: 1024 op, 655827472.00 ns, 640.4565 us/op

// BeforeActualRun
WorkloadActual   1: 1024 op, 655054085.00 ns, 639.7013 us/op
WorkloadActual   2: 1024 op, 661266085.00 ns, 645.7677 us/op
WorkloadActual   3: 1024 op, 658222195.00 ns, 642.7951 us/op

// AfterActualRun
WorkloadResult   1: 1024 op, 655051310.00 ns, 639.6985 us/op
WorkloadResult   2: 1024 op, 661263310.00 ns, 645.7650 us/op
WorkloadResult   3: 1024 op, 658219420.00 ns, 642.7924 us/op
// GC:  116 38 0 970367984 1024
// Threading:  0 0 1024

// AfterAll
// Benchmark Process 2148 has exited with code 0.

Mean = 642.752 us, StdErr = 1.751 us (0.27%), N = 3, StdDev = 3.033 us
Min = 639.699 us, Q1 = 641.245 us, Median = 642.792 us, Q3 = 644.279 us, Max = 645.765 us
IQR = 3.033 us, LowerFence = 636.696 us, UpperFence = 648.828 us
ConfidenceInterval = [587.411 us; 698.093 us] (CI 99.9%), Margin = 55.341 us (8.61% of Mean)
Skewness = -0.01, Kurtosis = 0.67, MValue = 2

// ** Remained 55 (61.8 %) benchmark(s) to run. Estimated finish 2026-10-07 19:54 (0h 5m from now) **
// **************************
// Benchmark: PlutusUseCasesBenchmarks.DecodeAndEval: NativeAOT 10.0(Runtime=NativeAOT 10.0, Toolchain=Latest ILCompiler, IterationCount=3, LaunchCount=1, MinIterationCount=50, WarmupCount=3) [Script=future-pay-out-4]
// *** Execute ***
// Launch: 1 / 1
// Execute: /bench/chrysalis/benchmarks/PlutusBench/bin/Release/net10.0/PlutusBench-NativeAOT 10.0-1/bin/Release/net10.0/linux-x64/publish/PlutusBench-NativeAOT 10.0-1 --anonymousPipes 113 114 --benchmarkName "PlutusUseCasesBenchmarks.DecodeAndEval(Script: \"future-pay-out-4\")" --job "NativeAOT 10.0" --benchmarkId 34 in 
// BeforeAnythingElse

// Benchmark Process Environment Information:
// BenchmarkDotNet v0.15.8
// Runtime=.NET 10.0.12, X64 NativeAOT x86-64-v4
// GC=Concurrent Workstation
// HardwareIntrinsics=AVX512 IFMA+VBMI,AVX512 F+BW+CD+DQ+VL,AVX2+BMI1+BMI2+F16C+FMA+LZCNT+MOVBE,AVX,SSE3+SSSE3+SSE4.1+SSE4.2+POPCNT,X86Base+SSE+SSE2,AES+PCLMUL VectorSize=256
// Job: NativeAOT 10.0(IterationCount=3, LaunchCount=1, MinIterationCount=50, WarmupCount=3)

OverheadJitting  1: 1 op, 205.00 ns, 205.0000 ns/op
WorkloadJitting  1: 1 op, 1677567.00 ns, 1.6776 ms/op

OverheadJitting  2: 16 op, 303.00 ns, 18.9375 ns/op
WorkloadJitting  2: 16 op, 21395396.00 ns, 1.3372 ms/op

WorkloadPilot    1: 16 op, 19554174.00 ns, 1.2221 ms/op
WorkloadPilot    2: 32 op, 38052143.00 ns, 1.1891 ms/op
WorkloadPilot    3: 64 op, 71507883.00 ns, 1.1173 ms/op
WorkloadPilot    4: 128 op, 143212856.00 ns, 1.1189 ms/op
WorkloadPilot    5: 256 op, 288090669.00 ns, 1.1254 ms/op
WorkloadPilot    6: 512 op, 569968644.00 ns, 1.1132 ms/op

OverheadWarmup   1: 512 op, 1585.00 ns, 3.0957 ns/op
OverheadWarmup   2: 512 op, 1363.00 ns, 2.6621 ns/op
OverheadWarmup   3: 512 op, 1380.00 ns, 2.6953 ns/op
OverheadWarmup   4: 512 op, 1334.00 ns, 2.6055 ns/op
OverheadWarmup   5: 512 op, 1346.00 ns, 2.6289 ns/op
OverheadWarmup   6: 512 op, 1375.00 ns, 2.6855 ns/op
OverheadWarmup   7: 512 op, 1327.00 ns, 2.5918 ns/op

OverheadActual   1: 512 op, 1437.00 ns, 2.8066 ns/op
OverheadActual   2: 512 op, 1351.00 ns, 2.6387 ns/op
OverheadActual   3: 512 op, 1367.00 ns, 2.6699 ns/op
OverheadActual   4: 512 op, 1350.00 ns, 2.6367 ns/op
OverheadActual   5: 512 op, 1365.00 ns, 2.6660 ns/op
OverheadActual   6: 512 op, 1342.00 ns, 2.6211 ns/op
OverheadActual   7: 512 op, 1384.00 ns, 2.7031 ns/op
OverheadActual   8: 512 op, 1380.00 ns, 2.6953 ns/op
OverheadActual   9: 512 op, 1367.00 ns, 2.6699 ns/op
OverheadActual  10: 512 op, 1354.00 ns, 2.6445 ns/op
OverheadActual  11: 512 op, 1372.00 ns, 2.6797 ns/op
OverheadActual  12: 512 op, 1357.00 ns, 2.6504 ns/op
OverheadActual  13: 512 op, 1396.00 ns, 2.7266 ns/op
OverheadActual  14: 512 op, 1369.00 ns, 2.6738 ns/op
OverheadActual  15: 512 op, 1343.00 ns, 2.6230 ns/op
OverheadActual  16: 512 op, 1353.00 ns, 2.6426 ns/op
OverheadActual  17: 512 op, 1351.00 ns, 2.6387 ns/op
OverheadActual  18: 512 op, 1391.00 ns, 2.7168 ns/op
OverheadActual  19: 512 op, 1397.00 ns, 2.7285 ns/op
OverheadActual  20: 512 op, 1349.00 ns, 2.6348 ns/op

WorkloadWarmup   1: 512 op, 572145558.00 ns, 1.1175 ms/op
WorkloadWarmup   2: 512 op, 571653858.00 ns, 1.1165 ms/op
WorkloadWarmup   3: 512 op, 570537668.00 ns, 1.1143 ms/op

// BeforeActualRun
WorkloadActual   1: 512 op, 570893895.00 ns, 1.1150 ms/op
WorkloadActual   2: 512 op, 569887954.00 ns, 1.1131 ms/op
WorkloadActual   3: 512 op, 569849583.00 ns, 1.1130 ms/op

// AfterActualRun
WorkloadResult   1: 512 op, 570892529.00 ns, 1.1150 ms/op
WorkloadResult   2: 512 op, 569886588.00 ns, 1.1131 ms/op
WorkloadResult   3: 512 op, 569848217.00 ns, 1.1130 ms/op
// GC:  83 37 0 701363520 512
// Threading:  0 0 512

// AfterAll
// Benchmark Process 2152 has exited with code 0.

Mean = 1.114 ms, StdErr = 0.001 ms (0.06%), N = 3, StdDev = 0.001 ms
Min = 1.113 ms, Q1 = 1.113 ms, Median = 1.113 ms, Q3 = 1.114 ms, Max = 1.115 ms
IQR = 0.001 ms, LowerFence = 1.111 ms, UpperFence = 1.116 ms
ConfidenceInterval = [1.093 ms; 1.135 ms] (CI 99.9%), Margin = 0.021 ms (1.89% of Mean)
Skewness = 0.38, Kurtosis = 0.67, MValue = 2

// ** Remained 54 (60.7 %) benchmark(s) to run. Estimated finish 2026-10-07 19:54 (0h 5m from now) **
// **************************
// Benchmark: PlutusUseCasesBenchmarks.DecodeAndEval: NativeAOT 10.0(Runtime=NativeAOT 10.0, Toolchain=Latest ILCompiler, IterationCount=3, LaunchCount=1, MinIterationCount=50, WarmupCount=3) [Script=future-settle-early-1]
// *** Execute ***
// Launch: 1 / 1
// Execute: /bench/chrysalis/benchmarks/PlutusBench/bin/Release/net10.0/PlutusBench-NativeAOT 10.0-1/bin/Release/net10.0/linux-x64/publish/PlutusBench-NativeAOT 10.0-1 --anonymousPipes 113 114 --benchmarkName "PlutusUseCasesBenchmarks.DecodeAndEval(Script: \"future-settle-early-1\")" --job "NativeAOT 10.0" --benchmarkId 35 in 
// BeforeAnythingElse

// Benchmark Process Environment Information:
// BenchmarkDotNet v0.15.8
// Runtime=.NET 10.0.12, X64 NativeAOT x86-64-v4
// GC=Concurrent Workstation
// HardwareIntrinsics=AVX512 IFMA+VBMI,AVX512 F+BW+CD+DQ+VL,AVX2+BMI1+BMI2+F16C+FMA+LZCNT+MOVBE,AVX,SSE3+SSSE3+SSE4.1+SSE4.2+POPCNT,X86Base+SSE+SSE2,AES+PCLMUL VectorSize=256
// Job: NativeAOT 10.0(IterationCount=3, LaunchCount=1, MinIterationCount=50, WarmupCount=3)

OverheadJitting  1: 1 op, 221.00 ns, 221.0000 ns/op
WorkloadJitting  1: 1 op, 529280.00 ns, 529.2800 us/op

OverheadJitting  2: 16 op, 308.00 ns, 19.2500 ns/op
WorkloadJitting  2: 16 op, 7529736.00 ns, 470.6085 us/op

WorkloadPilot    1: 16 op, 6358892.00 ns, 397.4308 us/op
WorkloadPilot    2: 32 op, 10601714.00 ns, 331.3036 us/op
WorkloadPilot    3: 64 op, 23263327.00 ns, 363.4895 us/op
WorkloadPilot    4: 128 op, 43165415.00 ns, 337.2298 us/op
WorkloadPilot    5: 256 op, 84793412.00 ns, 331.2243 us/op
WorkloadPilot    6: 512 op, 173539533.00 ns, 338.9444 us/op
WorkloadPilot    7: 1024 op, 339286167.00 ns, 331.3341 us/op
WorkloadPilot    8: 2048 op, 684832849.00 ns, 334.3910 us/op

OverheadWarmup   1: 2048 op, 5504.00 ns, 2.6875 ns/op
OverheadWarmup   2: 2048 op, 5144.00 ns, 2.5117 ns/op
OverheadWarmup   3: 2048 op, 4975.00 ns, 2.4292 ns/op
OverheadWarmup   4: 2048 op, 5125.00 ns, 2.5024 ns/op
OverheadWarmup   5: 2048 op, 5052.00 ns, 2.4668 ns/op
OverheadWarmup   6: 2048 op, 5021.00 ns, 2.4517 ns/op
OverheadWarmup   7: 2048 op, 5083.00 ns, 2.4819 ns/op
OverheadWarmup   8: 2048 op, 5032.00 ns, 2.4570 ns/op

OverheadActual   1: 2048 op, 5058.00 ns, 2.4697 ns/op
OverheadActual   2: 2048 op, 5031.00 ns, 2.4565 ns/op
OverheadActual   3: 2048 op, 20736.00 ns, 10.1250 ns/op
OverheadActual   4: 2048 op, 5034.00 ns, 2.4580 ns/op
OverheadActual   5: 2048 op, 5405.00 ns, 2.6392 ns/op
OverheadActual   6: 2048 op, 5448.00 ns, 2.6602 ns/op
OverheadActual   7: 2048 op, 5447.00 ns, 2.6597 ns/op
OverheadActual   8: 2048 op, 5428.00 ns, 2.6504 ns/op
OverheadActual   9: 2048 op, 5097.00 ns, 2.4888 ns/op
OverheadActual  10: 2048 op, 5251.00 ns, 2.5640 ns/op
OverheadActual  11: 2048 op, 5182.00 ns, 2.5303 ns/op
OverheadActual  12: 2048 op, 5242.00 ns, 2.5596 ns/op
OverheadActual  13: 2048 op, 5132.00 ns, 2.5059 ns/op
OverheadActual  14: 2048 op, 5337.00 ns, 2.6060 ns/op
OverheadActual  15: 2048 op, 5443.00 ns, 2.6577 ns/op
OverheadActual  16: 2048 op, 5179.00 ns, 2.5288 ns/op
OverheadActual  17: 2048 op, 5108.00 ns, 2.4941 ns/op
OverheadActual  18: 2048 op, 5101.00 ns, 2.4907 ns/op
OverheadActual  19: 2048 op, 5139.00 ns, 2.5093 ns/op
OverheadActual  20: 2048 op, 5333.00 ns, 2.6040 ns/op

WorkloadWarmup   1: 2048 op, 682096457.00 ns, 333.0549 us/op
WorkloadWarmup   2: 2048 op, 682508176.00 ns, 333.2559 us/op
WorkloadWarmup   3: 2048 op, 683561107.00 ns, 333.7701 us/op

// BeforeActualRun
WorkloadActual   1: 2048 op, 680651264.00 ns, 332.3493 us/op
WorkloadActual   2: 2048 op, 686460280.00 ns, 335.1857 us/op
WorkloadActual   3: 2048 op, 680365178.00 ns, 332.2096 us/op

// AfterActualRun
WorkloadResult   1: 2048 op, 680646052.00 ns, 332.3467 us/op
WorkloadResult   2: 2048 op, 686455068.00 ns, 335.1831 us/op
WorkloadResult   3: 2048 op, 680359966.00 ns, 332.2070 us/op
// GC:  126 41 0 1059193840 2048
// Threading:  0 0 2048

// AfterAll
// Benchmark Process 2155 has exited with code 0.

Mean = 333.246 us, StdErr = 0.970 us (0.29%), N = 3, StdDev = 1.679 us
Min = 332.207 us, Q1 = 332.277 us, Median = 332.347 us, Q3 = 333.765 us, Max = 335.183 us
IQR = 1.488 us, LowerFence = 330.045 us, UpperFence = 335.997 us
ConfidenceInterval = [302.607 us; 363.884 us] (CI 99.9%), Margin = 30.638 us (9.19% of Mean)
Skewness = 0.38, Kurtosis = 0.67, MValue = 2

// ** Remained 53 (59.6 %) benchmark(s) to run. Estimated finish 2026-10-07 19:54 (0h 5m from now) **
// **************************
// Benchmark: PlutusUseCasesBenchmarks.DecodeAndEval: NativeAOT 10.0(Runtime=NativeAOT 10.0, Toolchain=Latest ILCompiler, IterationCount=3, LaunchCount=1, MinIterationCount=50, WarmupCount=3) [Script=future-settle-early-2]
// *** Execute ***
// Launch: 1 / 1
// Execute: /bench/chrysalis/benchmarks/PlutusBench/bin/Release/net10.0/PlutusBench-NativeAOT 10.0-1/bin/Release/net10.0/linux-x64/publish/PlutusBench-NativeAOT 10.0-1 --anonymousPipes 113 114 --benchmarkName "PlutusUseCasesBenchmarks.DecodeAndEval(Script: \"future-settle-early-2\")" --job "NativeAOT 10.0" --benchmarkId 36 in 
// BeforeAnythingElse

// Benchmark Process Environment Information:
// BenchmarkDotNet v0.15.8
// Runtime=.NET 10.0.12, X64 NativeAOT x86-64-v4
// GC=Concurrent Workstation
// HardwareIntrinsics=AVX512 IFMA+VBMI,AVX512 F+BW+CD+DQ+VL,AVX2+BMI1+BMI2+F16C+FMA+LZCNT+MOVBE,AVX,SSE3+SSSE3+SSE4.1+SSE4.2+POPCNT,X86Base+SSE+SSE2,AES+PCLMUL VectorSize=256
// Job: NativeAOT 10.0(IterationCount=3, LaunchCount=1, MinIterationCount=50, WarmupCount=3)

OverheadJitting  1: 1 op, 194.00 ns, 194.0000 ns/op
WorkloadJitting  1: 1 op, 919819.00 ns, 919.8190 us/op

OverheadJitting  2: 16 op, 281.00 ns, 17.5625 ns/op
WorkloadJitting  2: 16 op, 12587884.00 ns, 786.7428 us/op

WorkloadPilot    1: 16 op, 11863206.00 ns, 741.4504 us/op
WorkloadPilot    2: 32 op, 21604698.00 ns, 675.1468 us/op
WorkloadPilot    3: 64 op, 41034425.00 ns, 641.1629 us/op
WorkloadPilot    4: 128 op, 82707361.00 ns, 646.1513 us/op
WorkloadPilot    5: 256 op, 163115083.00 ns, 637.1683 us/op
WorkloadPilot    6: 512 op, 329428187.00 ns, 643.4144 us/op
WorkloadPilot    7: 1024 op, 654428882.00 ns, 639.0907 us/op

OverheadWarmup   1: 1024 op, 3671.00 ns, 3.5850 ns/op
OverheadWarmup   2: 1024 op, 3243.00 ns, 3.1670 ns/op
OverheadWarmup   3: 1024 op, 3178.00 ns, 3.1035 ns/op
OverheadWarmup   4: 1024 op, 3398.00 ns, 3.3184 ns/op
OverheadWarmup   5: 1024 op, 3162.00 ns, 3.0879 ns/op
OverheadWarmup   6: 1024 op, 3065.00 ns, 2.9932 ns/op
OverheadWarmup   7: 1024 op, 3032.00 ns, 2.9609 ns/op
OverheadWarmup   8: 1024 op, 3046.00 ns, 2.9746 ns/op
OverheadWarmup   9: 1024 op, 2943.00 ns, 2.8740 ns/op

OverheadActual   1: 1024 op, 3261.00 ns, 3.1846 ns/op
OverheadActual   2: 1024 op, 3405.00 ns, 3.3252 ns/op
OverheadActual   3: 1024 op, 3120.00 ns, 3.0469 ns/op
OverheadActual   4: 1024 op, 3929.00 ns, 3.8369 ns/op
OverheadActual   5: 1024 op, 3628.00 ns, 3.5430 ns/op
OverheadActual   6: 1024 op, 3757.00 ns, 3.6689 ns/op
OverheadActual   7: 1024 op, 3745.00 ns, 3.6572 ns/op
OverheadActual   8: 1024 op, 3733.00 ns, 3.6455 ns/op
OverheadActual   9: 1024 op, 3442.00 ns, 3.3613 ns/op
OverheadActual  10: 1024 op, 3870.00 ns, 3.7793 ns/op
OverheadActual  11: 1024 op, 3408.00 ns, 3.3281 ns/op
OverheadActual  12: 1024 op, 2884.00 ns, 2.8164 ns/op
OverheadActual  13: 1024 op, 2524.00 ns, 2.4648 ns/op
OverheadActual  14: 1024 op, 2623.00 ns, 2.5615 ns/op
OverheadActual  15: 1024 op, 2508.00 ns, 2.4492 ns/op
OverheadActual  16: 1024 op, 2511.00 ns, 2.4521 ns/op
OverheadActual  17: 1024 op, 2499.00 ns, 2.4404 ns/op
OverheadActual  18: 1024 op, 2517.00 ns, 2.4580 ns/op
OverheadActual  19: 1024 op, 2600.00 ns, 2.5391 ns/op
OverheadActual  20: 1024 op, 2612.00 ns, 2.5508 ns/op

WorkloadWarmup   1: 1024 op, 809453845.00 ns, 790.4823 us/op
WorkloadWarmup   2: 1024 op, 824485804.00 ns, 805.1619 us/op
WorkloadWarmup   3: 1024 op, 762596066.00 ns, 744.7227 us/op

// BeforeActualRun
WorkloadActual   1: 1024 op, 656022473.00 ns, 640.6469 us/op
WorkloadActual   2: 1024 op, 654539653.00 ns, 639.1989 us/op
WorkloadActual   3: 1024 op, 654450625.00 ns, 639.1119 us/op

// AfterActualRun
WorkloadResult   1: 1024 op, 656019282.50 ns, 640.6438 us/op
WorkloadResult   2: 1024 op, 654536462.50 ns, 639.1958 us/op
WorkloadResult   3: 1024 op, 654447434.50 ns, 639.1088 us/op
// GC:  116 38 0 970367984 1024
// Threading:  0 0 1024

// AfterAll
// Benchmark Process 2158 has exited with code 0.

Mean = 639.649 us, StdErr = 0.498 us (0.08%), N = 3, StdDev = 0.862 us
Min = 639.109 us, Q1 = 639.152 us, Median = 639.196 us, Q3 = 639.920 us, Max = 640.644 us
IQR = 0.768 us, LowerFence = 638.001 us, UpperFence = 641.071 us
ConfidenceInterval = [623.919 us; 655.380 us] (CI 99.9%), Margin = 15.730 us (2.46% of Mean)
Skewness = 0.38, Kurtosis = 0.67, MValue = 2

// ** Remained 52 (58.4 %) benchmark(s) to run. Estimated finish 2026-10-07 19:54 (0h 5m from now) **
// **************************
// Benchmark: PlutusUseCasesBenchmarks.DecodeAndEval: NativeAOT 10.0(Runtime=NativeAOT 10.0, Toolchain=Latest ILCompiler, IterationCount=3, LaunchCount=1, MinIterationCount=50, WarmupCount=3) [Script=future-settle-early-3]
// *** Execute ***
// Launch: 1 / 1
// Execute: /bench/chrysalis/benchmarks/PlutusBench/bin/Release/net10.0/PlutusBench-NativeAOT 10.0-1/bin/Release/net10.0/linux-x64/publish/PlutusBench-NativeAOT 10.0-1 --anonymousPipes 113 114 --benchmarkName "PlutusUseCasesBenchmarks.DecodeAndEval(Script: \"future-settle-early-3\")" --job "NativeAOT 10.0" --benchmarkId 37 in 
// BeforeAnythingElse

// Benchmark Process Environment Information:
// BenchmarkDotNet v0.15.8
// Runtime=.NET 10.0.12, X64 NativeAOT x86-64-v4
// GC=Concurrent Workstation
// HardwareIntrinsics=AVX512 IFMA+VBMI,AVX512 F+BW+CD+DQ+VL,AVX2+BMI1+BMI2+F16C+FMA+LZCNT+MOVBE,AVX,SSE3+SSSE3+SSE4.1+SSE4.2+POPCNT,X86Base+SSE+SSE2,AES+PCLMUL VectorSize=256
// Job: NativeAOT 10.0(IterationCount=3, LaunchCount=1, MinIterationCount=50, WarmupCount=3)

OverheadJitting  1: 1 op, 204.00 ns, 204.0000 ns/op
WorkloadJitting  1: 1 op, 927705.00 ns, 927.7050 us/op

OverheadJitting  2: 16 op, 296.00 ns, 18.5000 ns/op
WorkloadJitting  2: 16 op, 12237475.00 ns, 764.8422 us/op

WorkloadPilot    1: 16 op, 11745639.00 ns, 734.1024 us/op
WorkloadPilot    2: 32 op, 21829391.00 ns, 682.1685 us/op
WorkloadPilot    3: 64 op, 41132136.00 ns, 642.6896 us/op
WorkloadPilot    4: 128 op, 83554266.00 ns, 652.7677 us/op
WorkloadPilot    5: 256 op, 165044705.00 ns, 644.7059 us/op
WorkloadPilot    6: 512 op, 330237181.00 ns, 644.9945 us/op
WorkloadPilot    7: 1024 op, 656985141.00 ns, 641.5871 us/op

OverheadWarmup   1: 1024 op, 2915.00 ns, 2.8467 ns/op
OverheadWarmup   2: 1024 op, 2849.00 ns, 2.7822 ns/op
OverheadWarmup   3: 1024 op, 2714.00 ns, 2.6504 ns/op
OverheadWarmup   4: 1024 op, 2691.00 ns, 2.6279 ns/op
OverheadWarmup   5: 1024 op, 2751.00 ns, 2.6865 ns/op
OverheadWarmup   6: 1024 op, 2673.00 ns, 2.6104 ns/op
OverheadWarmup   7: 1024 op, 6271.00 ns, 6.1240 ns/op
OverheadWarmup   8: 1024 op, 2711.00 ns, 2.6475 ns/op

OverheadActual   1: 1024 op, 2841.00 ns, 2.7744 ns/op
OverheadActual   2: 1024 op, 2711.00 ns, 2.6475 ns/op
OverheadActual   3: 1024 op, 2699.00 ns, 2.6357 ns/op
OverheadActual   4: 1024 op, 2689.00 ns, 2.6260 ns/op
OverheadActual   5: 1024 op, 2704.00 ns, 2.6406 ns/op
OverheadActual   6: 1024 op, 2794.00 ns, 2.7285 ns/op
OverheadActual   7: 1024 op, 2922.00 ns, 2.8535 ns/op
OverheadActual   8: 1024 op, 2846.00 ns, 2.7793 ns/op
OverheadActual   9: 1024 op, 2797.00 ns, 2.7314 ns/op
OverheadActual  10: 1024 op, 2715.00 ns, 2.6514 ns/op
OverheadActual  11: 1024 op, 2689.00 ns, 2.6260 ns/op
OverheadActual  12: 1024 op, 2677.00 ns, 2.6143 ns/op
OverheadActual  13: 1024 op, 2703.00 ns, 2.6396 ns/op
OverheadActual  14: 1024 op, 2710.00 ns, 2.6465 ns/op
OverheadActual  15: 1024 op, 2726.00 ns, 2.6621 ns/op
OverheadActual  16: 1024 op, 2700.00 ns, 2.6367 ns/op
OverheadActual  17: 1024 op, 2704.00 ns, 2.6406 ns/op
OverheadActual  18: 1024 op, 2694.00 ns, 2.6309 ns/op
OverheadActual  19: 1024 op, 2725.00 ns, 2.6611 ns/op
OverheadActual  20: 1024 op, 2715.00 ns, 2.6514 ns/op

WorkloadWarmup   1: 1024 op, 660507349.00 ns, 645.0267 us/op
WorkloadWarmup   2: 1024 op, 661951174.00 ns, 646.4367 us/op
WorkloadWarmup   3: 1024 op, 658064538.00 ns, 642.6412 us/op

// BeforeActualRun
WorkloadActual   1: 1024 op, 656807715.00 ns, 641.4138 us/op
WorkloadActual   2: 1024 op, 655804201.00 ns, 640.4338 us/op
WorkloadActual   3: 1024 op, 655352082.00 ns, 639.9923 us/op

// AfterActualRun
WorkloadResult   1: 1024 op, 656805004.50 ns, 641.4111 us/op
WorkloadResult   2: 1024 op, 655801490.50 ns, 640.4311 us/op
WorkloadResult   3: 1024 op, 655349371.50 ns, 639.9896 us/op
// GC:  116 38 0 970367984 1024
// Threading:  0 0 1024

// AfterAll
// Benchmark Process 2161 has exited with code 0.

Mean = 640.611 us, StdErr = 0.420 us (0.07%), N = 3, StdDev = 0.728 us
Min = 639.990 us, Q1 = 640.210 us, Median = 640.431 us, Q3 = 640.921 us, Max = 641.411 us
IQR = 0.711 us, LowerFence = 639.144 us, UpperFence = 641.987 us
ConfidenceInterval = [627.337 us; 653.884 us] (CI 99.9%), Margin = 13.273 us (2.07% of Mean)
Skewness = 0.23, Kurtosis = 0.67, MValue = 2

// ** Remained 51 (57.3 %) benchmark(s) to run. Estimated finish 2026-10-07 19:54 (0h 5m from now) **
// **************************
// Benchmark: PlutusUseCasesBenchmarks.DecodeAndEval: NativeAOT 10.0(Runtime=NativeAOT 10.0, Toolchain=Latest ILCompiler, IterationCount=3, LaunchCount=1, MinIterationCount=50, WarmupCount=3) [Script=future-settle-early-4]
// *** Execute ***
// Launch: 1 / 1
// Execute: /bench/chrysalis/benchmarks/PlutusBench/bin/Release/net10.0/PlutusBench-NativeAOT 10.0-1/bin/Release/net10.0/linux-x64/publish/PlutusBench-NativeAOT 10.0-1 --anonymousPipes 113 114 --benchmarkName "PlutusUseCasesBenchmarks.DecodeAndEval(Script: \"future-settle-early-4\")" --job "NativeAOT 10.0" --benchmarkId 38 in 
// BeforeAnythingElse

// Benchmark Process Environment Information:
// BenchmarkDotNet v0.15.8
// Runtime=.NET 10.0.12, X64 NativeAOT x86-64-v4
// GC=Concurrent Workstation
// HardwareIntrinsics=AVX512 IFMA+VBMI,AVX512 F+BW+CD+DQ+VL,AVX2+BMI1+BMI2+F16C+FMA+LZCNT+MOVBE,AVX,SSE3+SSSE3+SSE4.1+SSE4.2+POPCNT,X86Base+SSE+SSE2,AES+PCLMUL VectorSize=256
// Job: NativeAOT 10.0(IterationCount=3, LaunchCount=1, MinIterationCount=50, WarmupCount=3)

OverheadJitting  1: 1 op, 292.00 ns, 292.0000 ns/op
WorkloadJitting  1: 1 op, 1316694.00 ns, 1.3167 ms/op

OverheadJitting  2: 16 op, 309.00 ns, 19.3125 ns/op
WorkloadJitting  2: 16 op, 16982818.00 ns, 1.0614 ms/op

WorkloadPilot    1: 16 op, 16269334.00 ns, 1.0168 ms/op
WorkloadPilot    2: 32 op, 29238855.00 ns, 913.7142 us/op
WorkloadPilot    3: 64 op, 56963007.00 ns, 890.0470 us/op
WorkloadPilot    4: 128 op, 113951880.00 ns, 890.2491 us/op
WorkloadPilot    5: 256 op, 226947003.00 ns, 886.5117 us/op
WorkloadPilot    6: 512 op, 455583166.00 ns, 889.8109 us/op
WorkloadPilot    7: 1024 op, 910048528.00 ns, 888.7193 us/op

OverheadWarmup   1: 1024 op, 2819.00 ns, 2.7529 ns/op
OverheadWarmup   2: 1024 op, 2513.00 ns, 2.4541 ns/op
OverheadWarmup   3: 1024 op, 2504.00 ns, 2.4453 ns/op
OverheadWarmup   4: 1024 op, 2500.00 ns, 2.4414 ns/op
OverheadWarmup   5: 1024 op, 2487.00 ns, 2.4287 ns/op
OverheadWarmup   6: 1024 op, 2500.00 ns, 2.4414 ns/op
OverheadWarmup   7: 1024 op, 2525.00 ns, 2.4658 ns/op
OverheadWarmup   8: 1024 op, 2651.00 ns, 2.5889 ns/op
OverheadWarmup   9: 1024 op, 6435.00 ns, 6.2842 ns/op
OverheadWarmup  10: 1024 op, 2539.00 ns, 2.4795 ns/op

OverheadActual   1: 1024 op, 2609.00 ns, 2.5479 ns/op
OverheadActual   2: 1024 op, 2556.00 ns, 2.4961 ns/op
OverheadActual   3: 1024 op, 2666.00 ns, 2.6035 ns/op
OverheadActual   4: 1024 op, 2628.00 ns, 2.5664 ns/op
OverheadActual   5: 1024 op, 2646.00 ns, 2.5840 ns/op
OverheadActual   6: 1024 op, 2631.00 ns, 2.5693 ns/op
OverheadActual   7: 1024 op, 2609.00 ns, 2.5479 ns/op
OverheadActual   8: 1024 op, 2529.00 ns, 2.4697 ns/op
OverheadActual   9: 1024 op, 2516.00 ns, 2.4570 ns/op
OverheadActual  10: 1024 op, 2621.00 ns, 2.5596 ns/op
OverheadActual  11: 1024 op, 2482.00 ns, 2.4238 ns/op
OverheadActual  12: 1024 op, 2519.00 ns, 2.4600 ns/op
OverheadActual  13: 1024 op, 2483.00 ns, 2.4248 ns/op
OverheadActual  14: 1024 op, 2519.00 ns, 2.4600 ns/op
OverheadActual  15: 1024 op, 2531.00 ns, 2.4717 ns/op
OverheadActual  16: 1024 op, 2538.00 ns, 2.4785 ns/op
OverheadActual  17: 1024 op, 2542.00 ns, 2.4824 ns/op
OverheadActual  18: 1024 op, 2539.00 ns, 2.4795 ns/op
OverheadActual  19: 1024 op, 2511.00 ns, 2.4521 ns/op
OverheadActual  20: 1024 op, 2512.00 ns, 2.4531 ns/op

WorkloadWarmup   1: 1024 op, 912240869.00 ns, 890.8602 us/op
WorkloadWarmup   2: 1024 op, 910714274.00 ns, 889.3694 us/op
WorkloadWarmup   3: 1024 op, 911268101.00 ns, 889.9103 us/op

// BeforeActualRun
WorkloadActual   1: 1024 op, 908324205.00 ns, 887.0354 us/op
WorkloadActual   2: 1024 op, 908213876.00 ns, 886.9276 us/op
WorkloadActual   3: 1024 op, 910127045.00 ns, 888.7959 us/op

// AfterActualRun
WorkloadResult   1: 1024 op, 908321666.50 ns, 887.0329 us/op
WorkloadResult   2: 1024 op, 908211337.50 ns, 886.9251 us/op
WorkloadResult   3: 1024 op, 910124506.50 ns, 888.7935 us/op
// GC:  137 59 0 1151935808 1024
// Threading:  0 0 1024

// AfterAll
// Benchmark Process 2165 has exited with code 0.

Mean = 887.584 us, StdErr = 0.606 us (0.07%), N = 3, StdDev = 1.049 us
Min = 886.925 us, Q1 = 886.979 us, Median = 887.033 us, Q3 = 887.913 us, Max = 888.793 us
IQR = 0.934 us, LowerFence = 885.578 us, UpperFence = 889.314 us
ConfidenceInterval = [868.447 us; 906.721 us] (CI 99.9%), Margin = 19.137 us (2.16% of Mean)
Skewness = 0.38, Kurtosis = 0.67, MValue = 2

// ** Remained 50 (56.2 %) benchmark(s) to run. Estimated finish 2026-10-07 19:54 (0h 5m from now) **
// **************************
// Benchmark: PlutusUseCasesBenchmarks.DecodeAndEval: NativeAOT 10.0(Runtime=NativeAOT 10.0, Toolchain=Latest ILCompiler, IterationCount=3, LaunchCount=1, MinIterationCount=50, WarmupCount=3) [Script=game-sm-success_1-1]
// *** Execute ***
// Launch: 1 / 1
// Execute: /bench/chrysalis/benchmarks/PlutusBench/bin/Release/net10.0/PlutusBench-NativeAOT 10.0-1/bin/Release/net10.0/linux-x64/publish/PlutusBench-NativeAOT 10.0-1 --anonymousPipes 113 114 --benchmarkName "PlutusUseCasesBenchmarks.DecodeAndEval(Script: \"game-sm-success_1-1\")" --job "NativeAOT 10.0" --benchmarkId 39 in 
// BeforeAnythingElse

// Benchmark Process Environment Information:
// BenchmarkDotNet v0.15.8
// Runtime=.NET 10.0.12, X64 NativeAOT x86-64-v4
// GC=Concurrent Workstation
// HardwareIntrinsics=AVX512 IFMA+VBMI,AVX512 F+BW+CD+DQ+VL,AVX2+BMI1+BMI2+F16C+FMA+LZCNT+MOVBE,AVX,SSE3+SSSE3+SSE4.1+SSE4.2+POPCNT,X86Base+SSE+SSE2,AES+PCLMUL VectorSize=256
// Job: NativeAOT 10.0(IterationCount=3, LaunchCount=1, MinIterationCount=50, WarmupCount=3)

OverheadJitting  1: 1 op, 204.00 ns, 204.0000 ns/op
WorkloadJitting  1: 1 op, 807731.00 ns, 807.7310 us/op

OverheadJitting  2: 16 op, 280.00 ns, 17.5000 ns/op
WorkloadJitting  2: 16 op, 11308426.00 ns, 706.7766 us/op

WorkloadPilot    1: 16 op, 9958880.00 ns, 622.4300 us/op
WorkloadPilot    2: 32 op, 19535982.00 ns, 610.4994 us/op
WorkloadPilot    3: 64 op, 35100484.00 ns, 548.4451 us/op
WorkloadPilot    4: 128 op, 69520955.00 ns, 543.1325 us/op
WorkloadPilot    5: 256 op, 142238842.00 ns, 555.6205 us/op
WorkloadPilot    6: 512 op, 281554679.00 ns, 549.9115 us/op
WorkloadPilot    7: 1024 op, 561329102.00 ns, 548.1730 us/op

OverheadWarmup   1: 1024 op, 2912.00 ns, 2.8438 ns/op
OverheadWarmup   2: 1024 op, 2652.00 ns, 2.5898 ns/op
OverheadWarmup   3: 1024 op, 2660.00 ns, 2.5977 ns/op
OverheadWarmup   4: 1024 op, 2656.00 ns, 2.5938 ns/op
OverheadWarmup   5: 1024 op, 2652.00 ns, 2.5898 ns/op
OverheadWarmup   6: 1024 op, 2625.00 ns, 2.5635 ns/op
OverheadWarmup   7: 1024 op, 2660.00 ns, 2.5977 ns/op
OverheadWarmup   8: 1024 op, 2671.00 ns, 2.6084 ns/op
OverheadWarmup   9: 1024 op, 2661.00 ns, 2.5986 ns/op

OverheadActual   1: 1024 op, 2736.00 ns, 2.6719 ns/op
OverheadActual   2: 1024 op, 2745.00 ns, 2.6807 ns/op
OverheadActual   3: 1024 op, 2620.00 ns, 2.5586 ns/op
OverheadActual   4: 1024 op, 2666.00 ns, 2.6035 ns/op
OverheadActual   5: 1024 op, 2622.00 ns, 2.5605 ns/op
OverheadActual   6: 1024 op, 2627.00 ns, 2.5654 ns/op
OverheadActual   7: 1024 op, 2615.00 ns, 2.5537 ns/op
OverheadActual   8: 1024 op, 2611.00 ns, 2.5498 ns/op
OverheadActual   9: 1024 op, 2716.00 ns, 2.6523 ns/op
OverheadActual  10: 1024 op, 2711.00 ns, 2.6475 ns/op
OverheadActual  11: 1024 op, 2625.00 ns, 2.5635 ns/op
OverheadActual  12: 1024 op, 2603.00 ns, 2.5420 ns/op
OverheadActual  13: 1024 op, 2776.00 ns, 2.7109 ns/op
OverheadActual  14: 1024 op, 2764.00 ns, 2.6992 ns/op
OverheadActual  15: 1024 op, 2772.00 ns, 2.7070 ns/op
OverheadActual  16: 1024 op, 2647.00 ns, 2.5850 ns/op
OverheadActual  17: 1024 op, 2762.00 ns, 2.6973 ns/op
OverheadActual  18: 1024 op, 2765.00 ns, 2.7002 ns/op
OverheadActual  19: 1024 op, 2744.00 ns, 2.6797 ns/op
OverheadActual  20: 1024 op, 2761.00 ns, 2.6963 ns/op

WorkloadWarmup   1: 1024 op, 564150166.00 ns, 550.9279 us/op
WorkloadWarmup   2: 1024 op, 565853293.00 ns, 552.5911 us/op
WorkloadWarmup   3: 1024 op, 562461846.00 ns, 549.2791 us/op

// BeforeActualRun
WorkloadActual   1: 1024 op, 562260996.00 ns, 549.0830 us/op
WorkloadActual   2: 1024 op, 560072702.00 ns, 546.9460 us/op
WorkloadActual   3: 1024 op, 561013683.00 ns, 547.8649 us/op

// AfterActualRun
WorkloadResult   1: 1024 op, 562258282.50 ns, 549.0804 us/op
WorkloadResult   2: 1024 op, 560069988.50 ns, 546.9433 us/op
WorkloadResult   3: 1024 op, 561010969.50 ns, 547.8623 us/op
// GC:  102 44 0 859169776 1024
// Threading:  0 0 1024

// AfterAll
// Benchmark Process 2168 has exited with code 0.

Mean = 547.962 us, StdErr = 0.619 us (0.11%), N = 3, StdDev = 1.072 us
Min = 546.943 us, Q1 = 547.403 us, Median = 547.862 us, Q3 = 548.471 us, Max = 549.080 us
IQR = 1.069 us, LowerFence = 545.800 us, UpperFence = 550.074 us
ConfidenceInterval = [528.405 us; 567.519 us] (CI 99.9%), Margin = 19.557 us (3.57% of Mean)
Skewness = 0.09, Kurtosis = 0.67, MValue = 2

// ** Remained 49 (55.1 %) benchmark(s) to run. Estimated finish 2026-10-07 19:54 (0h 5m from now) **
// **************************
// Benchmark: PlutusUseCasesBenchmarks.DecodeAndEval: NativeAOT 10.0(Runtime=NativeAOT 10.0, Toolchain=Latest ILCompiler, IterationCount=3, LaunchCount=1, MinIterationCount=50, WarmupCount=3) [Script=game-sm-success_1-2]
// *** Execute ***
// Launch: 1 / 1
// Execute: /bench/chrysalis/benchmarks/PlutusBench/bin/Release/net10.0/PlutusBench-NativeAOT 10.0-1/bin/Release/net10.0/linux-x64/publish/PlutusBench-NativeAOT 10.0-1 --anonymousPipes 113 114 --benchmarkName "PlutusUseCasesBenchmarks.DecodeAndEval(Script: \"game-sm-success_1-2\")" --job "NativeAOT 10.0" --benchmarkId 40 in 
// BeforeAnythingElse

// Benchmark Process Environment Information:
// BenchmarkDotNet v0.15.8
// Runtime=.NET 10.0.12, X64 NativeAOT x86-64-v4
// GC=Concurrent Workstation
// HardwareIntrinsics=AVX512 IFMA+VBMI,AVX512 F+BW+CD+DQ+VL,AVX2+BMI1+BMI2+F16C+FMA+LZCNT+MOVBE,AVX,SSE3+SSSE3+SSE4.1+SSE4.2+POPCNT,X86Base+SSE+SSE2,AES+PCLMUL VectorSize=256
// Job: NativeAOT 10.0(IterationCount=3, LaunchCount=1, MinIterationCount=50, WarmupCount=3)

OverheadJitting  1: 1 op, 230.00 ns, 230.0000 ns/op
WorkloadJitting  1: 1 op, 382242.00 ns, 382.2420 us/op

OverheadJitting  2: 16 op, 298.00 ns, 18.6250 ns/op
WorkloadJitting  2: 16 op, 5253813.00 ns, 328.3633 us/op

WorkloadPilot    1: 16 op, 4659308.00 ns, 291.2068 us/op
WorkloadPilot    2: 32 op, 7764617.00 ns, 242.6443 us/op
WorkloadPilot    3: 64 op, 16583446.00 ns, 259.1163 us/op
WorkloadPilot    4: 128 op, 29901619.00 ns, 233.6064 us/op
WorkloadPilot    5: 256 op, 59520290.00 ns, 232.5011 us/op
WorkloadPilot    6: 512 op, 118196985.00 ns, 230.8535 us/op
WorkloadPilot    7: 1024 op, 235932220.00 ns, 230.4026 us/op
WorkloadPilot    8: 2048 op, 470762712.00 ns, 229.8646 us/op
WorkloadPilot    9: 4096 op, 946286404.00 ns, 231.0270 us/op

OverheadWarmup   1: 4096 op, 9665.00 ns, 2.3596 ns/op
OverheadWarmup   2: 4096 op, 9479.00 ns, 2.3142 ns/op
OverheadWarmup   3: 4096 op, 9443.00 ns, 2.3054 ns/op
OverheadWarmup   4: 4096 op, 9459.00 ns, 2.3093 ns/op
OverheadWarmup   5: 4096 op, 9455.00 ns, 2.3083 ns/op
OverheadWarmup   6: 4096 op, 9624.00 ns, 2.3496 ns/op
OverheadWarmup   7: 4096 op, 10279.00 ns, 2.5095 ns/op
OverheadWarmup   8: 4096 op, 10055.00 ns, 2.4548 ns/op

OverheadActual   1: 4096 op, 9482.00 ns, 2.3149 ns/op
OverheadActual   2: 4096 op, 9441.00 ns, 2.3049 ns/op
OverheadActual   3: 4096 op, 9438.00 ns, 2.3042 ns/op
OverheadActual   4: 4096 op, 9436.00 ns, 2.3037 ns/op
OverheadActual   5: 4096 op, 9636.00 ns, 2.3525 ns/op
OverheadActual   6: 4096 op, 10038.00 ns, 2.4507 ns/op
OverheadActual   7: 4096 op, 10083.00 ns, 2.4617 ns/op
OverheadActual   8: 4096 op, 10048.00 ns, 2.4531 ns/op
OverheadActual   9: 4096 op, 10014.00 ns, 2.4448 ns/op
OverheadActual  10: 4096 op, 9605.00 ns, 2.3450 ns/op
OverheadActual  11: 4096 op, 9619.00 ns, 2.3484 ns/op
OverheadActual  12: 4096 op, 9668.00 ns, 2.3604 ns/op
OverheadActual  13: 4096 op, 10040.00 ns, 2.4512 ns/op
OverheadActual  14: 4096 op, 9646.00 ns, 2.3550 ns/op
OverheadActual  15: 4096 op, 10048.00 ns, 2.4531 ns/op
OverheadActual  16: 4096 op, 10034.00 ns, 2.4497 ns/op
OverheadActual  17: 4096 op, 9620.00 ns, 2.3486 ns/op
OverheadActual  18: 4096 op, 10039.00 ns, 2.4509 ns/op
OverheadActual  19: 4096 op, 10062.00 ns, 2.4565 ns/op
OverheadActual  20: 4096 op, 9636.00 ns, 2.3525 ns/op

WorkloadWarmup   1: 4096 op, 946624063.00 ns, 231.1094 us/op
WorkloadWarmup   2: 4096 op, 948576508.00 ns, 231.5861 us/op
WorkloadWarmup   3: 4096 op, 951601803.00 ns, 232.3247 us/op

// BeforeActualRun
WorkloadActual   1: 4096 op, 942854167.00 ns, 230.1890 us/op
WorkloadActual   2: 4096 op, 942019567.00 ns, 229.9852 us/op
WorkloadActual   3: 4096 op, 942364650.00 ns, 230.0695 us/op

// AfterActualRun
WorkloadResult   1: 4096 op, 942844510.00 ns, 230.1866 us/op
WorkloadResult   2: 4096 op, 942009910.00 ns, 229.9829 us/op
WorkloadResult   3: 4096 op, 942354993.00 ns, 230.0671 us/op
// GC:  206 60 0 1723204592 4096
// Threading:  0 0 4096

// AfterAll
// Benchmark Process 2171 has exited with code 0.

Mean = 230.079 us, StdErr = 0.059 us (0.03%), N = 3, StdDev = 0.102 us
Min = 229.983 us, Q1 = 230.025 us, Median = 230.067 us, Q3 = 230.127 us, Max = 230.187 us
IQR = 0.102 us, LowerFence = 229.872 us, UpperFence = 230.280 us
ConfidenceInterval = [228.211 us; 231.947 us] (CI 99.9%), Margin = 1.868 us (0.81% of Mean)
Skewness = 0.11, Kurtosis = 0.67, MValue = 2

// ** Remained 48 (53.9 %) benchmark(s) to run. Estimated finish 2026-10-07 19:54 (0h 5m from now) **
// **************************
// Benchmark: PlutusUseCasesBenchmarks.DecodeAndEval: NativeAOT 10.0(Runtime=NativeAOT 10.0, Toolchain=Latest ILCompiler, IterationCount=3, LaunchCount=1, MinIterationCount=50, WarmupCount=3) [Script=game-sm-success_1-3]
// *** Execute ***
// Launch: 1 / 1
// Execute: /bench/chrysalis/benchmarks/PlutusBench/bin/Release/net10.0/PlutusBench-NativeAOT 10.0-1/bin/Release/net10.0/linux-x64/publish/PlutusBench-NativeAOT 10.0-1 --anonymousPipes 113 114 --benchmarkName "PlutusUseCasesBenchmarks.DecodeAndEval(Script: \"game-sm-success_1-3\")" --job "NativeAOT 10.0" --benchmarkId 41 in 
// BeforeAnythingElse

// Benchmark Process Environment Information:
// BenchmarkDotNet v0.15.8
// Runtime=.NET 10.0.12, X64 NativeAOT x86-64-v4
// GC=Concurrent Workstation
// HardwareIntrinsics=AVX512 IFMA+VBMI,AVX512 F+BW+CD+DQ+VL,AVX2+BMI1+BMI2+F16C+FMA+LZCNT+MOVBE,AVX,SSE3+SSSE3+SSE4.1+SSE4.2+POPCNT,X86Base+SSE+SSE2,AES+PCLMUL VectorSize=256
// Job: NativeAOT 10.0(IterationCount=3, LaunchCount=1, MinIterationCount=50, WarmupCount=3)

OverheadJitting  1: 1 op, 218.00 ns, 218.0000 ns/op
WorkloadJitting  1: 1 op, 1188236.00 ns, 1.1882 ms/op

OverheadJitting  2: 16 op, 286.00 ns, 17.8750 ns/op
WorkloadJitting  2: 16 op, 16440031.00 ns, 1.0275 ms/op

WorkloadPilot    1: 16 op, 15844772.00 ns, 990.2983 us/op
WorkloadPilot    2: 32 op, 27806907.00 ns, 868.9658 us/op
WorkloadPilot    3: 64 op, 54623516.00 ns, 853.4924 us/op
WorkloadPilot    4: 128 op, 107149013.00 ns, 837.1017 us/op
WorkloadPilot    5: 256 op, 213931771.00 ns, 835.6710 us/op
WorkloadPilot    6: 512 op, 428319180.00 ns, 836.5609 us/op
WorkloadPilot    7: 1024 op, 855203007.00 ns, 835.1592 us/op

OverheadWarmup   1: 1024 op, 2954.00 ns, 2.8848 ns/op
OverheadWarmup   2: 1024 op, 2721.00 ns, 2.6572 ns/op
OverheadWarmup   3: 1024 op, 2626.00 ns, 2.5645 ns/op
OverheadWarmup   4: 1024 op, 2592.00 ns, 2.5313 ns/op
OverheadWarmup   5: 1024 op, 2623.00 ns, 2.5615 ns/op
OverheadWarmup   6: 1024 op, 2599.00 ns, 2.5381 ns/op
OverheadWarmup   7: 1024 op, 2554.00 ns, 2.4941 ns/op
OverheadWarmup   8: 1024 op, 2599.00 ns, 2.5381 ns/op
OverheadWarmup   9: 1024 op, 2718.00 ns, 2.6543 ns/op
OverheadWarmup  10: 1024 op, 2622.00 ns, 2.5605 ns/op

OverheadActual   1: 1024 op, 2674.00 ns, 2.6113 ns/op
OverheadActual   2: 1024 op, 2666.00 ns, 2.6035 ns/op
OverheadActual   3: 1024 op, 2712.00 ns, 2.6484 ns/op
OverheadActual   4: 1024 op, 2747.00 ns, 2.6826 ns/op
OverheadActual   5: 1024 op, 2747.00 ns, 2.6826 ns/op
OverheadActual   6: 1024 op, 2730.00 ns, 2.6660 ns/op
OverheadActual   7: 1024 op, 2639.00 ns, 2.5771 ns/op
OverheadActual   8: 1024 op, 2829.00 ns, 2.7627 ns/op
OverheadActual   9: 1024 op, 2644.00 ns, 2.5820 ns/op
OverheadActual  10: 1024 op, 2739.00 ns, 2.6748 ns/op
OverheadActual  11: 1024 op, 2605.00 ns, 2.5439 ns/op
OverheadActual  12: 1024 op, 2688.00 ns, 2.6250 ns/op
OverheadActual  13: 1024 op, 2712.00 ns, 2.6484 ns/op
OverheadActual  14: 1024 op, 2765.00 ns, 2.7002 ns/op
OverheadActual  15: 1024 op, 2790.00 ns, 2.7246 ns/op
OverheadActual  16: 1024 op, 2787.00 ns, 2.7217 ns/op
OverheadActual  17: 1024 op, 2743.00 ns, 2.6787 ns/op
OverheadActual  18: 1024 op, 2880.00 ns, 2.8125 ns/op
OverheadActual  19: 1024 op, 2763.00 ns, 2.6982 ns/op
OverheadActual  20: 1024 op, 2774.00 ns, 2.7090 ns/op

WorkloadWarmup   1: 1024 op, 921450121.00 ns, 899.8536 us/op
WorkloadWarmup   2: 1024 op, 1052466980.00 ns, 1.0278 ms/op
WorkloadWarmup   3: 1024 op, 997407642.00 ns, 974.0309 us/op

// BeforeActualRun
WorkloadActual   1: 1024 op, 857692685.00 ns, 837.5905 us/op
WorkloadActual   2: 1024 op, 860393397.00 ns, 840.2279 us/op
WorkloadActual   3: 1024 op, 854140920.00 ns, 834.1220 us/op

// AfterActualRun
WorkloadResult   1: 1024 op, 857689944.00 ns, 837.5878 us/op
WorkloadResult   2: 1024 op, 860390656.00 ns, 840.2253 us/op
WorkloadResult   3: 1024 op, 854138179.00 ns, 834.1193 us/op
// GC:  141 65 0 1184408560 1024
// Threading:  0 0 1024

// AfterAll
// Benchmark Process 2174 has exited with code 0.

Mean = 837.311 us, StdErr = 1.768 us (0.21%), N = 3, StdDev = 3.062 us
Min = 834.119 us, Q1 = 835.854 us, Median = 837.588 us, Q3 = 838.907 us, Max = 840.225 us
IQR = 3.053 us, LowerFence = 831.274 us, UpperFence = 843.486 us
ConfidenceInterval = [781.442 us; 893.180 us] (CI 99.9%), Margin = 55.869 us (6.67% of Mean)
Skewness = -0.09, Kurtosis = 0.67, MValue = 2

// ** Remained 47 (52.8 %) benchmark(s) to run. Estimated finish 2026-10-07 19:54 (0h 5m from now) **
// **************************
// Benchmark: PlutusUseCasesBenchmarks.DecodeAndEval: NativeAOT 10.0(Runtime=NativeAOT 10.0, Toolchain=Latest ILCompiler, IterationCount=3, LaunchCount=1, MinIterationCount=50, WarmupCount=3) [Script=game-sm-success_1-4]
// *** Execute ***
// Launch: 1 / 1
// Execute: /bench/chrysalis/benchmarks/PlutusBench/bin/Release/net10.0/PlutusBench-NativeAOT 10.0-1/bin/Release/net10.0/linux-x64/publish/PlutusBench-NativeAOT 10.0-1 --anonymousPipes 113 114 --benchmarkName "PlutusUseCasesBenchmarks.DecodeAndEval(Script: \"game-sm-success_1-4\")" --job "NativeAOT 10.0" --benchmarkId 42 in 
// BeforeAnythingElse

// Benchmark Process Environment Information:
// BenchmarkDotNet v0.15.8
// Runtime=.NET 10.0.12, X64 NativeAOT x86-64-v4
// GC=Concurrent Workstation
// HardwareIntrinsics=AVX512 IFMA+VBMI,AVX512 F+BW+CD+DQ+VL,AVX2+BMI1+BMI2+F16C+FMA+LZCNT+MOVBE,AVX,SSE3+SSSE3+SSE4.1+SSE4.2+POPCNT,X86Base+SSE+SSE2,AES+PCLMUL VectorSize=256
// Job: NativeAOT 10.0(IterationCount=3, LaunchCount=1, MinIterationCount=50, WarmupCount=3)

OverheadJitting  1: 1 op, 235.00 ns, 235.0000 ns/op
WorkloadJitting  1: 1 op, 436265.00 ns, 436.2650 us/op

OverheadJitting  2: 16 op, 278.00 ns, 17.3750 ns/op
WorkloadJitting  2: 16 op, 6108634.00 ns, 381.7896 us/op

WorkloadPilot    1: 16 op, 5211630.00 ns, 325.7269 us/op
WorkloadPilot    2: 32 op, 8692211.00 ns, 271.6316 us/op
WorkloadPilot    3: 64 op, 18873700.00 ns, 294.9016 us/op
WorkloadPilot    4: 128 op, 33518823.00 ns, 261.8658 us/op
WorkloadPilot    5: 256 op, 67077620.00 ns, 262.0220 us/op
WorkloadPilot    6: 512 op, 134053975.00 ns, 261.8242 us/op
WorkloadPilot    7: 1024 op, 266927432.00 ns, 260.6713 us/op
WorkloadPilot    8: 2048 op, 533323650.00 ns, 260.4119 us/op

OverheadWarmup   1: 2048 op, 4997.00 ns, 2.4399 ns/op
OverheadWarmup   2: 2048 op, 4825.00 ns, 2.3560 ns/op
OverheadWarmup   3: 2048 op, 4830.00 ns, 2.3584 ns/op
OverheadWarmup   4: 2048 op, 4779.00 ns, 2.3335 ns/op
OverheadWarmup   5: 2048 op, 4894.00 ns, 2.3896 ns/op
OverheadWarmup   6: 2048 op, 4773.00 ns, 2.3306 ns/op

OverheadActual   1: 2048 op, 5110.00 ns, 2.4951 ns/op
OverheadActual   2: 2048 op, 4884.00 ns, 2.3848 ns/op
OverheadActual   3: 2048 op, 4880.00 ns, 2.3828 ns/op
OverheadActual   4: 2048 op, 4847.00 ns, 2.3667 ns/op
OverheadActual   5: 2048 op, 4868.00 ns, 2.3770 ns/op
OverheadActual   6: 2048 op, 4861.00 ns, 2.3735 ns/op
OverheadActual   7: 2048 op, 4864.00 ns, 2.3750 ns/op
OverheadActual   8: 2048 op, 5077.00 ns, 2.4790 ns/op
OverheadActual   9: 2048 op, 4862.00 ns, 2.3740 ns/op
OverheadActual  10: 2048 op, 5091.00 ns, 2.4858 ns/op
OverheadActual  11: 2048 op, 5079.00 ns, 2.4800 ns/op
OverheadActual  12: 2048 op, 5089.00 ns, 2.4849 ns/op
OverheadActual  13: 2048 op, 4896.00 ns, 2.3906 ns/op
OverheadActual  14: 2048 op, 4882.00 ns, 2.3838 ns/op
OverheadActual  15: 2048 op, 4872.00 ns, 2.3789 ns/op
OverheadActual  16: 2048 op, 5092.00 ns, 2.4863 ns/op
OverheadActual  17: 2048 op, 5083.00 ns, 2.4819 ns/op
OverheadActual  18: 2048 op, 5094.00 ns, 2.4873 ns/op
OverheadActual  19: 2048 op, 5086.00 ns, 2.4834 ns/op
OverheadActual  20: 2048 op, 5091.00 ns, 2.4858 ns/op

WorkloadWarmup   1: 2048 op, 541540020.00 ns, 264.4238 us/op
WorkloadWarmup   2: 2048 op, 538898078.00 ns, 263.1338 us/op
WorkloadWarmup   3: 2048 op, 537578410.00 ns, 262.4895 us/op

// BeforeActualRun
WorkloadActual   1: 2048 op, 534603811.00 ns, 261.0370 us/op
WorkloadActual   2: 2048 op, 533832085.00 ns, 260.6602 us/op
WorkloadActual   3: 2048 op, 535671665.00 ns, 261.5584 us/op

// AfterActualRun
WorkloadResult   1: 2048 op, 534598824.50 ns, 261.0346 us/op
WorkloadResult   2: 2048 op, 533827098.50 ns, 260.6578 us/op
WorkloadResult   3: 2048 op, 535666678.50 ns, 261.5560 us/op
// GC:  114 33 0 957924336 2048
// Threading:  0 0 2048

// AfterAll
// Benchmark Process 2177 has exited with code 0.

Mean = 261.083 us, StdErr = 0.260 us (0.10%), N = 3, StdDev = 0.451 us
Min = 260.658 us, Q1 = 260.846 us, Median = 261.035 us, Q3 = 261.295 us, Max = 261.556 us
IQR = 0.449 us, LowerFence = 260.172 us, UpperFence = 261.969 us
ConfidenceInterval = [252.854 us; 269.312 us] (CI 99.9%), Margin = 8.229 us (3.15% of Mean)
Skewness = 0.11, Kurtosis = 0.67, MValue = 2

// ** Remained 46 (51.7 %) benchmark(s) to run. Estimated finish 2026-10-07 19:54 (0h 5m from now) **
// **************************
// Benchmark: PlutusUseCasesBenchmarks.DecodeAndEval: NativeAOT 10.0(Runtime=NativeAOT 10.0, Toolchain=Latest ILCompiler, IterationCount=3, LaunchCount=1, MinIterationCount=50, WarmupCount=3) [Script=game-sm-success_2-1]
// *** Execute ***
// Launch: 1 / 1
// Execute: /bench/chrysalis/benchmarks/PlutusBench/bin/Release/net10.0/PlutusBench-NativeAOT 10.0-1/bin/Release/net10.0/linux-x64/publish/PlutusBench-NativeAOT 10.0-1 --anonymousPipes 113 114 --benchmarkName "PlutusUseCasesBenchmarks.DecodeAndEval(Script: \"game-sm-success_2-1\")" --job "NativeAOT 10.0" --benchmarkId 43 in 
// BeforeAnythingElse

// Benchmark Process Environment Information:
// BenchmarkDotNet v0.15.8
// Runtime=.NET 10.0.12, X64 NativeAOT x86-64-v4
// GC=Concurrent Workstation
// HardwareIntrinsics=AVX512 IFMA+VBMI,AVX512 F+BW+CD+DQ+VL,AVX2+BMI1+BMI2+F16C+FMA+LZCNT+MOVBE,AVX,SSE3+SSSE3+SSE4.1+SSE4.2+POPCNT,X86Base+SSE+SSE2,AES+PCLMUL VectorSize=256
// Job: NativeAOT 10.0(IterationCount=3, LaunchCount=1, MinIterationCount=50, WarmupCount=3)

OverheadJitting  1: 1 op, 195.00 ns, 195.0000 ns/op
WorkloadJitting  1: 1 op, 786838.00 ns, 786.8380 us/op

OverheadJitting  2: 16 op, 295.00 ns, 18.4375 ns/op
WorkloadJitting  2: 16 op, 11259310.00 ns, 703.7069 us/op

WorkloadPilot    1: 16 op, 9972069.00 ns, 623.2543 us/op
WorkloadPilot    2: 32 op, 19749857.00 ns, 617.1830 us/op
WorkloadPilot    3: 64 op, 34752488.00 ns, 543.0076 us/op
WorkloadPilot    4: 128 op, 70844142.00 ns, 553.4699 us/op
WorkloadPilot    5: 256 op, 139522659.00 ns, 545.0104 us/op
WorkloadPilot    6: 512 op, 279689940.00 ns, 546.2694 us/op
WorkloadPilot    7: 1024 op, 561036696.00 ns, 547.8874 us/op

OverheadWarmup   1: 1024 op, 2924.00 ns, 2.8555 ns/op
OverheadWarmup   2: 1024 op, 2697.00 ns, 2.6338 ns/op
OverheadWarmup   3: 1024 op, 2649.00 ns, 2.5869 ns/op
OverheadWarmup   4: 1024 op, 2664.00 ns, 2.6016 ns/op
OverheadWarmup   5: 1024 op, 2642.00 ns, 2.5801 ns/op
OverheadWarmup   6: 1024 op, 2803.00 ns, 2.7373 ns/op
OverheadWarmup   7: 1024 op, 2795.00 ns, 2.7295 ns/op

OverheadActual   1: 1024 op, 2792.00 ns, 2.7266 ns/op
OverheadActual   2: 1024 op, 2629.00 ns, 2.5674 ns/op
OverheadActual   3: 1024 op, 2693.00 ns, 2.6299 ns/op
OverheadActual   4: 1024 op, 2580.00 ns, 2.5195 ns/op
OverheadActual   5: 1024 op, 2649.00 ns, 2.5869 ns/op
OverheadActual   6: 1024 op, 2579.00 ns, 2.5186 ns/op
OverheadActual   7: 1024 op, 2749.00 ns, 2.6846 ns/op
OverheadActual   8: 1024 op, 2771.00 ns, 2.7061 ns/op
OverheadActual   9: 1024 op, 2659.00 ns, 2.5967 ns/op
OverheadActual  10: 1024 op, 2783.00 ns, 2.7178 ns/op
OverheadActual  11: 1024 op, 2613.00 ns, 2.5518 ns/op
OverheadActual  12: 1024 op, 2663.00 ns, 2.6006 ns/op
OverheadActual  13: 1024 op, 2657.00 ns, 2.5947 ns/op
OverheadActual  14: 1024 op, 2683.00 ns, 2.6201 ns/op
OverheadActual  15: 1024 op, 2795.00 ns, 2.7295 ns/op
OverheadActual  16: 1024 op, 2649.00 ns, 2.5869 ns/op
OverheadActual  17: 1024 op, 2800.00 ns, 2.7344 ns/op
OverheadActual  18: 1024 op, 2738.00 ns, 2.6738 ns/op
OverheadActual  19: 1024 op, 2652.00 ns, 2.5898 ns/op
OverheadActual  20: 1024 op, 2665.00 ns, 2.6025 ns/op

WorkloadWarmup   1: 1024 op, 565142475.00 ns, 551.8969 us/op
WorkloadWarmup   2: 1024 op, 560797384.00 ns, 547.6537 us/op
WorkloadWarmup   3: 1024 op, 561981929.00 ns, 548.8105 us/op

// BeforeActualRun
WorkloadActual   1: 1024 op, 560374103.00 ns, 547.2403 us/op
WorkloadActual   2: 1024 op, 562184968.00 ns, 549.0088 us/op
WorkloadActual   3: 1024 op, 559317393.00 ns, 546.2084 us/op

// AfterActualRun
WorkloadResult   1: 1024 op, 560371439.00 ns, 547.2377 us/op
WorkloadResult   2: 1024 op, 562182304.00 ns, 549.0062 us/op
WorkloadResult   3: 1024 op, 559314729.00 ns, 546.2058 us/op
// GC:  102 44 0 859169776 1024
// Threading:  0 0 1024

// AfterAll
// Benchmark Process 2180 has exited with code 0.

Mean = 547.483 us, StdErr = 0.818 us (0.15%), N = 3, StdDev = 1.416 us
Min = 546.206 us, Q1 = 546.722 us, Median = 547.238 us, Q3 = 548.122 us, Max = 549.006 us
IQR = 1.400 us, LowerFence = 544.621 us, UpperFence = 550.222 us
ConfidenceInterval = [521.646 us; 573.321 us] (CI 99.9%), Margin = 25.837 us (4.72% of Mean)
Skewness = 0.17, Kurtosis = 0.67, MValue = 2

// ** Remained 45 (50.6 %) benchmark(s) to run. Estimated finish 2026-10-07 19:54 (0h 4m from now) **
// **************************
// Benchmark: PlutusUseCasesBenchmarks.DecodeAndEval: NativeAOT 10.0(Runtime=NativeAOT 10.0, Toolchain=Latest ILCompiler, IterationCount=3, LaunchCount=1, MinIterationCount=50, WarmupCount=3) [Script=game-sm-success_2-2]
// *** Execute ***
// Launch: 1 / 1
// Execute: /bench/chrysalis/benchmarks/PlutusBench/bin/Release/net10.0/PlutusBench-NativeAOT 10.0-1/bin/Release/net10.0/linux-x64/publish/PlutusBench-NativeAOT 10.0-1 --anonymousPipes 113 114 --benchmarkName "PlutusUseCasesBenchmarks.DecodeAndEval(Script: \"game-sm-success_2-2\")" --job "NativeAOT 10.0" --benchmarkId 44 in 
// BeforeAnythingElse

// Benchmark Process Environment Information:
// BenchmarkDotNet v0.15.8
// Runtime=.NET 10.0.12, X64 NativeAOT x86-64-v4
// GC=Concurrent Workstation
// HardwareIntrinsics=AVX512 IFMA+VBMI,AVX512 F+BW+CD+DQ+VL,AVX2+BMI1+BMI2+F16C+FMA+LZCNT+MOVBE,AVX,SSE3+SSSE3+SSE4.1+SSE4.2+POPCNT,X86Base+SSE+SSE2,AES+PCLMUL VectorSize=256
// Job: NativeAOT 10.0(IterationCount=3, LaunchCount=1, MinIterationCount=50, WarmupCount=3)

OverheadJitting  1: 1 op, 218.00 ns, 218.0000 ns/op
WorkloadJitting  1: 1 op, 374295.00 ns, 374.2950 us/op

OverheadJitting  2: 16 op, 288.00 ns, 18.0000 ns/op
WorkloadJitting  2: 16 op, 5445932.00 ns, 340.3708 us/op

WorkloadPilot    1: 16 op, 4734670.00 ns, 295.9169 us/op
WorkloadPilot    2: 32 op, 7979384.00 ns, 249.3558 us/op
WorkloadPilot    3: 64 op, 16434547.00 ns, 256.7898 us/op
WorkloadPilot    4: 128 op, 29878552.00 ns, 233.4262 us/op
WorkloadPilot    5: 256 op, 59676167.00 ns, 233.1100 us/op
WorkloadPilot    6: 512 op, 118304861.00 ns, 231.0642 us/op
WorkloadPilot    7: 1024 op, 236330145.00 ns, 230.7912 us/op
WorkloadPilot    8: 2048 op, 470478578.00 ns, 229.7259 us/op
WorkloadPilot    9: 4096 op, 944525768.00 ns, 230.5971 us/op

OverheadWarmup   1: 4096 op, 9799.00 ns, 2.3923 ns/op
OverheadWarmup   2: 4096 op, 9692.00 ns, 2.3662 ns/op
OverheadWarmup   3: 4096 op, 13553.00 ns, 3.3088 ns/op
OverheadWarmup   4: 4096 op, 9614.00 ns, 2.3472 ns/op
OverheadWarmup   5: 4096 op, 9810.00 ns, 2.3950 ns/op
OverheadWarmup   6: 4096 op, 9775.00 ns, 2.3865 ns/op

OverheadActual   1: 4096 op, 10164.00 ns, 2.4814 ns/op
OverheadActual   2: 4096 op, 10102.00 ns, 2.4663 ns/op
OverheadActual   3: 4096 op, 9532.00 ns, 2.3271 ns/op
OverheadActual   4: 4096 op, 9750.00 ns, 2.3804 ns/op
OverheadActual   5: 4096 op, 9555.00 ns, 2.3328 ns/op
OverheadActual   6: 4096 op, 9778.00 ns, 2.3872 ns/op
OverheadActual   7: 4096 op, 9772.00 ns, 2.3857 ns/op
OverheadActual   8: 4096 op, 9782.00 ns, 2.3882 ns/op
OverheadActual   9: 4096 op, 10411.00 ns, 2.5417 ns/op
OverheadActual  10: 4096 op, 10400.00 ns, 2.5391 ns/op
OverheadActual  11: 4096 op, 10190.00 ns, 2.4878 ns/op
OverheadActual  12: 4096 op, 9821.00 ns, 2.3977 ns/op
OverheadActual  13: 4096 op, 9740.00 ns, 2.3779 ns/op
OverheadActual  14: 4096 op, 9725.00 ns, 2.3743 ns/op
OverheadActual  15: 4096 op, 9730.00 ns, 2.3755 ns/op
OverheadActual  16: 4096 op, 9823.00 ns, 2.3982 ns/op
OverheadActual  17: 4096 op, 9794.00 ns, 2.3911 ns/op
OverheadActual  18: 4096 op, 10209.00 ns, 2.4924 ns/op
OverheadActual  19: 4096 op, 24508.00 ns, 5.9834 ns/op
OverheadActual  20: 4096 op, 10155.00 ns, 2.4792 ns/op

WorkloadWarmup   1: 4096 op, 944597362.00 ns, 230.6146 us/op
WorkloadWarmup   2: 4096 op, 945732969.00 ns, 230.8918 us/op
WorkloadWarmup   3: 4096 op, 942343915.00 ns, 230.0644 us/op

// BeforeActualRun
WorkloadActual   1: 4096 op, 942582125.00 ns, 230.1226 us/op
WorkloadActual   2: 4096 op, 942235887.00 ns, 230.0381 us/op
WorkloadActual   3: 4096 op, 939904332.00 ns, 229.4688 us/op

// AfterActualRun
WorkloadResult   1: 4096 op, 942572317.50 ns, 230.1202 us/op
WorkloadResult   2: 4096 op, 942226079.50 ns, 230.0357 us/op
WorkloadResult   3: 4096 op, 939894524.50 ns, 229.4664 us/op
// GC:  206 60 0 1723204592 4096
// Threading:  0 0 4096

// AfterAll
// Benchmark Process 2185 has exited with code 0.

Mean = 229.874 us, StdErr = 0.205 us (0.09%), N = 3, StdDev = 0.356 us
Min = 229.466 us, Q1 = 229.751 us, Median = 230.036 us, Q3 = 230.078 us, Max = 230.120 us
IQR = 0.327 us, LowerFence = 229.261 us, UpperFence = 230.568 us
ConfidenceInterval = [223.387 us; 236.361 us] (CI 99.9%), Margin = 6.487 us (2.82% of Mean)
Skewness = -0.36, Kurtosis = 0.67, MValue = 2

// ** Remained 44 (49.4 %) benchmark(s) to run. Estimated finish 2026-10-07 19:54 (0h 4m from now) **
// **************************
// Benchmark: PlutusUseCasesBenchmarks.DecodeAndEval: NativeAOT 10.0(Runtime=NativeAOT 10.0, Toolchain=Latest ILCompiler, IterationCount=3, LaunchCount=1, MinIterationCount=50, WarmupCount=3) [Script=game-sm-success_2-3]
// *** Execute ***
// Launch: 1 / 1
// Execute: /bench/chrysalis/benchmarks/PlutusBench/bin/Release/net10.0/PlutusBench-NativeAOT 10.0-1/bin/Release/net10.0/linux-x64/publish/PlutusBench-NativeAOT 10.0-1 --anonymousPipes 113 114 --benchmarkName "PlutusUseCasesBenchmarks.DecodeAndEval(Script: \"game-sm-success_2-3\")" --job "NativeAOT 10.0" --benchmarkId 45 in 
// BeforeAnythingElse

// Benchmark Process Environment Information:
// BenchmarkDotNet v0.15.8
// Runtime=.NET 10.0.12, X64 NativeAOT x86-64-v4
// GC=Concurrent Workstation
// HardwareIntrinsics=AVX512 IFMA+VBMI,AVX512 F+BW+CD+DQ+VL,AVX2+BMI1+BMI2+F16C+FMA+LZCNT+MOVBE,AVX,SSE3+SSSE3+SSE4.1+SSE4.2+POPCNT,X86Base+SSE+SSE2,AES+PCLMUL VectorSize=256
// Job: NativeAOT 10.0(IterationCount=3, LaunchCount=1, MinIterationCount=50, WarmupCount=3)

OverheadJitting  1: 1 op, 212.00 ns, 212.0000 ns/op
WorkloadJitting  1: 1 op, 1277960.00 ns, 1.2780 ms/op

OverheadJitting  2: 16 op, 298.00 ns, 18.6250 ns/op
WorkloadJitting  2: 16 op, 16566814.00 ns, 1.0354 ms/op

WorkloadPilot    1: 16 op, 15841549.00 ns, 990.0968 us/op
WorkloadPilot    2: 32 op, 27790842.00 ns, 868.4638 us/op
WorkloadPilot    3: 64 op, 53471522.00 ns, 835.4925 us/op
WorkloadPilot    4: 128 op, 117211232.00 ns, 915.7128 us/op
WorkloadPilot    5: 256 op, 263458384.00 ns, 1.0291 ms/op
WorkloadPilot    6: 512 op, 527523226.00 ns, 1.0303 ms/op

OverheadWarmup   1: 512 op, 1845.00 ns, 3.6035 ns/op
OverheadWarmup   2: 512 op, 1777.00 ns, 3.4707 ns/op
OverheadWarmup   3: 512 op, 1633.00 ns, 3.1895 ns/op
OverheadWarmup   4: 512 op, 1620.00 ns, 3.1641 ns/op
OverheadWarmup   5: 512 op, 1578.00 ns, 3.0820 ns/op
OverheadWarmup   6: 512 op, 1618.00 ns, 3.1602 ns/op
OverheadWarmup   7: 512 op, 1605.00 ns, 3.1348 ns/op
OverheadWarmup   8: 512 op, 1580.00 ns, 3.0859 ns/op
OverheadWarmup   9: 512 op, 1593.00 ns, 3.1113 ns/op
OverheadWarmup  10: 512 op, 1588.00 ns, 3.1016 ns/op

OverheadActual   1: 512 op, 1603.00 ns, 3.1309 ns/op
OverheadActual   2: 512 op, 1657.00 ns, 3.2363 ns/op
OverheadActual   3: 512 op, 1631.00 ns, 3.1855 ns/op
OverheadActual   4: 512 op, 1601.00 ns, 3.1270 ns/op
OverheadActual   5: 512 op, 1630.00 ns, 3.1836 ns/op
OverheadActual   6: 512 op, 1600.00 ns, 3.1250 ns/op
OverheadActual   7: 512 op, 1618.00 ns, 3.1602 ns/op
OverheadActual   8: 512 op, 1620.00 ns, 3.1641 ns/op
OverheadActual   9: 512 op, 1659.00 ns, 3.2402 ns/op
OverheadActual  10: 512 op, 1594.00 ns, 3.1133 ns/op
OverheadActual  11: 512 op, 1626.00 ns, 3.1758 ns/op
OverheadActual  12: 512 op, 1604.00 ns, 3.1328 ns/op
OverheadActual  13: 512 op, 1621.00 ns, 3.1660 ns/op
OverheadActual  14: 512 op, 1603.00 ns, 3.1309 ns/op
OverheadActual  15: 512 op, 1624.00 ns, 3.1719 ns/op
OverheadActual  16: 512 op, 1620.00 ns, 3.1641 ns/op
OverheadActual  17: 512 op, 1631.00 ns, 3.1855 ns/op
OverheadActual  18: 512 op, 1608.00 ns, 3.1406 ns/op
OverheadActual  19: 512 op, 1564.00 ns, 3.0547 ns/op
OverheadActual  20: 512 op, 1649.00 ns, 3.2207 ns/op

WorkloadWarmup   1: 512 op, 533306795.00 ns, 1.0416 ms/op
WorkloadWarmup   2: 512 op, 526986456.00 ns, 1.0293 ms/op
WorkloadWarmup   3: 512 op, 449273415.00 ns, 877.4871 us/op

// BeforeActualRun
WorkloadActual   1: 512 op, 426307789.00 ns, 832.6324 us/op
WorkloadActual   2: 512 op, 424267723.00 ns, 828.6479 us/op
WorkloadActual   3: 512 op, 424220413.00 ns, 828.5555 us/op

// AfterActualRun
WorkloadResult   1: 512 op, 426306169.00 ns, 832.6292 us/op
WorkloadResult   2: 512 op, 424266103.00 ns, 828.6447 us/op
WorkloadResult   3: 512 op, 424218793.00 ns, 828.5523 us/op
// GC:  70 32 0 592204784 512
// Threading:  0 0 512

// AfterAll
// Benchmark Process 2188 has exited with code 0.

Mean = 829.942 us, StdErr = 1.344 us (0.16%), N = 3, StdDev = 2.328 us
Min = 828.552 us, Q1 = 828.599 us, Median = 828.645 us, Q3 = 830.637 us, Max = 832.629 us
IQR = 2.038 us, LowerFence = 825.541 us, UpperFence = 833.695 us
ConfidenceInterval = [787.478 us; 872.406 us] (CI 99.9%), Margin = 42.464 us (5.12% of Mean)
Skewness = 0.38, Kurtosis = 0.67, MValue = 2

// ** Remained 43 (48.3 %) benchmark(s) to run. Estimated finish 2026-10-07 19:54 (0h 4m from now) **
// **************************
// Benchmark: PlutusUseCasesBenchmarks.DecodeAndEval: NativeAOT 10.0(Runtime=NativeAOT 10.0, Toolchain=Latest ILCompiler, IterationCount=3, LaunchCount=1, MinIterationCount=50, WarmupCount=3) [Script=game-sm-success_2-4]
// *** Execute ***
// Launch: 1 / 1
// Execute: /bench/chrysalis/benchmarks/PlutusBench/bin/Release/net10.0/PlutusBench-NativeAOT 10.0-1/bin/Release/net10.0/linux-x64/publish/PlutusBench-NativeAOT 10.0-1 --anonymousPipes 113 114 --benchmarkName "PlutusUseCasesBenchmarks.DecodeAndEval(Script: \"game-sm-success_2-4\")" --job "NativeAOT 10.0" --benchmarkId 46 in 
// BeforeAnythingElse

// Benchmark Process Environment Information:
// BenchmarkDotNet v0.15.8
// Runtime=.NET 10.0.12, X64 NativeAOT x86-64-v4
// GC=Concurrent Workstation
// HardwareIntrinsics=AVX512 IFMA+VBMI,AVX512 F+BW+CD+DQ+VL,AVX2+BMI1+BMI2+F16C+FMA+LZCNT+MOVBE,AVX,SSE3+SSSE3+SSE4.1+SSE4.2+POPCNT,X86Base+SSE+SSE2,AES+PCLMUL VectorSize=256
// Job: NativeAOT 10.0(IterationCount=3, LaunchCount=1, MinIterationCount=50, WarmupCount=3)

OverheadJitting  1: 1 op, 202.00 ns, 202.0000 ns/op
WorkloadJitting  1: 1 op, 410565.00 ns, 410.5650 us/op

OverheadJitting  2: 16 op, 328.00 ns, 20.5000 ns/op
WorkloadJitting  2: 16 op, 5905301.00 ns, 369.0813 us/op

WorkloadPilot    1: 16 op, 5169730.00 ns, 323.1081 us/op
WorkloadPilot    2: 32 op, 8852683.00 ns, 276.6463 us/op
WorkloadPilot    3: 64 op, 18463319.00 ns, 288.4894 us/op
WorkloadPilot    4: 128 op, 33251818.00 ns, 259.7798 us/op
WorkloadPilot    5: 256 op, 66498019.00 ns, 259.7579 us/op
WorkloadPilot    6: 512 op, 132085159.00 ns, 257.9788 us/op
WorkloadPilot    7: 1024 op, 263980867.00 ns, 257.7938 us/op
WorkloadPilot    8: 2048 op, 527498632.00 ns, 257.5677 us/op

OverheadWarmup   1: 2048 op, 9022.00 ns, 4.4053 ns/op
OverheadWarmup   2: 2048 op, 4795.00 ns, 2.3413 ns/op
OverheadWarmup   3: 2048 op, 4844.00 ns, 2.3652 ns/op
OverheadWarmup   4: 2048 op, 4823.00 ns, 2.3550 ns/op
OverheadWarmup   5: 2048 op, 4924.00 ns, 2.4043 ns/op
OverheadWarmup   6: 2048 op, 4826.00 ns, 2.3564 ns/op

OverheadActual   1: 2048 op, 5123.00 ns, 2.5015 ns/op
OverheadActual   2: 2048 op, 9561.00 ns, 4.6685 ns/op
OverheadActual   3: 2048 op, 5100.00 ns, 2.4902 ns/op
OverheadActual   4: 2048 op, 4909.00 ns, 2.3970 ns/op
OverheadActual   5: 2048 op, 4917.00 ns, 2.4009 ns/op
OverheadActual   6: 2048 op, 4936.00 ns, 2.4102 ns/op
OverheadActual   7: 2048 op, 5099.00 ns, 2.4897 ns/op
OverheadActual   8: 2048 op, 4898.00 ns, 2.3916 ns/op
OverheadActual   9: 2048 op, 4919.00 ns, 2.4019 ns/op
OverheadActual  10: 2048 op, 4905.00 ns, 2.3950 ns/op
OverheadActual  11: 2048 op, 5120.00 ns, 2.5000 ns/op
OverheadActual  12: 2048 op, 4887.00 ns, 2.3862 ns/op
OverheadActual  13: 2048 op, 4898.00 ns, 2.3916 ns/op
OverheadActual  14: 2048 op, 5123.00 ns, 2.5015 ns/op
OverheadActual  15: 2048 op, 5145.00 ns, 2.5122 ns/op
OverheadActual  16: 2048 op, 5125.00 ns, 2.5024 ns/op
OverheadActual  17: 2048 op, 4913.00 ns, 2.3989 ns/op
OverheadActual  18: 2048 op, 5121.00 ns, 2.5005 ns/op
OverheadActual  19: 2048 op, 4907.00 ns, 2.3960 ns/op
OverheadActual  20: 2048 op, 5146.00 ns, 2.5127 ns/op

WorkloadWarmup   1: 2048 op, 532658250.00 ns, 260.0870 us/op
WorkloadWarmup   2: 2048 op, 537488583.00 ns, 262.4456 us/op
WorkloadWarmup   3: 2048 op, 530913339.00 ns, 259.2350 us/op

// BeforeActualRun
WorkloadActual   1: 2048 op, 527488359.00 ns, 257.5627 us/op
WorkloadActual   2: 2048 op, 529255334.00 ns, 258.4255 us/op
WorkloadActual   3: 2048 op, 528619379.00 ns, 258.1149 us/op

// AfterActualRun
WorkloadResult   1: 2048 op, 527483341.50 ns, 257.5602 us/op
WorkloadResult   2: 2048 op, 529250316.50 ns, 258.4230 us/op
WorkloadResult   3: 2048 op, 528614361.50 ns, 258.1125 us/op
// GC:  114 33 0 957924336 2048
// Threading:  0 0 2048

// AfterAll
// Benchmark Process 2191 has exited with code 0.

Mean = 258.032 us, StdErr = 0.252 us (0.10%), N = 3, StdDev = 0.437 us
Min = 257.560 us, Q1 = 257.836 us, Median = 258.112 us, Q3 = 258.268 us, Max = 258.423 us
IQR = 0.431 us, LowerFence = 257.189 us, UpperFence = 258.915 us
ConfidenceInterval = [250.059 us; 266.004 us] (CI 99.9%), Margin = 7.972 us (3.09% of Mean)
Skewness = -0.18, Kurtosis = 0.67, MValue = 2

// ** Remained 42 (47.2 %) benchmark(s) to run. Estimated finish 2026-10-07 19:54 (0h 4m from now) **
// **************************
// Benchmark: PlutusUseCasesBenchmarks.DecodeAndEval: NativeAOT 10.0(Runtime=NativeAOT 10.0, Toolchain=Latest ILCompiler, IterationCount=3, LaunchCount=1, MinIterationCount=50, WarmupCount=3) [Script=game-sm-success_2-5]
// *** Execute ***
// Launch: 1 / 1
// Execute: /bench/chrysalis/benchmarks/PlutusBench/bin/Release/net10.0/PlutusBench-NativeAOT 10.0-1/bin/Release/net10.0/linux-x64/publish/PlutusBench-NativeAOT 10.0-1 --anonymousPipes 113 114 --benchmarkName "PlutusUseCasesBenchmarks.DecodeAndEval(Script: \"game-sm-success_2-5\")" --job "NativeAOT 10.0" --benchmarkId 47 in 
// BeforeAnythingElse

// Benchmark Process Environment Information:
// BenchmarkDotNet v0.15.8
// Runtime=.NET 10.0.12, X64 NativeAOT x86-64-v4
// GC=Concurrent Workstation
// HardwareIntrinsics=AVX512 IFMA+VBMI,AVX512 F+BW+CD+DQ+VL,AVX2+BMI1+BMI2+F16C+FMA+LZCNT+MOVBE,AVX,SSE3+SSSE3+SSE4.1+SSE4.2+POPCNT,X86Base+SSE+SSE2,AES+PCLMUL VectorSize=256
// Job: NativeAOT 10.0(IterationCount=3, LaunchCount=1, MinIterationCount=50, WarmupCount=3)

OverheadJitting  1: 1 op, 2281.00 ns, 2.2810 us/op
WorkloadJitting  1: 1 op, 1190912.00 ns, 1.1909 ms/op

OverheadJitting  2: 16 op, 301.00 ns, 18.8125 ns/op
WorkloadJitting  2: 16 op, 16536066.00 ns, 1.0335 ms/op

WorkloadPilot    1: 16 op, 15666837.00 ns, 979.1773 us/op
WorkloadPilot    2: 32 op, 27751500.00 ns, 867.2344 us/op
WorkloadPilot    3: 64 op, 53466955.00 ns, 835.4212 us/op
WorkloadPilot    4: 128 op, 106750170.00 ns, 833.9857 us/op
WorkloadPilot    5: 256 op, 211741359.00 ns, 827.1147 us/op
WorkloadPilot    6: 512 op, 424002580.00 ns, 828.1300 us/op
WorkloadPilot    7: 1024 op, 846913087.00 ns, 827.0636 us/op

OverheadWarmup   1: 1024 op, 2910.00 ns, 2.8418 ns/op
OverheadWarmup   2: 1024 op, 2763.00 ns, 2.6982 ns/op
OverheadWarmup   3: 1024 op, 2672.00 ns, 2.6094 ns/op
OverheadWarmup   4: 1024 op, 2688.00 ns, 2.6250 ns/op
OverheadWarmup   5: 1024 op, 2672.00 ns, 2.6094 ns/op
OverheadWarmup   6: 1024 op, 2702.00 ns, 2.6387 ns/op
OverheadWarmup   7: 1024 op, 2721.00 ns, 2.6572 ns/op
OverheadWarmup   8: 1024 op, 2649.00 ns, 2.5869 ns/op

OverheadActual   1: 1024 op, 2586.00 ns, 2.5254 ns/op
OverheadActual   2: 1024 op, 2681.00 ns, 2.6182 ns/op
OverheadActual   3: 1024 op, 2713.00 ns, 2.6494 ns/op
OverheadActual   4: 1024 op, 2849.00 ns, 2.7822 ns/op
OverheadActual   5: 1024 op, 2673.00 ns, 2.6104 ns/op
OverheadActual   6: 1024 op, 2822.00 ns, 2.7559 ns/op
OverheadActual   7: 1024 op, 2676.00 ns, 2.6133 ns/op
OverheadActual   8: 1024 op, 2699.00 ns, 2.6357 ns/op
OverheadActual   9: 1024 op, 2723.00 ns, 2.6592 ns/op
OverheadActual  10: 1024 op, 2668.00 ns, 2.6055 ns/op
OverheadActual  11: 1024 op, 2659.00 ns, 2.5967 ns/op
OverheadActual  12: 1024 op, 2705.00 ns, 2.6416 ns/op
OverheadActual  13: 1024 op, 2827.00 ns, 2.7607 ns/op
OverheadActual  14: 1024 op, 2683.00 ns, 2.6201 ns/op
OverheadActual  15: 1024 op, 2717.00 ns, 2.6533 ns/op
OverheadActual  16: 1024 op, 2694.00 ns, 2.6309 ns/op
OverheadActual  17: 1024 op, 2687.00 ns, 2.6240 ns/op
OverheadActual  18: 1024 op, 2814.00 ns, 2.7480 ns/op
OverheadActual  19: 1024 op, 2814.00 ns, 2.7480 ns/op
OverheadActual  20: 1024 op, 2893.00 ns, 2.8252 ns/op

WorkloadWarmup   1: 1024 op, 850891730.00 ns, 830.9490 us/op
WorkloadWarmup   2: 1024 op, 849581954.00 ns, 829.6699 us/op
WorkloadWarmup   3: 1024 op, 856062946.00 ns, 835.9990 us/op

// BeforeActualRun
WorkloadActual   1: 1024 op, 846823370.00 ns, 826.9759 us/op
WorkloadActual   2: 1024 op, 849694274.00 ns, 829.7796 us/op
WorkloadActual   3: 1024 op, 850766013.00 ns, 830.8262 us/op

// AfterActualRun
WorkloadResult   1: 1024 op, 846820668.00 ns, 826.9733 us/op
WorkloadResult   2: 1024 op, 849691572.00 ns, 829.7769 us/op
WorkloadResult   3: 1024 op, 850763311.00 ns, 830.8235 us/op
// GC:  141 65 0 1184424944 1024
// Threading:  0 0 1024

// AfterAll
// Benchmark Process 2193 has exited with code 0.

Mean = 829.191 us, StdErr = 1.149 us (0.14%), N = 3, StdDev = 1.991 us
Min = 826.973 us, Q1 = 828.375 us, Median = 829.777 us, Q3 = 830.300 us, Max = 830.824 us
IQR = 1.925 us, LowerFence = 825.487 us, UpperFence = 833.188 us
ConfidenceInterval = [792.871 us; 865.511 us] (CI 99.9%), Margin = 36.320 us (4.38% of Mean)
Skewness = -0.27, Kurtosis = 0.67, MValue = 2

// ** Remained 41 (46.1 %) benchmark(s) to run. Estimated finish 2026-10-07 19:54 (0h 4m from now) **
// **************************
// Benchmark: PlutusUseCasesBenchmarks.DecodeAndEval: NativeAOT 10.0(Runtime=NativeAOT 10.0, Toolchain=Latest ILCompiler, IterationCount=3, LaunchCount=1, MinIterationCount=50, WarmupCount=3) [Script=game-sm-success_2-6]
// *** Execute ***
// Launch: 1 / 1
// Execute: /bench/chrysalis/benchmarks/PlutusBench/bin/Release/net10.0/PlutusBench-NativeAOT 10.0-1/bin/Release/net10.0/linux-x64/publish/PlutusBench-NativeAOT 10.0-1 --anonymousPipes 113 114 --benchmarkName "PlutusUseCasesBenchmarks.DecodeAndEval(Script: \"game-sm-success_2-6\")" --job "NativeAOT 10.0" --benchmarkId 48 in 
// BeforeAnythingElse

// Benchmark Process Environment Information:
// BenchmarkDotNet v0.15.8
// Runtime=.NET 10.0.12, X64 NativeAOT x86-64-v4
// GC=Concurrent Workstation
// HardwareIntrinsics=AVX512 IFMA+VBMI,AVX512 F+BW+CD+DQ+VL,AVX2+BMI1+BMI2+F16C+FMA+LZCNT+MOVBE,AVX,SSE3+SSSE3+SSE4.1+SSE4.2+POPCNT,X86Base+SSE+SSE2,AES+PCLMUL VectorSize=256
// Job: NativeAOT 10.0(IterationCount=3, LaunchCount=1, MinIterationCount=50, WarmupCount=3)

OverheadJitting  1: 1 op, 212.00 ns, 212.0000 ns/op
WorkloadJitting  1: 1 op, 414528.00 ns, 414.5280 us/op

OverheadJitting  2: 16 op, 299.00 ns, 18.6875 ns/op
WorkloadJitting  2: 16 op, 6040197.00 ns, 377.5123 us/op

WorkloadPilot    1: 16 op, 5175954.00 ns, 323.4971 us/op
WorkloadPilot    2: 32 op, 8516256.00 ns, 266.1330 us/op
WorkloadPilot    3: 64 op, 18651540.00 ns, 291.4303 us/op
WorkloadPilot    4: 128 op, 33540351.00 ns, 262.0340 us/op
WorkloadPilot    5: 256 op, 66542189.00 ns, 259.9304 us/op
WorkloadPilot    6: 512 op, 132504591.00 ns, 258.7980 us/op
WorkloadPilot    7: 1024 op, 264311235.00 ns, 258.1164 us/op
WorkloadPilot    8: 2048 op, 531768294.00 ns, 259.6525 us/op

OverheadWarmup   1: 2048 op, 5226.00 ns, 2.5518 ns/op
OverheadWarmup   2: 2048 op, 4942.00 ns, 2.4131 ns/op
OverheadWarmup   3: 2048 op, 4943.00 ns, 2.4136 ns/op
OverheadWarmup   4: 2048 op, 4913.00 ns, 2.3989 ns/op
OverheadWarmup   5: 2048 op, 4924.00 ns, 2.4043 ns/op
OverheadWarmup   6: 2048 op, 4920.00 ns, 2.4023 ns/op

OverheadActual   1: 2048 op, 5047.00 ns, 2.4644 ns/op
OverheadActual   2: 2048 op, 5016.00 ns, 2.4492 ns/op
OverheadActual   3: 2048 op, 4907.00 ns, 2.3960 ns/op
OverheadActual   4: 2048 op, 4887.00 ns, 2.3862 ns/op
OverheadActual   5: 2048 op, 4895.00 ns, 2.3901 ns/op
OverheadActual   6: 2048 op, 4917.00 ns, 2.4009 ns/op
OverheadActual   7: 2048 op, 5219.00 ns, 2.5483 ns/op
OverheadActual   8: 2048 op, 5249.00 ns, 2.5630 ns/op
OverheadActual   9: 2048 op, 5009.00 ns, 2.4458 ns/op
OverheadActual  10: 2048 op, 5256.00 ns, 2.5664 ns/op
OverheadActual  11: 2048 op, 5002.00 ns, 2.4424 ns/op
OverheadActual  12: 2048 op, 4994.00 ns, 2.4385 ns/op
OverheadActual  13: 2048 op, 5193.00 ns, 2.5356 ns/op
OverheadActual  14: 2048 op, 4956.00 ns, 2.4199 ns/op
OverheadActual  15: 2048 op, 5181.00 ns, 2.5298 ns/op
OverheadActual  16: 2048 op, 4982.00 ns, 2.4326 ns/op
OverheadActual  17: 2048 op, 5188.00 ns, 2.5332 ns/op
OverheadActual  18: 2048 op, 5196.00 ns, 2.5371 ns/op
OverheadActual  19: 2048 op, 5188.00 ns, 2.5332 ns/op
OverheadActual  20: 2048 op, 5182.00 ns, 2.5303 ns/op

WorkloadWarmup   1: 2048 op, 532224140.00 ns, 259.8751 us/op
WorkloadWarmup   2: 2048 op, 532340487.00 ns, 259.9319 us/op
WorkloadWarmup   3: 2048 op, 530746918.00 ns, 259.1538 us/op

// BeforeActualRun
WorkloadActual   1: 2048 op, 529616399.00 ns, 258.6018 us/op
WorkloadActual   2: 2048 op, 529604030.00 ns, 258.5957 us/op
WorkloadActual   3: 2048 op, 531234247.00 ns, 259.3917 us/op

// AfterActualRun
WorkloadResult   1: 2048 op, 529611367.50 ns, 258.5993 us/op
WorkloadResult   2: 2048 op, 529598998.50 ns, 258.5933 us/op
WorkloadResult   3: 2048 op, 531229215.50 ns, 259.3893 us/op
// GC:  114 33 0 957924336 2048
// Threading:  0 0 2048

// AfterAll
// Benchmark Process 2196 has exited with code 0.

Mean = 258.861 us, StdErr = 0.264 us (0.10%), N = 3, StdDev = 0.458 us
Min = 258.593 us, Q1 = 258.596 us, Median = 258.599 us, Q3 = 258.994 us, Max = 259.389 us
IQR = 0.398 us, LowerFence = 257.999 us, UpperFence = 259.591 us
ConfidenceInterval = [250.508 us; 267.213 us] (CI 99.9%), Margin = 8.353 us (3.23% of Mean)
Skewness = 0.38, Kurtosis = 0.67, MValue = 2

// ** Remained 40 (44.9 %) benchmark(s) to run. Estimated finish 2026-10-07 19:54 (0h 4m from now) **
// **************************
// Benchmark: PlutusUseCasesBenchmarks.DecodeAndEval: NativeAOT 10.0(Runtime=NativeAOT 10.0, Toolchain=Latest ILCompiler, IterationCount=3, LaunchCount=1, MinIterationCount=50, WarmupCount=3) [Script=guardrail-sorted-large]
// *** Execute ***
// Launch: 1 / 1
// Execute: /bench/chrysalis/benchmarks/PlutusBench/bin/Release/net10.0/PlutusBench-NativeAOT 10.0-1/bin/Release/net10.0/linux-x64/publish/PlutusBench-NativeAOT 10.0-1 --anonymousPipes 113 114 --benchmarkName "PlutusUseCasesBenchmarks.DecodeAndEval(Script: \"guardrail-sorted-large\")" --job "NativeAOT 10.0" --benchmarkId 49 in 
// BeforeAnythingElse

// Benchmark Process Environment Information:
// BenchmarkDotNet v0.15.8
// Runtime=.NET 10.0.12, X64 NativeAOT x86-64-v4
// GC=Concurrent Workstation
// HardwareIntrinsics=AVX512 IFMA+VBMI,AVX512 F+BW+CD+DQ+VL,AVX2+BMI1+BMI2+F16C+FMA+LZCNT+MOVBE,AVX,SSE3+SSSE3+SSE4.1+SSE4.2+POPCNT,X86Base+SSE+SSE2,AES+PCLMUL VectorSize=256
// Job: NativeAOT 10.0(IterationCount=3, LaunchCount=1, MinIterationCount=50, WarmupCount=3)

OverheadJitting  1: 1 op, 207.00 ns, 207.0000 ns/op
WorkloadJitting  1: 1 op, 781558.00 ns, 781.5580 us/op

OverheadJitting  2: 16 op, 279.00 ns, 17.4375 ns/op
WorkloadJitting  2: 16 op, 10267714.00 ns, 641.7321 us/op

WorkloadPilot    1: 16 op, 9826036.00 ns, 614.1273 us/op
WorkloadPilot    2: 32 op, 18919869.00 ns, 591.2459 us/op
WorkloadPilot    3: 64 op, 33941580.00 ns, 530.3372 us/op
WorkloadPilot    4: 128 op, 66893356.00 ns, 522.6043 us/op
WorkloadPilot    5: 256 op, 133017458.00 ns, 519.5994 us/op
WorkloadPilot    6: 512 op, 270509702.00 ns, 528.3393 us/op
WorkloadPilot    7: 1024 op, 528349769.00 ns, 515.9666 us/op

OverheadWarmup   1: 1024 op, 2915.00 ns, 2.8467 ns/op
OverheadWarmup   2: 1024 op, 2733.00 ns, 2.6689 ns/op
OverheadWarmup   3: 1024 op, 2689.00 ns, 2.6260 ns/op
OverheadWarmup   4: 1024 op, 2703.00 ns, 2.6396 ns/op
OverheadWarmup   5: 1024 op, 2718.00 ns, 2.6543 ns/op
OverheadWarmup   6: 1024 op, 2722.00 ns, 2.6582 ns/op
OverheadWarmup   7: 1024 op, 2749.00 ns, 2.6846 ns/op
OverheadWarmup   8: 1024 op, 2832.00 ns, 2.7656 ns/op
OverheadWarmup   9: 1024 op, 2705.00 ns, 2.6416 ns/op
OverheadWarmup  10: 1024 op, 2660.00 ns, 2.5977 ns/op

OverheadActual   1: 1024 op, 2783.00 ns, 2.7178 ns/op
OverheadActual   2: 1024 op, 2740.00 ns, 2.6758 ns/op
OverheadActual   3: 1024 op, 2761.00 ns, 2.6963 ns/op
OverheadActual   4: 1024 op, 2773.00 ns, 2.7080 ns/op
OverheadActual   5: 1024 op, 2852.00 ns, 2.7852 ns/op
OverheadActual   6: 1024 op, 2776.00 ns, 2.7109 ns/op
OverheadActual   7: 1024 op, 2775.00 ns, 2.7100 ns/op
OverheadActual   8: 1024 op, 2750.00 ns, 2.6855 ns/op
OverheadActual   9: 1024 op, 2773.00 ns, 2.7080 ns/op
OverheadActual  10: 1024 op, 2750.00 ns, 2.6855 ns/op
OverheadActual  11: 1024 op, 2742.00 ns, 2.6777 ns/op
OverheadActual  12: 1024 op, 2860.00 ns, 2.7930 ns/op
OverheadActual  13: 1024 op, 2679.00 ns, 2.6162 ns/op
OverheadActual  14: 1024 op, 2849.00 ns, 2.7822 ns/op
OverheadActual  15: 1024 op, 2864.00 ns, 2.7969 ns/op
OverheadActual  16: 1024 op, 2869.00 ns, 2.8018 ns/op
OverheadActual  17: 1024 op, 2839.00 ns, 2.7725 ns/op
OverheadActual  18: 1024 op, 2750.00 ns, 2.6855 ns/op
OverheadActual  19: 1024 op, 2810.00 ns, 2.7441 ns/op
OverheadActual  20: 1024 op, 2750.00 ns, 2.6855 ns/op

WorkloadWarmup   1: 1024 op, 532038196.00 ns, 519.5686 us/op
WorkloadWarmup   2: 1024 op, 534774132.00 ns, 522.2404 us/op
WorkloadWarmup   3: 1024 op, 533676002.00 ns, 521.1680 us/op

// BeforeActualRun
WorkloadActual   1: 1024 op, 525942546.00 ns, 513.6158 us/op
WorkloadActual   2: 1024 op, 532127662.00 ns, 519.6559 us/op
WorkloadActual   3: 1024 op, 532749062.00 ns, 520.2628 us/op

// AfterActualRun
WorkloadResult   1: 1024 op, 525939772.00 ns, 513.6131 us/op
WorkloadResult   2: 1024 op, 532124888.00 ns, 519.6532 us/op
WorkloadResult   3: 1024 op, 532746288.00 ns, 520.2600 us/op
// GC:  102 31 0 858424304 1024
// Threading:  0 0 1024

// AfterAll
// Benchmark Process 2199 has exited with code 0.

Mean = 517.842 us, StdErr = 2.122 us (0.41%), N = 3, StdDev = 3.675 us
Min = 513.613 us, Q1 = 516.633 us, Median = 519.653 us, Q3 = 519.957 us, Max = 520.260 us
IQR = 3.323 us, LowerFence = 511.648 us, UpperFence = 524.942 us
ConfidenceInterval = [450.796 us; 584.888 us] (CI 99.9%), Margin = 67.046 us (12.95% of Mean)
Skewness = -0.37, Kurtosis = 0.67, MValue = 2

// ** Remained 39 (43.8 %) benchmark(s) to run. Estimated finish 2026-10-07 19:54 (0h 4m from now) **
// **************************
// Benchmark: PlutusUseCasesBenchmarks.DecodeAndEval: NativeAOT 10.0(Runtime=NativeAOT 10.0, Toolchain=Latest ILCompiler, IterationCount=3, LaunchCount=1, MinIterationCount=50, WarmupCount=3) [Script=guardrail-sorted-small]
// *** Execute ***
// Launch: 1 / 1
// Execute: /bench/chrysalis/benchmarks/PlutusBench/bin/Release/net10.0/PlutusBench-NativeAOT 10.0-1/bin/Release/net10.0/linux-x64/publish/PlutusBench-NativeAOT 10.0-1 --anonymousPipes 113 114 --benchmarkName "PlutusUseCasesBenchmarks.DecodeAndEval(Script: \"guardrail-sorted-small\")" --job "NativeAOT 10.0" --benchmarkId 50 in 
// BeforeAnythingElse

// Benchmark Process Environment Information:
// BenchmarkDotNet v0.15.8
// Runtime=.NET 10.0.12, X64 NativeAOT x86-64-v4
// GC=Concurrent Workstation
// HardwareIntrinsics=AVX512 IFMA+VBMI,AVX512 F+BW+CD+DQ+VL,AVX2+BMI1+BMI2+F16C+FMA+LZCNT+MOVBE,AVX,SSE3+SSSE3+SSE4.1+SSE4.2+POPCNT,X86Base+SSE+SSE2,AES+PCLMUL VectorSize=256
// Job: NativeAOT 10.0(IterationCount=3, LaunchCount=1, MinIterationCount=50, WarmupCount=3)

OverheadJitting  1: 1 op, 215.00 ns, 215.0000 ns/op
WorkloadJitting  1: 1 op, 231869.00 ns, 231.8690 us/op

OverheadJitting  2: 16 op, 281.00 ns, 17.5625 ns/op
WorkloadJitting  2: 16 op, 2729233.00 ns, 170.5771 us/op

WorkloadPilot    1: 16 op, 2638595.00 ns, 164.9122 us/op
WorkloadPilot    2: 32 op, 4518443.00 ns, 141.2013 us/op
WorkloadPilot    3: 64 op, 8242826.00 ns, 128.7942 us/op
WorkloadPilot    4: 128 op, 14301722.00 ns, 111.7322 us/op
WorkloadPilot    5: 256 op, 28506056.00 ns, 111.3518 us/op
WorkloadPilot    6: 512 op, 56464048.00 ns, 110.2813 us/op
WorkloadPilot    7: 1024 op, 113749349.00 ns, 111.0833 us/op
WorkloadPilot    8: 2048 op, 226427644.00 ns, 110.5604 us/op
WorkloadPilot    9: 4096 op, 452551278.00 ns, 110.4862 us/op
WorkloadPilot   10: 8192 op, 907289126.00 ns, 110.7531 us/op

OverheadWarmup   1: 8192 op, 18902.00 ns, 2.3074 ns/op
OverheadWarmup   2: 8192 op, 18740.00 ns, 2.2876 ns/op
OverheadWarmup   3: 8192 op, 28079.00 ns, 3.4276 ns/op
OverheadWarmup   4: 8192 op, 19100.00 ns, 2.3315 ns/op
OverheadWarmup   5: 8192 op, 28249.00 ns, 3.4484 ns/op
OverheadWarmup   6: 8192 op, 22298.00 ns, 2.7219 ns/op

OverheadActual   1: 8192 op, 19100.00 ns, 2.3315 ns/op
OverheadActual   2: 8192 op, 19936.00 ns, 2.4336 ns/op
OverheadActual   3: 8192 op, 24014.00 ns, 2.9314 ns/op
OverheadActual   4: 8192 op, 18726.00 ns, 2.2859 ns/op
OverheadActual   5: 8192 op, 18739.00 ns, 2.2875 ns/op
OverheadActual   6: 8192 op, 19110.00 ns, 2.3328 ns/op
OverheadActual   7: 8192 op, 19109.00 ns, 2.3326 ns/op
OverheadActual   8: 8192 op, 19108.00 ns, 2.3325 ns/op
OverheadActual   9: 8192 op, 19109.00 ns, 2.3326 ns/op
OverheadActual  10: 8192 op, 19139.00 ns, 2.3363 ns/op
OverheadActual  11: 8192 op, 19098.00 ns, 2.3313 ns/op
OverheadActual  12: 8192 op, 19890.00 ns, 2.4280 ns/op
OverheadActual  13: 8192 op, 19891.00 ns, 2.4281 ns/op
OverheadActual  14: 8192 op, 19093.00 ns, 2.3307 ns/op
OverheadActual  15: 8192 op, 19120.00 ns, 2.3340 ns/op
OverheadActual  16: 8192 op, 19127.00 ns, 2.3348 ns/op
OverheadActual  17: 8192 op, 23942.00 ns, 2.9226 ns/op
OverheadActual  18: 8192 op, 19116.00 ns, 2.3335 ns/op
OverheadActual  19: 8192 op, 19088.00 ns, 2.3301 ns/op
OverheadActual  20: 8192 op, 19907.00 ns, 2.4301 ns/op

WorkloadWarmup   1: 8192 op, 909219445.00 ns, 110.9887 us/op
WorkloadWarmup   2: 8192 op, 911661854.00 ns, 111.2868 us/op
WorkloadWarmup   3: 8192 op, 908802342.00 ns, 110.9378 us/op

// BeforeActualRun
WorkloadActual   1: 8192 op, 906218762.00 ns, 110.6224 us/op
WorkloadActual   2: 8192 op, 907495251.00 ns, 110.7782 us/op
WorkloadActual   3: 8192 op, 905200131.00 ns, 110.4981 us/op

// AfterActualRun
WorkloadResult   1: 8192 op, 906199649.00 ns, 110.6201 us/op
WorkloadResult   2: 8192 op, 907476138.00 ns, 110.7759 us/op
WorkloadResult   3: 8192 op, 905181018.00 ns, 110.4957 us/op
// GC:  222 50 0 1863386096 8192
// Threading:  0 0 8192

// AfterAll
// Benchmark Process 2201 has exited with code 0.

Mean = 110.631 us, StdErr = 0.081 us (0.07%), N = 3, StdDev = 0.140 us
Min = 110.496 us, Q1 = 110.558 us, Median = 110.620 us, Q3 = 110.698 us, Max = 110.776 us
IQR = 0.140 us, LowerFence = 110.348 us, UpperFence = 110.908 us
ConfidenceInterval = [108.070 us; 113.192 us] (CI 99.9%), Margin = 2.561 us (2.31% of Mean)
Skewness = 0.07, Kurtosis = 0.67, MValue = 2

// ** Remained 38 (42.7 %) benchmark(s) to run. Estimated finish 2026-10-07 19:54 (0h 4m from now) **
// **************************
// Benchmark: PlutusUseCasesBenchmarks.DecodeAndEval: NativeAOT 10.0(Runtime=NativeAOT 10.0, Toolchain=Latest ILCompiler, IterationCount=3, LaunchCount=1, MinIterationCount=50, WarmupCount=3) [Script=guardrail-unsorted-large]
// *** Execute ***
// Launch: 1 / 1
// Execute: /bench/chrysalis/benchmarks/PlutusBench/bin/Release/net10.0/PlutusBench-NativeAOT 10.0-1/bin/Release/net10.0/linux-x64/publish/PlutusBench-NativeAOT 10.0-1 --anonymousPipes 113 114 --benchmarkName "PlutusUseCasesBenchmarks.DecodeAndEval(Script: \"guardrail-unsorted-large\")" --job "NativeAOT 10.0" --benchmarkId 51 in 
// BeforeAnythingElse

// Benchmark Process Environment Information:
// BenchmarkDotNet v0.15.8
// Runtime=.NET 10.0.12, X64 NativeAOT x86-64-v4
// GC=Concurrent Workstation
// HardwareIntrinsics=AVX512 IFMA+VBMI,AVX512 F+BW+CD+DQ+VL,AVX2+BMI1+BMI2+F16C+FMA+LZCNT+MOVBE,AVX,SSE3+SSSE3+SSE4.1+SSE4.2+POPCNT,X86Base+SSE+SSE2,AES+PCLMUL VectorSize=256
// Job: NativeAOT 10.0(IterationCount=3, LaunchCount=1, MinIterationCount=50, WarmupCount=3)

OverheadJitting  1: 1 op, 214.00 ns, 214.0000 ns/op
WorkloadJitting  1: 1 op, 955622.00 ns, 955.6220 us/op

OverheadJitting  2: 16 op, 278.00 ns, 17.3750 ns/op
WorkloadJitting  2: 16 op, 12995266.00 ns, 812.2041 us/op

WorkloadPilot    1: 16 op, 12401208.00 ns, 775.0755 us/op
WorkloadPilot    2: 32 op, 21674276.00 ns, 677.3211 us/op
WorkloadPilot    3: 64 op, 41132800.00 ns, 642.7000 us/op
WorkloadPilot    4: 128 op, 83180967.00 ns, 649.8513 us/op
WorkloadPilot    5: 256 op, 164851804.00 ns, 643.9524 us/op
WorkloadPilot    6: 512 op, 329112609.00 ns, 642.7981 us/op
WorkloadPilot    7: 1024 op, 878259224.00 ns, 857.6750 us/op

OverheadWarmup   1: 1024 op, 3382.00 ns, 3.3027 ns/op
OverheadWarmup   2: 1024 op, 3098.00 ns, 3.0254 ns/op
OverheadWarmup   3: 1024 op, 3103.00 ns, 3.0303 ns/op
OverheadWarmup   4: 1024 op, 3070.00 ns, 2.9980 ns/op
OverheadWarmup   5: 1024 op, 3061.00 ns, 2.9893 ns/op
OverheadWarmup   6: 1024 op, 3020.00 ns, 2.9492 ns/op
OverheadWarmup   7: 1024 op, 3003.00 ns, 2.9326 ns/op
OverheadWarmup   8: 1024 op, 2992.00 ns, 2.9219 ns/op
OverheadWarmup   9: 1024 op, 3015.00 ns, 2.9443 ns/op
OverheadWarmup  10: 1024 op, 3068.00 ns, 2.9961 ns/op

OverheadActual   1: 1024 op, 3181.00 ns, 3.1064 ns/op
OverheadActual   2: 1024 op, 3068.00 ns, 2.9961 ns/op
OverheadActual   3: 1024 op, 3037.00 ns, 2.9658 ns/op
OverheadActual   4: 1024 op, 3032.00 ns, 2.9609 ns/op
OverheadActual   5: 1024 op, 3000.00 ns, 2.9297 ns/op
OverheadActual   6: 1024 op, 2989.00 ns, 2.9189 ns/op
OverheadActual   7: 1024 op, 2996.00 ns, 2.9258 ns/op
OverheadActual   8: 1024 op, 3020.00 ns, 2.9492 ns/op
OverheadActual   9: 1024 op, 3022.00 ns, 2.9512 ns/op
OverheadActual  10: 1024 op, 3035.00 ns, 2.9639 ns/op
OverheadActual  11: 1024 op, 3025.00 ns, 2.9541 ns/op
OverheadActual  12: 1024 op, 3013.00 ns, 2.9424 ns/op
OverheadActual  13: 1024 op, 2991.00 ns, 2.9209 ns/op
OverheadActual  14: 1024 op, 3018.00 ns, 2.9473 ns/op
OverheadActual  15: 1024 op, 3097.00 ns, 3.0244 ns/op
OverheadActual  16: 1024 op, 3127.00 ns, 3.0537 ns/op
OverheadActual  17: 1024 op, 3028.00 ns, 2.9570 ns/op
OverheadActual  18: 1024 op, 3039.00 ns, 2.9678 ns/op
OverheadActual  19: 1024 op, 3008.00 ns, 2.9375 ns/op
OverheadActual  20: 1024 op, 3020.00 ns, 2.9492 ns/op

WorkloadWarmup   1: 1024 op, 865208128.00 ns, 844.9298 us/op
WorkloadWarmup   2: 1024 op, 733252576.00 ns, 716.0670 us/op
WorkloadWarmup   3: 1024 op, 658772173.00 ns, 643.3322 us/op

// BeforeActualRun
WorkloadActual   1: 1024 op, 659169683.00 ns, 643.7204 us/op
WorkloadActual   2: 1024 op, 658729571.00 ns, 643.2906 us/op
WorkloadActual   3: 1024 op, 659303575.00 ns, 643.8511 us/op

// AfterActualRun
WorkloadResult   1: 1024 op, 659166659.50 ns, 643.7174 us/op
WorkloadResult   2: 1024 op, 658726547.50 ns, 643.2876 us/op
WorkloadResult   3: 1024 op, 659300551.50 ns, 643.8482 us/op
// GC:  129 38 0 1086669808 1024
// Threading:  0 0 1024

// AfterAll
// Benchmark Process 2204 has exited with code 0.

Mean = 643.618 us, StdErr = 0.169 us (0.03%), N = 3, StdDev = 0.293 us
Min = 643.288 us, Q1 = 643.503 us, Median = 643.717 us, Q3 = 643.783 us, Max = 643.848 us
IQR = 0.280 us, LowerFence = 643.082 us, UpperFence = 644.203 us
ConfidenceInterval = [638.267 us; 648.968 us] (CI 99.9%), Margin = 5.350 us (0.83% of Mean)
Skewness = -0.3, Kurtosis = 0.67, MValue = 2

// ** Remained 37 (41.6 %) benchmark(s) to run. Estimated finish 2026-10-07 19:54 (0h 3m from now) **
// **************************
// Benchmark: PlutusUseCasesBenchmarks.DecodeAndEval: NativeAOT 10.0(Runtime=NativeAOT 10.0, Toolchain=Latest ILCompiler, IterationCount=3, LaunchCount=1, MinIterationCount=50, WarmupCount=3) [Script=guardrail-unsorted-small]
// *** Execute ***
// Launch: 1 / 1
// Execute: /bench/chrysalis/benchmarks/PlutusBench/bin/Release/net10.0/PlutusBench-NativeAOT 10.0-1/bin/Release/net10.0/linux-x64/publish/PlutusBench-NativeAOT 10.0-1 --anonymousPipes 113 114 --benchmarkName "PlutusUseCasesBenchmarks.DecodeAndEval(Script: \"guardrail-unsorted-small\")" --job "NativeAOT 10.0" --benchmarkId 52 in 
// BeforeAnythingElse

// Benchmark Process Environment Information:
// BenchmarkDotNet v0.15.8
// Runtime=.NET 10.0.12, X64 NativeAOT x86-64-v4
// GC=Concurrent Workstation
// HardwareIntrinsics=AVX512 IFMA+VBMI,AVX512 F+BW+CD+DQ+VL,AVX2+BMI1+BMI2+F16C+FMA+LZCNT+MOVBE,AVX,SSE3+SSSE3+SSE4.1+SSE4.2+POPCNT,X86Base+SSE+SSE2,AES+PCLMUL VectorSize=256
// Job: NativeAOT 10.0(IterationCount=3, LaunchCount=1, MinIterationCount=50, WarmupCount=3)

OverheadJitting  1: 1 op, 210.00 ns, 210.0000 ns/op
WorkloadJitting  1: 1 op, 239935.00 ns, 239.9350 us/op

OverheadJitting  2: 16 op, 304.00 ns, 19.0000 ns/op
WorkloadJitting  2: 16 op, 2608359.00 ns, 163.0224 us/op

WorkloadPilot    1: 16 op, 2662119.00 ns, 166.3824 us/op
WorkloadPilot    2: 32 op, 4241207.00 ns, 132.5377 us/op
WorkloadPilot    3: 64 op, 8324817.00 ns, 130.0753 us/op
WorkloadPilot    4: 128 op, 14085700.00 ns, 110.0445 us/op
WorkloadPilot    5: 256 op, 27286137.00 ns, 106.5865 us/op
WorkloadPilot    6: 512 op, 54627507.00 ns, 106.6943 us/op
WorkloadPilot    7: 1024 op, 108995046.00 ns, 106.4405 us/op
WorkloadPilot    8: 2048 op, 217007372.00 ns, 105.9606 us/op
WorkloadPilot    9: 4096 op, 434114607.00 ns, 105.9850 us/op
WorkloadPilot   10: 8192 op, 865703989.00 ns, 105.6768 us/op

OverheadWarmup   1: 8192 op, 18970.00 ns, 2.3157 ns/op
OverheadWarmup   2: 8192 op, 18725.00 ns, 2.2858 ns/op
OverheadWarmup   3: 8192 op, 18722.00 ns, 2.2854 ns/op
OverheadWarmup   4: 8192 op, 19111.00 ns, 2.3329 ns/op
OverheadWarmup   5: 8192 op, 18738.00 ns, 2.2874 ns/op
OverheadWarmup   6: 8192 op, 27733.00 ns, 3.3854 ns/op
OverheadWarmup   7: 8192 op, 19905.00 ns, 2.4298 ns/op

OverheadActual   1: 8192 op, 19143.00 ns, 2.3368 ns/op
OverheadActual   2: 8192 op, 18729.00 ns, 2.2863 ns/op
OverheadActual   3: 8192 op, 19113.00 ns, 2.3331 ns/op
OverheadActual   4: 8192 op, 19122.00 ns, 2.3342 ns/op
OverheadActual   5: 8192 op, 19098.00 ns, 2.3313 ns/op
OverheadActual   6: 8192 op, 18689.00 ns, 2.2814 ns/op
OverheadActual   7: 8192 op, 19099.00 ns, 2.3314 ns/op
OverheadActual   8: 8192 op, 19878.00 ns, 2.4265 ns/op
OverheadActual   9: 8192 op, 19856.00 ns, 2.4238 ns/op
OverheadActual  10: 8192 op, 19879.00 ns, 2.4266 ns/op
OverheadActual  11: 8192 op, 19074.00 ns, 2.3284 ns/op
OverheadActual  12: 8192 op, 19082.00 ns, 2.3293 ns/op
OverheadActual  13: 8192 op, 19130.00 ns, 2.3352 ns/op
OverheadActual  14: 8192 op, 19116.00 ns, 2.3335 ns/op
OverheadActual  15: 8192 op, 19114.00 ns, 2.3333 ns/op
OverheadActual  16: 8192 op, 19917.00 ns, 2.4313 ns/op
OverheadActual  17: 8192 op, 19134.00 ns, 2.3357 ns/op
OverheadActual  18: 8192 op, 19106.00 ns, 2.3323 ns/op
OverheadActual  19: 8192 op, 19121.00 ns, 2.3341 ns/op
OverheadActual  20: 8192 op, 19071.00 ns, 2.3280 ns/op

WorkloadWarmup   1: 8192 op, 870847845.00 ns, 106.3047 us/op
WorkloadWarmup   2: 8192 op, 870086039.00 ns, 106.2117 us/op
WorkloadWarmup   3: 8192 op, 868853060.00 ns, 106.0612 us/op

// BeforeActualRun
WorkloadActual   1: 8192 op, 867242244.00 ns, 105.8645 us/op
WorkloadActual   2: 8192 op, 868134015.00 ns, 105.9734 us/op
WorkloadActual   3: 8192 op, 866673624.00 ns, 105.7951 us/op

// AfterActualRun
WorkloadResult   1: 8192 op, 867223129.00 ns, 105.8622 us/op
WorkloadResult   2: 8192 op, 868114900.00 ns, 105.9711 us/op
WorkloadResult   3: 8192 op, 866654509.00 ns, 105.7928 us/op
// GC:  219 54 0 1839727600 8192
// Threading:  0 0 8192

// AfterAll
// Benchmark Process 2208 has exited with code 0.

Mean = 105.875 us, StdErr = 0.052 us (0.05%), N = 3, StdDev = 0.090 us
Min = 105.793 us, Q1 = 105.827 us, Median = 105.862 us, Q3 = 105.917 us, Max = 105.971 us
IQR = 0.089 us, LowerFence = 105.694 us, UpperFence = 106.050 us
ConfidenceInterval = [104.236 us; 107.515 us] (CI 99.9%), Margin = 1.639 us (1.55% of Mean)
Skewness = 0.14, Kurtosis = 0.67, MValue = 2

// ** Remained 36 (40.4 %) benchmark(s) to run. Estimated finish 2026-10-07 19:54 (0h 3m from now) **
// **************************
// Benchmark: PlutusUseCasesBenchmarks.DecodeAndEval: NativeAOT 10.0(Runtime=NativeAOT 10.0, Toolchain=Latest ILCompiler, IterationCount=3, LaunchCount=1, MinIterationCount=50, WarmupCount=3) [Script=multisig-sm-01]
// *** Execute ***
// Launch: 1 / 1
// Execute: /bench/chrysalis/benchmarks/PlutusBench/bin/Release/net10.0/PlutusBench-NativeAOT 10.0-1/bin/Release/net10.0/linux-x64/publish/PlutusBench-NativeAOT 10.0-1 --anonymousPipes 113 114 --benchmarkName "PlutusUseCasesBenchmarks.DecodeAndEval(Script: \"multisig-sm-01\")" --job "NativeAOT 10.0" --benchmarkId 53 in 
// BeforeAnythingElse

// Benchmark Process Environment Information:
// BenchmarkDotNet v0.15.8
// Runtime=.NET 10.0.12, X64 NativeAOT x86-64-v4
// GC=Concurrent Workstation
// HardwareIntrinsics=AVX512 IFMA+VBMI,AVX512 F+BW+CD+DQ+VL,AVX2+BMI1+BMI2+F16C+FMA+LZCNT+MOVBE,AVX,SSE3+SSSE3+SSE4.1+SSE4.2+POPCNT,X86Base+SSE+SSE2,AES+PCLMUL VectorSize=256
// Job: NativeAOT 10.0(IterationCount=3, LaunchCount=1, MinIterationCount=50, WarmupCount=3)

OverheadJitting  1: 1 op, 206.00 ns, 206.0000 ns/op
WorkloadJitting  1: 1 op, 881464.00 ns, 881.4640 us/op

OverheadJitting  2: 16 op, 273.00 ns, 17.0625 ns/op
WorkloadJitting  2: 16 op, 11958899.00 ns, 747.4312 us/op

WorkloadPilot    1: 16 op, 10823185.00 ns, 676.4491 us/op
WorkloadPilot    2: 32 op, 20531072.00 ns, 641.5960 us/op
WorkloadPilot    3: 64 op, 37362550.00 ns, 583.7898 us/op
WorkloadPilot    4: 128 op, 76087098.00 ns, 594.4305 us/op
WorkloadPilot    5: 256 op, 151789480.00 ns, 592.9277 us/op
WorkloadPilot    6: 512 op, 304341803.00 ns, 594.4176 us/op
WorkloadPilot    7: 1024 op, 606931728.00 ns, 592.7068 us/op

OverheadWarmup   1: 1024 op, 2923.00 ns, 2.8545 ns/op
OverheadWarmup   2: 1024 op, 2646.00 ns, 2.5840 ns/op
OverheadWarmup   3: 1024 op, 2584.00 ns, 2.5234 ns/op
OverheadWarmup   4: 1024 op, 2667.00 ns, 2.6045 ns/op
OverheadWarmup   5: 1024 op, 2589.00 ns, 2.5283 ns/op
OverheadWarmup   6: 1024 op, 2561.00 ns, 2.5010 ns/op
OverheadWarmup   7: 1024 op, 2544.00 ns, 2.4844 ns/op
OverheadWarmup   8: 1024 op, 2558.00 ns, 2.4980 ns/op
OverheadWarmup   9: 1024 op, 2618.00 ns, 2.5566 ns/op
OverheadWarmup  10: 1024 op, 2630.00 ns, 2.5684 ns/op

OverheadActual   1: 1024 op, 2694.00 ns, 2.6309 ns/op
OverheadActual   2: 1024 op, 2735.00 ns, 2.6709 ns/op
OverheadActual   3: 1024 op, 2632.00 ns, 2.5703 ns/op
OverheadActual   4: 1024 op, 2628.00 ns, 2.5664 ns/op
OverheadActual   5: 1024 op, 2619.00 ns, 2.5576 ns/op
OverheadActual   6: 1024 op, 2637.00 ns, 2.5752 ns/op
OverheadActual   7: 1024 op, 2682.00 ns, 2.6191 ns/op
OverheadActual   8: 1024 op, 2769.00 ns, 2.7041 ns/op
OverheadActual   9: 1024 op, 2742.00 ns, 2.6777 ns/op
OverheadActual  10: 1024 op, 2751.00 ns, 2.6865 ns/op
OverheadActual  11: 1024 op, 2747.00 ns, 2.6826 ns/op
OverheadActual  12: 1024 op, 2742.00 ns, 2.6777 ns/op
OverheadActual  13: 1024 op, 2762.00 ns, 2.6973 ns/op
OverheadActual  14: 1024 op, 2707.00 ns, 2.6436 ns/op
OverheadActual  15: 1024 op, 2722.00 ns, 2.6582 ns/op
OverheadActual  16: 1024 op, 2744.00 ns, 2.6797 ns/op
OverheadActual  17: 1024 op, 2720.00 ns, 2.6563 ns/op
OverheadActual  18: 1024 op, 2767.00 ns, 2.7021 ns/op
OverheadActual  19: 1024 op, 2714.00 ns, 2.6504 ns/op
OverheadActual  20: 1024 op, 2750.00 ns, 2.6855 ns/op

WorkloadWarmup   1: 1024 op, 611788619.00 ns, 597.4498 us/op
WorkloadWarmup   2: 1024 op, 611086067.00 ns, 596.7637 us/op
WorkloadWarmup   3: 1024 op, 608242821.00 ns, 593.9871 us/op

// BeforeActualRun
WorkloadActual   1: 1024 op, 609913638.00 ns, 595.6188 us/op
WorkloadActual   2: 1024 op, 610791827.00 ns, 596.4764 us/op
WorkloadActual   3: 1024 op, 608709339.00 ns, 594.4427 us/op

// AfterActualRun
WorkloadResult   1: 1024 op, 609910909.50 ns, 595.6161 us/op
WorkloadResult   2: 1024 op, 610789098.50 ns, 596.4737 us/op
WorkloadResult   3: 1024 op, 608706610.50 ns, 594.4400 us/op
// GC:  107 50 0 898778096 1024
// Threading:  0 0 1024

// AfterAll
// Benchmark Process 2211 has exited with code 0.

Mean = 595.510 us, StdErr = 0.589 us (0.10%), N = 3, StdDev = 1.021 us
Min = 594.440 us, Q1 = 595.028 us, Median = 595.616 us, Q3 = 596.045 us, Max = 596.474 us
IQR = 1.017 us, LowerFence = 593.503 us, UpperFence = 597.570 us
ConfidenceInterval = [576.883 us; 614.137 us] (CI 99.9%), Margin = 18.627 us (3.13% of Mean)
Skewness = -0.1, Kurtosis = 0.67, MValue = 2

// ** Remained 35 (39.3 %) benchmark(s) to run. Estimated finish 2026-10-07 19:54 (0h 3m from now) **
// **************************
// Benchmark: PlutusUseCasesBenchmarks.DecodeAndEval: NativeAOT 10.0(Runtime=NativeAOT 10.0, Toolchain=Latest ILCompiler, IterationCount=3, LaunchCount=1, MinIterationCount=50, WarmupCount=3) [Script=multisig-sm-02]
// *** Execute ***
// Launch: 1 / 1
// Execute: /bench/chrysalis/benchmarks/PlutusBench/bin/Release/net10.0/PlutusBench-NativeAOT 10.0-1/bin/Release/net10.0/linux-x64/publish/PlutusBench-NativeAOT 10.0-1 --anonymousPipes 113 114 --benchmarkName "PlutusUseCasesBenchmarks.DecodeAndEval(Script: \"multisig-sm-02\")" --job "NativeAOT 10.0" --benchmarkId 54 in 
// BeforeAnythingElse

// Benchmark Process Environment Information:
// BenchmarkDotNet v0.15.8
// Runtime=.NET 10.0.12, X64 NativeAOT x86-64-v4
// GC=Concurrent Workstation
// HardwareIntrinsics=AVX512 IFMA+VBMI,AVX512 F+BW+CD+DQ+VL,AVX2+BMI1+BMI2+F16C+FMA+LZCNT+MOVBE,AVX,SSE3+SSSE3+SSE4.1+SSE4.2+POPCNT,X86Base+SSE+SSE2,AES+PCLMUL VectorSize=256
// Job: NativeAOT 10.0(IterationCount=3, LaunchCount=1, MinIterationCount=50, WarmupCount=3)

OverheadJitting  1: 1 op, 186.00 ns, 186.0000 ns/op
WorkloadJitting  1: 1 op, 799681.00 ns, 799.6810 us/op

OverheadJitting  2: 16 op, 272.00 ns, 17.0000 ns/op
WorkloadJitting  2: 16 op, 11466421.00 ns, 716.6513 us/op

WorkloadPilot    1: 16 op, 10438129.00 ns, 652.3831 us/op
WorkloadPilot    2: 32 op, 20421537.00 ns, 638.1730 us/op
WorkloadPilot    3: 64 op, 36495255.00 ns, 570.2384 us/op
WorkloadPilot    4: 128 op, 73879302.00 ns, 577.1820 us/op
WorkloadPilot    5: 256 op, 147464010.00 ns, 576.0313 us/op
WorkloadPilot    6: 512 op, 295328494.00 ns, 576.8135 us/op
WorkloadPilot    7: 1024 op, 596834747.00 ns, 582.8464 us/op

OverheadWarmup   1: 1024 op, 2847.00 ns, 2.7803 ns/op
OverheadWarmup   2: 1024 op, 2669.00 ns, 2.6064 ns/op
OverheadWarmup   3: 1024 op, 2600.00 ns, 2.5391 ns/op
OverheadWarmup   4: 1024 op, 2539.00 ns, 2.4795 ns/op
OverheadWarmup   5: 1024 op, 2517.00 ns, 2.4580 ns/op
OverheadWarmup   6: 1024 op, 2643.00 ns, 2.5811 ns/op
OverheadWarmup   7: 1024 op, 2644.00 ns, 2.5820 ns/op
OverheadWarmup   8: 1024 op, 2627.00 ns, 2.5654 ns/op
OverheadWarmup   9: 1024 op, 2515.00 ns, 2.4561 ns/op
OverheadWarmup  10: 1024 op, 2519.00 ns, 2.4600 ns/op

OverheadActual   1: 1024 op, 2612.00 ns, 2.5508 ns/op
OverheadActual   2: 1024 op, 2504.00 ns, 2.4453 ns/op
OverheadActual   3: 1024 op, 2552.00 ns, 2.4922 ns/op
OverheadActual   4: 1024 op, 2540.00 ns, 2.4805 ns/op
OverheadActual   5: 1024 op, 2546.00 ns, 2.4863 ns/op
OverheadActual   6: 1024 op, 2640.00 ns, 2.5781 ns/op
OverheadActual   7: 1024 op, 2664.00 ns, 2.6016 ns/op
OverheadActual   8: 1024 op, 2543.00 ns, 2.4834 ns/op
OverheadActual   9: 1024 op, 2538.00 ns, 2.4785 ns/op
OverheadActual  10: 1024 op, 2536.00 ns, 2.4766 ns/op
OverheadActual  11: 1024 op, 2634.00 ns, 2.5723 ns/op
OverheadActual  12: 1024 op, 2551.00 ns, 2.4912 ns/op
OverheadActual  13: 1024 op, 2661.00 ns, 2.5986 ns/op
OverheadActual  14: 1024 op, 2641.00 ns, 2.5791 ns/op
OverheadActual  15: 1024 op, 2642.00 ns, 2.5801 ns/op
OverheadActual  16: 1024 op, 2512.00 ns, 2.4531 ns/op
OverheadActual  17: 1024 op, 2784.00 ns, 2.7188 ns/op
OverheadActual  18: 1024 op, 2663.00 ns, 2.6006 ns/op
OverheadActual  19: 1024 op, 2643.00 ns, 2.5811 ns/op
OverheadActual  20: 1024 op, 2646.00 ns, 2.5840 ns/op

WorkloadWarmup   1: 1024 op, 596641030.00 ns, 582.6573 us/op
WorkloadWarmup   2: 1024 op, 596113221.00 ns, 582.1418 us/op
WorkloadWarmup   3: 1024 op, 594308833.00 ns, 580.3797 us/op

// BeforeActualRun
WorkloadActual   1: 1024 op, 595048067.00 ns, 581.1016 us/op
WorkloadActual   2: 1024 op, 593789650.00 ns, 579.8727 us/op
WorkloadActual   3: 1024 op, 601809865.00 ns, 587.7049 us/op

// AfterActualRun
WorkloadResult   1: 1024 op, 595045444.00 ns, 581.0991 us/op
WorkloadResult   2: 1024 op, 593787027.00 ns, 579.8701 us/op
WorkloadResult   3: 1024 op, 601807242.00 ns, 587.7024 us/op
// GC:  105 38 0 884564976 1024
// Threading:  0 0 1024

// AfterAll
// Benchmark Process 2213 has exited with code 0.

Mean = 582.891 us, StdErr = 2.432 us (0.42%), N = 3, StdDev = 4.212 us
Min = 579.870 us, Q1 = 580.485 us, Median = 581.099 us, Q3 = 584.401 us, Max = 587.702 us
IQR = 3.916 us, LowerFence = 574.610 us, UpperFence = 590.275 us
ConfidenceInterval = [506.043 us; 659.738 us] (CI 99.9%), Margin = 76.847 us (13.18% of Mean)
Skewness = 0.35, Kurtosis = 0.67, MValue = 2

// ** Remained 34 (38.2 %) benchmark(s) to run. Estimated finish 2026-10-07 19:54 (0h 3m from now) **
// **************************
// Benchmark: PlutusUseCasesBenchmarks.DecodeAndEval: NativeAOT 10.0(Runtime=NativeAOT 10.0, Toolchain=Latest ILCompiler, IterationCount=3, LaunchCount=1, MinIterationCount=50, WarmupCount=3) [Script=multisig-sm-03]
// *** Execute ***
// Launch: 1 / 1
// Execute: /bench/chrysalis/benchmarks/PlutusBench/bin/Release/net10.0/PlutusBench-NativeAOT 10.0-1/bin/Release/net10.0/linux-x64/publish/PlutusBench-NativeAOT 10.0-1 --anonymousPipes 113 114 --benchmarkName "PlutusUseCasesBenchmarks.DecodeAndEval(Script: \"multisig-sm-03\")" --job "NativeAOT 10.0" --benchmarkId 55 in 
// BeforeAnythingElse

// Benchmark Process Environment Information:
// BenchmarkDotNet v0.15.8
// Runtime=.NET 10.0.12, X64 NativeAOT x86-64-v4
// GC=Concurrent Workstation
// HardwareIntrinsics=AVX512 IFMA+VBMI,AVX512 F+BW+CD+DQ+VL,AVX2+BMI1+BMI2+F16C+FMA+LZCNT+MOVBE,AVX,SSE3+SSSE3+SSE4.1+SSE4.2+POPCNT,X86Base+SSE+SSE2,AES+PCLMUL VectorSize=256
// Job: NativeAOT 10.0(IterationCount=3, LaunchCount=1, MinIterationCount=50, WarmupCount=3)

OverheadJitting  1: 1 op, 322.00 ns, 322.0000 ns/op
WorkloadJitting  1: 1 op, 1025110.00 ns, 1.0251 ms/op

OverheadJitting  2: 16 op, 338.00 ns, 21.1250 ns/op
WorkloadJitting  2: 16 op, 14185244.00 ns, 886.5778 us/op

WorkloadPilot    1: 16 op, 12840825.00 ns, 802.5516 us/op
WorkloadPilot    2: 32 op, 25266779.00 ns, 789.5868 us/op
WorkloadPilot    3: 64 op, 45596054.00 ns, 712.4383 us/op
WorkloadPilot    4: 128 op, 91579496.00 ns, 715.4648 us/op
WorkloadPilot    5: 256 op, 169162871.00 ns, 660.7925 us/op
WorkloadPilot    6: 512 op, 367191447.00 ns, 717.1708 us/op
WorkloadPilot    7: 1024 op, 694111111.00 ns, 677.8429 us/op

OverheadWarmup   1: 1024 op, 3027.00 ns, 2.9561 ns/op
OverheadWarmup   2: 1024 op, 2670.00 ns, 2.6074 ns/op
OverheadWarmup   3: 1024 op, 2657.00 ns, 2.5947 ns/op
OverheadWarmup   4: 1024 op, 2700.00 ns, 2.6367 ns/op
OverheadWarmup   5: 1024 op, 2690.00 ns, 2.6270 ns/op
OverheadWarmup   6: 1024 op, 2597.00 ns, 2.5361 ns/op
OverheadWarmup   7: 1024 op, 2766.00 ns, 2.7012 ns/op
OverheadWarmup   8: 1024 op, 2746.00 ns, 2.6816 ns/op

OverheadActual   1: 1024 op, 2618.00 ns, 2.5566 ns/op
OverheadActual   2: 1024 op, 2655.00 ns, 2.5928 ns/op
OverheadActual   3: 1024 op, 2698.00 ns, 2.6348 ns/op
OverheadActual   4: 1024 op, 2613.00 ns, 2.5518 ns/op
OverheadActual   5: 1024 op, 2626.00 ns, 2.5645 ns/op
OverheadActual   6: 1024 op, 2605.00 ns, 2.5439 ns/op
OverheadActual   7: 1024 op, 2744.00 ns, 2.6797 ns/op
OverheadActual   8: 1024 op, 2620.00 ns, 2.5586 ns/op
OverheadActual   9: 1024 op, 2617.00 ns, 2.5557 ns/op
OverheadActual  10: 1024 op, 2734.00 ns, 2.6699 ns/op
OverheadActual  11: 1024 op, 2749.00 ns, 2.6846 ns/op
OverheadActual  12: 1024 op, 2735.00 ns, 2.6709 ns/op
OverheadActual  13: 1024 op, 2824.00 ns, 2.7578 ns/op
OverheadActual  14: 1024 op, 2649.00 ns, 2.5869 ns/op
OverheadActual  15: 1024 op, 2800.00 ns, 2.7344 ns/op
OverheadActual  16: 1024 op, 2775.00 ns, 2.7100 ns/op
OverheadActual  17: 1024 op, 2754.00 ns, 2.6895 ns/op
OverheadActual  18: 1024 op, 2690.00 ns, 2.6270 ns/op
OverheadActual  19: 1024 op, 2770.00 ns, 2.7051 ns/op
OverheadActual  20: 1024 op, 2693.00 ns, 2.6299 ns/op

WorkloadWarmup   1: 1024 op, 598689890.00 ns, 584.6581 us/op
WorkloadWarmup   2: 1024 op, 599013263.00 ns, 584.9739 us/op
WorkloadWarmup   3: 1024 op, 598680706.00 ns, 584.6491 us/op

// BeforeActualRun
WorkloadActual   1: 1024 op, 595125071.00 ns, 581.1768 us/op
WorkloadActual   2: 1024 op, 595782690.00 ns, 581.8190 us/op
WorkloadActual   3: 1024 op, 594814332.00 ns, 580.8734 us/op

// AfterActualRun
WorkloadResult   1: 1024 op, 595122375.50 ns, 581.1742 us/op
WorkloadResult   2: 1024 op, 595779994.50 ns, 581.8164 us/op
WorkloadResult   3: 1024 op, 594811636.50 ns, 580.8707 us/op
// GC:  106 40 0 889570288 1024
// Threading:  0 0 1024

// AfterAll
// Benchmark Process 2216 has exited with code 0.

Mean = 581.287 us, StdErr = 0.279 us (0.05%), N = 3, StdDev = 0.483 us
Min = 580.871 us, Q1 = 581.022 us, Median = 581.174 us, Q3 = 581.495 us, Max = 581.816 us
IQR = 0.473 us, LowerFence = 580.313 us, UpperFence = 582.205 us
ConfidenceInterval = [572.478 us; 590.096 us] (CI 99.9%), Margin = 8.809 us (1.52% of Mean)
Skewness = 0.22, Kurtosis = 0.67, MValue = 2

// ** Remained 33 (37.1 %) benchmark(s) to run. Estimated finish 2026-10-07 19:54 (0h 3m from now) **
// **************************
// Benchmark: PlutusUseCasesBenchmarks.DecodeAndEval: NativeAOT 10.0(Runtime=NativeAOT 10.0, Toolchain=Latest ILCompiler, IterationCount=3, LaunchCount=1, MinIterationCount=50, WarmupCount=3) [Script=multisig-sm-04]
// *** Execute ***
// Launch: 1 / 1
// Execute: /bench/chrysalis/benchmarks/PlutusBench/bin/Release/net10.0/PlutusBench-NativeAOT 10.0-1/bin/Release/net10.0/linux-x64/publish/PlutusBench-NativeAOT 10.0-1 --anonymousPipes 113 114 --benchmarkName "PlutusUseCasesBenchmarks.DecodeAndEval(Script: \"multisig-sm-04\")" --job "NativeAOT 10.0" --benchmarkId 56 in 
// BeforeAnythingElse

// Benchmark Process Environment Information:
// BenchmarkDotNet v0.15.8
// Runtime=.NET 10.0.12, X64 NativeAOT x86-64-v4
// GC=Concurrent Workstation
// HardwareIntrinsics=AVX512 IFMA+VBMI,AVX512 F+BW+CD+DQ+VL,AVX2+BMI1+BMI2+F16C+FMA+LZCNT+MOVBE,AVX,SSE3+SSSE3+SSE4.1+SSE4.2+POPCNT,X86Base+SSE+SSE2,AES+PCLMUL VectorSize=256
// Job: NativeAOT 10.0(IterationCount=3, LaunchCount=1, MinIterationCount=50, WarmupCount=3)

OverheadJitting  1: 1 op, 252.00 ns, 252.0000 ns/op
WorkloadJitting  1: 1 op, 839012.00 ns, 839.0120 us/op

OverheadJitting  2: 16 op, 290.00 ns, 18.1250 ns/op
WorkloadJitting  2: 16 op, 11827105.00 ns, 739.1941 us/op

WorkloadPilot    1: 16 op, 10538590.00 ns, 658.6619 us/op
WorkloadPilot    2: 32 op, 20726554.00 ns, 647.7048 us/op
WorkloadPilot    3: 64 op, 37478394.00 ns, 585.5999 us/op
WorkloadPilot    4: 128 op, 75843556.00 ns, 592.5278 us/op
WorkloadPilot    5: 256 op, 150840249.00 ns, 589.2197 us/op
WorkloadPilot    6: 512 op, 299864289.00 ns, 585.6724 us/op
WorkloadPilot    7: 1024 op, 598269806.00 ns, 584.2479 us/op

OverheadWarmup   1: 1024 op, 2669.00 ns, 2.6064 ns/op
OverheadWarmup   2: 1024 op, 2521.00 ns, 2.4619 ns/op
OverheadWarmup   3: 1024 op, 2492.00 ns, 2.4336 ns/op
OverheadWarmup   4: 1024 op, 2490.00 ns, 2.4316 ns/op
OverheadWarmup   5: 1024 op, 2480.00 ns, 2.4219 ns/op
OverheadWarmup   6: 1024 op, 2518.00 ns, 2.4590 ns/op
OverheadWarmup   7: 1024 op, 2511.00 ns, 2.4521 ns/op
OverheadWarmup   8: 1024 op, 2650.00 ns, 2.5879 ns/op
OverheadWarmup   9: 1024 op, 2613.00 ns, 2.5518 ns/op

OverheadActual   1: 1024 op, 2558.00 ns, 2.4980 ns/op
OverheadActual   2: 1024 op, 2463.00 ns, 2.4053 ns/op
OverheadActual   3: 1024 op, 2553.00 ns, 2.4932 ns/op
OverheadActual   4: 1024 op, 2540.00 ns, 2.4805 ns/op
OverheadActual   5: 1024 op, 2503.00 ns, 2.4443 ns/op
OverheadActual   6: 1024 op, 2628.00 ns, 2.5664 ns/op
OverheadActual   7: 1024 op, 2610.00 ns, 2.5488 ns/op
OverheadActual   8: 1024 op, 2619.00 ns, 2.5576 ns/op
OverheadActual   9: 1024 op, 2617.00 ns, 2.5557 ns/op
OverheadActual  10: 1024 op, 2520.00 ns, 2.4609 ns/op
OverheadActual  11: 1024 op, 2509.00 ns, 2.4502 ns/op
OverheadActual  12: 1024 op, 2612.00 ns, 2.5508 ns/op
OverheadActual  13: 1024 op, 2629.00 ns, 2.5674 ns/op
OverheadActual  14: 1024 op, 2623.00 ns, 2.5615 ns/op
OverheadActual  15: 1024 op, 2614.00 ns, 2.5527 ns/op
OverheadActual  16: 1024 op, 2614.00 ns, 2.5527 ns/op
OverheadActual  17: 1024 op, 2509.00 ns, 2.4502 ns/op
OverheadActual  18: 1024 op, 2619.00 ns, 2.5576 ns/op
OverheadActual  19: 1024 op, 2610.00 ns, 2.5488 ns/op
OverheadActual  20: 1024 op, 2617.00 ns, 2.5557 ns/op

WorkloadWarmup   1: 1024 op, 603780734.00 ns, 589.6296 us/op
WorkloadWarmup   2: 1024 op, 602748700.00 ns, 588.6218 us/op
WorkloadWarmup   3: 1024 op, 599775918.00 ns, 585.7187 us/op

// BeforeActualRun
WorkloadActual   1: 1024 op, 599617490.00 ns, 585.5640 us/op
WorkloadActual   2: 1024 op, 598202690.00 ns, 584.1823 us/op
WorkloadActual   3: 1024 op, 598252627.00 ns, 584.2311 us/op

// AfterActualRun
WorkloadResult   1: 1024 op, 599614879.00 ns, 585.5614 us/op
WorkloadResult   2: 1024 op, 598200079.00 ns, 584.1798 us/op
WorkloadResult   3: 1024 op, 598250016.00 ns, 584.2285 us/op
// GC:  106 45 0 894559216 1024
// Threading:  0 0 1024

// AfterAll
// Benchmark Process 2219 has exited with code 0.

Mean = 584.657 us, StdErr = 0.453 us (0.08%), N = 3, StdDev = 0.784 us
Min = 584.180 us, Q1 = 584.204 us, Median = 584.229 us, Q3 = 584.895 us, Max = 585.561 us
IQR = 0.691 us, LowerFence = 583.168 us, UpperFence = 585.931 us
ConfidenceInterval = [570.354 us; 598.960 us] (CI 99.9%), Margin = 14.303 us (2.45% of Mean)
Skewness = 0.38, Kurtosis = 0.67, MValue = 2

// ** Remained 32 (36.0 %) benchmark(s) to run. Estimated finish 2026-10-07 19:54 (0h 3m from now) **
// **************************
// Benchmark: PlutusUseCasesBenchmarks.DecodeAndEval: NativeAOT 10.0(Runtime=NativeAOT 10.0, Toolchain=Latest ILCompiler, IterationCount=3, LaunchCount=1, MinIterationCount=50, WarmupCount=3) [Script=multisig-sm-05]
// *** Execute ***
// Launch: 1 / 1
// Execute: /bench/chrysalis/benchmarks/PlutusBench/bin/Release/net10.0/PlutusBench-NativeAOT 10.0-1/bin/Release/net10.0/linux-x64/publish/PlutusBench-NativeAOT 10.0-1 --anonymousPipes 113 114 --benchmarkName "PlutusUseCasesBenchmarks.DecodeAndEval(Script: \"multisig-sm-05\")" --job "NativeAOT 10.0" --benchmarkId 57 in 
// BeforeAnythingElse

// Benchmark Process Environment Information:
// BenchmarkDotNet v0.15.8
// Runtime=.NET 10.0.12, X64 NativeAOT x86-64-v4
// GC=Concurrent Workstation
// HardwareIntrinsics=AVX512 IFMA+VBMI,AVX512 F+BW+CD+DQ+VL,AVX2+BMI1+BMI2+F16C+FMA+LZCNT+MOVBE,AVX,SSE3+SSSE3+SSE4.1+SSE4.2+POPCNT,X86Base+SSE+SSE2,AES+PCLMUL VectorSize=256
// Job: NativeAOT 10.0(IterationCount=3, LaunchCount=1, MinIterationCount=50, WarmupCount=3)

OverheadJitting  1: 1 op, 200.00 ns, 200.0000 ns/op
WorkloadJitting  1: 1 op, 1096109.00 ns, 1.0961 ms/op

OverheadJitting  2: 16 op, 298.00 ns, 18.6250 ns/op
WorkloadJitting  2: 16 op, 15226275.00 ns, 951.6422 us/op

WorkloadPilot    1: 16 op, 14769168.00 ns, 923.0730 us/op
WorkloadPilot    2: 32 op, 26149212.00 ns, 817.1629 us/op
WorkloadPilot    3: 64 op, 50655006.00 ns, 791.4845 us/op
WorkloadPilot    4: 128 op, 99862534.00 ns, 780.1760 us/op
WorkloadPilot    5: 256 op, 199933399.00 ns, 780.9898 us/op
WorkloadPilot    6: 512 op, 403188517.00 ns, 787.4776 us/op
WorkloadPilot    7: 1024 op, 808135496.00 ns, 789.1948 us/op

OverheadWarmup   1: 1024 op, 3037.00 ns, 2.9658 ns/op
OverheadWarmup   2: 1024 op, 2790.00 ns, 2.7246 ns/op
OverheadWarmup   3: 1024 op, 2704.00 ns, 2.6406 ns/op
OverheadWarmup   4: 1024 op, 2678.00 ns, 2.6152 ns/op
OverheadWarmup   5: 1024 op, 2696.00 ns, 2.6328 ns/op
OverheadWarmup   6: 1024 op, 2639.00 ns, 2.5771 ns/op
OverheadWarmup   7: 1024 op, 2611.00 ns, 2.5498 ns/op
OverheadWarmup   8: 1024 op, 2625.00 ns, 2.5635 ns/op
OverheadWarmup   9: 1024 op, 2754.00 ns, 2.6895 ns/op
OverheadWarmup  10: 1024 op, 2663.00 ns, 2.6006 ns/op

OverheadActual   1: 1024 op, 2675.00 ns, 2.6123 ns/op
OverheadActual   2: 1024 op, 2702.00 ns, 2.6387 ns/op
OverheadActual   3: 1024 op, 2758.00 ns, 2.6934 ns/op
OverheadActual   4: 1024 op, 2636.00 ns, 2.5742 ns/op
OverheadActual   5: 1024 op, 2776.00 ns, 2.7109 ns/op
OverheadActual   6: 1024 op, 2767.00 ns, 2.7021 ns/op
OverheadActual   7: 1024 op, 2791.00 ns, 2.7256 ns/op
OverheadActual   8: 1024 op, 2779.00 ns, 2.7139 ns/op
OverheadActual   9: 1024 op, 2666.00 ns, 2.6035 ns/op
OverheadActual  10: 1024 op, 2651.00 ns, 2.5889 ns/op
OverheadActual  11: 1024 op, 2635.00 ns, 2.5732 ns/op
OverheadActual  12: 1024 op, 2789.00 ns, 2.7236 ns/op
OverheadActual  13: 1024 op, 2650.00 ns, 2.5879 ns/op
OverheadActual  14: 1024 op, 2792.00 ns, 2.7266 ns/op
OverheadActual  15: 1024 op, 2644.00 ns, 2.5820 ns/op
OverheadActual  16: 1024 op, 2656.00 ns, 2.5938 ns/op
OverheadActual  17: 1024 op, 2839.00 ns, 2.7725 ns/op
OverheadActual  18: 1024 op, 2780.00 ns, 2.7148 ns/op
OverheadActual  19: 1024 op, 2834.00 ns, 2.7676 ns/op
OverheadActual  20: 1024 op, 2745.00 ns, 2.6807 ns/op

WorkloadWarmup   1: 1024 op, 812479042.00 ns, 793.4366 us/op
WorkloadWarmup   2: 1024 op, 811899996.00 ns, 792.8711 us/op
WorkloadWarmup   3: 1024 op, 809285747.00 ns, 790.3181 us/op

// BeforeActualRun
WorkloadActual   1: 1024 op, 807745638.00 ns, 788.8141 us/op
WorkloadActual   2: 1024 op, 806542229.00 ns, 787.6389 us/op
WorkloadActual   3: 1024 op, 806366895.00 ns, 787.4677 us/op

// AfterActualRun
WorkloadResult   1: 1024 op, 807742886.50 ns, 788.8114 us/op
WorkloadResult   2: 1024 op, 806539477.50 ns, 787.6362 us/op
WorkloadResult   3: 1024 op, 806364143.50 ns, 787.4650 us/op
// GC:  130 59 0 1095386096 1024
// Threading:  0 0 1024

// AfterAll
// Benchmark Process 2222 has exited with code 0.

Mean = 787.971 us, StdErr = 0.423 us (0.05%), N = 3, StdDev = 0.733 us
Min = 787.465 us, Q1 = 787.551 us, Median = 787.636 us, Q3 = 788.224 us, Max = 788.811 us
IQR = 0.673 us, LowerFence = 786.541 us, UpperFence = 789.234 us
ConfidenceInterval = [774.599 us; 801.343 us] (CI 99.9%), Margin = 13.372 us (1.70% of Mean)
Skewness = 0.36, Kurtosis = 0.67, MValue = 2

// ** Remained 31 (34.8 %) benchmark(s) to run. Estimated finish 2026-10-07 19:54 (0h 3m from now) **
// **************************
// Benchmark: PlutusUseCasesBenchmarks.DecodeAndEval: NativeAOT 10.0(Runtime=NativeAOT 10.0, Toolchain=Latest ILCompiler, IterationCount=3, LaunchCount=1, MinIterationCount=50, WarmupCount=3) [Script=multisig-sm-06]
// *** Execute ***
// Launch: 1 / 1
// Execute: /bench/chrysalis/benchmarks/PlutusBench/bin/Release/net10.0/PlutusBench-NativeAOT 10.0-1/bin/Release/net10.0/linux-x64/publish/PlutusBench-NativeAOT 10.0-1 --anonymousPipes 113 114 --benchmarkName "PlutusUseCasesBenchmarks.DecodeAndEval(Script: \"multisig-sm-06\")" --job "NativeAOT 10.0" --benchmarkId 58 in 
// BeforeAnythingElse

// Benchmark Process Environment Information:
// BenchmarkDotNet v0.15.8
// Runtime=.NET 10.0.12, X64 NativeAOT x86-64-v4
// GC=Concurrent Workstation
// HardwareIntrinsics=AVX512 IFMA+VBMI,AVX512 F+BW+CD+DQ+VL,AVX2+BMI1+BMI2+F16C+FMA+LZCNT+MOVBE,AVX,SSE3+SSSE3+SSE4.1+SSE4.2+POPCNT,X86Base+SSE+SSE2,AES+PCLMUL VectorSize=256
// Job: NativeAOT 10.0(IterationCount=3, LaunchCount=1, MinIterationCount=50, WarmupCount=3)

OverheadJitting  1: 1 op, 235.00 ns, 235.0000 ns/op
WorkloadJitting  1: 1 op, 893060.00 ns, 893.0600 us/op

OverheadJitting  2: 16 op, 269.00 ns, 16.8125 ns/op
WorkloadJitting  2: 16 op, 12216810.00 ns, 763.5506 us/op

WorkloadPilot    1: 16 op, 11243291.00 ns, 702.7057 us/op
WorkloadPilot    2: 32 op, 20398596.00 ns, 637.4561 us/op
WorkloadPilot    3: 64 op, 37835295.00 ns, 591.1765 us/op
WorkloadPilot    4: 128 op, 76943089.00 ns, 601.1179 us/op
WorkloadPilot    5: 256 op, 152991359.00 ns, 597.6225 us/op
WorkloadPilot    6: 512 op, 305125531.00 ns, 595.9483 us/op
WorkloadPilot    7: 1024 op, 610039784.00 ns, 595.7420 us/op

OverheadWarmup   1: 1024 op, 2751.00 ns, 2.6865 ns/op
OverheadWarmup   2: 1024 op, 2494.00 ns, 2.4355 ns/op
OverheadWarmup   3: 1024 op, 2503.00 ns, 2.4443 ns/op
OverheadWarmup   4: 1024 op, 2481.00 ns, 2.4229 ns/op
OverheadWarmup   5: 1024 op, 2482.00 ns, 2.4238 ns/op
OverheadWarmup   6: 1024 op, 2468.00 ns, 2.4102 ns/op

OverheadActual   1: 1024 op, 2644.00 ns, 2.5820 ns/op
OverheadActual   2: 1024 op, 2635.00 ns, 2.5732 ns/op
OverheadActual   3: 1024 op, 2464.00 ns, 2.4063 ns/op
OverheadActual   4: 1024 op, 2500.00 ns, 2.4414 ns/op
OverheadActual   5: 1024 op, 2503.00 ns, 2.4443 ns/op
OverheadActual   6: 1024 op, 2618.00 ns, 2.5566 ns/op
OverheadActual   7: 1024 op, 2520.00 ns, 2.4609 ns/op
OverheadActual   8: 1024 op, 2500.00 ns, 2.4414 ns/op
OverheadActual   9: 1024 op, 2660.00 ns, 2.5977 ns/op
OverheadActual  10: 1024 op, 2685.00 ns, 2.6221 ns/op
OverheadActual  11: 1024 op, 2645.00 ns, 2.5830 ns/op
OverheadActual  12: 1024 op, 2515.00 ns, 2.4561 ns/op
OverheadActual  13: 1024 op, 2626.00 ns, 2.5645 ns/op
OverheadActual  14: 1024 op, 2512.00 ns, 2.4531 ns/op
OverheadActual  15: 1024 op, 2542.00 ns, 2.4824 ns/op
OverheadActual  16: 1024 op, 2524.00 ns, 2.4648 ns/op
OverheadActual  17: 1024 op, 2638.00 ns, 2.5762 ns/op
OverheadActual  18: 1024 op, 2636.00 ns, 2.5742 ns/op
OverheadActual  19: 1024 op, 2524.00 ns, 2.4648 ns/op
OverheadActual  20: 1024 op, 2532.00 ns, 2.4727 ns/op

WorkloadWarmup   1: 1024 op, 612399367.00 ns, 598.0463 us/op
WorkloadWarmup   2: 1024 op, 612056260.00 ns, 597.7112 us/op
WorkloadWarmup   3: 1024 op, 609187235.00 ns, 594.9094 us/op

// BeforeActualRun
WorkloadActual   1: 1024 op, 609681820.00 ns, 595.3924 us/op
WorkloadActual   2: 1024 op, 611466580.00 ns, 597.1353 us/op
WorkloadActual   3: 1024 op, 608833504.00 ns, 594.5640 us/op

// AfterActualRun
WorkloadResult   1: 1024 op, 609679283.00 ns, 595.3899 us/op
WorkloadResult   2: 1024 op, 611464043.00 ns, 597.1329 us/op
WorkloadResult   3: 1024 op, 608830967.00 ns, 594.5615 us/op
// GC:  107 50 0 898548720 1024
// Threading:  0 0 1024

// AfterAll
// Benchmark Process 2225 has exited with code 0.

Mean = 595.695 us, StdErr = 0.758 us (0.13%), N = 3, StdDev = 1.313 us
Min = 594.561 us, Q1 = 594.976 us, Median = 595.390 us, Q3 = 596.261 us, Max = 597.133 us
IQR = 1.286 us, LowerFence = 593.047 us, UpperFence = 598.190 us
ConfidenceInterval = [571.750 us; 619.640 us] (CI 99.9%), Margin = 23.945 us (4.02% of Mean)
Skewness = 0.22, Kurtosis = 0.67, MValue = 2

// ** Remained 30 (33.7 %) benchmark(s) to run. Estimated finish 2026-10-07 19:54 (0h 3m from now) **
// **************************
// Benchmark: PlutusUseCasesBenchmarks.DecodeAndEval: NativeAOT 10.0(Runtime=NativeAOT 10.0, Toolchain=Latest ILCompiler, IterationCount=3, LaunchCount=1, MinIterationCount=50, WarmupCount=3) [Script=multisig-sm-07]
// *** Execute ***
// Launch: 1 / 1
// Execute: /bench/chrysalis/benchmarks/PlutusBench/bin/Release/net10.0/PlutusBench-NativeAOT 10.0-1/bin/Release/net10.0/linux-x64/publish/PlutusBench-NativeAOT 10.0-1 --anonymousPipes 113 114 --benchmarkName "PlutusUseCasesBenchmarks.DecodeAndEval(Script: \"multisig-sm-07\")" --job "NativeAOT 10.0" --benchmarkId 59 in 
// BeforeAnythingElse

// Benchmark Process Environment Information:
// BenchmarkDotNet v0.15.8
// Runtime=.NET 10.0.12, X64 NativeAOT x86-64-v4
// GC=Concurrent Workstation
// HardwareIntrinsics=AVX512 IFMA+VBMI,AVX512 F+BW+CD+DQ+VL,AVX2+BMI1+BMI2+F16C+FMA+LZCNT+MOVBE,AVX,SSE3+SSSE3+SSE4.1+SSE4.2+POPCNT,X86Base+SSE+SSE2,AES+PCLMUL VectorSize=256
// Job: NativeAOT 10.0(IterationCount=3, LaunchCount=1, MinIterationCount=50, WarmupCount=3)

OverheadJitting  1: 1 op, 194.00 ns, 194.0000 ns/op
WorkloadJitting  1: 1 op, 831308.00 ns, 831.3080 us/op

OverheadJitting  2: 16 op, 287.00 ns, 17.9375 ns/op
WorkloadJitting  2: 16 op, 12184184.00 ns, 761.5115 us/op

WorkloadPilot    1: 16 op, 10423379.00 ns, 651.4612 us/op
WorkloadPilot    2: 32 op, 20771885.00 ns, 649.1214 us/op
WorkloadPilot    3: 64 op, 36967805.00 ns, 577.6220 us/op
WorkloadPilot    4: 128 op, 75971593.00 ns, 593.5281 us/op
WorkloadPilot    5: 256 op, 149019769.00 ns, 582.1085 us/op
WorkloadPilot    6: 512 op, 299364159.00 ns, 584.6956 us/op
WorkloadPilot    7: 1024 op, 603009154.00 ns, 588.8761 us/op

OverheadWarmup   1: 1024 op, 2910.00 ns, 2.8418 ns/op
OverheadWarmup   2: 1024 op, 2677.00 ns, 2.6143 ns/op
OverheadWarmup   3: 1024 op, 2642.00 ns, 2.5801 ns/op
OverheadWarmup   4: 1024 op, 2674.00 ns, 2.6113 ns/op
OverheadWarmup   5: 1024 op, 2661.00 ns, 2.5986 ns/op
OverheadWarmup   6: 1024 op, 2625.00 ns, 2.5635 ns/op
OverheadWarmup   7: 1024 op, 2812.00 ns, 2.7461 ns/op
OverheadWarmup   8: 1024 op, 2751.00 ns, 2.6865 ns/op

OverheadActual   1: 1024 op, 2655.00 ns, 2.5928 ns/op
OverheadActual   2: 1024 op, 2679.00 ns, 2.6162 ns/op
OverheadActual   3: 1024 op, 2688.00 ns, 2.6250 ns/op
OverheadActual   4: 1024 op, 2678.00 ns, 2.6152 ns/op
OverheadActual   5: 1024 op, 2672.00 ns, 2.6094 ns/op
OverheadActual   6: 1024 op, 2758.00 ns, 2.6934 ns/op
OverheadActual   7: 1024 op, 2770.00 ns, 2.7051 ns/op
OverheadActual   8: 1024 op, 2766.00 ns, 2.7012 ns/op
OverheadActual   9: 1024 op, 2814.00 ns, 2.7480 ns/op
OverheadActual  10: 1024 op, 2823.00 ns, 2.7568 ns/op
OverheadActual  11: 1024 op, 2711.00 ns, 2.6475 ns/op
OverheadActual  12: 1024 op, 2732.00 ns, 2.6680 ns/op
OverheadActual  13: 1024 op, 2680.00 ns, 2.6172 ns/op
OverheadActual  14: 1024 op, 2836.00 ns, 2.7695 ns/op
OverheadActual  15: 1024 op, 2841.00 ns, 2.7744 ns/op
OverheadActual  16: 1024 op, 2796.00 ns, 2.7305 ns/op
OverheadActual  17: 1024 op, 2811.00 ns, 2.7451 ns/op
OverheadActual  18: 1024 op, 2681.00 ns, 2.6182 ns/op
OverheadActual  19: 1024 op, 2823.00 ns, 2.7568 ns/op
OverheadActual  20: 1024 op, 2723.00 ns, 2.6592 ns/op

WorkloadWarmup   1: 1024 op, 603081790.00 ns, 588.9471 us/op
WorkloadWarmup   2: 1024 op, 603424762.00 ns, 589.2820 us/op
WorkloadWarmup   3: 1024 op, 601361360.00 ns, 587.2670 us/op

// BeforeActualRun
WorkloadActual   1: 1024 op, 598392051.00 ns, 584.3672 us/op
WorkloadActual   2: 1024 op, 598078353.00 ns, 584.0609 us/op
WorkloadActual   3: 1024 op, 598477553.00 ns, 584.4507 us/op

// AfterActualRun
WorkloadResult   1: 1024 op, 598389306.00 ns, 584.3646 us/op
WorkloadResult   2: 1024 op, 598075608.00 ns, 584.0582 us/op
WorkloadResult   3: 1024 op, 598474808.00 ns, 584.4481 us/op
// GC:  105 38 0 884335600 1024
// Threading:  0 0 1024

// AfterAll
// Benchmark Process 2228 has exited with code 0.

Mean = 584.290 us, StdErr = 0.119 us (0.02%), N = 3, StdDev = 0.205 us
Min = 584.058 us, Q1 = 584.211 us, Median = 584.365 us, Q3 = 584.406 us, Max = 584.448 us
IQR = 0.195 us, LowerFence = 583.919 us, UpperFence = 584.699 us
ConfidenceInterval = [580.546 us; 588.035 us] (CI 99.9%), Margin = 3.745 us (0.64% of Mean)
Skewness = -0.31, Kurtosis = 0.67, MValue = 2

// ** Remained 29 (32.6 %) benchmark(s) to run. Estimated finish 2026-10-07 19:54 (0h 3m from now) **
// **************************
// Benchmark: PlutusUseCasesBenchmarks.DecodeAndEval: NativeAOT 10.0(Runtime=NativeAOT 10.0, Toolchain=Latest ILCompiler, IterationCount=3, LaunchCount=1, MinIterationCount=50, WarmupCount=3) [Script=multisig-sm-08]
// *** Execute ***
// Launch: 1 / 1
// Execute: /bench/chrysalis/benchmarks/PlutusBench/bin/Release/net10.0/PlutusBench-NativeAOT 10.0-1/bin/Release/net10.0/linux-x64/publish/PlutusBench-NativeAOT 10.0-1 --anonymousPipes 113 114 --benchmarkName "PlutusUseCasesBenchmarks.DecodeAndEval(Script: \"multisig-sm-08\")" --job "NativeAOT 10.0" --benchmarkId 60 in 
// BeforeAnythingElse

// Benchmark Process Environment Information:
// BenchmarkDotNet v0.15.8
// Runtime=.NET 10.0.12, X64 NativeAOT x86-64-v4
// GC=Concurrent Workstation
// HardwareIntrinsics=AVX512 IFMA+VBMI,AVX512 F+BW+CD+DQ+VL,AVX2+BMI1+BMI2+F16C+FMA+LZCNT+MOVBE,AVX,SSE3+SSSE3+SSE4.1+SSE4.2+POPCNT,X86Base+SSE+SSE2,AES+PCLMUL VectorSize=256
// Job: NativeAOT 10.0(IterationCount=3, LaunchCount=1, MinIterationCount=50, WarmupCount=3)

OverheadJitting  1: 1 op, 294.00 ns, 294.0000 ns/op
WorkloadJitting  1: 1 op, 939609.00 ns, 939.6090 us/op

OverheadJitting  2: 16 op, 279.00 ns, 17.4375 ns/op
WorkloadJitting  2: 16 op, 11981105.00 ns, 748.8191 us/op

WorkloadPilot    1: 16 op, 10921247.00 ns, 682.5779 us/op
WorkloadPilot    2: 32 op, 21340100.00 ns, 666.8781 us/op
WorkloadPilot    3: 64 op, 38944127.00 ns, 608.5020 us/op
WorkloadPilot    4: 128 op, 75954718.00 ns, 593.3962 us/op
WorkloadPilot    5: 256 op, 148819025.00 ns, 581.3243 us/op
WorkloadPilot    6: 512 op, 299298672.00 ns, 584.5677 us/op
WorkloadPilot    7: 1024 op, 596741838.00 ns, 582.7557 us/op

OverheadWarmup   1: 1024 op, 2820.00 ns, 2.7539 ns/op
OverheadWarmup   2: 1024 op, 2561.00 ns, 2.5010 ns/op
OverheadWarmup   3: 1024 op, 2548.00 ns, 2.4883 ns/op
OverheadWarmup   4: 1024 op, 2538.00 ns, 2.4785 ns/op
OverheadWarmup   5: 1024 op, 2528.00 ns, 2.4688 ns/op
OverheadWarmup   6: 1024 op, 2554.00 ns, 2.4941 ns/op
OverheadWarmup   7: 1024 op, 2561.00 ns, 2.5010 ns/op
OverheadWarmup   8: 1024 op, 2559.00 ns, 2.4990 ns/op
OverheadWarmup   9: 1024 op, 2635.00 ns, 2.5732 ns/op
OverheadWarmup  10: 1024 op, 2562.00 ns, 2.5020 ns/op

OverheadActual   1: 1024 op, 2508.00 ns, 2.4492 ns/op
OverheadActual   2: 1024 op, 2511.00 ns, 2.4521 ns/op
OverheadActual   3: 1024 op, 2523.00 ns, 2.4639 ns/op
OverheadActual   4: 1024 op, 2613.00 ns, 2.5518 ns/op
OverheadActual   5: 1024 op, 2665.00 ns, 2.6025 ns/op
OverheadActual   6: 1024 op, 2495.00 ns, 2.4365 ns/op
OverheadActual   7: 1024 op, 2624.00 ns, 2.5625 ns/op
OverheadActual   8: 1024 op, 2652.00 ns, 2.5898 ns/op
OverheadActual   9: 1024 op, 2514.00 ns, 2.4551 ns/op
OverheadActual  10: 1024 op, 2618.00 ns, 2.5566 ns/op
OverheadActual  11: 1024 op, 2531.00 ns, 2.4717 ns/op
OverheadActual  12: 1024 op, 2613.00 ns, 2.5518 ns/op
OverheadActual  13: 1024 op, 2639.00 ns, 2.5771 ns/op
OverheadActual  14: 1024 op, 2514.00 ns, 2.4551 ns/op
OverheadActual  15: 1024 op, 2629.00 ns, 2.5674 ns/op
OverheadActual  16: 1024 op, 2645.00 ns, 2.5830 ns/op
OverheadActual  17: 1024 op, 2530.00 ns, 2.4707 ns/op
OverheadActual  18: 1024 op, 2532.00 ns, 2.4727 ns/op
OverheadActual  19: 1024 op, 2609.00 ns, 2.5479 ns/op
OverheadActual  20: 1024 op, 2618.00 ns, 2.5566 ns/op

WorkloadWarmup   1: 1024 op, 600369647.00 ns, 586.2985 us/op
WorkloadWarmup   2: 1024 op, 600747112.00 ns, 586.6671 us/op
WorkloadWarmup   3: 1024 op, 597576391.00 ns, 583.5707 us/op

// BeforeActualRun
WorkloadActual   1: 1024 op, 594920169.00 ns, 580.9767 us/op
WorkloadActual   2: 1024 op, 595629980.00 ns, 581.6699 us/op
WorkloadActual   3: 1024 op, 596029901.00 ns, 582.0605 us/op

// AfterActualRun
WorkloadResult   1: 1024 op, 594917558.00 ns, 580.9742 us/op
WorkloadResult   2: 1024 op, 595627369.00 ns, 581.6674 us/op
WorkloadResult   3: 1024 op, 596027290.00 ns, 582.0579 us/op
// GC:  106 39 0 889340912 1024
// Threading:  0 0 1024

// AfterAll
// Benchmark Process 2231 has exited with code 0.

Mean = 581.566 us, StdErr = 0.317 us (0.05%), N = 3, StdDev = 0.549 us
Min = 580.974 us, Q1 = 581.321 us, Median = 581.667 us, Q3 = 581.863 us, Max = 582.058 us
IQR = 0.542 us, LowerFence = 580.508 us, UpperFence = 582.675 us
ConfidenceInterval = [571.553 us; 591.580 us] (CI 99.9%), Margin = 10.013 us (1.72% of Mean)
Skewness = -0.18, Kurtosis = 0.67, MValue = 2

// ** Remained 28 (31.5 %) benchmark(s) to run. Estimated finish 2026-10-07 19:54 (0h 2m from now) **
// **************************
// Benchmark: PlutusUseCasesBenchmarks.DecodeAndEval: NativeAOT 10.0(Runtime=NativeAOT 10.0, Toolchain=Latest ILCompiler, IterationCount=3, LaunchCount=1, MinIterationCount=50, WarmupCount=3) [Script=multisig-sm-09]
// *** Execute ***
// Launch: 1 / 1
// Execute: /bench/chrysalis/benchmarks/PlutusBench/bin/Release/net10.0/PlutusBench-NativeAOT 10.0-1/bin/Release/net10.0/linux-x64/publish/PlutusBench-NativeAOT 10.0-1 --anonymousPipes 113 114 --benchmarkName "PlutusUseCasesBenchmarks.DecodeAndEval(Script: \"multisig-sm-09\")" --job "NativeAOT 10.0" --benchmarkId 61 in 
// BeforeAnythingElse

// Benchmark Process Environment Information:
// BenchmarkDotNet v0.15.8
// Runtime=.NET 10.0.12, X64 NativeAOT x86-64-v4
// GC=Concurrent Workstation
// HardwareIntrinsics=AVX512 IFMA+VBMI,AVX512 F+BW+CD+DQ+VL,AVX2+BMI1+BMI2+F16C+FMA+LZCNT+MOVBE,AVX,SSE3+SSSE3+SSE4.1+SSE4.2+POPCNT,X86Base+SSE+SSE2,AES+PCLMUL VectorSize=256
// Job: NativeAOT 10.0(IterationCount=3, LaunchCount=1, MinIterationCount=50, WarmupCount=3)

OverheadJitting  1: 1 op, 745.00 ns, 745.0000 ns/op
WorkloadJitting  1: 1 op, 857749.00 ns, 857.7490 us/op

OverheadJitting  2: 16 op, 279.00 ns, 17.4375 ns/op
WorkloadJitting  2: 16 op, 11753905.00 ns, 734.6191 us/op

WorkloadPilot    1: 16 op, 10776961.00 ns, 673.5601 us/op
WorkloadPilot    2: 32 op, 20605094.00 ns, 643.9092 us/op
WorkloadPilot    3: 64 op, 37773983.00 ns, 590.2185 us/op
WorkloadPilot    4: 128 op, 77917827.00 ns, 608.7330 us/op
WorkloadPilot    5: 256 op, 150334589.00 ns, 587.2445 us/op
WorkloadPilot    6: 512 op, 321255039.00 ns, 627.4512 us/op
WorkloadPilot    7: 1024 op, 741164187.00 ns, 723.7932 us/op

OverheadWarmup   1: 1024 op, 3235.00 ns, 3.1592 ns/op
OverheadWarmup   2: 1024 op, 3132.00 ns, 3.0586 ns/op
OverheadWarmup   3: 1024 op, 3015.00 ns, 2.9443 ns/op
OverheadWarmup   4: 1024 op, 3056.00 ns, 2.9844 ns/op
OverheadWarmup   5: 1024 op, 3041.00 ns, 2.9697 ns/op
OverheadWarmup   6: 1024 op, 3020.00 ns, 2.9492 ns/op
OverheadWarmup   7: 1024 op, 3016.00 ns, 2.9453 ns/op
OverheadWarmup   8: 1024 op, 3018.00 ns, 2.9473 ns/op
OverheadWarmup   9: 1024 op, 3106.00 ns, 3.0332 ns/op
OverheadWarmup  10: 1024 op, 2990.00 ns, 2.9199 ns/op

OverheadActual   1: 1024 op, 3035.00 ns, 2.9639 ns/op
OverheadActual   2: 1024 op, 3005.00 ns, 2.9346 ns/op
OverheadActual   3: 1024 op, 2976.00 ns, 2.9063 ns/op
OverheadActual   4: 1024 op, 2985.00 ns, 2.9150 ns/op
OverheadActual   5: 1024 op, 3009.00 ns, 2.9385 ns/op
OverheadActual   6: 1024 op, 3022.00 ns, 2.9512 ns/op
OverheadActual   7: 1024 op, 3021.00 ns, 2.9502 ns/op
OverheadActual   8: 1024 op, 2991.00 ns, 2.9209 ns/op
OverheadActual   9: 1024 op, 3026.00 ns, 2.9551 ns/op
OverheadActual  10: 1024 op, 3020.00 ns, 2.9492 ns/op
OverheadActual  11: 1024 op, 3022.00 ns, 2.9512 ns/op
OverheadActual  12: 1024 op, 3018.00 ns, 2.9473 ns/op
OverheadActual  13: 1024 op, 3003.00 ns, 2.9326 ns/op
OverheadActual  14: 1024 op, 3032.00 ns, 2.9609 ns/op
OverheadActual  15: 1024 op, 3036.00 ns, 2.9648 ns/op
OverheadActual  16: 1024 op, 3030.00 ns, 2.9590 ns/op
OverheadActual  17: 1024 op, 3026.00 ns, 2.9551 ns/op
OverheadActual  18: 1024 op, 3020.00 ns, 2.9492 ns/op
OverheadActual  19: 1024 op, 3017.00 ns, 2.9463 ns/op
OverheadActual  20: 1024 op, 3029.00 ns, 2.9580 ns/op

WorkloadWarmup   1: 1024 op, 728368302.00 ns, 711.2972 us/op
WorkloadWarmup   2: 1024 op, 685194369.00 ns, 669.1351 us/op
WorkloadWarmup   3: 1024 op, 602820293.00 ns, 588.6917 us/op

// BeforeActualRun
WorkloadActual   1: 1024 op, 602496641.00 ns, 588.3756 us/op
WorkloadActual   2: 1024 op, 601538278.00 ns, 587.4397 us/op
WorkloadActual   3: 1024 op, 599090424.00 ns, 585.0492 us/op

// AfterActualRun
WorkloadResult   1: 1024 op, 602493620.50 ns, 588.3727 us/op
WorkloadResult   2: 1024 op, 601535257.50 ns, 587.4368 us/op
WorkloadResult   3: 1024 op, 599087403.50 ns, 585.0463 us/op
// GC:  106 45 0 894329840 1024
// Threading:  0 0 1024

// AfterAll
// Benchmark Process 2234 has exited with code 0.

Mean = 586.952 us, StdErr = 0.990 us (0.17%), N = 3, StdDev = 1.715 us
Min = 585.046 us, Q1 = 586.242 us, Median = 587.437 us, Q3 = 587.905 us, Max = 588.373 us
IQR = 1.663 us, LowerFence = 583.747 us, UpperFence = 590.400 us
ConfidenceInterval = [555.657 us; 618.247 us] (CI 99.9%), Margin = 31.295 us (5.33% of Mean)
Skewness = -0.26, Kurtosis = 0.67, MValue = 2

// ** Remained 27 (30.3 %) benchmark(s) to run. Estimated finish 2026-10-07 19:54 (0h 2m from now) **
// **************************
// Benchmark: PlutusUseCasesBenchmarks.DecodeAndEval: NativeAOT 10.0(Runtime=NativeAOT 10.0, Toolchain=Latest ILCompiler, IterationCount=3, LaunchCount=1, MinIterationCount=50, WarmupCount=3) [Script=multisig-sm-10]
// *** Execute ***
// Launch: 1 / 1
// Execute: /bench/chrysalis/benchmarks/PlutusBench/bin/Release/net10.0/PlutusBench-NativeAOT 10.0-1/bin/Release/net10.0/linux-x64/publish/PlutusBench-NativeAOT 10.0-1 --anonymousPipes 113 114 --benchmarkName "PlutusUseCasesBenchmarks.DecodeAndEval(Script: \"multisig-sm-10\")" --job "NativeAOT 10.0" --benchmarkId 62 in 
// BeforeAnythingElse

// Benchmark Process Environment Information:
// BenchmarkDotNet v0.15.8
// Runtime=.NET 10.0.12, X64 NativeAOT x86-64-v4
// GC=Concurrent Workstation
// HardwareIntrinsics=AVX512 IFMA+VBMI,AVX512 F+BW+CD+DQ+VL,AVX2+BMI1+BMI2+F16C+FMA+LZCNT+MOVBE,AVX,SSE3+SSSE3+SSE4.1+SSE4.2+POPCNT,X86Base+SSE+SSE2,AES+PCLMUL VectorSize=256
// Job: NativeAOT 10.0(IterationCount=3, LaunchCount=1, MinIterationCount=50, WarmupCount=3)

OverheadJitting  1: 1 op, 308.00 ns, 308.0000 ns/op
WorkloadJitting  1: 1 op, 1078436.00 ns, 1.0784 ms/op

OverheadJitting  2: 16 op, 262.00 ns, 16.3750 ns/op
WorkloadJitting  2: 16 op, 15004579.00 ns, 937.7862 us/op

WorkloadPilot    1: 16 op, 14645070.00 ns, 915.3169 us/op
WorkloadPilot    2: 32 op, 26011858.00 ns, 812.8706 us/op
WorkloadPilot    3: 64 op, 50608730.00 ns, 790.7614 us/op
WorkloadPilot    4: 128 op, 99612883.00 ns, 778.2256 us/op
WorkloadPilot    5: 256 op, 199522851.00 ns, 779.3861 us/op
WorkloadPilot    6: 512 op, 398815265.00 ns, 778.9361 us/op
WorkloadPilot    7: 1024 op, 798078586.00 ns, 779.3736 us/op

OverheadWarmup   1: 1024 op, 2750.00 ns, 2.6855 ns/op
OverheadWarmup   2: 1024 op, 2527.00 ns, 2.4678 ns/op
OverheadWarmup   3: 1024 op, 2507.00 ns, 2.4482 ns/op
OverheadWarmup   4: 1024 op, 2481.00 ns, 2.4229 ns/op
OverheadWarmup   5: 1024 op, 2487.00 ns, 2.4287 ns/op
OverheadWarmup   6: 1024 op, 2486.00 ns, 2.4277 ns/op
OverheadWarmup   7: 1024 op, 2599.00 ns, 2.5381 ns/op
OverheadWarmup   8: 1024 op, 2606.00 ns, 2.5449 ns/op
OverheadWarmup   9: 1024 op, 2530.00 ns, 2.4707 ns/op

OverheadActual   1: 1024 op, 2473.00 ns, 2.4150 ns/op
OverheadActual   2: 1024 op, 2504.00 ns, 2.4453 ns/op
OverheadActual   3: 1024 op, 2450.00 ns, 2.3926 ns/op
OverheadActual   4: 1024 op, 2460.00 ns, 2.4023 ns/op
OverheadActual   5: 1024 op, 2464.00 ns, 2.4063 ns/op
OverheadActual   6: 1024 op, 2497.00 ns, 2.4385 ns/op
OverheadActual   7: 1024 op, 2620.00 ns, 2.5586 ns/op
OverheadActual   8: 1024 op, 2620.00 ns, 2.5586 ns/op
OverheadActual   9: 1024 op, 2618.00 ns, 2.5566 ns/op
OverheadActual  10: 1024 op, 2645.00 ns, 2.5830 ns/op
OverheadActual  11: 1024 op, 2643.00 ns, 2.5811 ns/op
OverheadActual  12: 1024 op, 2758.00 ns, 2.6934 ns/op
OverheadActual  13: 1024 op, 2631.00 ns, 2.5693 ns/op
OverheadActual  14: 1024 op, 2683.00 ns, 2.6201 ns/op
OverheadActual  15: 1024 op, 2617.00 ns, 2.5557 ns/op
OverheadActual  16: 1024 op, 2682.00 ns, 2.6191 ns/op
OverheadActual  17: 1024 op, 2623.00 ns, 2.5615 ns/op
OverheadActual  18: 1024 op, 2652.00 ns, 2.5898 ns/op
OverheadActual  19: 1024 op, 2594.00 ns, 2.5332 ns/op
OverheadActual  20: 1024 op, 2597.00 ns, 2.5361 ns/op

WorkloadWarmup   1: 1024 op, 801571427.00 ns, 782.7846 us/op
WorkloadWarmup   2: 1024 op, 799349566.00 ns, 780.6148 us/op
WorkloadWarmup   3: 1024 op, 795540578.00 ns, 776.8951 us/op

// BeforeActualRun
WorkloadActual   1: 1024 op, 795652072.00 ns, 777.0040 us/op
WorkloadActual   2: 1024 op, 795018076.00 ns, 776.3848 us/op
WorkloadActual   3: 1024 op, 795705696.00 ns, 777.0563 us/op

// AfterActualRun
WorkloadResult   1: 1024 op, 795649453.00 ns, 777.0014 us/op
WorkloadResult   2: 1024 op, 795015457.00 ns, 776.3823 us/op
WorkloadResult   3: 1024 op, 795703077.00 ns, 777.0538 us/op
// GC:  130 59 0 1095271408 1024
// Threading:  0 0 1024

// AfterAll
// Benchmark Process 2237 has exited with code 0.

Mean = 776.812 us, StdErr = 0.216 us (0.03%), N = 3, StdDev = 0.373 us
Min = 776.382 us, Q1 = 776.692 us, Median = 777.001 us, Q3 = 777.028 us, Max = 777.054 us
IQR = 0.336 us, LowerFence = 776.188 us, UpperFence = 777.531 us
ConfidenceInterval = [769.999 us; 783.626 us] (CI 99.9%), Margin = 6.814 us (0.88% of Mean)
Skewness = -0.38, Kurtosis = 0.67, MValue = 2

// ** Remained 26 (29.2 %) benchmark(s) to run. Estimated finish 2026-10-07 19:54 (0h 2m from now) **
// **************************
// Benchmark: PlutusUseCasesBenchmarks.DecodeAndEval: NativeAOT 10.0(Runtime=NativeAOT 10.0, Toolchain=Latest ILCompiler, IterationCount=3, LaunchCount=1, MinIterationCount=50, WarmupCount=3) [Script=ping-pong_2-1]
// *** Execute ***
// Launch: 1 / 1
// Execute: /bench/chrysalis/benchmarks/PlutusBench/bin/Release/net10.0/PlutusBench-NativeAOT 10.0-1/bin/Release/net10.0/linux-x64/publish/PlutusBench-NativeAOT 10.0-1 --anonymousPipes 113 114 --benchmarkName "PlutusUseCasesBenchmarks.DecodeAndEval(Script: \"ping-pong_2-1\")" --job "NativeAOT 10.0" --benchmarkId 63 in 
// BeforeAnythingElse

// Benchmark Process Environment Information:
// BenchmarkDotNet v0.15.8
// Runtime=.NET 10.0.12, X64 NativeAOT x86-64-v4
// GC=Concurrent Workstation
// HardwareIntrinsics=AVX512 IFMA+VBMI,AVX512 F+BW+CD+DQ+VL,AVX2+BMI1+BMI2+F16C+FMA+LZCNT+MOVBE,AVX,SSE3+SSSE3+SSE4.1+SSE4.2+POPCNT,X86Base+SSE+SSE2,AES+PCLMUL VectorSize=256
// Job: NativeAOT 10.0(IterationCount=3, LaunchCount=1, MinIterationCount=50, WarmupCount=3)

OverheadJitting  1: 1 op, 199.00 ns, 199.0000 ns/op
WorkloadJitting  1: 1 op, 526442.00 ns, 526.4420 us/op

OverheadJitting  2: 16 op, 280.00 ns, 17.5000 ns/op
WorkloadJitting  2: 16 op, 7796222.00 ns, 487.2639 us/op

WorkloadPilot    1: 16 op, 6441842.00 ns, 402.6151 us/op
WorkloadPilot    2: 32 op, 12544637.00 ns, 392.0199 us/op
WorkloadPilot    3: 64 op, 22656898.00 ns, 354.0140 us/op
WorkloadPilot    4: 128 op, 44301681.00 ns, 346.1069 us/op
WorkloadPilot    5: 256 op, 87006507.00 ns, 339.8692 us/op
WorkloadPilot    6: 512 op, 171631915.00 ns, 335.2186 us/op
WorkloadPilot    7: 1024 op, 347618790.00 ns, 339.4715 us/op
WorkloadPilot    8: 2048 op, 682524562.00 ns, 333.2639 us/op

OverheadWarmup   1: 2048 op, 5394.00 ns, 2.6338 ns/op
OverheadWarmup   2: 2048 op, 5181.00 ns, 2.5298 ns/op
OverheadWarmup   3: 2048 op, 5133.00 ns, 2.5063 ns/op
OverheadWarmup   4: 2048 op, 5173.00 ns, 2.5259 ns/op
OverheadWarmup   5: 2048 op, 5180.00 ns, 2.5293 ns/op
OverheadWarmup   6: 2048 op, 5111.00 ns, 2.4956 ns/op
OverheadWarmup   7: 2048 op, 5248.00 ns, 2.5625 ns/op
OverheadWarmup   8: 2048 op, 5244.00 ns, 2.5605 ns/op

OverheadActual   1: 2048 op, 5147.00 ns, 2.5132 ns/op
OverheadActual   2: 2048 op, 5257.00 ns, 2.5669 ns/op
OverheadActual   3: 2048 op, 5250.00 ns, 2.5635 ns/op
OverheadActual   4: 2048 op, 5236.00 ns, 2.5566 ns/op
OverheadActual   5: 2048 op, 5237.00 ns, 2.5571 ns/op
OverheadActual   6: 2048 op, 5194.00 ns, 2.5361 ns/op
OverheadActual   7: 2048 op, 5494.00 ns, 2.6826 ns/op
OverheadActual   8: 2048 op, 5448.00 ns, 2.6602 ns/op
OverheadActual   9: 2048 op, 5419.00 ns, 2.6460 ns/op
OverheadActual  10: 2048 op, 5429.00 ns, 2.6509 ns/op
OverheadActual  11: 2048 op, 5462.00 ns, 2.6670 ns/op
OverheadActual  12: 2048 op, 5468.00 ns, 2.6699 ns/op
OverheadActual  13: 2048 op, 5458.00 ns, 2.6650 ns/op
OverheadActual  14: 2048 op, 5532.00 ns, 2.7012 ns/op
OverheadActual  15: 2048 op, 5521.00 ns, 2.6958 ns/op
OverheadActual  16: 2048 op, 5405.00 ns, 2.6392 ns/op
OverheadActual  17: 2048 op, 5428.00 ns, 2.6504 ns/op
OverheadActual  18: 2048 op, 5430.00 ns, 2.6514 ns/op
OverheadActual  19: 2048 op, 5396.00 ns, 2.6348 ns/op
OverheadActual  20: 2048 op, 5436.00 ns, 2.6543 ns/op

WorkloadWarmup   1: 2048 op, 688471813.00 ns, 336.1679 us/op
WorkloadWarmup   2: 2048 op, 686572427.00 ns, 335.2404 us/op
WorkloadWarmup   3: 2048 op, 684301980.00 ns, 334.1318 us/op

// BeforeActualRun
WorkloadActual   1: 2048 op, 684732384.00 ns, 334.3420 us/op
WorkloadActual   2: 2048 op, 684012748.00 ns, 333.9906 us/op
WorkloadActual   3: 2048 op, 685769884.00 ns, 334.8486 us/op

// AfterActualRun
WorkloadResult   1: 2048 op, 684726955.50 ns, 334.3393 us/op
WorkloadResult   2: 2048 op, 684007319.50 ns, 333.9879 us/op
WorkloadResult   3: 2048 op, 685764455.50 ns, 334.8459 us/op
// GC:  146 73 0 1225540592 2048
// Threading:  0 0 2048

// AfterAll
// Benchmark Process 2240 has exited with code 0.

Mean = 334.391 us, StdErr = 0.249 us (0.07%), N = 3, StdDev = 0.431 us
Min = 333.988 us, Q1 = 334.164 us, Median = 334.339 us, Q3 = 334.593 us, Max = 334.846 us
IQR = 0.429 us, LowerFence = 333.520 us, UpperFence = 335.236 us
ConfidenceInterval = [326.522 us; 342.260 us] (CI 99.9%), Margin = 7.869 us (2.35% of Mean)
Skewness = 0.12, Kurtosis = 0.67, MValue = 2

// ** Remained 25 (28.1 %) benchmark(s) to run. Estimated finish 2026-10-07 19:54 (0h 2m from now) **
// **************************
// Benchmark: PlutusUseCasesBenchmarks.DecodeAndEval: NativeAOT 10.0(Runtime=NativeAOT 10.0, Toolchain=Latest ILCompiler, IterationCount=3, LaunchCount=1, MinIterationCount=50, WarmupCount=3) [Script=ping-pong-1]
// *** Execute ***
// Launch: 1 / 1
// Execute: /bench/chrysalis/benchmarks/PlutusBench/bin/Release/net10.0/PlutusBench-NativeAOT 10.0-1/bin/Release/net10.0/linux-x64/publish/PlutusBench-NativeAOT 10.0-1 --anonymousPipes 113 114 --benchmarkName "PlutusUseCasesBenchmarks.DecodeAndEval(Script: \"ping-pong-1\")" --job "NativeAOT 10.0" --benchmarkId 64 in 
// BeforeAnythingElse

// Benchmark Process Environment Information:
// BenchmarkDotNet v0.15.8
// Runtime=.NET 10.0.12, X64 NativeAOT x86-64-v4
// GC=Concurrent Workstation
// HardwareIntrinsics=AVX512 IFMA+VBMI,AVX512 F+BW+CD+DQ+VL,AVX2+BMI1+BMI2+F16C+FMA+LZCNT+MOVBE,AVX,SSE3+SSSE3+SSE4.1+SSE4.2+POPCNT,X86Base+SSE+SSE2,AES+PCLMUL VectorSize=256
// Job: NativeAOT 10.0(IterationCount=3, LaunchCount=1, MinIterationCount=50, WarmupCount=3)

OverheadJitting  1: 1 op, 220.00 ns, 220.0000 ns/op
WorkloadJitting  1: 1 op, 696979.00 ns, 696.9790 us/op

OverheadJitting  2: 16 op, 262.00 ns, 16.3750 ns/op
WorkloadJitting  2: 16 op, 10315691.00 ns, 644.7307 us/op

WorkloadPilot    1: 16 op, 9195358.00 ns, 574.7099 us/op
WorkloadPilot    2: 32 op, 17390788.00 ns, 543.4621 us/op
WorkloadPilot    3: 64 op, 32560584.00 ns, 508.7591 us/op
WorkloadPilot    4: 128 op, 62661056.00 ns, 489.5395 us/op
WorkloadPilot    5: 256 op, 123994650.00 ns, 484.3541 us/op
WorkloadPilot    6: 512 op, 247546032.00 ns, 483.4883 us/op
WorkloadPilot    7: 1024 op, 492279205.00 ns, 480.7414 us/op
WorkloadPilot    8: 2048 op, 987185196.00 ns, 482.0240 us/op

OverheadWarmup   1: 2048 op, 4998.00 ns, 2.4404 ns/op
OverheadWarmup   2: 2048 op, 4844.00 ns, 2.3652 ns/op
OverheadWarmup   3: 2048 op, 4813.00 ns, 2.3501 ns/op
OverheadWarmup   4: 2048 op, 4908.00 ns, 2.3965 ns/op
OverheadWarmup   5: 2048 op, 4792.00 ns, 2.3398 ns/op
OverheadWarmup   6: 2048 op, 4898.00 ns, 2.3916 ns/op
OverheadWarmup   7: 2048 op, 4799.00 ns, 2.3433 ns/op

OverheadActual   1: 2048 op, 4801.00 ns, 2.3442 ns/op
OverheadActual   2: 2048 op, 5085.00 ns, 2.4829 ns/op
OverheadActual   3: 2048 op, 4924.00 ns, 2.4043 ns/op
OverheadActual   4: 2048 op, 4924.00 ns, 2.4043 ns/op
OverheadActual   5: 2048 op, 4891.00 ns, 2.3882 ns/op
OverheadActual   6: 2048 op, 5101.00 ns, 2.4907 ns/op
OverheadActual   7: 2048 op, 5081.00 ns, 2.4810 ns/op
OverheadActual   8: 2048 op, 4887.00 ns, 2.3862 ns/op
OverheadActual   9: 2048 op, 5096.00 ns, 2.4883 ns/op
OverheadActual  10: 2048 op, 4893.00 ns, 2.3892 ns/op
OverheadActual  11: 2048 op, 4891.00 ns, 2.3882 ns/op
OverheadActual  12: 2048 op, 4910.00 ns, 2.3975 ns/op
OverheadActual  13: 2048 op, 4895.00 ns, 2.3901 ns/op
OverheadActual  14: 2048 op, 4909.00 ns, 2.3970 ns/op
OverheadActual  15: 2048 op, 4896.00 ns, 2.3906 ns/op
OverheadActual  16: 2048 op, 5101.00 ns, 2.4907 ns/op
OverheadActual  17: 2048 op, 5116.00 ns, 2.4980 ns/op
OverheadActual  18: 2048 op, 5122.00 ns, 2.5010 ns/op
OverheadActual  19: 2048 op, 4894.00 ns, 2.3896 ns/op
OverheadActual  20: 2048 op, 4931.00 ns, 2.4077 ns/op

WorkloadWarmup   1: 2048 op, 989363167.00 ns, 483.0875 us/op
WorkloadWarmup   2: 2048 op, 989547322.00 ns, 483.1774 us/op
WorkloadWarmup   3: 2048 op, 988045591.00 ns, 482.4441 us/op

// BeforeActualRun
WorkloadActual   1: 2048 op, 1047114621.00 ns, 511.2864 us/op
WorkloadActual   2: 2048 op, 1204550180.00 ns, 588.1593 us/op
WorkloadActual   3: 2048 op, 1089478763.00 ns, 531.9721 us/op

// AfterActualRun
WorkloadResult   1: 2048 op, 1047109704.00 ns, 511.2840 us/op
WorkloadResult   2: 2048 op, 1204545263.00 ns, 588.1569 us/op
WorkloadResult   3: 2048 op, 1089473846.00 ns, 531.9697 us/op
// GC:  183 76 0 1534510064 2048
// Threading:  0 0 2048

// AfterAll
// Benchmark Process 2242 has exited with code 0.

Mean = 543.804 us, StdErr = 22.967 us (4.22%), N = 3, StdDev = 39.779 us
Min = 511.284 us, Q1 = 521.627 us, Median = 531.970 us, Q3 = 560.063 us, Max = 588.157 us
IQR = 38.436 us, LowerFence = 463.972 us, UpperFence = 617.718 us
ConfidenceInterval = [-181.918 us; 1,269.525 us] (CI 99.9%), Margin = 725.722 us (133.45% of Mean)
Skewness = 0.27, Kurtosis = 0.67, MValue = 2

// ** Remained 24 (27.0 %) benchmark(s) to run. Estimated finish 2026-10-07 19:54 (0h 2m from now) **
// **************************
// Benchmark: PlutusUseCasesBenchmarks.DecodeAndEval: NativeAOT 10.0(Runtime=NativeAOT 10.0, Toolchain=Latest ILCompiler, IterationCount=3, LaunchCount=1, MinIterationCount=50, WarmupCount=3) [Script=ping-pong-2]
// *** Execute ***
// Launch: 1 / 1
// Execute: /bench/chrysalis/benchmarks/PlutusBench/bin/Release/net10.0/PlutusBench-NativeAOT 10.0-1/bin/Release/net10.0/linux-x64/publish/PlutusBench-NativeAOT 10.0-1 --anonymousPipes 113 114 --benchmarkName "PlutusUseCasesBenchmarks.DecodeAndEval(Script: \"ping-pong-2\")" --job "NativeAOT 10.0" --benchmarkId 65 in 
// BeforeAnythingElse

// Benchmark Process Environment Information:
// BenchmarkDotNet v0.15.8
// Runtime=.NET 10.0.12, X64 NativeAOT x86-64-v4
// GC=Concurrent Workstation
// HardwareIntrinsics=AVX512 IFMA+VBMI,AVX512 F+BW+CD+DQ+VL,AVX2+BMI1+BMI2+F16C+FMA+LZCNT+MOVBE,AVX,SSE3+SSSE3+SSE4.1+SSE4.2+POPCNT,X86Base+SSE+SSE2,AES+PCLMUL VectorSize=256
// Job: NativeAOT 10.0(IterationCount=3, LaunchCount=1, MinIterationCount=50, WarmupCount=3)

OverheadJitting  1: 1 op, 310.00 ns, 310.0000 ns/op
WorkloadJitting  1: 1 op, 727869.00 ns, 727.8690 us/op

OverheadJitting  2: 16 op, 288.00 ns, 18.0000 ns/op
WorkloadJitting  2: 16 op, 10281630.00 ns, 642.6019 us/op

WorkloadPilot    1: 16 op, 9116977.00 ns, 569.8111 us/op
WorkloadPilot    2: 32 op, 17483375.00 ns, 546.3555 us/op
WorkloadPilot    3: 64 op, 32953339.00 ns, 514.8959 us/op
WorkloadPilot    4: 128 op, 62762077.00 ns, 490.3287 us/op
WorkloadPilot    5: 256 op, 123151938.00 ns, 481.0623 us/op
WorkloadPilot    6: 512 op, 246780055.00 ns, 481.9923 us/op
WorkloadPilot    7: 1024 op, 491370590.00 ns, 479.8541 us/op
WorkloadPilot    8: 2048 op, 986256128.00 ns, 481.5704 us/op

OverheadWarmup   1: 2048 op, 5376.00 ns, 2.6250 ns/op
OverheadWarmup   2: 2048 op, 5173.00 ns, 2.5259 ns/op
OverheadWarmup   3: 2048 op, 5134.00 ns, 2.5068 ns/op
OverheadWarmup   4: 2048 op, 5179.00 ns, 2.5288 ns/op
OverheadWarmup   5: 2048 op, 5176.00 ns, 2.5273 ns/op
OverheadWarmup   6: 2048 op, 5081.00 ns, 2.4810 ns/op
OverheadWarmup   7: 2048 op, 5393.00 ns, 2.6333 ns/op
OverheadWarmup   8: 2048 op, 5213.00 ns, 2.5454 ns/op

OverheadActual   1: 2048 op, 5109.00 ns, 2.4946 ns/op
OverheadActual   2: 2048 op, 5272.00 ns, 2.5742 ns/op
OverheadActual   3: 2048 op, 5285.00 ns, 2.5806 ns/op
OverheadActual   4: 2048 op, 5300.00 ns, 2.5879 ns/op
OverheadActual   5: 2048 op, 5254.00 ns, 2.5654 ns/op
OverheadActual   6: 2048 op, 5264.00 ns, 2.5703 ns/op
OverheadActual   7: 2048 op, 5373.00 ns, 2.6235 ns/op
OverheadActual   8: 2048 op, 5521.00 ns, 2.6958 ns/op
OverheadActual   9: 2048 op, 5163.00 ns, 2.5210 ns/op
OverheadActual  10: 2048 op, 5216.00 ns, 2.5469 ns/op
OverheadActual  11: 2048 op, 5275.00 ns, 2.5757 ns/op
OverheadActual  12: 2048 op, 5240.00 ns, 2.5586 ns/op
OverheadActual  13: 2048 op, 5276.00 ns, 2.5762 ns/op
OverheadActual  14: 2048 op, 5526.00 ns, 2.6982 ns/op
OverheadActual  15: 2048 op, 5241.00 ns, 2.5591 ns/op
OverheadActual  16: 2048 op, 5249.00 ns, 2.5630 ns/op
OverheadActual  17: 2048 op, 5213.00 ns, 2.5454 ns/op
OverheadActual  18: 2048 op, 5191.00 ns, 2.5347 ns/op
OverheadActual  19: 2048 op, 5230.00 ns, 2.5537 ns/op
OverheadActual  20: 2048 op, 5466.00 ns, 2.6689 ns/op

WorkloadWarmup   1: 2048 op, 988198476.00 ns, 482.5188 us/op
WorkloadWarmup   2: 2048 op, 991134826.00 ns, 483.9526 us/op
WorkloadWarmup   3: 2048 op, 984559497.00 ns, 480.7419 us/op

// BeforeActualRun
WorkloadActual   1: 2048 op, 983404631.00 ns, 480.1780 us/op
WorkloadActual   2: 2048 op, 982865026.00 ns, 479.9146 us/op
WorkloadActual   3: 2048 op, 986899409.00 ns, 481.8845 us/op

// AfterActualRun
WorkloadResult   1: 2048 op, 983399372.00 ns, 480.1755 us/op
WorkloadResult   2: 2048 op, 982859767.00 ns, 479.9120 us/op
WorkloadResult   3: 2048 op, 986894150.00 ns, 481.8819 us/op
// GC:  183 76 0 1534510064 2048
// Threading:  0 0 2048

// AfterAll
// Benchmark Process 2245 has exited with code 0.

Mean = 480.656 us, StdErr = 0.617 us (0.13%), N = 3, StdDev = 1.069 us
Min = 479.912 us, Q1 = 480.044 us, Median = 480.175 us, Q3 = 481.029 us, Max = 481.882 us
IQR = 0.985 us, LowerFence = 478.566 us, UpperFence = 482.506 us
ConfidenceInterval = [461.146 us; 500.167 us] (CI 99.9%), Margin = 19.510 us (4.06% of Mean)
Skewness = 0.36, Kurtosis = 0.67, MValue = 2

// ** Remained 23 (25.8 %) benchmark(s) to run. Estimated finish 2026-10-07 19:54 (0h 2m from now) **
// **************************
// Benchmark: PlutusUseCasesBenchmarks.DecodeAndEval: NativeAOT 10.0(Runtime=NativeAOT 10.0, Toolchain=Latest ILCompiler, IterationCount=3, LaunchCount=1, MinIterationCount=50, WarmupCount=3) [Script=prism-1]
// *** Execute ***
// Launch: 1 / 1
// Execute: /bench/chrysalis/benchmarks/PlutusBench/bin/Release/net10.0/PlutusBench-NativeAOT 10.0-1/bin/Release/net10.0/linux-x64/publish/PlutusBench-NativeAOT 10.0-1 --anonymousPipes 113 114 --benchmarkName "PlutusUseCasesBenchmarks.DecodeAndEval(Script: \"prism-1\")" --job "NativeAOT 10.0" --benchmarkId 66 in 
// BeforeAnythingElse

// Benchmark Process Environment Information:
// BenchmarkDotNet v0.15.8
// Runtime=.NET 10.0.12, X64 NativeAOT x86-64-v4
// GC=Concurrent Workstation
// HardwareIntrinsics=AVX512 IFMA+VBMI,AVX512 F+BW+CD+DQ+VL,AVX2+BMI1+BMI2+F16C+FMA+LZCNT+MOVBE,AVX,SSE3+SSSE3+SSE4.1+SSE4.2+POPCNT,X86Base+SSE+SSE2,AES+PCLMUL VectorSize=256
// Job: NativeAOT 10.0(IterationCount=3, LaunchCount=1, MinIterationCount=50, WarmupCount=3)

OverheadJitting  1: 1 op, 188.00 ns, 188.0000 ns/op
WorkloadJitting  1: 1 op, 337513.00 ns, 337.5130 us/op

OverheadJitting  2: 16 op, 283.00 ns, 17.6875 ns/op
WorkloadJitting  2: 16 op, 4729669.00 ns, 295.6043 us/op

WorkloadPilot    1: 16 op, 4424976.00 ns, 276.5610 us/op
WorkloadPilot    2: 32 op, 7428430.00 ns, 232.1384 us/op
WorkloadPilot    3: 64 op, 13982468.00 ns, 218.4761 us/op
WorkloadPilot    4: 128 op, 26671834.00 ns, 208.3737 us/op
WorkloadPilot    5: 256 op, 51741816.00 ns, 202.1165 us/op
WorkloadPilot    6: 512 op, 102446726.00 ns, 200.0913 us/op
WorkloadPilot    7: 1024 op, 205161122.00 ns, 200.3527 us/op
WorkloadPilot    8: 2048 op, 407877140.00 ns, 199.1588 us/op
WorkloadPilot    9: 4096 op, 816041717.00 ns, 199.2289 us/op

OverheadWarmup   1: 4096 op, 9901.00 ns, 2.4172 ns/op
OverheadWarmup   2: 4096 op, 9680.00 ns, 2.3633 ns/op
OverheadWarmup   3: 4096 op, 9691.00 ns, 2.3660 ns/op
OverheadWarmup   4: 4096 op, 13161.00 ns, 3.2131 ns/op
OverheadWarmup   5: 4096 op, 9675.00 ns, 2.3621 ns/op
OverheadWarmup   6: 4096 op, 9689.00 ns, 2.3655 ns/op
OverheadWarmup   7: 4096 op, 9685.00 ns, 2.3645 ns/op

OverheadActual   1: 4096 op, 9700.00 ns, 2.3682 ns/op
OverheadActual   2: 4096 op, 9873.00 ns, 2.4104 ns/op
OverheadActual   3: 4096 op, 9886.00 ns, 2.4136 ns/op
OverheadActual   4: 4096 op, 9875.00 ns, 2.4109 ns/op
OverheadActual   5: 4096 op, 9910.00 ns, 2.4194 ns/op
OverheadActual   6: 4096 op, 10081.00 ns, 2.4612 ns/op
OverheadActual   7: 4096 op, 10282.00 ns, 2.5103 ns/op
OverheadActual   8: 4096 op, 10211.00 ns, 2.4929 ns/op
OverheadActual   9: 4096 op, 10268.00 ns, 2.5068 ns/op
OverheadActual  10: 4096 op, 10270.00 ns, 2.5073 ns/op
OverheadActual  11: 4096 op, 10225.00 ns, 2.4963 ns/op
OverheadActual  12: 4096 op, 9874.00 ns, 2.4106 ns/op
OverheadActual  13: 4096 op, 9852.00 ns, 2.4053 ns/op
OverheadActual  14: 4096 op, 9885.00 ns, 2.4133 ns/op
OverheadActual  15: 4096 op, 10099.00 ns, 2.4656 ns/op
OverheadActual  16: 4096 op, 9889.00 ns, 2.4143 ns/op
OverheadActual  17: 4096 op, 9893.00 ns, 2.4153 ns/op
OverheadActual  18: 4096 op, 10290.00 ns, 2.5122 ns/op
OverheadActual  19: 4096 op, 10240.00 ns, 2.5000 ns/op
OverheadActual  20: 4096 op, 9826.00 ns, 2.3989 ns/op

WorkloadWarmup   1: 4096 op, 820163100.00 ns, 200.2351 us/op
WorkloadWarmup   2: 4096 op, 823739773.00 ns, 201.1083 us/op
WorkloadWarmup   3: 4096 op, 820641401.00 ns, 200.3519 us/op

// BeforeActualRun
WorkloadActual   1: 4096 op, 818809872.00 ns, 199.9048 us/op
WorkloadActual   2: 4096 op, 817743986.00 ns, 199.6445 us/op
WorkloadActual   3: 4096 op, 820465809.00 ns, 200.3090 us/op

// AfterActualRun
WorkloadResult   1: 4096 op, 818799970.50 ns, 199.9023 us/op
WorkloadResult   2: 4096 op, 817734084.50 ns, 199.6421 us/op
WorkloadResult   3: 4096 op, 820455907.50 ns, 200.3066 us/op
// GC:  181 51 0 1521189872 4096
// Threading:  0 0 4096

// AfterAll
// Benchmark Process 2247 has exited with code 0.

Mean = 199.950 us, StdErr = 0.193 us (0.10%), N = 3, StdDev = 0.335 us
Min = 199.642 us, Q1 = 199.772 us, Median = 199.902 us, Q3 = 200.104 us, Max = 200.307 us
IQR = 0.332 us, LowerFence = 199.274 us, UpperFence = 200.603 us
ConfidenceInterval = [193.842 us; 206.059 us] (CI 99.9%), Margin = 6.109 us (3.06% of Mean)
Skewness = 0.14, Kurtosis = 0.67, MValue = 2

// ** Remained 22 (24.7 %) benchmark(s) to run. Estimated finish 2026-10-07 19:54 (0h 2m from now) **
// **************************
// Benchmark: PlutusUseCasesBenchmarks.DecodeAndEval: NativeAOT 10.0(Runtime=NativeAOT 10.0, Toolchain=Latest ILCompiler, IterationCount=3, LaunchCount=1, MinIterationCount=50, WarmupCount=3) [Script=prism-2]
// *** Execute ***
// Launch: 1 / 1
// Execute: /bench/chrysalis/benchmarks/PlutusBench/bin/Release/net10.0/PlutusBench-NativeAOT 10.0-1/bin/Release/net10.0/linux-x64/publish/PlutusBench-NativeAOT 10.0-1 --anonymousPipes 113 114 --benchmarkName "PlutusUseCasesBenchmarks.DecodeAndEval(Script: \"prism-2\")" --job "NativeAOT 10.0" --benchmarkId 67 in 
// BeforeAnythingElse

// Benchmark Process Environment Information:
// BenchmarkDotNet v0.15.8
// Runtime=.NET 10.0.12, X64 NativeAOT x86-64-v4
// GC=Concurrent Workstation
// HardwareIntrinsics=AVX512 IFMA+VBMI,AVX512 F+BW+CD+DQ+VL,AVX2+BMI1+BMI2+F16C+FMA+LZCNT+MOVBE,AVX,SSE3+SSSE3+SSE4.1+SSE4.2+POPCNT,X86Base+SSE+SSE2,AES+PCLMUL VectorSize=256
// Job: NativeAOT 10.0(IterationCount=3, LaunchCount=1, MinIterationCount=50, WarmupCount=3)

OverheadJitting  1: 1 op, 219.00 ns, 219.0000 ns/op
WorkloadJitting  1: 1 op, 839347.00 ns, 839.3470 us/op

OverheadJitting  2: 16 op, 263.00 ns, 16.4375 ns/op
WorkloadJitting  2: 16 op, 11400376.00 ns, 712.5235 us/op

WorkloadPilot    1: 16 op, 10581591.00 ns, 661.3494 us/op
WorkloadPilot    2: 32 op, 19876927.00 ns, 621.1540 us/op
WorkloadPilot    3: 64 op, 37348169.00 ns, 583.5651 us/op
WorkloadPilot    4: 128 op, 74178024.00 ns, 579.5158 us/op
WorkloadPilot    5: 256 op, 148328717.00 ns, 579.4091 us/op
WorkloadPilot    6: 512 op, 298318660.00 ns, 582.6536 us/op
WorkloadPilot    7: 1024 op, 593509861.00 ns, 579.5995 us/op

OverheadWarmup   1: 1024 op, 2893.00 ns, 2.8252 ns/op
OverheadWarmup   2: 1024 op, 2694.00 ns, 2.6309 ns/op
OverheadWarmup   3: 1024 op, 2688.00 ns, 2.6250 ns/op
OverheadWarmup   4: 1024 op, 2679.00 ns, 2.6162 ns/op
OverheadWarmup   5: 1024 op, 2693.00 ns, 2.6299 ns/op
OverheadWarmup   6: 1024 op, 2677.00 ns, 2.6143 ns/op
OverheadWarmup   7: 1024 op, 2754.00 ns, 2.6895 ns/op
OverheadWarmup   8: 1024 op, 2802.00 ns, 2.7363 ns/op
OverheadWarmup   9: 1024 op, 2659.00 ns, 2.5967 ns/op

OverheadActual   1: 1024 op, 2654.00 ns, 2.5918 ns/op
OverheadActual   2: 1024 op, 2666.00 ns, 2.6035 ns/op
OverheadActual   3: 1024 op, 2581.00 ns, 2.5205 ns/op
OverheadActual   4: 1024 op, 2583.00 ns, 2.5225 ns/op
OverheadActual   5: 1024 op, 2650.00 ns, 2.5879 ns/op
OverheadActual   6: 1024 op, 2682.00 ns, 2.6191 ns/op
OverheadActual   7: 1024 op, 2771.00 ns, 2.7061 ns/op
OverheadActual   8: 1024 op, 2665.00 ns, 2.6025 ns/op
OverheadActual   9: 1024 op, 2623.00 ns, 2.5615 ns/op
OverheadActual  10: 1024 op, 2643.00 ns, 2.5811 ns/op
OverheadActual  11: 1024 op, 2630.00 ns, 2.5684 ns/op
OverheadActual  12: 1024 op, 2825.00 ns, 2.7588 ns/op
OverheadActual  13: 1024 op, 2686.00 ns, 2.6230 ns/op
OverheadActual  14: 1024 op, 2763.00 ns, 2.6982 ns/op
OverheadActual  15: 1024 op, 2618.00 ns, 2.5566 ns/op
OverheadActual  16: 1024 op, 2771.00 ns, 2.7061 ns/op
OverheadActual  17: 1024 op, 2787.00 ns, 2.7217 ns/op
OverheadActual  18: 1024 op, 2647.00 ns, 2.5850 ns/op
OverheadActual  19: 1024 op, 2773.00 ns, 2.7080 ns/op
OverheadActual  20: 1024 op, 2651.00 ns, 2.5889 ns/op

WorkloadWarmup   1: 1024 op, 593557034.00 ns, 579.6455 us/op
WorkloadWarmup   2: 1024 op, 598107975.00 ns, 584.0898 us/op
WorkloadWarmup   3: 1024 op, 591982486.00 ns, 578.1079 us/op

// BeforeActualRun
WorkloadActual   1: 1024 op, 592925766.00 ns, 579.0291 us/op
WorkloadActual   2: 1024 op, 592044980.00 ns, 578.1689 us/op
WorkloadActual   3: 1024 op, 591264749.00 ns, 577.4070 us/op

// AfterActualRun
WorkloadResult   1: 1024 op, 592923106.50 ns, 579.0265 us/op
WorkloadResult   2: 1024 op, 592042320.50 ns, 578.1663 us/op
WorkloadResult   3: 1024 op, 591262089.50 ns, 577.4044 us/op
// GC:  107 50 0 898204656 1024
// Threading:  0 0 1024

// AfterAll
// Benchmark Process 2249 has exited with code 0.

Mean = 578.199 us, StdErr = 0.469 us (0.08%), N = 3, StdDev = 0.812 us
Min = 577.404 us, Q1 = 577.785 us, Median = 578.166 us, Q3 = 578.596 us, Max = 579.026 us
IQR = 0.811 us, LowerFence = 576.569 us, UpperFence = 579.813 us
ConfidenceInterval = [563.394 us; 593.005 us] (CI 99.9%), Margin = 14.805 us (2.56% of Mean)
Skewness = 0.04, Kurtosis = 0.67, MValue = 2

// ** Remained 21 (23.6 %) benchmark(s) to run. Estimated finish 2026-10-07 19:54 (0h 2m from now) **
// **************************
// Benchmark: PlutusUseCasesBenchmarks.DecodeAndEval: NativeAOT 10.0(Runtime=NativeAOT 10.0, Toolchain=Latest ILCompiler, IterationCount=3, LaunchCount=1, MinIterationCount=50, WarmupCount=3) [Script=prism-3]
// *** Execute ***
// Launch: 1 / 1
// Execute: /bench/chrysalis/benchmarks/PlutusBench/bin/Release/net10.0/PlutusBench-NativeAOT 10.0-1/bin/Release/net10.0/linux-x64/publish/PlutusBench-NativeAOT 10.0-1 --anonymousPipes 113 114 --benchmarkName "PlutusUseCasesBenchmarks.DecodeAndEval(Script: \"prism-3\")" --job "NativeAOT 10.0" --benchmarkId 68 in 
// BeforeAnythingElse

// Benchmark Process Environment Information:
// BenchmarkDotNet v0.15.8
// Runtime=.NET 10.0.12, X64 NativeAOT x86-64-v4
// GC=Concurrent Workstation
// HardwareIntrinsics=AVX512 IFMA+VBMI,AVX512 F+BW+CD+DQ+VL,AVX2+BMI1+BMI2+F16C+FMA+LZCNT+MOVBE,AVX,SSE3+SSSE3+SSE4.1+SSE4.2+POPCNT,X86Base+SSE+SSE2,AES+PCLMUL VectorSize=256
// Job: NativeAOT 10.0(IterationCount=3, LaunchCount=1, MinIterationCount=50, WarmupCount=3)

OverheadJitting  1: 1 op, 211.00 ns, 211.0000 ns/op
WorkloadJitting  1: 1 op, 717983.00 ns, 717.9830 us/op

OverheadJitting  2: 16 op, 295.00 ns, 18.4375 ns/op
WorkloadJitting  2: 16 op, 9784476.00 ns, 611.5298 us/op

WorkloadPilot    1: 16 op, 8209811.00 ns, 513.1132 us/op
WorkloadPilot    2: 32 op, 16444028.00 ns, 513.8759 us/op
WorkloadPilot    3: 64 op, 30100685.00 ns, 470.3232 us/op
WorkloadPilot    4: 128 op, 58390105.00 ns, 456.1727 us/op
WorkloadPilot    5: 256 op, 114977398.00 ns, 449.1305 us/op
WorkloadPilot    6: 512 op, 230010561.00 ns, 449.2394 us/op
WorkloadPilot    7: 1024 op, 459736235.00 ns, 448.9612 us/op
WorkloadPilot    8: 2048 op, 914230324.00 ns, 446.4015 us/op

OverheadWarmup   1: 2048 op, 5003.00 ns, 2.4429 ns/op
OverheadWarmup   2: 2048 op, 4816.00 ns, 2.3516 ns/op
OverheadWarmup   3: 2048 op, 4785.00 ns, 2.3364 ns/op
OverheadWarmup   4: 2048 op, 4786.00 ns, 2.3369 ns/op
OverheadWarmup   5: 2048 op, 4744.00 ns, 2.3164 ns/op
OverheadWarmup   6: 2048 op, 4760.00 ns, 2.3242 ns/op
OverheadWarmup   7: 2048 op, 5184.00 ns, 2.5313 ns/op
OverheadWarmup   8: 2048 op, 5039.00 ns, 2.4604 ns/op

OverheadActual   1: 2048 op, 5107.00 ns, 2.4937 ns/op
OverheadActual   2: 2048 op, 4854.00 ns, 2.3701 ns/op
OverheadActual   3: 2048 op, 4885.00 ns, 2.3853 ns/op
OverheadActual   4: 2048 op, 4860.00 ns, 2.3730 ns/op
OverheadActual   5: 2048 op, 4862.00 ns, 2.3740 ns/op
OverheadActual   6: 2048 op, 4903.00 ns, 2.3940 ns/op
OverheadActual   7: 2048 op, 5068.00 ns, 2.4746 ns/op
OverheadActual   8: 2048 op, 4862.00 ns, 2.3740 ns/op
OverheadActual   9: 2048 op, 4859.00 ns, 2.3726 ns/op
OverheadActual  10: 2048 op, 4868.00 ns, 2.3770 ns/op
OverheadActual  11: 2048 op, 4857.00 ns, 2.3716 ns/op
OverheadActual  12: 2048 op, 4878.00 ns, 2.3818 ns/op
OverheadActual  13: 2048 op, 5074.00 ns, 2.4775 ns/op
OverheadActual  14: 2048 op, 5095.00 ns, 2.4878 ns/op
OverheadActual  15: 2048 op, 5086.00 ns, 2.4834 ns/op
OverheadActual  16: 2048 op, 5065.00 ns, 2.4731 ns/op
OverheadActual  17: 2048 op, 5203.00 ns, 2.5405 ns/op
OverheadActual  18: 2048 op, 4886.00 ns, 2.3857 ns/op
OverheadActual  19: 2048 op, 4858.00 ns, 2.3721 ns/op
OverheadActual  20: 2048 op, 4861.00 ns, 2.3735 ns/op

WorkloadWarmup   1: 2048 op, 918613217.00 ns, 448.5416 us/op
WorkloadWarmup   2: 2048 op, 913299227.00 ns, 445.9469 us/op
WorkloadWarmup   3: 2048 op, 917201014.00 ns, 447.8521 us/op

// BeforeActualRun
WorkloadActual   1: 2048 op, 924005718.00 ns, 451.1747 us/op
WorkloadActual   2: 2048 op, 916203014.00 ns, 447.3648 us/op
WorkloadActual   3: 2048 op, 915200095.00 ns, 446.8750 us/op

// AfterActualRun
WorkloadResult   1: 2048 op, 924000836.50 ns, 451.1723 us/op
WorkloadResult   2: 2048 op, 916198132.50 ns, 447.3624 us/op
WorkloadResult   3: 2048 op, 915195213.50 ns, 446.8727 us/op
// GC:  166 51 0 1394836464 2048
// Threading:  0 0 2048

// AfterAll
// Benchmark Process 2251 has exited with code 0.

Mean = 448.469 us, StdErr = 1.359 us (0.30%), N = 3, StdDev = 2.354 us
Min = 446.873 us, Q1 = 447.118 us, Median = 447.362 us, Q3 = 449.267 us, Max = 451.172 us
IQR = 2.150 us, LowerFence = 443.893 us, UpperFence = 452.492 us
ConfidenceInterval = [405.527 us; 491.411 us] (CI 99.9%), Margin = 42.942 us (9.58% of Mean)
Skewness = 0.37, Kurtosis = 0.67, MValue = 2

// ** Remained 20 (22.5 %) benchmark(s) to run. Estimated finish 2026-10-07 19:54 (0h 2m from now) **
// **************************
// Benchmark: PlutusUseCasesBenchmarks.DecodeAndEval: NativeAOT 10.0(Runtime=NativeAOT 10.0, Toolchain=Latest ILCompiler, IterationCount=3, LaunchCount=1, MinIterationCount=50, WarmupCount=3) [Script=pubkey-1]
// *** Execute ***
// Launch: 1 / 1
// Execute: /bench/chrysalis/benchmarks/PlutusBench/bin/Release/net10.0/PlutusBench-NativeAOT 10.0-1/bin/Release/net10.0/linux-x64/publish/PlutusBench-NativeAOT 10.0-1 --anonymousPipes 115 116 --benchmarkName "PlutusUseCasesBenchmarks.DecodeAndEval(Script: \"pubkey-1\")" --job "NativeAOT 10.0" --benchmarkId 69 in 
// BeforeAnythingElse

// Benchmark Process Environment Information:
// BenchmarkDotNet v0.15.8
// Runtime=.NET 10.0.12, X64 NativeAOT x86-64-v4
// GC=Concurrent Workstation
// HardwareIntrinsics=AVX512 IFMA+VBMI,AVX512 F+BW+CD+DQ+VL,AVX2+BMI1+BMI2+F16C+FMA+LZCNT+MOVBE,AVX,SSE3+SSSE3+SSE4.1+SSE4.2+POPCNT,X86Base+SSE+SSE2,AES+PCLMUL VectorSize=256
// Job: NativeAOT 10.0(IterationCount=3, LaunchCount=1, MinIterationCount=50, WarmupCount=3)

OverheadJitting  1: 1 op, 274.00 ns, 274.0000 ns/op
WorkloadJitting  1: 1 op, 332764.00 ns, 332.7640 us/op

OverheadJitting  2: 16 op, 290.00 ns, 18.1250 ns/op
WorkloadJitting  2: 16 op, 4201374.00 ns, 262.5859 us/op

WorkloadPilot    1: 16 op, 3793048.00 ns, 237.0655 us/op
WorkloadPilot    2: 32 op, 6697957.00 ns, 209.3112 us/op
WorkloadPilot    3: 64 op, 12175490.00 ns, 190.2420 us/op
WorkloadPilot    4: 128 op, 24185578.00 ns, 188.9498 us/op
WorkloadPilot    5: 256 op, 45262523.00 ns, 176.8067 us/op
WorkloadPilot    6: 512 op, 89775218.00 ns, 175.3422 us/op
WorkloadPilot    7: 1024 op, 189108354.00 ns, 184.6761 us/op
WorkloadPilot    8: 2048 op, 358970299.00 ns, 175.2785 us/op
WorkloadPilot    9: 4096 op, 834164123.00 ns, 203.6534 us/op

OverheadWarmup   1: 4096 op, 11633.00 ns, 2.8401 ns/op
OverheadWarmup   2: 4096 op, 11506.00 ns, 2.8091 ns/op
OverheadWarmup   3: 4096 op, 11442.00 ns, 2.7935 ns/op
OverheadWarmup   4: 4096 op, 11511.00 ns, 2.8103 ns/op
OverheadWarmup   5: 4096 op, 11425.00 ns, 2.7893 ns/op
OverheadWarmup   6: 4096 op, 11421.00 ns, 2.7883 ns/op
OverheadWarmup   7: 4096 op, 11429.00 ns, 2.7903 ns/op
OverheadWarmup   8: 4096 op, 11398.00 ns, 2.7827 ns/op

OverheadActual   1: 4096 op, 11498.00 ns, 2.8071 ns/op
OverheadActual   2: 4096 op, 11394.00 ns, 2.7817 ns/op
OverheadActual   3: 4096 op, 11414.00 ns, 2.7866 ns/op
OverheadActual   4: 4096 op, 11465.00 ns, 2.7991 ns/op
OverheadActual   5: 4096 op, 11460.00 ns, 2.7979 ns/op
OverheadActual   6: 4096 op, 11432.00 ns, 2.7910 ns/op
OverheadActual   7: 4096 op, 15570.00 ns, 3.8013 ns/op
OverheadActual   8: 4096 op, 11437.00 ns, 2.7922 ns/op
OverheadActual   9: 4096 op, 11440.00 ns, 2.7930 ns/op
OverheadActual  10: 4096 op, 11420.00 ns, 2.7881 ns/op
OverheadActual  11: 4096 op, 11431.00 ns, 2.7908 ns/op
OverheadActual  12: 4096 op, 11438.00 ns, 2.7925 ns/op
OverheadActual  13: 4096 op, 11443.00 ns, 2.7937 ns/op
OverheadActual  14: 4096 op, 11407.00 ns, 2.7849 ns/op
OverheadActual  15: 4096 op, 11405.00 ns, 2.7844 ns/op
OverheadActual  16: 4096 op, 11431.00 ns, 2.7908 ns/op
OverheadActual  17: 4096 op, 11409.00 ns, 2.7854 ns/op
OverheadActual  18: 4096 op, 11396.00 ns, 2.7822 ns/op
OverheadActual  19: 4096 op, 11416.00 ns, 2.7871 ns/op
OverheadActual  20: 4096 op, 11461.00 ns, 2.7981 ns/op

WorkloadWarmup   1: 4096 op, 914886889.00 ns, 223.3611 us/op
WorkloadWarmup   2: 4096 op, 840243380.00 ns, 205.1375 us/op
WorkloadWarmup   3: 4096 op, 720047280.00 ns, 175.7928 us/op

// BeforeActualRun
WorkloadActual   1: 4096 op, 715562972.00 ns, 174.6980 us/op
WorkloadActual   2: 4096 op, 717746904.00 ns, 175.2312 us/op
WorkloadActual   3: 4096 op, 717072100.00 ns, 175.0664 us/op

// AfterActualRun
WorkloadResult   1: 4096 op, 715551540.50 ns, 174.6952 us/op
WorkloadResult   2: 4096 op, 717735472.50 ns, 175.2284 us/op
WorkloadResult   3: 4096 op, 717060668.50 ns, 175.0636 us/op
// GC:  167 44 0 1400112112 4096
// Threading:  0 0 4096

// AfterAll
// Benchmark Process 2255 has exited with code 0.

Mean = 174.996 us, StdErr = 0.158 us (0.09%), N = 3, StdDev = 0.273 us
Min = 174.695 us, Q1 = 174.879 us, Median = 175.064 us, Q3 = 175.146 us, Max = 175.228 us
IQR = 0.267 us, LowerFence = 174.480 us, UpperFence = 175.546 us
ConfidenceInterval = [170.015 us; 179.976 us] (CI 99.9%), Margin = 4.981 us (2.85% of Mean)
Skewness = -0.23, Kurtosis = 0.67, MValue = 2

// ** Remained 19 (21.3 %) benchmark(s) to run. Estimated finish 2026-10-07 19:54 (0h 2m from now) **
// **************************
// Benchmark: PlutusUseCasesBenchmarks.DecodeAndEval: NativeAOT 10.0(Runtime=NativeAOT 10.0, Toolchain=Latest ILCompiler, IterationCount=3, LaunchCount=1, MinIterationCount=50, WarmupCount=3) [Script=stablecoin_1-1]
// *** Execute ***
// Launch: 1 / 1
// Execute: /bench/chrysalis/benchmarks/PlutusBench/bin/Release/net10.0/PlutusBench-NativeAOT 10.0-1/bin/Release/net10.0/linux-x64/publish/PlutusBench-NativeAOT 10.0-1 --anonymousPipes 113 114 --benchmarkName "PlutusUseCasesBenchmarks.DecodeAndEval(Script: \"stablecoin_1-1\")" --job "NativeAOT 10.0" --benchmarkId 70 in 
// BeforeAnythingElse

// Benchmark Process Environment Information:
// BenchmarkDotNet v0.15.8
// Runtime=.NET 10.0.12, X64 NativeAOT x86-64-v4
// GC=Concurrent Workstation
// HardwareIntrinsics=AVX512 IFMA+VBMI,AVX512 F+BW+CD+DQ+VL,AVX2+BMI1+BMI2+F16C+FMA+LZCNT+MOVBE,AVX,SSE3+SSSE3+SSE4.1+SSE4.2+POPCNT,X86Base+SSE+SSE2,AES+PCLMUL VectorSize=256
// Job: NativeAOT 10.0(IterationCount=3, LaunchCount=1, MinIterationCount=50, WarmupCount=3)

OverheadJitting  1: 1 op, 204.00 ns, 204.0000 ns/op
WorkloadJitting  1: 1 op, 1816424.00 ns, 1.8164 ms/op

OverheadJitting  2: 16 op, 285.00 ns, 17.8125 ns/op
WorkloadJitting  2: 16 op, 24018568.00 ns, 1.5012 ms/op

WorkloadPilot    1: 16 op, 22180284.00 ns, 1.3863 ms/op
WorkloadPilot    2: 32 op, 40790536.00 ns, 1.2747 ms/op
WorkloadPilot    3: 64 op, 82041822.00 ns, 1.2819 ms/op
WorkloadPilot    4: 128 op, 163605133.00 ns, 1.2782 ms/op
WorkloadPilot    5: 256 op, 327986691.00 ns, 1.2812 ms/op
WorkloadPilot    6: 512 op, 656348155.00 ns, 1.2819 ms/op

OverheadWarmup   1: 512 op, 1536.00 ns, 3.0000 ns/op
OverheadWarmup   2: 512 op, 1413.00 ns, 2.7598 ns/op
OverheadWarmup   3: 512 op, 1339.00 ns, 2.6152 ns/op
OverheadWarmup   4: 512 op, 1343.00 ns, 2.6230 ns/op
OverheadWarmup   5: 512 op, 1352.00 ns, 2.6406 ns/op
OverheadWarmup   6: 512 op, 1342.00 ns, 2.6211 ns/op
OverheadWarmup   7: 512 op, 1341.00 ns, 2.6191 ns/op
OverheadWarmup   8: 512 op, 1410.00 ns, 2.7539 ns/op
OverheadWarmup   9: 512 op, 1353.00 ns, 2.6426 ns/op

OverheadActual   1: 512 op, 1324.00 ns, 2.5859 ns/op
OverheadActual   2: 512 op, 1331.00 ns, 2.5996 ns/op
OverheadActual   3: 512 op, 1320.00 ns, 2.5781 ns/op
OverheadActual   4: 512 op, 1308.00 ns, 2.5547 ns/op
OverheadActual   5: 512 op, 1348.00 ns, 2.6328 ns/op
OverheadActual   6: 512 op, 1428.00 ns, 2.7891 ns/op
OverheadActual   7: 512 op, 1403.00 ns, 2.7402 ns/op
OverheadActual   8: 512 op, 1405.00 ns, 2.7441 ns/op
OverheadActual   9: 512 op, 1366.00 ns, 2.6680 ns/op
OverheadActual  10: 512 op, 1327.00 ns, 2.5918 ns/op
OverheadActual  11: 512 op, 1370.00 ns, 2.6758 ns/op
OverheadActual  12: 512 op, 1378.00 ns, 2.6914 ns/op
OverheadActual  13: 512 op, 1397.00 ns, 2.7285 ns/op
OverheadActual  14: 512 op, 1396.00 ns, 2.7266 ns/op
OverheadActual  15: 512 op, 1351.00 ns, 2.6387 ns/op
OverheadActual  16: 512 op, 1334.00 ns, 2.6055 ns/op
OverheadActual  17: 512 op, 1343.00 ns, 2.6230 ns/op
OverheadActual  18: 512 op, 1317.00 ns, 2.5723 ns/op
OverheadActual  19: 512 op, 1376.00 ns, 2.6875 ns/op
OverheadActual  20: 512 op, 1403.00 ns, 2.7402 ns/op

WorkloadWarmup   1: 512 op, 659448808.00 ns, 1.2880 ms/op
WorkloadWarmup   2: 512 op, 657020774.00 ns, 1.2832 ms/op
WorkloadWarmup   3: 512 op, 655438450.00 ns, 1.2802 ms/op

// BeforeActualRun
WorkloadActual   1: 512 op, 655198225.00 ns, 1.2797 ms/op
WorkloadActual   2: 512 op, 655595477.00 ns, 1.2805 ms/op
WorkloadActual   3: 512 op, 654960342.00 ns, 1.2792 ms/op

// AfterActualRun
WorkloadResult   1: 512 op, 655196866.50 ns, 1.2797 ms/op
WorkloadResult   2: 512 op, 655594118.50 ns, 1.2805 ms/op
WorkloadResult   3: 512 op, 654958983.50 ns, 1.2792 ms/op
// GC:  86 39 0 721245504 512
// Threading:  0 0 512

// AfterAll
// Benchmark Process 2257 has exited with code 0.

Mean = 1.280 ms, StdErr = 0.000 ms (0.03%), N = 3, StdDev = 0.001 ms
Min = 1.279 ms, Q1 = 1.279 ms, Median = 1.280 ms, Q3 = 1.280 ms, Max = 1.280 ms
IQR = 0.001 ms, LowerFence = 1.279 ms, UpperFence = 1.281 ms
ConfidenceInterval = [1.268 ms; 1.291 ms] (CI 99.9%), Margin = 0.011 ms (0.89% of Mean)
Skewness = 0.16, Kurtosis = 0.67, MValue = 2

// ** Remained 18 (20.2 %) benchmark(s) to run. Estimated finish 2026-10-07 19:54 (0h 1m from now) **
// **************************
// Benchmark: PlutusUseCasesBenchmarks.DecodeAndEval: NativeAOT 10.0(Runtime=NativeAOT 10.0, Toolchain=Latest ILCompiler, IterationCount=3, LaunchCount=1, MinIterationCount=50, WarmupCount=3) [Script=stablecoin_1-2]
// *** Execute ***
// Launch: 1 / 1
// Execute: /bench/chrysalis/benchmarks/PlutusBench/bin/Release/net10.0/PlutusBench-NativeAOT 10.0-1/bin/Release/net10.0/linux-x64/publish/PlutusBench-NativeAOT 10.0-1 --anonymousPipes 113 114 --benchmarkName "PlutusUseCasesBenchmarks.DecodeAndEval(Script: \"stablecoin_1-2\")" --job "NativeAOT 10.0" --benchmarkId 71 in 
// BeforeAnythingElse

// Benchmark Process Environment Information:
// BenchmarkDotNet v0.15.8
// Runtime=.NET 10.0.12, X64 NativeAOT x86-64-v4
// GC=Concurrent Workstation
// HardwareIntrinsics=AVX512 IFMA+VBMI,AVX512 F+BW+CD+DQ+VL,AVX2+BMI1+BMI2+F16C+FMA+LZCNT+MOVBE,AVX,SSE3+SSSE3+SSE4.1+SSE4.2+POPCNT,X86Base+SSE+SSE2,AES+PCLMUL VectorSize=256
// Job: NativeAOT 10.0(IterationCount=3, LaunchCount=1, MinIterationCount=50, WarmupCount=3)

OverheadJitting  1: 1 op, 193.00 ns, 193.0000 ns/op
WorkloadJitting  1: 1 op, 364067.00 ns, 364.0670 us/op

OverheadJitting  2: 16 op, 299.00 ns, 18.6875 ns/op
WorkloadJitting  2: 16 op, 5220911.00 ns, 326.3069 us/op

WorkloadPilot    1: 16 op, 4667543.00 ns, 291.7214 us/op
WorkloadPilot    2: 32 op, 8115126.00 ns, 253.5977 us/op
WorkloadPilot    3: 64 op, 15837565.00 ns, 247.4620 us/op
WorkloadPilot    4: 128 op, 30644742.00 ns, 239.4120 us/op
WorkloadPilot    5: 256 op, 58319535.00 ns, 227.8107 us/op
WorkloadPilot    6: 512 op, 115532174.00 ns, 225.6488 us/op
WorkloadPilot    7: 1024 op, 233114940.00 ns, 227.6513 us/op
WorkloadPilot    8: 2048 op, 468470178.00 ns, 228.7452 us/op
WorkloadPilot    9: 4096 op, 922771480.00 ns, 225.2860 us/op

OverheadWarmup   1: 4096 op, 10424.00 ns, 2.5449 ns/op
OverheadWarmup   2: 4096 op, 10450.00 ns, 2.5513 ns/op
OverheadWarmup   3: 4096 op, 10108.00 ns, 2.4678 ns/op
OverheadWarmup   4: 4096 op, 10213.00 ns, 2.4934 ns/op
OverheadWarmup   5: 4096 op, 10179.00 ns, 2.4851 ns/op

OverheadActual   1: 4096 op, 10213.00 ns, 2.4934 ns/op
OverheadActual   2: 4096 op, 10361.00 ns, 2.5295 ns/op
OverheadActual   3: 4096 op, 10393.00 ns, 2.5374 ns/op
OverheadActual   4: 4096 op, 10388.00 ns, 2.5361 ns/op
OverheadActual   5: 4096 op, 10152.00 ns, 2.4785 ns/op
OverheadActual   6: 4096 op, 10390.00 ns, 2.5366 ns/op
OverheadActual   7: 4096 op, 10185.00 ns, 2.4866 ns/op
OverheadActual   8: 4096 op, 10376.00 ns, 2.5332 ns/op
OverheadActual   9: 4096 op, 10175.00 ns, 2.4841 ns/op
OverheadActual  10: 4096 op, 10371.00 ns, 2.5320 ns/op
OverheadActual  11: 4096 op, 10386.00 ns, 2.5356 ns/op
OverheadActual  12: 4096 op, 10363.00 ns, 2.5300 ns/op
OverheadActual  13: 4096 op, 10372.00 ns, 2.5322 ns/op
OverheadActual  14: 4096 op, 10260.00 ns, 2.5049 ns/op
OverheadActual  15: 4096 op, 10681.00 ns, 2.6077 ns/op
OverheadActual  16: 4096 op, 10266.00 ns, 2.5063 ns/op
OverheadActual  17: 4096 op, 10818.00 ns, 2.6411 ns/op
OverheadActual  18: 4096 op, 10846.00 ns, 2.6479 ns/op
OverheadActual  19: 4096 op, 10845.00 ns, 2.6477 ns/op
OverheadActual  20: 4096 op, 10823.00 ns, 2.6423 ns/op

WorkloadWarmup   1: 4096 op, 928675238.00 ns, 226.7274 us/op
WorkloadWarmup   2: 4096 op, 929944549.00 ns, 227.0372 us/op
WorkloadWarmup   3: 4096 op, 927392714.00 ns, 226.4142 us/op

// BeforeActualRun
WorkloadActual   1: 4096 op, 923296756.00 ns, 225.4142 us/op
WorkloadActual   2: 4096 op, 925953068.00 ns, 226.0628 us/op
WorkloadActual   3: 4096 op, 929713815.00 ns, 226.9809 us/op

// AfterActualRun
WorkloadResult   1: 4096 op, 923286382.00 ns, 225.4117 us/op
WorkloadResult   2: 4096 op, 925942694.00 ns, 226.0602 us/op
WorkloadResult   3: 4096 op, 929703441.00 ns, 226.9784 us/op
// GC:  203 60 0 1703609328 4096
// Threading:  0 0 4096

// AfterAll
// Benchmark Process 2260 has exited with code 0.

Mean = 226.150 us, StdErr = 0.454 us (0.20%), N = 3, StdDev = 0.787 us
Min = 225.412 us, Q1 = 225.736 us, Median = 226.060 us, Q3 = 226.519 us, Max = 226.978 us
IQR = 0.783 us, LowerFence = 224.561 us, UpperFence = 227.694 us
ConfidenceInterval = [211.789 us; 240.511 us] (CI 99.9%), Margin = 14.361 us (6.35% of Mean)
Skewness = 0.11, Kurtosis = 0.67, MValue = 2

// ** Remained 17 (19.1 %) benchmark(s) to run. Estimated finish 2026-10-07 19:54 (0h 1m from now) **
// **************************
// Benchmark: PlutusUseCasesBenchmarks.DecodeAndEval: NativeAOT 10.0(Runtime=NativeAOT 10.0, Toolchain=Latest ILCompiler, IterationCount=3, LaunchCount=1, MinIterationCount=50, WarmupCount=3) [Script=stablecoin_1-3]
// *** Execute ***
// Launch: 1 / 1
// Execute: /bench/chrysalis/benchmarks/PlutusBench/bin/Release/net10.0/PlutusBench-NativeAOT 10.0-1/bin/Release/net10.0/linux-x64/publish/PlutusBench-NativeAOT 10.0-1 --anonymousPipes 113 114 --benchmarkName "PlutusUseCasesBenchmarks.DecodeAndEval(Script: \"stablecoin_1-3\")" --job "NativeAOT 10.0" --benchmarkId 72 in 
// BeforeAnythingElse

// Benchmark Process Environment Information:
// BenchmarkDotNet v0.15.8
// Runtime=.NET 10.0.12, X64 NativeAOT x86-64-v4
// GC=Concurrent Workstation
// HardwareIntrinsics=AVX512 IFMA+VBMI,AVX512 F+BW+CD+DQ+VL,AVX2+BMI1+BMI2+F16C+FMA+LZCNT+MOVBE,AVX,SSE3+SSSE3+SSE4.1+SSE4.2+POPCNT,X86Base+SSE+SSE2,AES+PCLMUL VectorSize=256
// Job: NativeAOT 10.0(IterationCount=3, LaunchCount=1, MinIterationCount=50, WarmupCount=3)

OverheadJitting  1: 1 op, 206.00 ns, 206.0000 ns/op
WorkloadJitting  1: 1 op, 1965281.00 ns, 1.9653 ms/op

OverheadJitting  2: 16 op, 293.00 ns, 18.3125 ns/op
WorkloadJitting  2: 16 op, 27021478.00 ns, 1.6888 ms/op

WorkloadPilot    1: 16 op, 25103702.00 ns, 1.5690 ms/op
WorkloadPilot    2: 32 op, 46720109.00 ns, 1.4600 ms/op
WorkloadPilot    3: 64 op, 93275503.00 ns, 1.4574 ms/op
WorkloadPilot    4: 128 op, 189679817.00 ns, 1.4819 ms/op
WorkloadPilot    5: 256 op, 372127720.00 ns, 1.4536 ms/op
WorkloadPilot    6: 512 op, 742240476.00 ns, 1.4497 ms/op

OverheadWarmup   1: 512 op, 1510.00 ns, 2.9492 ns/op
OverheadWarmup   2: 512 op, 1336.00 ns, 2.6094 ns/op
OverheadWarmup   3: 512 op, 1355.00 ns, 2.6465 ns/op
OverheadWarmup   4: 512 op, 1354.00 ns, 2.6445 ns/op
OverheadWarmup   5: 512 op, 1344.00 ns, 2.6250 ns/op
OverheadWarmup   6: 512 op, 1349.00 ns, 2.6348 ns/op
OverheadWarmup   7: 512 op, 1332.00 ns, 2.6016 ns/op

OverheadActual   1: 512 op, 1406.00 ns, 2.7461 ns/op
OverheadActual   2: 512 op, 1326.00 ns, 2.5898 ns/op
OverheadActual   3: 512 op, 1320.00 ns, 2.5781 ns/op
OverheadActual   4: 512 op, 1317.00 ns, 2.5723 ns/op
OverheadActual   5: 512 op, 1345.00 ns, 2.6270 ns/op
OverheadActual   6: 512 op, 1314.00 ns, 2.5664 ns/op
OverheadActual   7: 512 op, 1324.00 ns, 2.5859 ns/op
OverheadActual   8: 512 op, 1361.00 ns, 2.6582 ns/op
OverheadActual   9: 512 op, 1367.00 ns, 2.6699 ns/op
OverheadActual  10: 512 op, 1398.00 ns, 2.7305 ns/op
OverheadActual  11: 512 op, 1308.00 ns, 2.5547 ns/op
OverheadActual  12: 512 op, 1386.00 ns, 2.7070 ns/op
OverheadActual  13: 512 op, 1390.00 ns, 2.7148 ns/op
OverheadActual  14: 512 op, 1380.00 ns, 2.6953 ns/op
OverheadActual  15: 512 op, 1416.00 ns, 2.7656 ns/op
OverheadActual  16: 512 op, 1415.00 ns, 2.7637 ns/op
OverheadActual  17: 512 op, 1376.00 ns, 2.6875 ns/op
OverheadActual  18: 512 op, 1389.00 ns, 2.7129 ns/op
OverheadActual  19: 512 op, 1343.00 ns, 2.6230 ns/op
OverheadActual  20: 512 op, 1403.00 ns, 2.7402 ns/op

WorkloadWarmup   1: 512 op, 749634559.00 ns, 1.4641 ms/op
WorkloadWarmup   2: 512 op, 746511146.00 ns, 1.4580 ms/op
WorkloadWarmup   3: 512 op, 774682651.00 ns, 1.5131 ms/op

// BeforeActualRun
WorkloadActual   1: 512 op, 918311783.00 ns, 1.7936 ms/op
WorkloadActual   2: 512 op, 931187669.00 ns, 1.8187 ms/op
WorkloadActual   3: 512 op, 758190699.00 ns, 1.4808 ms/op

// AfterActualRun
WorkloadResult   1: 512 op, 918310411.50 ns, 1.7936 ms/op
WorkloadResult   2: 512 op, 931186297.50 ns, 1.8187 ms/op
WorkloadResult   3: 512 op, 758189327.50 ns, 1.4808 ms/op
// GC:  94 39 0 792945984 512
// Threading:  0 0 512

// AfterAll
// Benchmark Process 2263 has exited with code 0.

Mean = 1.698 ms, StdErr = 0.109 ms (6.40%), N = 3, StdDev = 0.188 ms
Min = 1.481 ms, Q1 = 1.637 ms, Median = 1.794 ms, Q3 = 1.806 ms, Max = 1.819 ms
IQR = 0.169 ms, LowerFence = 1.384 ms, UpperFence = 2.060 ms
ConfidenceInterval = [-1.736 ms; 5.132 ms] (CI 99.9%), Margin = 3.434 ms (202.28% of Mean)
Skewness = -0.38, Kurtosis = 0.67, MValue = 2

// ** Remained 16 (18.0 %) benchmark(s) to run. Estimated finish 2026-10-07 19:54 (0h 1m from now) **
// **************************
// Benchmark: PlutusUseCasesBenchmarks.DecodeAndEval: NativeAOT 10.0(Runtime=NativeAOT 10.0, Toolchain=Latest ILCompiler, IterationCount=3, LaunchCount=1, MinIterationCount=50, WarmupCount=3) [Script=stablecoin_1-4]
// *** Execute ***
// Launch: 1 / 1
// Execute: /bench/chrysalis/benchmarks/PlutusBench/bin/Release/net10.0/PlutusBench-NativeAOT 10.0-1/bin/Release/net10.0/linux-x64/publish/PlutusBench-NativeAOT 10.0-1 --anonymousPipes 113 114 --benchmarkName "PlutusUseCasesBenchmarks.DecodeAndEval(Script: \"stablecoin_1-4\")" --job "NativeAOT 10.0" --benchmarkId 73 in 
// BeforeAnythingElse

// Benchmark Process Environment Information:
// BenchmarkDotNet v0.15.8
// Runtime=.NET 10.0.12, X64 NativeAOT x86-64-v4
// GC=Concurrent Workstation
// HardwareIntrinsics=AVX512 IFMA+VBMI,AVX512 F+BW+CD+DQ+VL,AVX2+BMI1+BMI2+F16C+FMA+LZCNT+MOVBE,AVX,SSE3+SSSE3+SSE4.1+SSE4.2+POPCNT,X86Base+SSE+SSE2,AES+PCLMUL VectorSize=256
// Job: NativeAOT 10.0(IterationCount=3, LaunchCount=1, MinIterationCount=50, WarmupCount=3)

OverheadJitting  1: 1 op, 217.00 ns, 217.0000 ns/op
WorkloadJitting  1: 1 op, 398635.00 ns, 398.6350 us/op

OverheadJitting  2: 16 op, 300.00 ns, 18.7500 ns/op
WorkloadJitting  2: 16 op, 5474635.00 ns, 342.1647 us/op

WorkloadPilot    1: 16 op, 4781755.00 ns, 298.8597 us/op
WorkloadPilot    2: 32 op, 7857805.00 ns, 245.5564 us/op
WorkloadPilot    3: 64 op, 16870464.00 ns, 263.6010 us/op
WorkloadPilot    4: 128 op, 30534180.00 ns, 238.5483 us/op
WorkloadPilot    5: 256 op, 61967526.00 ns, 242.0606 us/op
WorkloadPilot    6: 512 op, 121348990.00 ns, 237.0097 us/op
WorkloadPilot    7: 1024 op, 241751978.00 ns, 236.0859 us/op
WorkloadPilot    8: 2048 op, 484507929.00 ns, 236.5761 us/op
WorkloadPilot    9: 4096 op, 967099205.00 ns, 236.1082 us/op

OverheadWarmup   1: 4096 op, 10405.00 ns, 2.5403 ns/op
OverheadWarmup   2: 4096 op, 10188.00 ns, 2.4873 ns/op
OverheadWarmup   3: 4096 op, 10167.00 ns, 2.4822 ns/op
OverheadWarmup   4: 4096 op, 10156.00 ns, 2.4795 ns/op
OverheadWarmup   5: 4096 op, 11238.00 ns, 2.7437 ns/op
OverheadWarmup   6: 4096 op, 11217.00 ns, 2.7385 ns/op
OverheadWarmup   7: 4096 op, 11454.00 ns, 2.7964 ns/op
OverheadWarmup   8: 4096 op, 12264.00 ns, 2.9941 ns/op
OverheadWarmup   9: 4096 op, 11437.00 ns, 2.7922 ns/op

OverheadActual   1: 4096 op, 12001.00 ns, 2.9299 ns/op
OverheadActual   2: 4096 op, 11695.00 ns, 2.8552 ns/op
OverheadActual   3: 4096 op, 11429.00 ns, 2.7903 ns/op
OverheadActual   4: 4096 op, 11942.00 ns, 2.9155 ns/op
OverheadActual   5: 4096 op, 11504.00 ns, 2.8086 ns/op
OverheadActual   6: 4096 op, 11542.00 ns, 2.8179 ns/op
OverheadActual   7: 4096 op, 11915.00 ns, 2.9089 ns/op
OverheadActual   8: 4096 op, 11380.00 ns, 2.7783 ns/op
OverheadActual   9: 4096 op, 11224.00 ns, 2.7402 ns/op
OverheadActual  10: 4096 op, 11327.00 ns, 2.7654 ns/op
OverheadActual  11: 4096 op, 11754.00 ns, 2.8696 ns/op
OverheadActual  12: 4096 op, 11619.00 ns, 2.8367 ns/op
OverheadActual  13: 4096 op, 11521.00 ns, 2.8127 ns/op
OverheadActual  14: 4096 op, 11600.00 ns, 2.8320 ns/op
OverheadActual  15: 4096 op, 12577.00 ns, 3.0706 ns/op
OverheadActual  16: 4096 op, 12083.00 ns, 2.9500 ns/op
OverheadActual  17: 4096 op, 12146.00 ns, 2.9653 ns/op
OverheadActual  18: 4096 op, 11930.00 ns, 2.9126 ns/op
OverheadActual  19: 4096 op, 11925.00 ns, 2.9114 ns/op
OverheadActual  20: 4096 op, 12252.00 ns, 2.9912 ns/op

WorkloadWarmup   1: 4096 op, 972838399.00 ns, 237.5094 us/op
WorkloadWarmup   2: 4096 op, 977095841.00 ns, 238.5488 us/op
WorkloadWarmup   3: 4096 op, 968402884.00 ns, 236.4265 us/op

// BeforeActualRun
WorkloadActual   1: 4096 op, 970564728.00 ns, 236.9543 us/op
WorkloadActual   2: 4096 op, 972133587.00 ns, 237.3373 us/op
WorkloadActual   3: 4096 op, 968099422.00 ns, 236.3524 us/op

// AfterActualRun
WorkloadResult   1: 4096 op, 970553003.50 ns, 236.9514 us/op
WorkloadResult   2: 4096 op, 972121862.50 ns, 237.3344 us/op
WorkloadResult   3: 4096 op, 968087697.50 ns, 236.3495 us/op
// GC:  211 65 0 1770816496 4096
// Threading:  0 0 4096

// AfterAll
// Benchmark Process 2266 has exited with code 0.

Mean = 236.878 us, StdErr = 0.287 us (0.12%), N = 3, StdDev = 0.496 us
Min = 236.350 us, Q1 = 236.650 us, Median = 236.951 us, Q3 = 237.143 us, Max = 237.334 us
IQR = 0.492 us, LowerFence = 235.912 us, UpperFence = 237.882 us
ConfidenceInterval = [227.821 us; 245.936 us] (CI 99.9%), Margin = 9.058 us (3.82% of Mean)
Skewness = -0.14, Kurtosis = 0.67, MValue = 2

// ** Remained 15 (16.9 %) benchmark(s) to run. Estimated finish 2026-10-07 19:54 (0h 1m from now) **
// **************************
// Benchmark: PlutusUseCasesBenchmarks.DecodeAndEval: NativeAOT 10.0(Runtime=NativeAOT 10.0, Toolchain=Latest ILCompiler, IterationCount=3, LaunchCount=1, MinIterationCount=50, WarmupCount=3) [Script=stablecoin_1-5]
// *** Execute ***
// Launch: 1 / 1
// Execute: /bench/chrysalis/benchmarks/PlutusBench/bin/Release/net10.0/PlutusBench-NativeAOT 10.0-1/bin/Release/net10.0/linux-x64/publish/PlutusBench-NativeAOT 10.0-1 --anonymousPipes 113 114 --benchmarkName "PlutusUseCasesBenchmarks.DecodeAndEval(Script: \"stablecoin_1-5\")" --job "NativeAOT 10.0" --benchmarkId 74 in 
// BeforeAnythingElse

// Benchmark Process Environment Information:
// BenchmarkDotNet v0.15.8
// Runtime=.NET 10.0.12, X64 NativeAOT x86-64-v4
// GC=Concurrent Workstation
// HardwareIntrinsics=AVX512 IFMA+VBMI,AVX512 F+BW+CD+DQ+VL,AVX2+BMI1+BMI2+F16C+FMA+LZCNT+MOVBE,AVX,SSE3+SSSE3+SSE4.1+SSE4.2+POPCNT,X86Base+SSE+SSE2,AES+PCLMUL VectorSize=256
// Job: NativeAOT 10.0(IterationCount=3, LaunchCount=1, MinIterationCount=50, WarmupCount=3)

OverheadJitting  1: 1 op, 334.00 ns, 334.0000 ns/op
WorkloadJitting  1: 1 op, 2434097.00 ns, 2.4341 ms/op

OverheadJitting  2: 16 op, 267.00 ns, 16.6875 ns/op
WorkloadJitting  2: 16 op, 32907639.00 ns, 2.0567 ms/op

WorkloadPilot    1: 16 op, 31362721.00 ns, 1.9602 ms/op
WorkloadPilot    2: 32 op, 58604838.00 ns, 1.8314 ms/op
WorkloadPilot    3: 64 op, 116632442.00 ns, 1.8224 ms/op
WorkloadPilot    4: 128 op, 233300728.00 ns, 1.8227 ms/op
WorkloadPilot    5: 256 op, 464932120.00 ns, 1.8161 ms/op
WorkloadPilot    6: 512 op, 926611635.00 ns, 1.8098 ms/op

OverheadWarmup   1: 512 op, 1500.00 ns, 2.9297 ns/op
OverheadWarmup   2: 512 op, 1406.00 ns, 2.7461 ns/op
OverheadWarmup   3: 512 op, 1318.00 ns, 2.5742 ns/op
OverheadWarmup   4: 512 op, 1301.00 ns, 2.5410 ns/op
OverheadWarmup   5: 512 op, 1326.00 ns, 2.5898 ns/op
OverheadWarmup   6: 512 op, 1314.00 ns, 2.5664 ns/op
OverheadWarmup   7: 512 op, 1384.00 ns, 2.7031 ns/op
OverheadWarmup   8: 512 op, 1375.00 ns, 2.6855 ns/op

OverheadActual   1: 512 op, 1370.00 ns, 2.6758 ns/op
OverheadActual   2: 512 op, 1292.00 ns, 2.5234 ns/op
OverheadActual   3: 512 op, 1351.00 ns, 2.6387 ns/op
OverheadActual   4: 512 op, 1343.00 ns, 2.6230 ns/op
OverheadActual   5: 512 op, 1345.00 ns, 2.6270 ns/op
OverheadActual   6: 512 op, 1347.00 ns, 2.6309 ns/op
OverheadActual   7: 512 op, 1400.00 ns, 2.7344 ns/op
OverheadActual   8: 512 op, 1401.00 ns, 2.7363 ns/op
OverheadActual   9: 512 op, 1347.00 ns, 2.6309 ns/op
OverheadActual  10: 512 op, 1338.00 ns, 2.6133 ns/op
OverheadActual  11: 512 op, 1337.00 ns, 2.6113 ns/op
OverheadActual  12: 512 op, 1338.00 ns, 2.6133 ns/op
OverheadActual  13: 512 op, 1341.00 ns, 2.6191 ns/op
OverheadActual  14: 512 op, 1392.00 ns, 2.7188 ns/op
OverheadActual  15: 512 op, 1411.00 ns, 2.7559 ns/op
OverheadActual  16: 512 op, 1376.00 ns, 2.6875 ns/op
OverheadActual  17: 512 op, 1323.00 ns, 2.5840 ns/op
OverheadActual  18: 512 op, 1320.00 ns, 2.5781 ns/op
OverheadActual  19: 512 op, 1316.00 ns, 2.5703 ns/op
OverheadActual  20: 512 op, 1327.00 ns, 2.5918 ns/op

WorkloadWarmup   1: 512 op, 928573679.00 ns, 1.8136 ms/op
WorkloadWarmup   2: 512 op, 924728376.00 ns, 1.8061 ms/op
WorkloadWarmup   3: 512 op, 925724082.00 ns, 1.8081 ms/op

// BeforeActualRun
WorkloadActual   1: 512 op, 924980627.00 ns, 1.8066 ms/op
WorkloadActual   2: 512 op, 924654699.00 ns, 1.8060 ms/op
WorkloadActual   3: 512 op, 925345908.00 ns, 1.8073 ms/op

// AfterActualRun
WorkloadResult   1: 512 op, 924979283.00 ns, 1.8066 ms/op
WorkloadResult   2: 512 op, 924653355.00 ns, 1.8060 ms/op
WorkloadResult   3: 512 op, 925344564.00 ns, 1.8073 ms/op
// GC:  112 50 0 940209472 512
// Threading:  0 0 512

// AfterAll
// Benchmark Process 2269 has exited with code 0.

Mean = 1.807 ms, StdErr = 0.000 ms (0.02%), N = 3, StdDev = 0.001 ms
Min = 1.806 ms, Q1 = 1.806 ms, Median = 1.807 ms, Q3 = 1.807 ms, Max = 1.807 ms
IQR = 0.001 ms, LowerFence = 1.805 ms, UpperFence = 1.808 ms
ConfidenceInterval = [1.794 ms; 1.819 ms] (CI 99.9%), Margin = 0.012 ms (0.68% of Mean)
Skewness = 0.04, Kurtosis = 0.67, MValue = 2

// ** Remained 14 (15.7 %) benchmark(s) to run. Estimated finish 2026-10-07 19:54 (0h 1m from now) **
// **************************
// Benchmark: PlutusUseCasesBenchmarks.DecodeAndEval: NativeAOT 10.0(Runtime=NativeAOT 10.0, Toolchain=Latest ILCompiler, IterationCount=3, LaunchCount=1, MinIterationCount=50, WarmupCount=3) [Script=stablecoin_1-6]
// *** Execute ***
// Launch: 1 / 1
// Execute: /bench/chrysalis/benchmarks/PlutusBench/bin/Release/net10.0/PlutusBench-NativeAOT 10.0-1/bin/Release/net10.0/linux-x64/publish/PlutusBench-NativeAOT 10.0-1 --anonymousPipes 113 114 --benchmarkName "PlutusUseCasesBenchmarks.DecodeAndEval(Script: \"stablecoin_1-6\")" --job "NativeAOT 10.0" --benchmarkId 75 in 
// BeforeAnythingElse

// Benchmark Process Environment Information:
// BenchmarkDotNet v0.15.8
// Runtime=.NET 10.0.12, X64 NativeAOT x86-64-v4
// GC=Concurrent Workstation
// HardwareIntrinsics=AVX512 IFMA+VBMI,AVX512 F+BW+CD+DQ+VL,AVX2+BMI1+BMI2+F16C+FMA+LZCNT+MOVBE,AVX,SSE3+SSSE3+SSE4.1+SSE4.2+POPCNT,X86Base+SSE+SSE2,AES+PCLMUL VectorSize=256
// Job: NativeAOT 10.0(IterationCount=3, LaunchCount=1, MinIterationCount=50, WarmupCount=3)

OverheadJitting  1: 1 op, 801.00 ns, 801.0000 ns/op
WorkloadJitting  1: 1 op, 436386.00 ns, 436.3860 us/op

OverheadJitting  2: 16 op, 281.00 ns, 17.5625 ns/op
WorkloadJitting  2: 16 op, 6591015.00 ns, 411.9384 us/op

WorkloadPilot    1: 16 op, 5330334.00 ns, 333.1459 us/op
WorkloadPilot    2: 32 op, 9265050.00 ns, 289.5328 us/op
WorkloadPilot    3: 64 op, 20312742.00 ns, 317.3866 us/op
WorkloadPilot    4: 128 op, 35964179.00 ns, 280.9701 us/op
WorkloadPilot    5: 256 op, 73165405.00 ns, 285.8024 us/op
WorkloadPilot    6: 512 op, 145248802.00 ns, 283.6891 us/op
WorkloadPilot    7: 1024 op, 287605250.00 ns, 280.8645 us/op
WorkloadPilot    8: 2048 op, 574558697.00 ns, 280.5462 us/op

OverheadWarmup   1: 2048 op, 5352.00 ns, 2.6133 ns/op
OverheadWarmup   2: 2048 op, 5108.00 ns, 2.4941 ns/op
OverheadWarmup   3: 2048 op, 5180.00 ns, 2.5293 ns/op
OverheadWarmup   4: 2048 op, 5106.00 ns, 2.4932 ns/op
OverheadWarmup   5: 2048 op, 5152.00 ns, 2.5156 ns/op
OverheadWarmup   6: 2048 op, 5318.00 ns, 2.5967 ns/op
OverheadWarmup   7: 2048 op, 4996.00 ns, 2.4395 ns/op

OverheadActual   1: 2048 op, 5231.00 ns, 2.5542 ns/op
OverheadActual   2: 2048 op, 5160.00 ns, 2.5195 ns/op
OverheadActual   3: 2048 op, 5125.00 ns, 2.5024 ns/op
OverheadActual   4: 2048 op, 5054.00 ns, 2.4678 ns/op
OverheadActual   5: 2048 op, 5076.00 ns, 2.4785 ns/op
OverheadActual   6: 2048 op, 5145.00 ns, 2.5122 ns/op
OverheadActual   7: 2048 op, 5319.00 ns, 2.5972 ns/op
OverheadActual   8: 2048 op, 5098.00 ns, 2.4893 ns/op
OverheadActual   9: 2048 op, 5317.00 ns, 2.5962 ns/op
OverheadActual  10: 2048 op, 5111.00 ns, 2.4956 ns/op
OverheadActual  11: 2048 op, 5123.00 ns, 2.5015 ns/op
OverheadActual  12: 2048 op, 5170.00 ns, 2.5244 ns/op
OverheadActual  13: 2048 op, 5158.00 ns, 2.5186 ns/op
OverheadActual  14: 2048 op, 5157.00 ns, 2.5181 ns/op
OverheadActual  15: 2048 op, 5379.00 ns, 2.6265 ns/op
OverheadActual  16: 2048 op, 5461.00 ns, 2.6665 ns/op
OverheadActual  17: 2048 op, 5310.00 ns, 2.5928 ns/op
OverheadActual  18: 2048 op, 5318.00 ns, 2.5967 ns/op
OverheadActual  19: 2048 op, 5139.00 ns, 2.5093 ns/op
OverheadActual  20: 2048 op, 5108.00 ns, 2.4941 ns/op

WorkloadWarmup   1: 2048 op, 578679056.00 ns, 282.5581 us/op
WorkloadWarmup   2: 2048 op, 576851581.00 ns, 281.6658 us/op
WorkloadWarmup   3: 2048 op, 578591121.00 ns, 282.5152 us/op

// BeforeActualRun
WorkloadActual   1: 2048 op, 575489909.00 ns, 281.0009 us/op
WorkloadActual   2: 2048 op, 574639735.00 ns, 280.5858 us/op
WorkloadActual   3: 2048 op, 576409628.00 ns, 281.4500 us/op

// AfterActualRun
WorkloadResult   1: 2048 op, 575484751.50 ns, 280.9984 us/op
WorkloadResult   2: 2048 op, 574634577.50 ns, 280.5833 us/op
WorkloadResult   3: 2048 op, 576404470.50 ns, 281.4475 us/op
// GC:  122 39 0 1026835440 2048
// Threading:  0 0 2048

// AfterAll
// Benchmark Process 2271 has exited with code 0.

Mean = 281.010 us, StdErr = 0.250 us (0.09%), N = 3, StdDev = 0.432 us
Min = 280.583 us, Q1 = 280.791 us, Median = 280.998 us, Q3 = 281.223 us, Max = 281.447 us
IQR = 0.432 us, LowerFence = 280.143 us, UpperFence = 281.871 us
ConfidenceInterval = [273.125 us; 288.895 us] (CI 99.9%), Margin = 7.885 us (2.81% of Mean)
Skewness = 0.03, Kurtosis = 0.67, MValue = 2

// ** Remained 13 (14.6 %) benchmark(s) to run. Estimated finish 2026-10-07 19:54 (0h 1m from now) **
// **************************
// Benchmark: PlutusUseCasesBenchmarks.DecodeAndEval: NativeAOT 10.0(Runtime=NativeAOT 10.0, Toolchain=Latest ILCompiler, IterationCount=3, LaunchCount=1, MinIterationCount=50, WarmupCount=3) [Script=stablecoin_2-1]
// *** Execute ***
// Launch: 1 / 1
// Execute: /bench/chrysalis/benchmarks/PlutusBench/bin/Release/net10.0/PlutusBench-NativeAOT 10.0-1/bin/Release/net10.0/linux-x64/publish/PlutusBench-NativeAOT 10.0-1 --anonymousPipes 113 114 --benchmarkName "PlutusUseCasesBenchmarks.DecodeAndEval(Script: \"stablecoin_2-1\")" --job "NativeAOT 10.0" --benchmarkId 76 in 
// BeforeAnythingElse

// Benchmark Process Environment Information:
// BenchmarkDotNet v0.15.8
// Runtime=.NET 10.0.12, X64 NativeAOT x86-64-v4
// GC=Concurrent Workstation
// HardwareIntrinsics=AVX512 IFMA+VBMI,AVX512 F+BW+CD+DQ+VL,AVX2+BMI1+BMI2+F16C+FMA+LZCNT+MOVBE,AVX,SSE3+SSSE3+SSE4.1+SSE4.2+POPCNT,X86Base+SSE+SSE2,AES+PCLMUL VectorSize=256
// Job: NativeAOT 10.0(IterationCount=3, LaunchCount=1, MinIterationCount=50, WarmupCount=3)

OverheadJitting  1: 1 op, 205.00 ns, 205.0000 ns/op
WorkloadJitting  1: 1 op, 1771180.00 ns, 1.7712 ms/op

OverheadJitting  2: 16 op, 271.00 ns, 16.9375 ns/op
WorkloadJitting  2: 16 op, 24116446.00 ns, 1.5073 ms/op

WorkloadPilot    1: 16 op, 22511729.00 ns, 1.4070 ms/op
WorkloadPilot    2: 32 op, 40911127.00 ns, 1.2785 ms/op
WorkloadPilot    3: 64 op, 82139036.00 ns, 1.2834 ms/op
WorkloadPilot    4: 128 op, 164369532.00 ns, 1.2841 ms/op
WorkloadPilot    5: 256 op, 329371947.00 ns, 1.2866 ms/op
WorkloadPilot    6: 512 op, 657080064.00 ns, 1.2834 ms/op

OverheadWarmup   1: 512 op, 1518.00 ns, 2.9648 ns/op
OverheadWarmup   2: 512 op, 1369.00 ns, 2.6738 ns/op
OverheadWarmup   3: 512 op, 1347.00 ns, 2.6309 ns/op
OverheadWarmup   4: 512 op, 1357.00 ns, 2.6504 ns/op
OverheadWarmup   5: 512 op, 1352.00 ns, 2.6406 ns/op
OverheadWarmup   6: 512 op, 1308.00 ns, 2.5547 ns/op
OverheadWarmup   7: 512 op, 1305.00 ns, 2.5488 ns/op
OverheadWarmup   8: 512 op, 1397.00 ns, 2.7285 ns/op
OverheadWarmup   9: 512 op, 1386.00 ns, 2.7070 ns/op

OverheadActual   1: 512 op, 1373.00 ns, 2.6816 ns/op
OverheadActual   2: 512 op, 1343.00 ns, 2.6230 ns/op
OverheadActual   3: 512 op, 1313.00 ns, 2.5645 ns/op
OverheadActual   4: 512 op, 1338.00 ns, 2.6133 ns/op
OverheadActual   5: 512 op, 1325.00 ns, 2.5879 ns/op
OverheadActual   6: 512 op, 1296.00 ns, 2.5313 ns/op
OverheadActual   7: 512 op, 1380.00 ns, 2.6953 ns/op
OverheadActual   8: 512 op, 1372.00 ns, 2.6797 ns/op
OverheadActual   9: 512 op, 1427.00 ns, 2.7871 ns/op
OverheadActual  10: 512 op, 1351.00 ns, 2.6387 ns/op
OverheadActual  11: 512 op, 1335.00 ns, 2.6074 ns/op
OverheadActual  12: 512 op, 1326.00 ns, 2.5898 ns/op
OverheadActual  13: 512 op, 1335.00 ns, 2.6074 ns/op
OverheadActual  14: 512 op, 1296.00 ns, 2.5313 ns/op
OverheadActual  15: 512 op, 1424.00 ns, 2.7813 ns/op
OverheadActual  16: 512 op, 1395.00 ns, 2.7246 ns/op
OverheadActual  17: 512 op, 1381.00 ns, 2.6973 ns/op
OverheadActual  18: 512 op, 1324.00 ns, 2.5859 ns/op
OverheadActual  19: 512 op, 1321.00 ns, 2.5801 ns/op
OverheadActual  20: 512 op, 1422.00 ns, 2.7773 ns/op

WorkloadWarmup   1: 512 op, 658552533.00 ns, 1.2862 ms/op
WorkloadWarmup   2: 512 op, 657883166.00 ns, 1.2849 ms/op
WorkloadWarmup   3: 512 op, 655859650.00 ns, 1.2810 ms/op

// BeforeActualRun
WorkloadActual   1: 512 op, 654415709.00 ns, 1.2782 ms/op
WorkloadActual   2: 512 op, 657196615.00 ns, 1.2836 ms/op
WorkloadActual   3: 512 op, 654859556.00 ns, 1.2790 ms/op

// AfterActualRun
WorkloadResult   1: 512 op, 654414368.50 ns, 1.2782 ms/op
WorkloadResult   2: 512 op, 657195274.50 ns, 1.2836 ms/op
WorkloadResult   3: 512 op, 654858215.50 ns, 1.2790 ms/op
// GC:  86 39 0 721245504 512
// Threading:  0 0 512

// AfterAll
// Benchmark Process 2273 has exited with code 0.

Mean = 1.280 ms, StdErr = 0.002 ms (0.13%), N = 3, StdDev = 0.003 ms
Min = 1.278 ms, Q1 = 1.279 ms, Median = 1.279 ms, Q3 = 1.281 ms, Max = 1.284 ms
IQR = 0.003 ms, LowerFence = 1.275 ms, UpperFence = 1.285 ms
ConfidenceInterval = [1.227 ms; 1.333 ms] (CI 99.9%), Margin = 0.053 ms (4.16% of Mean)
Skewness = 0.35, Kurtosis = 0.67, MValue = 2

// ** Remained 12 (13.5 %) benchmark(s) to run. Estimated finish 2026-10-07 19:54 (0h 1m from now) **
// **************************
// Benchmark: PlutusUseCasesBenchmarks.DecodeAndEval: NativeAOT 10.0(Runtime=NativeAOT 10.0, Toolchain=Latest ILCompiler, IterationCount=3, LaunchCount=1, MinIterationCount=50, WarmupCount=3) [Script=stablecoin_2-2]
// *** Execute ***
// Launch: 1 / 1
// Execute: /bench/chrysalis/benchmarks/PlutusBench/bin/Release/net10.0/PlutusBench-NativeAOT 10.0-1/bin/Release/net10.0/linux-x64/publish/PlutusBench-NativeAOT 10.0-1 --anonymousPipes 113 114 --benchmarkName "PlutusUseCasesBenchmarks.DecodeAndEval(Script: \"stablecoin_2-2\")" --job "NativeAOT 10.0" --benchmarkId 77 in 
// BeforeAnythingElse

// Benchmark Process Environment Information:
// BenchmarkDotNet v0.15.8
// Runtime=.NET 10.0.12, X64 NativeAOT x86-64-v4
// GC=Concurrent Workstation
// HardwareIntrinsics=AVX512 IFMA+VBMI,AVX512 F+BW+CD+DQ+VL,AVX2+BMI1+BMI2+F16C+FMA+LZCNT+MOVBE,AVX,SSE3+SSSE3+SSE4.1+SSE4.2+POPCNT,X86Base+SSE+SSE2,AES+PCLMUL VectorSize=256
// Job: NativeAOT 10.0(IterationCount=3, LaunchCount=1, MinIterationCount=50, WarmupCount=3)

OverheadJitting  1: 1 op, 790.00 ns, 790.0000 ns/op
WorkloadJitting  1: 1 op, 419029.00 ns, 419.0290 us/op

OverheadJitting  2: 16 op, 306.00 ns, 19.1250 ns/op
WorkloadJitting  2: 16 op, 5392936.00 ns, 337.0585 us/op

WorkloadPilot    1: 16 op, 4753027.00 ns, 297.0642 us/op
WorkloadPilot    2: 32 op, 7995296.00 ns, 249.8530 us/op
WorkloadPilot    3: 64 op, 16072111.00 ns, 251.1267 us/op
WorkloadPilot    4: 128 op, 30749833.00 ns, 240.2331 us/op
WorkloadPilot    5: 256 op, 59593931.00 ns, 232.7888 us/op
WorkloadPilot    6: 512 op, 117884368.00 ns, 230.2429 us/op
WorkloadPilot    7: 1024 op, 235350342.00 ns, 229.8343 us/op
WorkloadPilot    8: 2048 op, 468129400.00 ns, 228.5788 us/op
WorkloadPilot    9: 4096 op, 937257962.00 ns, 228.8227 us/op

OverheadWarmup   1: 4096 op, 10316.00 ns, 2.5186 ns/op
OverheadWarmup   2: 4096 op, 10399.00 ns, 2.5388 ns/op
OverheadWarmup   3: 4096 op, 10297.00 ns, 2.5139 ns/op
OverheadWarmup   4: 4096 op, 10154.00 ns, 2.4790 ns/op
OverheadWarmup   5: 4096 op, 10370.00 ns, 2.5317 ns/op
OverheadWarmup   6: 4096 op, 10179.00 ns, 2.4851 ns/op

OverheadActual   1: 4096 op, 10386.00 ns, 2.5356 ns/op
OverheadActual   2: 4096 op, 10128.00 ns, 2.4727 ns/op
OverheadActual   3: 4096 op, 10136.00 ns, 2.4746 ns/op
OverheadActual   4: 4096 op, 10361.00 ns, 2.5295 ns/op
OverheadActual   5: 4096 op, 10568.00 ns, 2.5801 ns/op
OverheadActual   6: 4096 op, 10360.00 ns, 2.5293 ns/op
OverheadActual   7: 4096 op, 10337.00 ns, 2.5237 ns/op
OverheadActual   8: 4096 op, 10223.00 ns, 2.4958 ns/op
OverheadActual   9: 4096 op, 10253.00 ns, 2.5032 ns/op
OverheadActual  10: 4096 op, 10692.00 ns, 2.6104 ns/op
OverheadActual  11: 4096 op, 10564.00 ns, 2.5791 ns/op
OverheadActual  12: 4096 op, 10679.00 ns, 2.6072 ns/op
OverheadActual  13: 4096 op, 16551.00 ns, 4.0408 ns/op
OverheadActual  14: 4096 op, 10377.00 ns, 2.5334 ns/op
OverheadActual  15: 4096 op, 10246.00 ns, 2.5015 ns/op
OverheadActual  16: 4096 op, 10827.00 ns, 2.6433 ns/op
OverheadActual  17: 4096 op, 10814.00 ns, 2.6401 ns/op
OverheadActual  18: 4096 op, 10664.00 ns, 2.6035 ns/op
OverheadActual  19: 4096 op, 10901.00 ns, 2.6614 ns/op
OverheadActual  20: 4096 op, 10768.00 ns, 2.6289 ns/op

WorkloadWarmup   1: 4096 op, 942593502.00 ns, 230.1254 us/op
WorkloadWarmup   2: 4096 op, 939593850.00 ns, 229.3930 us/op
WorkloadWarmup   3: 4096 op, 1057906309.00 ns, 258.2779 us/op

// BeforeActualRun
WorkloadActual   1: 4096 op, 1183502200.00 ns, 288.9410 us/op
WorkloadActual   2: 4096 op, 1013181985.00 ns, 247.3589 us/op
WorkloadActual   3: 4096 op, 936884698.00 ns, 228.7316 us/op

// AfterActualRun
WorkloadResult   1: 4096 op, 1183491725.00 ns, 288.9384 us/op
WorkloadResult   2: 4096 op, 1013171510.00 ns, 247.3563 us/op
WorkloadResult   3: 4096 op, 936874223.00 ns, 228.7291 us/op
// GC:  203 60 0 1703609328 4096
// Threading:  0 0 4096

// AfterAll
// Benchmark Process 2276 has exited with code 0.

Mean = 255.008 us, StdErr = 17.797 us (6.98%), N = 3, StdDev = 30.825 us
Min = 228.729 us, Q1 = 238.043 us, Median = 247.356 us, Q3 = 268.147 us, Max = 288.938 us
IQR = 30.105 us, LowerFence = 192.886 us, UpperFence = 313.304 us
ConfidenceInterval = [-307.361 us; 817.377 us] (CI 99.9%), Margin = 562.369 us (220.53% of Mean)
Skewness = 0.23, Kurtosis = 0.67, MValue = 2

// ** Remained 11 (12.4 %) benchmark(s) to run. Estimated finish 2026-10-07 19:54 (0h 1m from now) **
// **************************
// Benchmark: PlutusUseCasesBenchmarks.DecodeAndEval: NativeAOT 10.0(Runtime=NativeAOT 10.0, Toolchain=Latest ILCompiler, IterationCount=3, LaunchCount=1, MinIterationCount=50, WarmupCount=3) [Script=stablecoin_2-3]
// *** Execute ***
// Launch: 1 / 1
// Execute: /bench/chrysalis/benchmarks/PlutusBench/bin/Release/net10.0/PlutusBench-NativeAOT 10.0-1/bin/Release/net10.0/linux-x64/publish/PlutusBench-NativeAOT 10.0-1 --anonymousPipes 113 114 --benchmarkName "PlutusUseCasesBenchmarks.DecodeAndEval(Script: \"stablecoin_2-3\")" --job "NativeAOT 10.0" --benchmarkId 78 in 
// BeforeAnythingElse

// Benchmark Process Environment Information:
// BenchmarkDotNet v0.15.8
// Runtime=.NET 10.0.12, X64 NativeAOT x86-64-v4
// GC=Concurrent Workstation
// HardwareIntrinsics=AVX512 IFMA+VBMI,AVX512 F+BW+CD+DQ+VL,AVX2+BMI1+BMI2+F16C+FMA+LZCNT+MOVBE,AVX,SSE3+SSSE3+SSE4.1+SSE4.2+POPCNT,X86Base+SSE+SSE2,AES+PCLMUL VectorSize=256
// Job: NativeAOT 10.0(IterationCount=3, LaunchCount=1, MinIterationCount=50, WarmupCount=3)

OverheadJitting  1: 1 op, 259.00 ns, 259.0000 ns/op
WorkloadJitting  1: 1 op, 2047968.00 ns, 2.0480 ms/op

OverheadJitting  2: 16 op, 284.00 ns, 17.7500 ns/op
WorkloadJitting  2: 16 op, 27066080.00 ns, 1.6916 ms/op

WorkloadPilot    1: 16 op, 25268070.00 ns, 1.5793 ms/op
WorkloadPilot    2: 32 op, 46869619.00 ns, 1.4647 ms/op
WorkloadPilot    3: 64 op, 93091641.00 ns, 1.4546 ms/op
WorkloadPilot    4: 128 op, 187154347.00 ns, 1.4621 ms/op
WorkloadPilot    5: 256 op, 373052506.00 ns, 1.4572 ms/op
WorkloadPilot    6: 512 op, 745398054.00 ns, 1.4559 ms/op

OverheadWarmup   1: 512 op, 1899.00 ns, 3.7090 ns/op
OverheadWarmup   2: 512 op, 1579.00 ns, 3.0840 ns/op
OverheadWarmup   3: 512 op, 1766.00 ns, 3.4492 ns/op
OverheadWarmup   4: 512 op, 1605.00 ns, 3.1348 ns/op
OverheadWarmup   5: 512 op, 1596.00 ns, 3.1172 ns/op
OverheadWarmup   6: 512 op, 1856.00 ns, 3.6250 ns/op
OverheadWarmup   7: 512 op, 1724.00 ns, 3.3672 ns/op

OverheadActual   1: 512 op, 1600.00 ns, 3.1250 ns/op
OverheadActual   2: 512 op, 2100.00 ns, 4.1016 ns/op
OverheadActual   3: 512 op, 1552.00 ns, 3.0313 ns/op
OverheadActual   4: 512 op, 1664.00 ns, 3.2500 ns/op
OverheadActual   5: 512 op, 1691.00 ns, 3.3027 ns/op
OverheadActual   6: 512 op, 1564.00 ns, 3.0547 ns/op
OverheadActual   7: 512 op, 1552.00 ns, 3.0313 ns/op
OverheadActual   8: 512 op, 1579.00 ns, 3.0840 ns/op
OverheadActual   9: 512 op, 1560.00 ns, 3.0469 ns/op
OverheadActual  10: 512 op, 1546.00 ns, 3.0195 ns/op
OverheadActual  11: 512 op, 1578.00 ns, 3.0820 ns/op
OverheadActual  12: 512 op, 1770.00 ns, 3.4570 ns/op
OverheadActual  13: 512 op, 2013.00 ns, 3.9316 ns/op
OverheadActual  14: 512 op, 1733.00 ns, 3.3848 ns/op
OverheadActual  15: 512 op, 1946.00 ns, 3.8008 ns/op
OverheadActual  16: 512 op, 1915.00 ns, 3.7402 ns/op
OverheadActual  17: 512 op, 1908.00 ns, 3.7266 ns/op
OverheadActual  18: 512 op, 1660.00 ns, 3.2422 ns/op
OverheadActual  19: 512 op, 1775.00 ns, 3.4668 ns/op
OverheadActual  20: 512 op, 1712.00 ns, 3.3438 ns/op

WorkloadWarmup   1: 512 op, 748657849.00 ns, 1.4622 ms/op
WorkloadWarmup   2: 512 op, 747743456.00 ns, 1.4604 ms/op
WorkloadWarmup   3: 512 op, 743595751.00 ns, 1.4523 ms/op

// BeforeActualRun
WorkloadActual   1: 512 op, 746614066.00 ns, 1.4582 ms/op
WorkloadActual   2: 512 op, 743552249.00 ns, 1.4523 ms/op
WorkloadActual   3: 512 op, 746401607.00 ns, 1.4578 ms/op

// AfterActualRun
WorkloadResult   1: 512 op, 746612388.50 ns, 1.4582 ms/op
WorkloadResult   2: 512 op, 743550571.50 ns, 1.4522 ms/op
WorkloadResult   3: 512 op, 746399929.50 ns, 1.4578 ms/op
// GC:  94 39 0 792945984 512
// Threading:  0 0 512

// AfterAll
// Benchmark Process 2279 has exited with code 0.

Mean = 1.456 ms, StdErr = 0.002 ms (0.13%), N = 3, StdDev = 0.003 ms
Min = 1.452 ms, Q1 = 1.455 ms, Median = 1.458 ms, Q3 = 1.458 ms, Max = 1.458 ms
IQR = 0.003 ms, LowerFence = 1.451 ms, UpperFence = 1.463 ms
ConfidenceInterval = [1.395 ms; 1.517 ms] (CI 99.9%), Margin = 0.061 ms (4.18% of Mean)
Skewness = -0.38, Kurtosis = 0.67, MValue = 2

// ** Remained 10 (11.2 %) benchmark(s) to run. Estimated finish 2026-10-07 19:54 (0h 1m from now) **
// **************************
// Benchmark: PlutusUseCasesBenchmarks.DecodeAndEval: NativeAOT 10.0(Runtime=NativeAOT 10.0, Toolchain=Latest ILCompiler, IterationCount=3, LaunchCount=1, MinIterationCount=50, WarmupCount=3) [Script=stablecoin_2-4]
// *** Execute ***
// Launch: 1 / 1
// Execute: /bench/chrysalis/benchmarks/PlutusBench/bin/Release/net10.0/PlutusBench-NativeAOT 10.0-1/bin/Release/net10.0/linux-x64/publish/PlutusBench-NativeAOT 10.0-1 --anonymousPipes 113 114 --benchmarkName "PlutusUseCasesBenchmarks.DecodeAndEval(Script: \"stablecoin_2-4\")" --job "NativeAOT 10.0" --benchmarkId 79 in 
// BeforeAnythingElse

// Benchmark Process Environment Information:
// BenchmarkDotNet v0.15.8
// Runtime=.NET 10.0.12, X64 NativeAOT x86-64-v4
// GC=Concurrent Workstation
// HardwareIntrinsics=AVX512 IFMA+VBMI,AVX512 F+BW+CD+DQ+VL,AVX2+BMI1+BMI2+F16C+FMA+LZCNT+MOVBE,AVX,SSE3+SSSE3+SSE4.1+SSE4.2+POPCNT,X86Base+SSE+SSE2,AES+PCLMUL VectorSize=256
// Job: NativeAOT 10.0(IterationCount=3, LaunchCount=1, MinIterationCount=50, WarmupCount=3)

OverheadJitting  1: 1 op, 212.00 ns, 212.0000 ns/op
WorkloadJitting  1: 1 op, 380285.00 ns, 380.2850 us/op

OverheadJitting  2: 16 op, 301.00 ns, 18.8125 ns/op
WorkloadJitting  2: 16 op, 5537634.00 ns, 346.1021 us/op

WorkloadPilot    1: 16 op, 4909199.00 ns, 306.8249 us/op
WorkloadPilot    2: 32 op, 7991831.00 ns, 249.7447 us/op
WorkloadPilot    3: 64 op, 16815722.00 ns, 262.7457 us/op
WorkloadPilot    4: 128 op, 30729252.00 ns, 240.0723 us/op
WorkloadPilot    5: 256 op, 61235627.00 ns, 239.2017 us/op
WorkloadPilot    6: 512 op, 121555015.00 ns, 237.4121 us/op
WorkloadPilot    7: 1024 op, 242836944.00 ns, 237.1455 us/op
WorkloadPilot    8: 2048 op, 487705801.00 ns, 238.1376 us/op
WorkloadPilot    9: 4096 op, 967890081.00 ns, 236.3013 us/op

OverheadWarmup   1: 4096 op, 10416.00 ns, 2.5430 ns/op
OverheadWarmup   2: 4096 op, 10181.00 ns, 2.4856 ns/op
OverheadWarmup   3: 4096 op, 10223.00 ns, 2.4958 ns/op
OverheadWarmup   4: 4096 op, 10170.00 ns, 2.4829 ns/op
OverheadWarmup   5: 4096 op, 10160.00 ns, 2.4805 ns/op
OverheadWarmup   6: 4096 op, 10165.00 ns, 2.4817 ns/op
OverheadWarmup   7: 4096 op, 10822.00 ns, 2.6421 ns/op
OverheadWarmup   8: 4096 op, 10805.00 ns, 2.6379 ns/op

OverheadActual   1: 4096 op, 11090.00 ns, 2.7075 ns/op
OverheadActual   2: 4096 op, 10139.00 ns, 2.4753 ns/op
OverheadActual   3: 4096 op, 10390.00 ns, 2.5366 ns/op
OverheadActual   4: 4096 op, 10129.00 ns, 2.4729 ns/op
OverheadActual   5: 4096 op, 10800.00 ns, 2.6367 ns/op
OverheadActual   6: 4096 op, 10541.00 ns, 2.5735 ns/op
OverheadActual   7: 4096 op, 14476.00 ns, 3.5342 ns/op
OverheadActual   8: 4096 op, 10508.00 ns, 2.5654 ns/op
OverheadActual   9: 4096 op, 10772.00 ns, 2.6299 ns/op
OverheadActual  10: 4096 op, 11018.00 ns, 2.6899 ns/op
OverheadActual  11: 4096 op, 10780.00 ns, 2.6318 ns/op
OverheadActual  12: 4096 op, 10797.00 ns, 2.6360 ns/op
OverheadActual  13: 4096 op, 10821.00 ns, 2.6418 ns/op
OverheadActual  14: 4096 op, 10788.00 ns, 2.6338 ns/op
OverheadActual  15: 4096 op, 10676.00 ns, 2.6064 ns/op
OverheadActual  16: 4096 op, 10918.00 ns, 2.6655 ns/op
OverheadActual  17: 4096 op, 10938.00 ns, 2.6704 ns/op
OverheadActual  18: 4096 op, 10974.00 ns, 2.6792 ns/op
OverheadActual  19: 4096 op, 10654.00 ns, 2.6011 ns/op
OverheadActual  20: 4096 op, 10866.00 ns, 2.6528 ns/op

WorkloadWarmup   1: 4096 op, 978004368.00 ns, 238.7706 us/op
WorkloadWarmup   2: 4096 op, 974326067.00 ns, 237.8726 us/op
WorkloadWarmup   3: 4096 op, 969790925.00 ns, 236.7654 us/op

// BeforeActualRun
WorkloadActual   1: 4096 op, 973121111.00 ns, 237.5784 us/op
WorkloadActual   2: 4096 op, 974371452.00 ns, 237.8837 us/op
WorkloadActual   3: 4096 op, 968279386.00 ns, 236.3963 us/op

// AfterActualRun
WorkloadResult   1: 4096 op, 973110318.50 ns, 237.5758 us/op
WorkloadResult   2: 4096 op, 974360659.50 ns, 237.8810 us/op
WorkloadResult   3: 4096 op, 968268593.50 ns, 236.3937 us/op
// GC:  211 65 0 1770816496 4096
// Threading:  0 0 4096

// AfterAll
// Benchmark Process 2281 has exited with code 0.

Mean = 237.283 us, StdErr = 0.454 us (0.19%), N = 3, StdDev = 0.786 us
Min = 236.394 us, Q1 = 236.985 us, Median = 237.576 us, Q3 = 237.728 us, Max = 237.881 us
IQR = 0.744 us, LowerFence = 235.869 us, UpperFence = 238.844 us
ConfidenceInterval = [222.952 us; 251.615 us] (CI 99.9%), Margin = 14.331 us (6.04% of Mean)
Skewness = -0.32, Kurtosis = 0.67, MValue = 2

// ** Remained 9 (10.1 %) benchmark(s) to run. Estimated finish 2026-10-07 19:54 (0h 0m from now) **
// **************************
// Benchmark: PlutusUseCasesBenchmarks.DecodeAndEval: NativeAOT 10.0(Runtime=NativeAOT 10.0, Toolchain=Latest ILCompiler, IterationCount=3, LaunchCount=1, MinIterationCount=50, WarmupCount=3) [Script=token-account-1]
// *** Execute ***
// Launch: 1 / 1
// Execute: /bench/chrysalis/benchmarks/PlutusBench/bin/Release/net10.0/PlutusBench-NativeAOT 10.0-1/bin/Release/net10.0/linux-x64/publish/PlutusBench-NativeAOT 10.0-1 --anonymousPipes 113 114 --benchmarkName "PlutusUseCasesBenchmarks.DecodeAndEval(Script: \"token-account-1\")" --job "NativeAOT 10.0" --benchmarkId 80 in 
// BeforeAnythingElse

// Benchmark Process Environment Information:
// BenchmarkDotNet v0.15.8
// Runtime=.NET 10.0.12, X64 NativeAOT x86-64-v4
// GC=Concurrent Workstation
// HardwareIntrinsics=AVX512 IFMA+VBMI,AVX512 F+BW+CD+DQ+VL,AVX2+BMI1+BMI2+F16C+FMA+LZCNT+MOVBE,AVX,SSE3+SSSE3+SSE4.1+SSE4.2+POPCNT,X86Base+SSE+SSE2,AES+PCLMUL VectorSize=256
// Job: NativeAOT 10.0(IterationCount=3, LaunchCount=1, MinIterationCount=50, WarmupCount=3)

OverheadJitting  1: 1 op, 209.00 ns, 209.0000 ns/op
WorkloadJitting  1: 1 op, 477919.00 ns, 477.9190 us/op

OverheadJitting  2: 16 op, 281.00 ns, 17.5625 ns/op
WorkloadJitting  2: 16 op, 5999641.00 ns, 374.9776 us/op

WorkloadPilot    1: 16 op, 5204988.00 ns, 325.3118 us/op
WorkloadPilot    2: 32 op, 9170660.00 ns, 286.5831 us/op
WorkloadPilot    3: 64 op, 18434234.00 ns, 288.0349 us/op
WorkloadPilot    4: 128 op, 34711237.00 ns, 271.1815 us/op
WorkloadPilot    5: 256 op, 68939913.00 ns, 269.2965 us/op
WorkloadPilot    6: 512 op, 135325212.00 ns, 264.3071 us/op
WorkloadPilot    7: 1024 op, 270756619.00 ns, 264.4108 us/op
WorkloadPilot    8: 2048 op, 546367085.00 ns, 266.7808 us/op

OverheadWarmup   1: 2048 op, 5009.00 ns, 2.4458 ns/op
OverheadWarmup   2: 2048 op, 4839.00 ns, 2.3628 ns/op
OverheadWarmup   3: 2048 op, 4813.00 ns, 2.3501 ns/op
OverheadWarmup   4: 2048 op, 4818.00 ns, 2.3525 ns/op
OverheadWarmup   5: 2048 op, 4830.00 ns, 2.3584 ns/op
OverheadWarmup   6: 2048 op, 4826.00 ns, 2.3564 ns/op
OverheadWarmup   7: 2048 op, 4800.00 ns, 2.3438 ns/op
OverheadWarmup   8: 2048 op, 4867.00 ns, 2.3765 ns/op
OverheadWarmup   9: 2048 op, 5059.00 ns, 2.4702 ns/op
OverheadWarmup  10: 2048 op, 4961.00 ns, 2.4224 ns/op

OverheadActual   1: 2048 op, 5019.00 ns, 2.4507 ns/op
OverheadActual   2: 2048 op, 4954.00 ns, 2.4189 ns/op
OverheadActual   3: 2048 op, 4911.00 ns, 2.3979 ns/op
OverheadActual   4: 2048 op, 4850.00 ns, 2.3682 ns/op
OverheadActual   5: 2048 op, 4910.00 ns, 2.3975 ns/op
OverheadActual   6: 2048 op, 4894.00 ns, 2.3896 ns/op
OverheadActual   7: 2048 op, 5099.00 ns, 2.4897 ns/op
OverheadActual   8: 2048 op, 5064.00 ns, 2.4727 ns/op
OverheadActual   9: 2048 op, 5116.00 ns, 2.4980 ns/op
OverheadActual  10: 2048 op, 5115.00 ns, 2.4976 ns/op
OverheadActual  11: 2048 op, 5133.00 ns, 2.5063 ns/op
OverheadActual  12: 2048 op, 5105.00 ns, 2.4927 ns/op
OverheadActual  13: 2048 op, 5117.00 ns, 2.4985 ns/op
OverheadActual  14: 2048 op, 5116.00 ns, 2.4980 ns/op
OverheadActual  15: 2048 op, 5094.00 ns, 2.4873 ns/op
OverheadActual  16: 2048 op, 5098.00 ns, 2.4893 ns/op
OverheadActual  17: 2048 op, 5097.00 ns, 2.4888 ns/op
OverheadActual  18: 2048 op, 5096.00 ns, 2.4883 ns/op
OverheadActual  19: 2048 op, 5072.00 ns, 2.4766 ns/op
OverheadActual  20: 2048 op, 19967.00 ns, 9.7495 ns/op

WorkloadWarmup   1: 2048 op, 551402312.00 ns, 269.2394 us/op
WorkloadWarmup   2: 2048 op, 548790804.00 ns, 267.9643 us/op
WorkloadWarmup   3: 2048 op, 545350242.00 ns, 266.2843 us/op

// BeforeActualRun
WorkloadActual   1: 2048 op, 542584127.00 ns, 264.9337 us/op
WorkloadActual   2: 2048 op, 541664434.00 ns, 264.4846 us/op
WorkloadActual   3: 2048 op, 544132758.00 ns, 265.6898 us/op

// AfterActualRun
WorkloadResult   1: 2048 op, 542579030.50 ns, 264.9312 us/op
WorkloadResult   2: 2048 op, 541659337.50 ns, 264.4821 us/op
WorkloadResult   3: 2048 op, 544127661.50 ns, 265.6873 us/op
// GC:  107 32 0 895992816 2048
// Threading:  0 0 2048

// AfterAll
// Benchmark Process 2283 has exited with code 0.

Mean = 265.034 us, StdErr = 0.352 us (0.13%), N = 3, StdDev = 0.609 us
Min = 264.482 us, Q1 = 264.707 us, Median = 264.931 us, Q3 = 265.309 us, Max = 265.687 us
IQR = 0.603 us, LowerFence = 263.803 us, UpperFence = 266.213 us
ConfidenceInterval = [253.921 us; 276.146 us] (CI 99.9%), Margin = 11.112 us (4.19% of Mean)
Skewness = 0.16, Kurtosis = 0.67, MValue = 2

// ** Remained 8 (9.0 %) benchmark(s) to run. Estimated finish 2026-10-07 19:54 (0h 0m from now) **
// **************************
// Benchmark: PlutusUseCasesBenchmarks.DecodeAndEval: NativeAOT 10.0(Runtime=NativeAOT 10.0, Toolchain=Latest ILCompiler, IterationCount=3, LaunchCount=1, MinIterationCount=50, WarmupCount=3) [Script=token-account-2]
// *** Execute ***
// Launch: 1 / 1
// Execute: /bench/chrysalis/benchmarks/PlutusBench/bin/Release/net10.0/PlutusBench-NativeAOT 10.0-1/bin/Release/net10.0/linux-x64/publish/PlutusBench-NativeAOT 10.0-1 --anonymousPipes 113 114 --benchmarkName "PlutusUseCasesBenchmarks.DecodeAndEval(Script: \"token-account-2\")" --job "NativeAOT 10.0" --benchmarkId 81 in 
// BeforeAnythingElse

// Benchmark Process Environment Information:
// BenchmarkDotNet v0.15.8
// Runtime=.NET 10.0.12, X64 NativeAOT x86-64-v4
// GC=Concurrent Workstation
// HardwareIntrinsics=AVX512 IFMA+VBMI,AVX512 F+BW+CD+DQ+VL,AVX2+BMI1+BMI2+F16C+FMA+LZCNT+MOVBE,AVX,SSE3+SSSE3+SSE4.1+SSE4.2+POPCNT,X86Base+SSE+SSE2,AES+PCLMUL VectorSize=256
// Job: NativeAOT 10.0(IterationCount=3, LaunchCount=1, MinIterationCount=50, WarmupCount=3)

OverheadJitting  1: 1 op, 258.00 ns, 258.0000 ns/op
WorkloadJitting  1: 1 op, 741611.00 ns, 741.6110 us/op

OverheadJitting  2: 16 op, 307.00 ns, 19.1875 ns/op
WorkloadJitting  2: 16 op, 11000980.00 ns, 687.5613 us/op

WorkloadPilot    1: 16 op, 9391788.00 ns, 586.9868 us/op
WorkloadPilot    2: 32 op, 17327834.00 ns, 541.4948 us/op
WorkloadPilot    3: 64 op, 33848547.00 ns, 528.8835 us/op
WorkloadPilot    4: 128 op, 64611233.00 ns, 504.7753 us/op
WorkloadPilot    5: 256 op, 128629752.00 ns, 502.4600 us/op
WorkloadPilot    6: 512 op, 257404344.00 ns, 502.7429 us/op
WorkloadPilot    7: 1024 op, 517522980.00 ns, 505.3935 us/op

OverheadWarmup   1: 1024 op, 3227.00 ns, 3.1514 ns/op
OverheadWarmup   2: 1024 op, 3120.00 ns, 3.0469 ns/op
OverheadWarmup   3: 1024 op, 3133.00 ns, 3.0596 ns/op
OverheadWarmup   4: 1024 op, 3092.00 ns, 3.0195 ns/op
OverheadWarmup   5: 1024 op, 3077.00 ns, 3.0049 ns/op
OverheadWarmup   6: 1024 op, 3044.00 ns, 2.9727 ns/op
OverheadWarmup   7: 1024 op, 3024.00 ns, 2.9531 ns/op
OverheadWarmup   8: 1024 op, 2990.00 ns, 2.9199 ns/op
OverheadWarmup   9: 1024 op, 3017.00 ns, 2.9463 ns/op
OverheadWarmup  10: 1024 op, 3043.00 ns, 2.9717 ns/op

OverheadActual   1: 1024 op, 3078.00 ns, 3.0059 ns/op
OverheadActual   2: 1024 op, 3023.00 ns, 2.9521 ns/op
OverheadActual   3: 1024 op, 3024.00 ns, 2.9531 ns/op
OverheadActual   4: 1024 op, 3071.00 ns, 2.9990 ns/op
OverheadActual   5: 1024 op, 3072.00 ns, 3.0000 ns/op
OverheadActual   6: 1024 op, 2999.00 ns, 2.9287 ns/op
OverheadActual   7: 1024 op, 3002.00 ns, 2.9316 ns/op
OverheadActual   8: 1024 op, 3011.00 ns, 2.9404 ns/op
OverheadActual   9: 1024 op, 2991.00 ns, 2.9209 ns/op
OverheadActual  10: 1024 op, 3024.00 ns, 2.9531 ns/op
OverheadActual  11: 1024 op, 3011.00 ns, 2.9404 ns/op
OverheadActual  12: 1024 op, 2990.00 ns, 2.9199 ns/op
OverheadActual  13: 1024 op, 3022.00 ns, 2.9512 ns/op
OverheadActual  14: 1024 op, 3027.00 ns, 2.9561 ns/op
OverheadActual  15: 1024 op, 3006.00 ns, 2.9355 ns/op
OverheadActual  16: 1024 op, 3039.00 ns, 2.9678 ns/op
OverheadActual  17: 1024 op, 3021.00 ns, 2.9502 ns/op
OverheadActual  18: 1024 op, 2958.00 ns, 2.8887 ns/op
OverheadActual  19: 1024 op, 3004.00 ns, 2.9336 ns/op
OverheadActual  20: 1024 op, 3000.00 ns, 2.9297 ns/op

WorkloadWarmup   1: 1024 op, 518389268.00 ns, 506.2395 us/op
WorkloadWarmup   2: 1024 op, 466764103.00 ns, 455.8243 us/op
WorkloadWarmup   3: 1024 op, 411166254.00 ns, 401.5295 us/op

// BeforeActualRun
WorkloadActual   1: 1024 op, 411632593.00 ns, 401.9850 us/op
WorkloadActual   2: 1024 op, 410706623.00 ns, 401.0807 us/op
WorkloadActual   3: 1024 op, 412863974.00 ns, 403.1875 us/op

// AfterActualRun
WorkloadResult   1: 1024 op, 411629577.00 ns, 401.9820 us/op
WorkloadResult   2: 1024 op, 410703607.00 ns, 401.0777 us/op
WorkloadResult   3: 1024 op, 412860958.00 ns, 403.1845 us/op
// GC:  77 23 0 649249776 1024
// Threading:  0 0 1024

// AfterAll
// Benchmark Process 2286 has exited with code 0.

Mean = 402.081 us, StdErr = 0.610 us (0.15%), N = 3, StdDev = 1.057 us
Min = 401.078 us, Q1 = 401.530 us, Median = 401.982 us, Q3 = 402.583 us, Max = 403.185 us
IQR = 1.053 us, LowerFence = 399.950 us, UpperFence = 404.163 us
ConfidenceInterval = [382.800 us; 421.363 us] (CI 99.9%), Margin = 19.282 us (4.80% of Mean)
Skewness = 0.09, Kurtosis = 0.67, MValue = 2

// ** Remained 7 (7.9 %) benchmark(s) to run. Estimated finish 2026-10-07 19:54 (0h 0m from now) **
// **************************
// Benchmark: PlutusUseCasesBenchmarks.DecodeAndEval: NativeAOT 10.0(Runtime=NativeAOT 10.0, Toolchain=Latest ILCompiler, IterationCount=3, LaunchCount=1, MinIterationCount=50, WarmupCount=3) [Script=uniswap-1]
// *** Execute ***
// Launch: 1 / 1
// Execute: /bench/chrysalis/benchmarks/PlutusBench/bin/Release/net10.0/PlutusBench-NativeAOT 10.0-1/bin/Release/net10.0/linux-x64/publish/PlutusBench-NativeAOT 10.0-1 --anonymousPipes 113 114 --benchmarkName "PlutusUseCasesBenchmarks.DecodeAndEval(Script: \"uniswap-1\")" --job "NativeAOT 10.0" --benchmarkId 82 in 
// BeforeAnythingElse

// Benchmark Process Environment Information:
// BenchmarkDotNet v0.15.8
// Runtime=.NET 10.0.12, X64 NativeAOT x86-64-v4
// GC=Concurrent Workstation
// HardwareIntrinsics=AVX512 IFMA+VBMI,AVX512 F+BW+CD+DQ+VL,AVX2+BMI1+BMI2+F16C+FMA+LZCNT+MOVBE,AVX,SSE3+SSSE3+SSE4.1+SSE4.2+POPCNT,X86Base+SSE+SSE2,AES+PCLMUL VectorSize=256
// Job: NativeAOT 10.0(IterationCount=3, LaunchCount=1, MinIterationCount=50, WarmupCount=3)

OverheadJitting  1: 1 op, 224.00 ns, 224.0000 ns/op
WorkloadJitting  1: 1 op, 752685.00 ns, 752.6850 us/op

OverheadJitting  2: 16 op, 276.00 ns, 17.2500 ns/op
WorkloadJitting  2: 16 op, 10625233.00 ns, 664.0771 us/op

WorkloadPilot    1: 16 op, 9574293.00 ns, 598.3933 us/op
WorkloadPilot    2: 32 op, 17670630.00 ns, 552.2072 us/op
WorkloadPilot    3: 64 op, 33840357.00 ns, 528.7556 us/op
WorkloadPilot    4: 128 op, 66531270.00 ns, 519.7755 us/op
WorkloadPilot    5: 256 op, 132215000.00 ns, 516.4648 us/op
WorkloadPilot    6: 512 op, 267125555.00 ns, 521.7296 us/op
WorkloadPilot    7: 1024 op, 535735998.00 ns, 523.1797 us/op

OverheadWarmup   1: 1024 op, 3243.00 ns, 3.1670 ns/op
OverheadWarmup   2: 1024 op, 2616.00 ns, 2.5547 ns/op
OverheadWarmup   3: 1024 op, 2548.00 ns, 2.4883 ns/op
OverheadWarmup   4: 1024 op, 2511.00 ns, 2.4521 ns/op
OverheadWarmup   5: 1024 op, 2461.00 ns, 2.4033 ns/op
OverheadWarmup   6: 1024 op, 2498.00 ns, 2.4395 ns/op
OverheadWarmup   7: 1024 op, 2512.00 ns, 2.4531 ns/op
OverheadWarmup   8: 1024 op, 2459.00 ns, 2.4014 ns/op
OverheadWarmup   9: 1024 op, 2510.00 ns, 2.4512 ns/op
OverheadWarmup  10: 1024 op, 2570.00 ns, 2.5098 ns/op

OverheadActual   1: 1024 op, 2513.00 ns, 2.4541 ns/op
OverheadActual   2: 1024 op, 2514.00 ns, 2.4551 ns/op
OverheadActual   3: 1024 op, 2546.00 ns, 2.4863 ns/op
OverheadActual   4: 1024 op, 2519.00 ns, 2.4600 ns/op
OverheadActual   5: 1024 op, 2554.00 ns, 2.4941 ns/op
OverheadActual   6: 1024 op, 2508.00 ns, 2.4492 ns/op
OverheadActual   7: 1024 op, 2505.00 ns, 2.4463 ns/op
OverheadActual   8: 1024 op, 2627.00 ns, 2.5654 ns/op
OverheadActual   9: 1024 op, 2631.00 ns, 2.5693 ns/op
OverheadActual  10: 1024 op, 2617.00 ns, 2.5557 ns/op
OverheadActual  11: 1024 op, 2525.00 ns, 2.4658 ns/op
OverheadActual  12: 1024 op, 2501.00 ns, 2.4424 ns/op
OverheadActual  13: 1024 op, 2519.00 ns, 2.4600 ns/op
OverheadActual  14: 1024 op, 2516.00 ns, 2.4570 ns/op
OverheadActual  15: 1024 op, 2516.00 ns, 2.4570 ns/op
OverheadActual  16: 1024 op, 2523.00 ns, 2.4639 ns/op
OverheadActual  17: 1024 op, 2614.00 ns, 2.5527 ns/op
OverheadActual  18: 1024 op, 2529.00 ns, 2.4697 ns/op
OverheadActual  19: 1024 op, 2567.00 ns, 2.5068 ns/op
OverheadActual  20: 1024 op, 2616.00 ns, 2.5547 ns/op

WorkloadWarmup   1: 1024 op, 533911088.00 ns, 521.3975 us/op
WorkloadWarmup   2: 1024 op, 540843701.00 ns, 528.1677 us/op
WorkloadWarmup   3: 1024 op, 537361917.00 ns, 524.7675 us/op

// BeforeActualRun
WorkloadActual   1: 1024 op, 541946928.00 ns, 529.2450 us/op
WorkloadActual   2: 1024 op, 533554605.00 ns, 521.0494 us/op
WorkloadActual   3: 1024 op, 530096680.00 ns, 517.6725 us/op

// AfterActualRun
WorkloadResult   1: 1024 op, 541944404.00 ns, 529.2426 us/op
WorkloadResult   2: 1024 op, 533552081.00 ns, 521.0470 us/op
WorkloadResult   3: 1024 op, 530094156.00 ns, 517.6701 us/op
// GC:  90 29 0 754942960 1024
// Threading:  0 0 1024

// AfterAll
// Benchmark Process 2289 has exited with code 0.

Mean = 522.653 us, StdErr = 3.436 us (0.66%), N = 3, StdDev = 5.951 us
Min = 517.670 us, Q1 = 519.359 us, Median = 521.047 us, Q3 = 525.145 us, Max = 529.243 us
IQR = 5.786 us, LowerFence = 510.679 us, UpperFence = 533.824 us
ConfidenceInterval = [414.083 us; 631.224 us] (CI 99.9%), Margin = 108.570 us (20.77% of Mean)
Skewness = 0.25, Kurtosis = 0.67, MValue = 2

// ** Remained 6 (6.7 %) benchmark(s) to run. Estimated finish 2026-10-07 19:54 (0h 0m from now) **
// **************************
// Benchmark: PlutusUseCasesBenchmarks.DecodeAndEval: NativeAOT 10.0(Runtime=NativeAOT 10.0, Toolchain=Latest ILCompiler, IterationCount=3, LaunchCount=1, MinIterationCount=50, WarmupCount=3) [Script=uniswap-2]
// *** Execute ***
// Launch: 1 / 1
// Execute: /bench/chrysalis/benchmarks/PlutusBench/bin/Release/net10.0/PlutusBench-NativeAOT 10.0-1/bin/Release/net10.0/linux-x64/publish/PlutusBench-NativeAOT 10.0-1 --anonymousPipes 113 114 --benchmarkName "PlutusUseCasesBenchmarks.DecodeAndEval(Script: \"uniswap-2\")" --job "NativeAOT 10.0" --benchmarkId 83 in 
// BeforeAnythingElse

// Benchmark Process Environment Information:
// BenchmarkDotNet v0.15.8
// Runtime=.NET 10.0.12, X64 NativeAOT x86-64-v4
// GC=Concurrent Workstation
// HardwareIntrinsics=AVX512 IFMA+VBMI,AVX512 F+BW+CD+DQ+VL,AVX2+BMI1+BMI2+F16C+FMA+LZCNT+MOVBE,AVX,SSE3+SSSE3+SSE4.1+SSE4.2+POPCNT,X86Base+SSE+SSE2,AES+PCLMUL VectorSize=256
// Job: NativeAOT 10.0(IterationCount=3, LaunchCount=1, MinIterationCount=50, WarmupCount=3)

OverheadJitting  1: 1 op, 212.00 ns, 212.0000 ns/op
WorkloadJitting  1: 1 op, 465835.00 ns, 465.8350 us/op

OverheadJitting  2: 16 op, 313.00 ns, 19.5625 ns/op
WorkloadJitting  2: 16 op, 6622516.00 ns, 413.9073 us/op

WorkloadPilot    1: 16 op, 5680057.00 ns, 355.0036 us/op
WorkloadPilot    2: 32 op, 9916358.00 ns, 309.8862 us/op
WorkloadPilot    3: 64 op, 21093166.00 ns, 329.5807 us/op
WorkloadPilot    4: 128 op, 38933342.00 ns, 304.1667 us/op
WorkloadPilot    5: 256 op, 76915205.00 ns, 300.4500 us/op
WorkloadPilot    6: 512 op, 153230733.00 ns, 299.2788 us/op
WorkloadPilot    7: 1024 op, 307790522.00 ns, 300.5767 us/op
WorkloadPilot    8: 2048 op, 613567601.00 ns, 299.5936 us/op

OverheadWarmup   1: 2048 op, 5412.00 ns, 2.6426 ns/op
OverheadWarmup   2: 2048 op, 5157.00 ns, 2.5181 ns/op
OverheadWarmup   3: 2048 op, 5105.00 ns, 2.4927 ns/op
OverheadWarmup   4: 2048 op, 5275.00 ns, 2.5757 ns/op
OverheadWarmup   5: 2048 op, 5156.00 ns, 2.5176 ns/op
OverheadWarmup   6: 2048 op, 5222.00 ns, 2.5498 ns/op
OverheadWarmup   7: 2048 op, 5226.00 ns, 2.5518 ns/op
OverheadWarmup   8: 2048 op, 5198.00 ns, 2.5381 ns/op

OverheadActual   1: 2048 op, 10427.00 ns, 5.0913 ns/op
OverheadActual   2: 2048 op, 5146.00 ns, 2.5127 ns/op
OverheadActual   3: 2048 op, 5118.00 ns, 2.4990 ns/op
OverheadActual   4: 2048 op, 5102.00 ns, 2.4912 ns/op
OverheadActual   5: 2048 op, 5187.00 ns, 2.5327 ns/op
OverheadActual   6: 2048 op, 5095.00 ns, 2.4878 ns/op
OverheadActual   7: 2048 op, 5300.00 ns, 2.5879 ns/op
OverheadActual   8: 2048 op, 5330.00 ns, 2.6025 ns/op
OverheadActual   9: 2048 op, 5093.00 ns, 2.4868 ns/op
OverheadActual  10: 2048 op, 5112.00 ns, 2.4961 ns/op
OverheadActual  11: 2048 op, 5199.00 ns, 2.5386 ns/op
OverheadActual  12: 2048 op, 5415.00 ns, 2.6440 ns/op
OverheadActual  13: 2048 op, 5474.00 ns, 2.6729 ns/op
OverheadActual  14: 2048 op, 5476.00 ns, 2.6738 ns/op
OverheadActual  15: 2048 op, 5539.00 ns, 2.7046 ns/op
OverheadActual  16: 2048 op, 5529.00 ns, 2.6997 ns/op
OverheadActual  17: 2048 op, 5545.00 ns, 2.7075 ns/op
OverheadActual  18: 2048 op, 5478.00 ns, 2.6748 ns/op
OverheadActual  19: 2048 op, 5459.00 ns, 2.6655 ns/op
OverheadActual  20: 2048 op, 5468.00 ns, 2.6699 ns/op

WorkloadWarmup   1: 2048 op, 620840109.00 ns, 303.1446 us/op
WorkloadWarmup   2: 2048 op, 620384432.00 ns, 302.9221 us/op
WorkloadWarmup   3: 2048 op, 619858846.00 ns, 302.6655 us/op

// BeforeActualRun
WorkloadActual   1: 2048 op, 615193240.00 ns, 300.3873 us/op
WorkloadActual   2: 2048 op, 615094634.00 ns, 300.3392 us/op
WorkloadActual   3: 2048 op, 616518950.00 ns, 301.0346 us/op

// AfterActualRun
WorkloadResult   1: 2048 op, 615187867.50 ns, 300.3847 us/op
WorkloadResult   2: 2048 op, 615089261.50 ns, 300.3366 us/op
WorkloadResult   3: 2048 op, 616513577.50 ns, 301.0320 us/op
// GC:  118 36 0 994182128 2048
// Threading:  0 0 2048

// AfterAll
// Benchmark Process 2292 has exited with code 0.

Mean = 300.584 us, StdErr = 0.224 us (0.07%), N = 3, StdDev = 0.388 us
Min = 300.337 us, Q1 = 300.361 us, Median = 300.385 us, Q3 = 300.708 us, Max = 301.032 us
IQR = 0.348 us, LowerFence = 299.839 us, UpperFence = 301.230 us
ConfidenceInterval = [293.499 us; 307.670 us] (CI 99.9%), Margin = 7.085 us (2.36% of Mean)
Skewness = 0.38, Kurtosis = 0.67, MValue = 2

// ** Remained 5 (5.6 %) benchmark(s) to run. Estimated finish 2026-10-07 19:54 (0h 0m from now) **
// **************************
// Benchmark: PlutusUseCasesBenchmarks.DecodeAndEval: NativeAOT 10.0(Runtime=NativeAOT 10.0, Toolchain=Latest ILCompiler, IterationCount=3, LaunchCount=1, MinIterationCount=50, WarmupCount=3) [Script=uniswap-3]
// *** Execute ***
// Launch: 1 / 1
// Execute: /bench/chrysalis/benchmarks/PlutusBench/bin/Release/net10.0/PlutusBench-NativeAOT 10.0-1/bin/Release/net10.0/linux-x64/publish/PlutusBench-NativeAOT 10.0-1 --anonymousPipes 113 114 --benchmarkName "PlutusUseCasesBenchmarks.DecodeAndEval(Script: \"uniswap-3\")" --job "NativeAOT 10.0" --benchmarkId 84 in 
// BeforeAnythingElse

// Benchmark Process Environment Information:
// BenchmarkDotNet v0.15.8
// Runtime=.NET 10.0.12, X64 NativeAOT x86-64-v4
// GC=Concurrent Workstation
// HardwareIntrinsics=AVX512 IFMA+VBMI,AVX512 F+BW+CD+DQ+VL,AVX2+BMI1+BMI2+F16C+FMA+LZCNT+MOVBE,AVX,SSE3+SSSE3+SSE4.1+SSE4.2+POPCNT,X86Base+SSE+SSE2,AES+PCLMUL VectorSize=256
// Job: NativeAOT 10.0(IterationCount=3, LaunchCount=1, MinIterationCount=50, WarmupCount=3)

OverheadJitting  1: 1 op, 235.00 ns, 235.0000 ns/op
WorkloadJitting  1: 1 op, 2580556.00 ns, 2.5806 ms/op

OverheadJitting  2: 16 op, 293.00 ns, 18.3125 ns/op
WorkloadJitting  2: 16 op, 35169274.00 ns, 2.1981 ms/op

WorkloadPilot    1: 16 op, 33244730.00 ns, 2.0778 ms/op
WorkloadPilot    2: 32 op, 62753873.00 ns, 1.9611 ms/op
WorkloadPilot    3: 64 op, 125413696.00 ns, 1.9596 ms/op
WorkloadPilot    4: 128 op, 249594631.00 ns, 1.9500 ms/op
WorkloadPilot    5: 256 op, 501660836.00 ns, 1.9596 ms/op

OverheadWarmup   1: 256 op, 922.00 ns, 3.6016 ns/op
OverheadWarmup   2: 256 op, 747.00 ns, 2.9180 ns/op
OverheadWarmup   3: 256 op, 753.00 ns, 2.9414 ns/op
OverheadWarmup   4: 256 op, 767.00 ns, 2.9961 ns/op
OverheadWarmup   5: 256 op, 745.00 ns, 2.9102 ns/op
OverheadWarmup   6: 256 op, 801.00 ns, 3.1289 ns/op
OverheadWarmup   7: 256 op, 751.00 ns, 2.9336 ns/op

OverheadActual   1: 256 op, 798.00 ns, 3.1172 ns/op
OverheadActual   2: 256 op, 786.00 ns, 3.0703 ns/op
OverheadActual   3: 256 op, 752.00 ns, 2.9375 ns/op
OverheadActual   4: 256 op, 771.00 ns, 3.0117 ns/op
OverheadActual   5: 256 op, 756.00 ns, 2.9531 ns/op
OverheadActual   6: 256 op, 730.00 ns, 2.8516 ns/op
OverheadActual   7: 256 op, 750.00 ns, 2.9297 ns/op
OverheadActual   8: 256 op, 740.00 ns, 2.8906 ns/op
OverheadActual   9: 256 op, 771.00 ns, 3.0117 ns/op
OverheadActual  10: 256 op, 753.00 ns, 2.9414 ns/op
OverheadActual  11: 256 op, 758.00 ns, 2.9609 ns/op
OverheadActual  12: 256 op, 767.00 ns, 2.9961 ns/op
OverheadActual  13: 256 op, 782.00 ns, 3.0547 ns/op
OverheadActual  14: 256 op, 799.00 ns, 3.1211 ns/op
OverheadActual  15: 256 op, 751.00 ns, 2.9336 ns/op
OverheadActual  16: 256 op, 762.00 ns, 2.9766 ns/op
OverheadActual  17: 256 op, 775.00 ns, 3.0273 ns/op
OverheadActual  18: 256 op, 781.00 ns, 3.0508 ns/op
OverheadActual  19: 256 op, 738.00 ns, 2.8828 ns/op
OverheadActual  20: 256 op, 745.00 ns, 2.9102 ns/op

WorkloadWarmup   1: 256 op, 504193929.00 ns, 1.9695 ms/op
WorkloadWarmup   2: 256 op, 501684623.00 ns, 1.9597 ms/op
WorkloadWarmup   3: 256 op, 501288406.00 ns, 1.9582 ms/op

// BeforeActualRun
WorkloadActual   1: 256 op, 502088713.00 ns, 1.9613 ms/op
WorkloadActual   2: 256 op, 499510482.00 ns, 1.9512 ms/op
WorkloadActual   3: 256 op, 502001987.00 ns, 1.9609 ms/op

// AfterActualRun
WorkloadResult   1: 256 op, 502087953.00 ns, 1.9613 ms/op
WorkloadResult   2: 256 op, 499509722.00 ns, 1.9512 ms/op
WorkloadResult   3: 256 op, 502001227.00 ns, 1.9609 ms/op
// GC:  73 36 0 613026800 256
// Threading:  0 0 256

// AfterAll
// Benchmark Process 2294 has exited with code 0.

Mean = 1.958 ms, StdErr = 0.003 ms (0.17%), N = 3, StdDev = 0.006 ms
Min = 1.951 ms, Q1 = 1.956 ms, Median = 1.961 ms, Q3 = 1.961 ms, Max = 1.961 ms
IQR = 0.005 ms, LowerFence = 1.949 ms, UpperFence = 1.969 ms
ConfidenceInterval = [1.853 ms; 2.062 ms] (CI 99.9%), Margin = 0.104 ms (5.33% of Mean)
Skewness = -0.38, Kurtosis = 0.67, MValue = 2

// ** Remained 4 (4.5 %) benchmark(s) to run. Estimated finish 2026-10-07 19:54 (0h 0m from now) **
// **************************
// Benchmark: PlutusUseCasesBenchmarks.DecodeAndEval: NativeAOT 10.0(Runtime=NativeAOT 10.0, Toolchain=Latest ILCompiler, IterationCount=3, LaunchCount=1, MinIterationCount=50, WarmupCount=3) [Script=uniswap-4]
// *** Execute ***
// Launch: 1 / 1
// Execute: /bench/chrysalis/benchmarks/PlutusBench/bin/Release/net10.0/PlutusBench-NativeAOT 10.0-1/bin/Release/net10.0/linux-x64/publish/PlutusBench-NativeAOT 10.0-1 --anonymousPipes 113 114 --benchmarkName "PlutusUseCasesBenchmarks.DecodeAndEval(Script: \"uniswap-4\")" --job "NativeAOT 10.0" --benchmarkId 85 in 
// BeforeAnythingElse

// Benchmark Process Environment Information:
// BenchmarkDotNet v0.15.8
// Runtime=.NET 10.0.12, X64 NativeAOT x86-64-v4
// GC=Concurrent Workstation
// HardwareIntrinsics=AVX512 IFMA+VBMI,AVX512 F+BW+CD+DQ+VL,AVX2+BMI1+BMI2+F16C+FMA+LZCNT+MOVBE,AVX,SSE3+SSSE3+SSE4.1+SSE4.2+POPCNT,X86Base+SSE+SSE2,AES+PCLMUL VectorSize=256
// Job: NativeAOT 10.0(IterationCount=3, LaunchCount=1, MinIterationCount=50, WarmupCount=3)

OverheadJitting  1: 1 op, 203.00 ns, 203.0000 ns/op
WorkloadJitting  1: 1 op, 590248.00 ns, 590.2480 us/op

OverheadJitting  2: 16 op, 272.00 ns, 17.0000 ns/op
WorkloadJitting  2: 16 op, 8380611.00 ns, 523.7882 us/op

WorkloadPilot    1: 16 op, 7150640.00 ns, 446.9150 us/op
WorkloadPilot    2: 32 op, 12729618.00 ns, 397.8006 us/op
WorkloadPilot    3: 64 op, 23914335.00 ns, 373.6615 us/op
WorkloadPilot    4: 128 op, 46853863.00 ns, 366.0458 us/op
WorkloadPilot    5: 256 op, 92238492.00 ns, 360.3066 us/op
WorkloadPilot    6: 512 op, 187962146.00 ns, 367.1136 us/op
WorkloadPilot    7: 1024 op, 368203616.00 ns, 359.5738 us/op
WorkloadPilot    8: 2048 op, 737540910.00 ns, 360.1274 us/op

OverheadWarmup   1: 2048 op, 5401.00 ns, 2.6372 ns/op
OverheadWarmup   2: 2048 op, 5187.00 ns, 2.5327 ns/op
OverheadWarmup   3: 2048 op, 5184.00 ns, 2.5313 ns/op
OverheadWarmup   4: 2048 op, 5119.00 ns, 2.4995 ns/op
OverheadWarmup   5: 2048 op, 5105.00 ns, 2.4927 ns/op
OverheadWarmup   6: 2048 op, 5108.00 ns, 2.4941 ns/op
OverheadWarmup   7: 2048 op, 5223.00 ns, 2.5503 ns/op
OverheadWarmup   8: 2048 op, 5169.00 ns, 2.5239 ns/op
OverheadWarmup   9: 2048 op, 5492.00 ns, 2.6816 ns/op
OverheadWarmup  10: 2048 op, 5240.00 ns, 2.5586 ns/op

OverheadActual   1: 2048 op, 5260.00 ns, 2.5684 ns/op
OverheadActual   2: 2048 op, 5157.00 ns, 2.5181 ns/op
OverheadActual   3: 2048 op, 5213.00 ns, 2.5454 ns/op
OverheadActual   4: 2048 op, 5069.00 ns, 2.4751 ns/op
OverheadActual   5: 2048 op, 5156.00 ns, 2.5176 ns/op
OverheadActual   6: 2048 op, 5476.00 ns, 2.6738 ns/op
OverheadActual   7: 2048 op, 5180.00 ns, 2.5293 ns/op
OverheadActual   8: 2048 op, 5146.00 ns, 2.5127 ns/op
OverheadActual   9: 2048 op, 5262.00 ns, 2.5693 ns/op
OverheadActual  10: 2048 op, 5464.00 ns, 2.6680 ns/op
OverheadActual  11: 2048 op, 5192.00 ns, 2.5352 ns/op
OverheadActual  12: 2048 op, 5412.00 ns, 2.6426 ns/op
OverheadActual  13: 2048 op, 5230.00 ns, 2.5537 ns/op
OverheadActual  14: 2048 op, 5201.00 ns, 2.5396 ns/op
OverheadActual  15: 2048 op, 5189.00 ns, 2.5337 ns/op
OverheadActual  16: 2048 op, 5250.00 ns, 2.5635 ns/op
OverheadActual  17: 2048 op, 5177.00 ns, 2.5278 ns/op
OverheadActual  18: 2048 op, 5407.00 ns, 2.6401 ns/op
OverheadActual  19: 2048 op, 5429.00 ns, 2.6509 ns/op
OverheadActual  20: 2048 op, 5183.00 ns, 2.5308 ns/op

WorkloadWarmup   1: 2048 op, 745766755.00 ns, 364.1439 us/op
WorkloadWarmup   2: 2048 op, 743727803.00 ns, 363.1483 us/op
WorkloadWarmup   3: 2048 op, 737958355.00 ns, 360.3312 us/op

// BeforeActualRun
WorkloadActual   1: 2048 op, 737234696.00 ns, 359.9779 us/op
WorkloadActual   2: 2048 op, 738496293.00 ns, 360.5939 us/op
WorkloadActual   3: 2048 op, 738255413.00 ns, 360.4763 us/op

// AfterActualRun
WorkloadResult   1: 2048 op, 737229489.00 ns, 359.9753 us/op
WorkloadResult   2: 2048 op, 738491086.00 ns, 360.5914 us/op
WorkloadResult   3: 2048 op, 738250206.00 ns, 360.4737 us/op
// GC:  150 46 0 1260061680 2048
// Threading:  0 0 2048

// AfterAll
// Benchmark Process 2296 has exited with code 0.

Mean = 360.347 us, StdErr = 0.189 us (0.05%), N = 3, StdDev = 0.327 us
Min = 359.975 us, Q1 = 360.225 us, Median = 360.474 us, Q3 = 360.533 us, Max = 360.591 us
IQR = 0.308 us, LowerFence = 359.763 us, UpperFence = 360.995 us
ConfidenceInterval = [354.380 us; 366.313 us] (CI 99.9%), Margin = 5.966 us (1.66% of Mean)
Skewness = -0.33, Kurtosis = 0.67, MValue = 2

// ** Remained 3 (3.4 %) benchmark(s) to run. Estimated finish 2026-10-07 19:54 (0h 0m from now) **
// **************************
// Benchmark: PlutusUseCasesBenchmarks.DecodeAndEval: NativeAOT 10.0(Runtime=NativeAOT 10.0, Toolchain=Latest ILCompiler, IterationCount=3, LaunchCount=1, MinIterationCount=50, WarmupCount=3) [Script=uniswap-5]
// *** Execute ***
// Launch: 1 / 1
// Execute: /bench/chrysalis/benchmarks/PlutusBench/bin/Release/net10.0/PlutusBench-NativeAOT 10.0-1/bin/Release/net10.0/linux-x64/publish/PlutusBench-NativeAOT 10.0-1 --anonymousPipes 113 114 --benchmarkName "PlutusUseCasesBenchmarks.DecodeAndEval(Script: \"uniswap-5\")" --job "NativeAOT 10.0" --benchmarkId 86 in 
// BeforeAnythingElse

// Benchmark Process Environment Information:
// BenchmarkDotNet v0.15.8
// Runtime=.NET 10.0.12, X64 NativeAOT x86-64-v4
// GC=Concurrent Workstation
// HardwareIntrinsics=AVX512 IFMA+VBMI,AVX512 F+BW+CD+DQ+VL,AVX2+BMI1+BMI2+F16C+FMA+LZCNT+MOVBE,AVX,SSE3+SSSE3+SSE4.1+SSE4.2+POPCNT,X86Base+SSE+SSE2,AES+PCLMUL VectorSize=256
// Job: NativeAOT 10.0(IterationCount=3, LaunchCount=1, MinIterationCount=50, WarmupCount=3)

OverheadJitting  1: 1 op, 221.00 ns, 221.0000 ns/op
WorkloadJitting  1: 1 op, 1795034.00 ns, 1.7950 ms/op

OverheadJitting  2: 16 op, 287.00 ns, 17.9375 ns/op
WorkloadJitting  2: 16 op, 24823424.00 ns, 1.5515 ms/op

WorkloadPilot    1: 16 op, 23122911.00 ns, 1.4452 ms/op
WorkloadPilot    2: 32 op, 42417748.00 ns, 1.3256 ms/op
WorkloadPilot    3: 64 op, 86569653.00 ns, 1.3527 ms/op
WorkloadPilot    4: 128 op, 172891083.00 ns, 1.3507 ms/op
WorkloadPilot    5: 256 op, 340215074.00 ns, 1.3290 ms/op
WorkloadPilot    6: 512 op, 682622733.00 ns, 1.3332 ms/op

OverheadWarmup   1: 512 op, 1513.00 ns, 2.9551 ns/op
OverheadWarmup   2: 512 op, 1367.00 ns, 2.6699 ns/op
OverheadWarmup   3: 512 op, 1368.00 ns, 2.6719 ns/op
OverheadWarmup   4: 512 op, 1342.00 ns, 2.6211 ns/op
OverheadWarmup   5: 512 op, 1325.00 ns, 2.5879 ns/op
OverheadWarmup   6: 512 op, 1352.00 ns, 2.6406 ns/op
OverheadWarmup   7: 512 op, 1401.00 ns, 2.7363 ns/op
OverheadWarmup   8: 512 op, 1322.00 ns, 2.5820 ns/op

OverheadActual   1: 512 op, 1400.00 ns, 2.7344 ns/op
OverheadActual   2: 512 op, 1367.00 ns, 2.6699 ns/op
OverheadActual   3: 512 op, 1406.00 ns, 2.7461 ns/op
OverheadActual   4: 512 op, 1324.00 ns, 2.5859 ns/op
OverheadActual   5: 512 op, 1327.00 ns, 2.5918 ns/op
OverheadActual   6: 512 op, 1380.00 ns, 2.6953 ns/op
OverheadActual   7: 512 op, 1390.00 ns, 2.7148 ns/op
OverheadActual   8: 512 op, 1335.00 ns, 2.6074 ns/op
OverheadActual   9: 512 op, 1351.00 ns, 2.6387 ns/op
OverheadActual  10: 512 op, 1379.00 ns, 2.6934 ns/op
OverheadActual  11: 512 op, 1319.00 ns, 2.5762 ns/op
OverheadActual  12: 512 op, 1332.00 ns, 2.6016 ns/op
OverheadActual  13: 512 op, 1330.00 ns, 2.5977 ns/op
OverheadActual  14: 512 op, 1381.00 ns, 2.6973 ns/op
OverheadActual  15: 512 op, 1403.00 ns, 2.7402 ns/op
OverheadActual  16: 512 op, 1388.00 ns, 2.7109 ns/op
OverheadActual  17: 512 op, 1327.00 ns, 2.5918 ns/op
OverheadActual  18: 512 op, 1385.00 ns, 2.7051 ns/op
OverheadActual  19: 512 op, 1330.00 ns, 2.5977 ns/op
OverheadActual  20: 512 op, 1382.00 ns, 2.6992 ns/op

WorkloadWarmup   1: 512 op, 690618492.00 ns, 1.3489 ms/op
WorkloadWarmup   2: 512 op, 682892932.00 ns, 1.3338 ms/op
WorkloadWarmup   3: 512 op, 684091112.00 ns, 1.3361 ms/op

// BeforeActualRun
WorkloadActual   1: 512 op, 682849389.00 ns, 1.3337 ms/op
WorkloadActual   2: 512 op, 685583982.00 ns, 1.3390 ms/op
WorkloadActual   3: 512 op, 684874102.00 ns, 1.3376 ms/op

// AfterActualRun
WorkloadResult   1: 512 op, 682848016.00 ns, 1.3337 ms/op
WorkloadResult   2: 512 op, 685582609.00 ns, 1.3390 ms/op
WorkloadResult   3: 512 op, 684872729.00 ns, 1.3376 ms/op
// GC:  107 48 0 896283632 512
// Threading:  0 0 512

// AfterAll
// Benchmark Process 2298 has exited with code 0.

Mean = 1.337 ms, StdErr = 0.002 ms (0.12%), N = 3, StdDev = 0.003 ms
Min = 1.334 ms, Q1 = 1.336 ms, Median = 1.338 ms, Q3 = 1.338 ms, Max = 1.339 ms
IQR = 0.003 ms, LowerFence = 1.332 ms, UpperFence = 1.342 ms
ConfidenceInterval = [1.286 ms; 1.387 ms] (CI 99.9%), Margin = 0.051 ms (3.78% of Mean)
Skewness = -0.28, Kurtosis = 0.67, MValue = 2

// ** Remained 2 (2.2 %) benchmark(s) to run. Estimated finish 2026-10-07 19:54 (0h 0m from now) **
// **************************
// Benchmark: PlutusUseCasesBenchmarks.DecodeAndEval: NativeAOT 10.0(Runtime=NativeAOT 10.0, Toolchain=Latest ILCompiler, IterationCount=3, LaunchCount=1, MinIterationCount=50, WarmupCount=3) [Script=uniswap-6]
// *** Execute ***
// Launch: 1 / 1
// Execute: /bench/chrysalis/benchmarks/PlutusBench/bin/Release/net10.0/PlutusBench-NativeAOT 10.0-1/bin/Release/net10.0/linux-x64/publish/PlutusBench-NativeAOT 10.0-1 --anonymousPipes 113 114 --benchmarkName "PlutusUseCasesBenchmarks.DecodeAndEval(Script: \"uniswap-6\")" --job "NativeAOT 10.0" --benchmarkId 87 in 
// BeforeAnythingElse

// Benchmark Process Environment Information:
// BenchmarkDotNet v0.15.8
// Runtime=.NET 10.0.12, X64 NativeAOT x86-64-v4
// GC=Concurrent Workstation
// HardwareIntrinsics=AVX512 IFMA+VBMI,AVX512 F+BW+CD+DQ+VL,AVX2+BMI1+BMI2+F16C+FMA+LZCNT+MOVBE,AVX,SSE3+SSSE3+SSE4.1+SSE4.2+POPCNT,X86Base+SSE+SSE2,AES+PCLMUL VectorSize=256
// Job: NativeAOT 10.0(IterationCount=3, LaunchCount=1, MinIterationCount=50, WarmupCount=3)

OverheadJitting  1: 1 op, 303.00 ns, 303.0000 ns/op
WorkloadJitting  1: 1 op, 551050.00 ns, 551.0500 us/op

OverheadJitting  2: 16 op, 308.00 ns, 19.2500 ns/op
WorkloadJitting  2: 16 op, 8091896.00 ns, 505.7435 us/op

WorkloadPilot    1: 16 op, 6747102.00 ns, 421.6939 us/op
WorkloadPilot    2: 32 op, 12671438.00 ns, 395.9824 us/op
WorkloadPilot    3: 64 op, 23957066.00 ns, 374.3292 us/op
WorkloadPilot    4: 128 op, 45426905.00 ns, 354.8977 us/op
WorkloadPilot    5: 256 op, 90285662.00 ns, 352.6784 us/op
WorkloadPilot    6: 512 op, 179426302.00 ns, 350.4420 us/op
WorkloadPilot    7: 1024 op, 359185310.00 ns, 350.7669 us/op
WorkloadPilot    8: 2048 op, 716183536.00 ns, 349.6990 us/op

OverheadWarmup   1: 2048 op, 5509.00 ns, 2.6899 ns/op
OverheadWarmup   2: 2048 op, 5166.00 ns, 2.5225 ns/op
OverheadWarmup   3: 2048 op, 5151.00 ns, 2.5151 ns/op
OverheadWarmup   4: 2048 op, 5197.00 ns, 2.5376 ns/op
OverheadWarmup   5: 2048 op, 5158.00 ns, 2.5186 ns/op
OverheadWarmup   6: 2048 op, 5164.00 ns, 2.5215 ns/op
OverheadWarmup   7: 2048 op, 5353.00 ns, 2.6138 ns/op
OverheadWarmup   8: 2048 op, 5491.00 ns, 2.6812 ns/op
OverheadWarmup   9: 2048 op, 5067.00 ns, 2.4741 ns/op

OverheadActual   1: 2048 op, 5031.00 ns, 2.4565 ns/op
OverheadActual   2: 2048 op, 5245.00 ns, 2.5610 ns/op
OverheadActual   3: 2048 op, 5068.00 ns, 2.4746 ns/op
OverheadActual   4: 2048 op, 5085.00 ns, 2.4829 ns/op
OverheadActual   5: 2048 op, 5169.00 ns, 2.5239 ns/op
OverheadActual   6: 2048 op, 5400.00 ns, 2.6367 ns/op
OverheadActual   7: 2048 op, 5395.00 ns, 2.6343 ns/op
OverheadActual   8: 2048 op, 5246.00 ns, 2.5615 ns/op
OverheadActual   9: 2048 op, 5152.00 ns, 2.5156 ns/op
OverheadActual  10: 2048 op, 5148.00 ns, 2.5137 ns/op
OverheadActual  11: 2048 op, 5208.00 ns, 2.5430 ns/op
OverheadActual  12: 2048 op, 5117.00 ns, 2.4985 ns/op
OverheadActual  13: 2048 op, 5416.00 ns, 2.6445 ns/op
OverheadActual  14: 2048 op, 5409.00 ns, 2.6411 ns/op
OverheadActual  15: 2048 op, 5485.00 ns, 2.6782 ns/op
OverheadActual  16: 2048 op, 5136.00 ns, 2.5078 ns/op
OverheadActual  17: 2048 op, 5276.00 ns, 2.5762 ns/op
OverheadActual  18: 2048 op, 5145.00 ns, 2.5122 ns/op
OverheadActual  19: 2048 op, 5223.00 ns, 2.5503 ns/op
OverheadActual  20: 2048 op, 5091.00 ns, 2.4858 ns/op

WorkloadWarmup   1: 2048 op, 721551462.00 ns, 352.3200 us/op
WorkloadWarmup   2: 2048 op, 872031901.00 ns, 425.7968 us/op
WorkloadWarmup   3: 2048 op, 911510742.00 ns, 445.0736 us/op

// BeforeActualRun
WorkloadActual   1: 2048 op, 814101781.00 ns, 397.5106 us/op
WorkloadActual   2: 2048 op, 720441313.00 ns, 351.7780 us/op
WorkloadActual   3: 2048 op, 718293377.00 ns, 350.7292 us/op

// AfterActualRun
WorkloadResult   1: 2048 op, 814096592.50 ns, 397.5081 us/op
WorkloadResult   2: 2048 op, 720436124.50 ns, 351.7755 us/op
WorkloadResult   3: 2048 op, 718288188.50 ns, 350.7267 us/op
// GC:  145 43 0 1215792112 2048
// Threading:  0 0 2048

// AfterAll
// Benchmark Process 2300 has exited with code 0.

Mean = 366.670 us, StdErr = 15.422 us (4.21%), N = 3, StdDev = 26.712 us
Min = 350.727 us, Q1 = 351.251 us, Median = 351.775 us, Q3 = 374.642 us, Max = 397.508 us
IQR = 23.391 us, LowerFence = 316.165 us, UpperFence = 409.728 us
ConfidenceInterval = [-120.650 us; 853.990 us] (CI 99.9%), Margin = 487.320 us (132.90% of Mean)
Skewness = 0.38, Kurtosis = 0.67, MValue = 2

// ** Remained 1 (1.1 %) benchmark(s) to run. Estimated finish 2026-10-07 19:54 (0h 0m from now) **
// **************************
// Benchmark: PlutusUseCasesBenchmarks.DecodeAndEval: NativeAOT 10.0(Runtime=NativeAOT 10.0, Toolchain=Latest ILCompiler, IterationCount=3, LaunchCount=1, MinIterationCount=50, WarmupCount=3) [Script=vesting-1]
// *** Execute ***
// Launch: 1 / 1
// Execute: /bench/chrysalis/benchmarks/PlutusBench/bin/Release/net10.0/PlutusBench-NativeAOT 10.0-1/bin/Release/net10.0/linux-x64/publish/PlutusBench-NativeAOT 10.0-1 --anonymousPipes 113 114 --benchmarkName "PlutusUseCasesBenchmarks.DecodeAndEval(Script: \"vesting-1\")" --job "NativeAOT 10.0" --benchmarkId 88 in 
// BeforeAnythingElse

// Benchmark Process Environment Information:
// BenchmarkDotNet v0.15.8
// Runtime=.NET 10.0.12, X64 NativeAOT x86-64-v4
// GC=Concurrent Workstation
// HardwareIntrinsics=AVX512 IFMA+VBMI,AVX512 F+BW+CD+DQ+VL,AVX2+BMI1+BMI2+F16C+FMA+LZCNT+MOVBE,AVX,SSE3+SSSE3+SSE4.1+SSE4.2+POPCNT,X86Base+SSE+SSE2,AES+PCLMUL VectorSize=256
// Job: NativeAOT 10.0(IterationCount=3, LaunchCount=1, MinIterationCount=50, WarmupCount=3)

OverheadJitting  1: 1 op, 201.00 ns, 201.0000 ns/op
WorkloadJitting  1: 1 op, 674009.00 ns, 674.0090 us/op

OverheadJitting  2: 16 op, 280.00 ns, 17.5000 ns/op
WorkloadJitting  2: 16 op, 9776422.00 ns, 611.0264 us/op

WorkloadPilot    1: 16 op, 8459363.00 ns, 528.7102 us/op
WorkloadPilot    2: 32 op, 15736249.00 ns, 491.7578 us/op
WorkloadPilot    3: 64 op, 30062028.00 ns, 469.7192 us/op
WorkloadPilot    4: 128 op, 59001436.00 ns, 460.9487 us/op
WorkloadPilot    5: 256 op, 117448641.00 ns, 458.7838 us/op
WorkloadPilot    6: 512 op, 236652342.00 ns, 462.2116 us/op
WorkloadPilot    7: 1024 op, 468972483.00 ns, 457.9809 us/op
WorkloadPilot    8: 2048 op, 937665383.00 ns, 457.8444 us/op

OverheadWarmup   1: 2048 op, 5100.00 ns, 2.4902 ns/op
OverheadWarmup   2: 2048 op, 4886.00 ns, 2.3857 ns/op
OverheadWarmup   3: 2048 op, 4903.00 ns, 2.3940 ns/op
OverheadWarmup   4: 2048 op, 4882.00 ns, 2.3838 ns/op
OverheadWarmup   5: 2048 op, 4941.00 ns, 2.4126 ns/op
OverheadWarmup   6: 2048 op, 4925.00 ns, 2.4048 ns/op

OverheadActual   1: 2048 op, 5270.00 ns, 2.5732 ns/op
OverheadActual   2: 2048 op, 5184.00 ns, 2.5313 ns/op
OverheadActual   3: 2048 op, 5153.00 ns, 2.5161 ns/op
OverheadActual   4: 2048 op, 5152.00 ns, 2.5156 ns/op
OverheadActual   5: 2048 op, 4999.00 ns, 2.4409 ns/op
OverheadActual   6: 2048 op, 4983.00 ns, 2.4331 ns/op
OverheadActual   7: 2048 op, 5192.00 ns, 2.5352 ns/op
OverheadActual   8: 2048 op, 5212.00 ns, 2.5449 ns/op
OverheadActual   9: 2048 op, 4999.00 ns, 2.4409 ns/op
OverheadActual  10: 2048 op, 5148.00 ns, 2.5137 ns/op
OverheadActual  11: 2048 op, 5033.00 ns, 2.4575 ns/op
OverheadActual  12: 2048 op, 5223.00 ns, 2.5503 ns/op
OverheadActual  13: 2048 op, 5216.00 ns, 2.5469 ns/op
OverheadActual  14: 2048 op, 7069.00 ns, 3.4517 ns/op
OverheadActual  15: 2048 op, 6476.00 ns, 3.1621 ns/op
OverheadActual  16: 2048 op, 6856.00 ns, 3.3477 ns/op
OverheadActual  17: 2048 op, 6817.00 ns, 3.3286 ns/op
OverheadActual  18: 2048 op, 6658.00 ns, 3.2510 ns/op
OverheadActual  19: 2048 op, 6837.00 ns, 3.3384 ns/op
OverheadActual  20: 2048 op, 6523.00 ns, 3.1851 ns/op

WorkloadWarmup   1: 2048 op, 948083667.00 ns, 462.9315 us/op
WorkloadWarmup   2: 2048 op, 943204107.00 ns, 460.5489 us/op
WorkloadWarmup   3: 2048 op, 941066122.00 ns, 459.5049 us/op

// BeforeActualRun
WorkloadActual   1: 2048 op, 939065035.00 ns, 458.5278 us/op
WorkloadActual   2: 2048 op, 941312083.00 ns, 459.6250 us/op
WorkloadActual   3: 2048 op, 939748127.00 ns, 458.8614 us/op

// AfterActualRun
WorkloadResult   1: 2048 op, 939059821.00 ns, 458.5253 us/op
WorkloadResult   2: 2048 op, 941306869.00 ns, 459.6225 us/op
WorkloadResult   3: 2048 op, 939742913.00 ns, 458.8588 us/op
// GC:  170 56 0 1427817456 2048
// Threading:  0 0 2048

// AfterAll
// Benchmark Process 2302 has exited with code 0.

Mean = 459.002 us, StdErr = 0.325 us (0.07%), N = 3, StdDev = 0.562 us
Min = 458.525 us, Q1 = 458.692 us, Median = 458.859 us, Q3 = 459.241 us, Max = 459.622 us
IQR = 0.549 us, LowerFence = 457.869 us, UpperFence = 460.064 us
ConfidenceInterval = [448.741 us; 469.264 us] (CI 99.9%), Margin = 10.262 us (2.24% of Mean)
Skewness = 0.24, Kurtosis = 0.67, MValue = 2

// ** Remained 0 (0.0 %) benchmark(s) to run. Estimated finish 2026-10-07 19:54 (0h 0m from now) **
// ***** BenchmarkRunner: Finish  *****

// * Export *
  BenchmarkDotNet.Artifacts/results/PlutusUseCasesBenchmarks-report.csv
  BenchmarkDotNet.Artifacts/results/PlutusUseCasesBenchmarks-report-github.md
  BenchmarkDotNet.Artifacts/results/PlutusUseCasesBenchmarks-report.html
  BenchmarkDotNet.Artifacts/results/PlutusUseCasesBenchmarks-report-full-compressed.json

// * Detailed results *
PlutusUseCasesBenchmarks.DecodeAndEval: NativeAOT 10.0(Runtime=NativeAOT 10.0, Toolchain=Latest ILCompiler, IterationCount=3, LaunchCount=1, MinIterationCount=50, WarmupCount=3) [Script=auction_1-1]
Runtime = .NET 10.0.12, X64 NativeAOT x86-64-v4; GC = Concurrent Workstation
Mean = 248.371 us, StdErr = 1.800 us (0.72%), N = 3, StdDev = 3.118 us
Min = 245.024 us, Q1 = 246.960 us, Median = 248.897 us, Q3 = 250.045 us, Max = 251.192 us
IQR = 3.084 us, LowerFence = 242.334 us, UpperFence = 254.671 us
ConfidenceInterval = [191.494 us; 305.248 us] (CI 99.9%), Margin = 56.877 us (22.90% of Mean)
Skewness = -0.16, Kurtosis = 0.67, MValue = 2
-------------------- Histogram --------------------
[242.186 us ; 247.207 us) | @
[247.207 us ; 252.882 us) | @@
---------------------------------------------------

PlutusUseCasesBenchmarks.DecodeAndEval: NativeAOT 10.0(Runtime=NativeAOT 10.0, Toolchain=Latest ILCompiler, IterationCount=3, LaunchCount=1, MinIterationCount=50, WarmupCount=3) [Script=auction_1-2]
Runtime = .NET 10.0.12, X64 NativeAOT x86-64-v4; GC = Concurrent Workstation
Mean = 867.565 us, StdErr = 7.620 us (0.88%), N = 3, StdDev = 13.198 us
Min = 853.081 us, Q1 = 861.893 us, Median = 870.705 us, Q3 = 874.807 us, Max = 878.909 us
IQR = 12.914 us, LowerFence = 842.522 us, UpperFence = 894.179 us
ConfidenceInterval = [626.793 us; 1,108.337 us] (CI 99.9%), Margin = 240.772 us (27.75% of Mean)
Skewness = -0.22, Kurtosis = 0.67, MValue = 2
-------------------- Histogram --------------------
[841.070 us ; 862.797 us) | @
[862.797 us ; 890.919 us) | @@
---------------------------------------------------

PlutusUseCasesBenchmarks.DecodeAndEval: NativeAOT 10.0(Runtime=NativeAOT 10.0, Toolchain=Latest ILCompiler, IterationCount=3, LaunchCount=1, MinIterationCount=50, WarmupCount=3) [Script=auction_1-3]
Runtime = .NET 10.0.12, X64 NativeAOT x86-64-v4; GC = Concurrent Workstation
Mean = 844.888 us, StdErr = 1.406 us (0.17%), N = 3, StdDev = 2.435 us
Min = 843.357 us, Q1 = 843.484 us, Median = 843.612 us, Q3 = 845.654 us, Max = 847.696 us
IQR = 2.170 us, LowerFence = 840.230 us, UpperFence = 848.908 us
ConfidenceInterval = [800.464 us; 889.312 us] (CI 99.9%), Margin = 44.424 us (5.26% of Mean)
Skewness = 0.38, Kurtosis = 0.67, MValue = 2
-------------------- Histogram --------------------
[843.310 us ; 847.742 us) | @@@
---------------------------------------------------

PlutusUseCasesBenchmarks.DecodeAndEval: NativeAOT 10.0(Runtime=NativeAOT 10.0, Toolchain=Latest ILCompiler, IterationCount=3, LaunchCount=1, MinIterationCount=50, WarmupCount=3) [Script=auction_1-4]
Runtime = .NET 10.0.12, X64 NativeAOT x86-64-v4; GC = Concurrent Workstation
Mean = 264.726 us, StdErr = 0.376 us (0.14%), N = 3, StdDev = 0.652 us
Min = 264.115 us, Q1 = 264.383 us, Median = 264.652 us, Q3 = 265.032 us, Max = 265.412 us
IQR = 0.648 us, LowerFence = 263.411 us, UpperFence = 266.005 us
ConfidenceInterval = [252.838 us; 276.615 us] (CI 99.9%), Margin = 11.888 us (4.49% of Mean)
Skewness = 0.11, Kurtosis = 0.67, MValue = 2
-------------------- Histogram --------------------
[263.522 us ; 266.005 us) | @@@
---------------------------------------------------

PlutusUseCasesBenchmarks.DecodeAndEval: NativeAOT 10.0(Runtime=NativeAOT 10.0, Toolchain=Latest ILCompiler, IterationCount=3, LaunchCount=1, MinIterationCount=50, WarmupCount=3) [Script=auction_2-1]
Runtime = .NET 10.0.12, X64 NativeAOT x86-64-v4; GC = Concurrent Workstation
Mean = 261.256 us, StdErr = 10.157 us (3.89%), N = 3, StdDev = 17.593 us
Min = 250.865 us, Q1 = 251.099 us, Median = 251.333 us, Q3 = 266.451 us, Max = 281.568 us
IQR = 15.351 us, LowerFence = 228.072 us, UpperFence = 289.478 us
ConfidenceInterval = [-59.705 us; 582.216 us] (CI 99.9%), Margin = 320.961 us (122.85% of Mean)
Skewness = 0.38, Kurtosis = 0.67, MValue = 2
-------------------- Histogram --------------------
[250.207 us ; 282.227 us) | @@@
---------------------------------------------------

PlutusUseCasesBenchmarks.DecodeAndEval: NativeAOT 10.0(Runtime=NativeAOT 10.0, Toolchain=Latest ILCompiler, IterationCount=3, LaunchCount=1, MinIterationCount=50, WarmupCount=3) [Script=auction_2-2]
Runtime = .NET 10.0.12, X64 NativeAOT x86-64-v4; GC = Concurrent Workstation
Mean = 895.685 us, StdErr = 0.848 us (0.09%), N = 3, StdDev = 1.468 us
Min = 893.993 us, Q1 = 895.212 us, Median = 896.430 us, Q3 = 896.530 us, Max = 896.631 us
IQR = 1.319 us, LowerFence = 893.234 us, UpperFence = 898.508 us
ConfidenceInterval = [868.902 us; 922.467 us] (CI 99.9%), Margin = 26.783 us (2.99% of Mean)
Skewness = -0.38, Kurtosis = 0.67, MValue = 2
-------------------- Histogram --------------------
[893.976 us ; 896.648 us) | @@@
---------------------------------------------------

PlutusUseCasesBenchmarks.DecodeAndEval: NativeAOT 10.0(Runtime=NativeAOT 10.0, Toolchain=Latest ILCompiler, IterationCount=3, LaunchCount=1, MinIterationCount=50, WarmupCount=3) [Script=auction_2-3]
Runtime = .NET 10.0.12, X64 NativeAOT x86-64-v4; GC = Concurrent Workstation
Mean = 1.066 ms, StdErr = 0.006 ms (0.61%), N = 3, StdDev = 0.011 ms
Min = 1.059 ms, Q1 = 1.059 ms, Median = 1.059 ms, Q3 = 1.069 ms, Max = 1.079 ms
IQR = 0.010 ms, LowerFence = 1.045 ms, UpperFence = 1.084 ms
ConfidenceInterval = [0.861 ms; 1.270 ms] (CI 99.9%), Margin = 0.204 ms (19.18% of Mean)
Skewness = 0.38, Kurtosis = 0.67, MValue = 2
-------------------- Histogram --------------------
[1.059 ms ; 1.079 ms) | @@@
---------------------------------------------------

PlutusUseCasesBenchmarks.DecodeAndEval: NativeAOT 10.0(Runtime=NativeAOT 10.0, Toolchain=Latest ILCompiler, IterationCount=3, LaunchCount=1, MinIterationCount=50, WarmupCount=3) [Script=auction_2-4]
Runtime = .NET 10.0.12, X64 NativeAOT x86-64-v4; GC = Concurrent Workstation
Mean = 962.918 us, StdErr = 62.965 us (6.54%), N = 3, StdDev = 109.059 us
Min = 840.054 us, Q1 = 920.241 us, Median = 1,000.429 us, Q3 = 1,024.349 us, Max = 1,048.270 us
IQR = 104.108 us, LowerFence = 764.079 us, UpperFence = 1,180.512 us
ConfidenceInterval = [-1,026.722 us; 2,952.557 us] (CI 99.9%), Margin = 1,989.640 us (206.63% of Mean)
Skewness = -0.3, Kurtosis = 0.67, MValue = 2
-------------------- Histogram --------------------
[740.806 us ;   925.102 us) | @
[925.102 us ; 1,147.518 us) | @@
---------------------------------------------------

PlutusUseCasesBenchmarks.DecodeAndEval: NativeAOT 10.0(Runtime=NativeAOT 10.0, Toolchain=Latest ILCompiler, IterationCount=3, LaunchCount=1, MinIterationCount=50, WarmupCount=3) [Script=auction_2-5]
Runtime = .NET 10.0.12, X64 NativeAOT x86-64-v4; GC = Concurrent Workstation
Mean = 272.925 us, StdErr = 2.277 us (0.83%), N = 3, StdDev = 3.944 us
Min = 269.086 us, Q1 = 270.904 us, Median = 272.723 us, Q3 = 274.844 us, Max = 276.966 us
IQR = 3.940 us, LowerFence = 264.995 us, UpperFence = 280.754 us
ConfidenceInterval = [200.975 us; 344.875 us] (CI 99.9%), Margin = 71.950 us (26.36% of Mean)
Skewness = 0.05, Kurtosis = 0.67, MValue = 2
-------------------- Histogram --------------------
[267.315 us ; 274.493 us) | @@
[274.493 us ; 280.555 us) | @
---------------------------------------------------

PlutusUseCasesBenchmarks.DecodeAndEval: NativeAOT 10.0(Runtime=NativeAOT 10.0, Toolchain=Latest ILCompiler, IterationCount=3, LaunchCount=1, MinIterationCount=50, WarmupCount=3) [Script=coop-1]
Runtime = .NET 10.0.12, X64 NativeAOT x86-64-v4; GC = Concurrent Workstation
Mean = 225.220 us, StdErr = 0.609 us (0.27%), N = 3, StdDev = 1.054 us
Min = 224.326 us, Q1 = 224.639 us, Median = 224.951 us, Q3 = 225.667 us, Max = 226.383 us
IQR = 1.028 us, LowerFence = 223.096 us, UpperFence = 227.209 us
ConfidenceInterval = [205.984 us; 244.456 us] (CI 99.9%), Margin = 19.236 us (8.54% of Mean)
Skewness = 0.24, Kurtosis = 0.67, MValue = 2
-------------------- Histogram --------------------
[223.367 us ; 227.342 us) | @@@
---------------------------------------------------

PlutusUseCasesBenchmarks.DecodeAndEval: NativeAOT 10.0(Runtime=NativeAOT 10.0, Toolchain=Latest ILCompiler, IterationCount=3, LaunchCount=1, MinIterationCount=50, WarmupCount=3) [Script=coop-2]
Runtime = .NET 10.0.12, X64 NativeAOT x86-64-v4; GC = Concurrent Workstation
Mean = 707.130 us, StdErr = 3.369 us (0.48%), N = 3, StdDev = 5.836 us
Min = 703.635 us, Q1 = 703.761 us, Median = 703.888 us, Q3 = 708.877 us, Max = 713.867 us
IQR = 5.116 us, LowerFence = 696.087 us, UpperFence = 716.552 us
ConfidenceInterval = [600.662 us; 813.598 us] (CI 99.9%), Margin = 106.468 us (15.06% of Mean)
Skewness = 0.38, Kurtosis = 0.67, MValue = 2
-------------------- Histogram --------------------
[703.440 us ; 714.062 us) | @@@
---------------------------------------------------

PlutusUseCasesBenchmarks.DecodeAndEval: NativeAOT 10.0(Runtime=NativeAOT 10.0, Toolchain=Latest ILCompiler, IterationCount=3, LaunchCount=1, MinIterationCount=50, WarmupCount=3) [Script=coop-3]
Runtime = .NET 10.0.12, X64 NativeAOT x86-64-v4; GC = Concurrent Workstation
Mean = 2.263 ms, StdErr = 0.002 ms (0.09%), N = 3, StdDev = 0.004 ms
Min = 2.261 ms, Q1 = 2.261 ms, Median = 2.261 ms, Q3 = 2.264 ms, Max = 2.267 ms
IQR = 0.003 ms, LowerFence = 2.256 ms, UpperFence = 2.269 ms
ConfidenceInterval = [2.197 ms; 2.330 ms] (CI 99.9%), Margin = 0.067 ms (2.94% of Mean)
Skewness = 0.38, Kurtosis = 0.67, MValue = 2
-------------------- Histogram --------------------
[2.261 ms ; 2.268 ms) | @@@
---------------------------------------------------

PlutusUseCasesBenchmarks.DecodeAndEval: NativeAOT 10.0(Runtime=NativeAOT 10.0, Toolchain=Latest ILCompiler, IterationCount=3, LaunchCount=1, MinIterationCount=50, WarmupCount=3) [Script=coop-4]
Runtime = .NET 10.0.12, X64 NativeAOT x86-64-v4; GC = Concurrent Workstation
Mean = 968.923 us, StdErr = 46.631 us (4.81%), N = 3, StdDev = 80.768 us
Min = 908.215 us, Q1 = 923.089 us, Median = 937.962 us, Q3 = 999.276 us, Max = 1,060.591 us
IQR = 76.188 us, LowerFence = 808.807 us, UpperFence = 1,113.558 us
ConfidenceInterval = [-504.586 us; 2,442.431 us] (CI 99.9%), Margin = 1,473.508 us (152.08% of Mean)
Skewness = 0.33, Kurtosis = 0.67, MValue = 2
-------------------- Histogram --------------------
[849.587 us ;   996.591 us) | @@
[996.591 us ; 1,134.092 us) | @
---------------------------------------------------

PlutusUseCasesBenchmarks.DecodeAndEval: NativeAOT 10.0(Runtime=NativeAOT 10.0, Toolchain=Latest ILCompiler, IterationCount=3, LaunchCount=1, MinIterationCount=50, WarmupCount=3) [Script=coop-5]
Runtime = .NET 10.0.12, X64 NativeAOT x86-64-v4; GC = Concurrent Workstation
Mean = 448.716 us, StdErr = 1.766 us (0.39%), N = 3, StdDev = 3.058 us
Min = 446.850 us, Q1 = 446.952 us, Median = 447.053 us, Q3 = 449.650 us, Max = 452.246 us
IQR = 2.698 us, LowerFence = 442.905 us, UpperFence = 453.696 us
ConfidenceInterval = [392.923 us; 504.510 us] (CI 99.9%), Margin = 55.793 us (12.43% of Mean)
Skewness = 0.38, Kurtosis = 0.67, MValue = 2
-------------------- Histogram --------------------
[446.765 us ; 452.331 us) | @@@
---------------------------------------------------

PlutusUseCasesBenchmarks.DecodeAndEval: NativeAOT 10.0(Runtime=NativeAOT 10.0, Toolchain=Latest ILCompiler, IterationCount=3, LaunchCount=1, MinIterationCount=50, WarmupCount=3) [Script=coop-6]
Runtime = .NET 10.0.12, X64 NativeAOT x86-64-v4; GC = Concurrent Workstation
Mean = 594.417 us, StdErr = 1.650 us (0.28%), N = 3, StdDev = 2.859 us
Min = 591.664 us, Q1 = 592.940 us, Median = 594.215 us, Q3 = 595.793 us, Max = 597.371 us
IQR = 2.853 us, LowerFence = 588.660 us, UpperFence = 600.073 us
ConfidenceInterval = [542.266 us; 646.568 us] (CI 99.9%), Margin = 52.151 us (8.77% of Mean)
Skewness = 0.07, Kurtosis = 0.67, MValue = 2
-------------------- Histogram --------------------
[589.063 us ; 599.972 us) | @@@
---------------------------------------------------

PlutusUseCasesBenchmarks.DecodeAndEval: NativeAOT 10.0(Runtime=NativeAOT 10.0, Toolchain=Latest ILCompiler, IterationCount=3, LaunchCount=1, MinIterationCount=50, WarmupCount=3) [Script=coop-7]
Runtime = .NET 10.0.12, X64 NativeAOT x86-64-v4; GC = Concurrent Workstation
Mean = 304.480 us, StdErr = 0.929 us (0.31%), N = 3, StdDev = 1.609 us
Min = 303.265 us, Q1 = 303.568 us, Median = 303.871 us, Q3 = 305.087 us, Max = 306.304 us
IQR = 1.520 us, LowerFence = 301.288 us, UpperFence = 307.367 us
ConfidenceInterval = [275.132 us; 333.827 us] (CI 99.9%), Margin = 29.347 us (9.64% of Mean)
Skewness = 0.32, Kurtosis = 0.67, MValue = 2
-------------------- Histogram --------------------
[301.801 us ; 307.768 us) | @@@
---------------------------------------------------

PlutusUseCasesBenchmarks.DecodeAndEval: NativeAOT 10.0(Runtime=NativeAOT 10.0, Toolchain=Latest ILCompiler, IterationCount=3, LaunchCount=1, MinIterationCount=50, WarmupCount=3) [Script=crowdfunding-success-1]
Runtime = .NET 10.0.12, X64 NativeAOT x86-64-v4; GC = Concurrent Workstation
Mean = 290.669 us, StdErr = 18.466 us (6.35%), N = 3, StdDev = 31.983 us
Min = 257.174 us, Q1 = 275.559 us, Median = 293.945 us, Q3 = 307.416 us, Max = 320.888 us
IQR = 31.857 us, LowerFence = 227.773 us, UpperFence = 355.202 us
ConfidenceInterval = [-292.827 us; 874.165 us] (CI 99.9%), Margin = 583.496 us (200.74% of Mean)
Skewness = -0.1, Kurtosis = 0.67, MValue = 2
-------------------- Histogram --------------------
[228.067 us ; 278.310 us) | @
[278.310 us ; 336.522 us) | @@
---------------------------------------------------

PlutusUseCasesBenchmarks.DecodeAndEval: NativeAOT 10.0(Runtime=NativeAOT 10.0, Toolchain=Latest ILCompiler, IterationCount=3, LaunchCount=1, MinIterationCount=50, WarmupCount=3) [Script=crowdfunding-success-2]
Runtime = .NET 10.0.12, X64 NativeAOT x86-64-v4; GC = Concurrent Workstation
Mean = 257.100 us, StdErr = 0.328 us (0.13%), N = 3, StdDev = 0.568 us
Min = 256.530 us, Q1 = 256.816 us, Median = 257.102 us, Q3 = 257.385 us, Max = 257.667 us
IQR = 0.568 us, LowerFence = 255.964 us, UpperFence = 258.237 us
ConfidenceInterval = [246.731 us; 267.469 us] (CI 99.9%), Margin = 10.369 us (4.03% of Mean)
Skewness = -0, Kurtosis = 0.67, MValue = 2
-------------------- Histogram --------------------
[256.013 us ; 258.184 us) | @@@
---------------------------------------------------

PlutusUseCasesBenchmarks.DecodeAndEval: NativeAOT 10.0(Runtime=NativeAOT 10.0, Toolchain=Latest ILCompiler, IterationCount=3, LaunchCount=1, MinIterationCount=50, WarmupCount=3) [Script=crowdfunding-success-3]
Runtime = .NET 10.0.12, X64 NativeAOT x86-64-v4; GC = Concurrent Workstation
Mean = 258.033 us, StdErr = 0.191 us (0.07%), N = 3, StdDev = 0.331 us
Min = 257.653 us, Q1 = 257.920 us, Median = 258.187 us, Q3 = 258.223 us, Max = 258.258 us
IQR = 0.303 us, LowerFence = 257.466 us, UpperFence = 258.676 us
ConfidenceInterval = [251.995 us; 264.071 us] (CI 99.9%), Margin = 6.038 us (2.34% of Mean)
Skewness = -0.37, Kurtosis = 0.67, MValue = 2
-------------------- Histogram --------------------
[257.351 us ; 258.559 us) | @@@
---------------------------------------------------

PlutusUseCasesBenchmarks.DecodeAndEval: NativeAOT 10.0(Runtime=NativeAOT 10.0, Toolchain=Latest ILCompiler, IterationCount=3, LaunchCount=1, MinIterationCount=50, WarmupCount=3) [Script=currency-1]
Runtime = .NET 10.0.12, X64 NativeAOT x86-64-v4; GC = Concurrent Workstation
Mean = 333.580 us, StdErr = 1.111 us (0.33%), N = 3, StdDev = 1.925 us
Min = 332.047 us, Q1 = 332.500 us, Median = 332.952 us, Q3 = 334.346 us, Max = 335.740 us
IQR = 1.846 us, LowerFence = 329.730 us, UpperFence = 337.116 us
ConfidenceInterval = [298.463 us; 368.697 us] (CI 99.9%), Margin = 35.117 us (10.53% of Mean)
Skewness = 0.29, Kurtosis = 0.67, MValue = 2
-------------------- Histogram --------------------
[330.296 us ; 335.825 us) | @@@
---------------------------------------------------

PlutusUseCasesBenchmarks.DecodeAndEval: NativeAOT 10.0(Runtime=NativeAOT 10.0, Toolchain=Latest ILCompiler, IterationCount=3, LaunchCount=1, MinIterationCount=50, WarmupCount=3) [Script=escrow-redeem_1-1]
Runtime = .NET 10.0.12, X64 NativeAOT x86-64-v4; GC = Concurrent Workstation
Mean = 437.524 us, StdErr = 0.847 us (0.19%), N = 3, StdDev = 1.466 us
Min = 435.831 us, Q1 = 437.078 us, Median = 438.325 us, Q3 = 438.370 us, Max = 438.415 us
IQR = 1.292 us, LowerFence = 435.141 us, UpperFence = 440.308 us
ConfidenceInterval = [410.772 us; 464.276 us] (CI 99.9%), Margin = 26.752 us (6.11% of Mean)
Skewness = -0.38, Kurtosis = 0.67, MValue = 2
-------------------- Histogram --------------------
[435.789 us ; 438.458 us) | @@@
---------------------------------------------------

PlutusUseCasesBenchmarks.DecodeAndEval: NativeAOT 10.0(Runtime=NativeAOT 10.0, Toolchain=Latest ILCompiler, IterationCount=3, LaunchCount=1, MinIterationCount=50, WarmupCount=3) [Script=escrow-redeem_1-2]
Runtime = .NET 10.0.12, X64 NativeAOT x86-64-v4; GC = Concurrent Workstation
Mean = 438.344 us, StdErr = 1.074 us (0.24%), N = 3, StdDev = 1.860 us
Min = 436.561 us, Q1 = 437.379 us, Median = 438.197 us, Q3 = 439.235 us, Max = 440.272 us
IQR = 1.856 us, LowerFence = 434.596 us, UpperFence = 442.018 us
ConfidenceInterval = [404.410 us; 472.277 us] (CI 99.9%), Margin = 33.934 us (7.74% of Mean)
Skewness = 0.08, Kurtosis = 0.67, MValue = 2
-------------------- Histogram --------------------
[434.868 us ; 441.965 us) | @@@
---------------------------------------------------

PlutusUseCasesBenchmarks.DecodeAndEval: NativeAOT 10.0(Runtime=NativeAOT 10.0, Toolchain=Latest ILCompiler, IterationCount=3, LaunchCount=1, MinIterationCount=50, WarmupCount=3) [Script=escrow-redeem_2-1]
Runtime = .NET 10.0.12, X64 NativeAOT x86-64-v4; GC = Concurrent Workstation
Mean = 497.671 us, StdErr = 0.045 us (0.01%), N = 3, StdDev = 0.078 us
Min = 497.582 us, Q1 = 497.640 us, Median = 497.698 us, Q3 = 497.715 us, Max = 497.732 us
IQR = 0.075 us, LowerFence = 497.528 us, UpperFence = 497.827 us
ConfidenceInterval = [496.240 us; 499.102 us] (CI 99.9%), Margin = 1.431 us (0.29% of Mean)
Skewness = -0.31, Kurtosis = 0.67, MValue = 2
-------------------- Histogram --------------------
[497.511 us ; 497.803 us) | @@@
---------------------------------------------------

PlutusUseCasesBenchmarks.DecodeAndEval: NativeAOT 10.0(Runtime=NativeAOT 10.0, Toolchain=Latest ILCompiler, IterationCount=3, LaunchCount=1, MinIterationCount=50, WarmupCount=3) [Script=escrow-redeem_2-2]
Runtime = .NET 10.0.12, X64 NativeAOT x86-64-v4; GC = Concurrent Workstation
Mean = 499.845 us, StdErr = 3.408 us (0.68%), N = 3, StdDev = 5.903 us
Min = 495.626 us, Q1 = 496.472 us, Median = 497.319 us, Q3 = 501.954 us, Max = 506.590 us
IQR = 5.482 us, LowerFence = 488.249 us, UpperFence = 510.177 us
ConfidenceInterval = [392.161 us; 607.529 us] (CI 99.9%), Margin = 107.684 us (21.54% of Mean)
Skewness = 0.35, Kurtosis = 0.67, MValue = 2
-------------------- Histogram --------------------
[490.255 us ; 511.962 us) | @@@
---------------------------------------------------

PlutusUseCasesBenchmarks.DecodeAndEval: NativeAOT 10.0(Runtime=NativeAOT 10.0, Toolchain=Latest ILCompiler, IterationCount=3, LaunchCount=1, MinIterationCount=50, WarmupCount=3) [Script=escrow-redeem_2-3]
Runtime = .NET 10.0.12, X64 NativeAOT x86-64-v4; GC = Concurrent Workstation
Mean = 495.684 us, StdErr = 0.406 us (0.08%), N = 3, StdDev = 0.704 us
Min = 495.270 us, Q1 = 495.278 us, Median = 495.285 us, Q3 = 495.891 us, Max = 496.497 us
IQR = 0.613 us, LowerFence = 494.358 us, UpperFence = 496.811 us
ConfidenceInterval = [482.843 us; 508.525 us] (CI 99.9%), Margin = 12.841 us (2.59% of Mean)
Skewness = 0.38, Kurtosis = 0.67, MValue = 2
-------------------- Histogram --------------------
[495.243 us ; 496.524 us) | @@@
---------------------------------------------------

PlutusUseCasesBenchmarks.DecodeAndEval: NativeAOT 10.0(Runtime=NativeAOT 10.0, Toolchain=Latest ILCompiler, IterationCount=3, LaunchCount=1, MinIterationCount=50, WarmupCount=3) [Script=escrow-refund-1]
Runtime = .NET 10.0.12, X64 NativeAOT x86-64-v4; GC = Concurrent Workstation
Mean = 239.143 us, StdErr = 0.306 us (0.13%), N = 3, StdDev = 0.530 us
Min = 238.538 us, Q1 = 238.953 us, Median = 239.369 us, Q3 = 239.445 us, Max = 239.522 us
IQR = 0.492 us, LowerFence = 238.215 us, UpperFence = 240.184 us
ConfidenceInterval = [229.478 us; 248.807 us] (CI 99.9%), Margin = 9.664 us (4.04% of Mean)
Skewness = -0.35, Kurtosis = 0.67, MValue = 2
-------------------- Histogram --------------------
[238.055 us ; 240.004 us) | @@@
---------------------------------------------------

PlutusUseCasesBenchmarks.DecodeAndEval: NativeAOT 10.0(Runtime=NativeAOT 10.0, Toolchain=Latest ILCompiler, IterationCount=3, LaunchCount=1, MinIterationCount=50, WarmupCount=3) [Script=future-increase-margin-1]
Runtime = .NET 10.0.12, X64 NativeAOT x86-64-v4; GC = Concurrent Workstation
Mean = 331.168 us, StdErr = 0.525 us (0.16%), N = 3, StdDev = 0.909 us
Min = 330.173 us, Q1 = 330.774 us, Median = 331.374 us, Q3 = 331.665 us, Max = 331.956 us
IQR = 0.891 us, LowerFence = 329.436 us, UpperFence = 333.002 us
ConfidenceInterval = [314.580 us; 347.755 us] (CI 99.9%), Margin = 16.587 us (5.01% of Mean)
Skewness = -0.22, Kurtosis = 0.67, MValue = 2
-------------------- Histogram --------------------
[329.345 us ; 332.783 us) | @@@
---------------------------------------------------

PlutusUseCasesBenchmarks.DecodeAndEval: NativeAOT 10.0(Runtime=NativeAOT 10.0, Toolchain=Latest ILCompiler, IterationCount=3, LaunchCount=1, MinIterationCount=50, WarmupCount=3) [Script=future-increase-margin-2]
Runtime = .NET 10.0.12, X64 NativeAOT x86-64-v4; GC = Concurrent Workstation
Mean = 657.050 us, StdErr = 0.120 us (0.02%), N = 3, StdDev = 0.208 us
Min = 656.859 us, Q1 = 656.939 us, Median = 657.019 us, Q3 = 657.146 us, Max = 657.272 us
IQR = 0.206 us, LowerFence = 656.630 us, UpperFence = 657.455 us
ConfidenceInterval = [653.254 us; 660.846 us] (CI 99.9%), Margin = 3.796 us (0.58% of Mean)
Skewness = 0.14, Kurtosis = 0.67, MValue = 2
-------------------- Histogram --------------------
[656.670 us ; 657.461 us) | @@@
---------------------------------------------------

PlutusUseCasesBenchmarks.DecodeAndEval: NativeAOT 10.0(Runtime=NativeAOT 10.0, Toolchain=Latest ILCompiler, IterationCount=3, LaunchCount=1, MinIterationCount=50, WarmupCount=3) [Script=future-increase-margin-3]
Runtime = .NET 10.0.12, X64 NativeAOT x86-64-v4; GC = Concurrent Workstation
Mean = 644.351 us, StdErr = 0.635 us (0.10%), N = 3, StdDev = 1.100 us
Min = 643.613 us, Q1 = 643.719 us, Median = 643.825 us, Q3 = 644.720 us, Max = 645.615 us
IQR = 1.001 us, LowerFence = 642.217 us, UpperFence = 646.221 us
ConfidenceInterval = [624.286 us; 664.416 us] (CI 99.9%), Margin = 20.065 us (3.11% of Mean)
Skewness = 0.37, Kurtosis = 0.67, MValue = 2
-------------------- Histogram --------------------
[642.612 us ; 646.616 us) | @@@
---------------------------------------------------

PlutusUseCasesBenchmarks.DecodeAndEval: NativeAOT 10.0(Runtime=NativeAOT 10.0, Toolchain=Latest ILCompiler, IterationCount=3, LaunchCount=1, MinIterationCount=50, WarmupCount=3) [Script=future-increase-margin-4]
Runtime = .NET 10.0.12, X64 NativeAOT x86-64-v4; GC = Concurrent Workstation
Mean = 734.965 us, StdErr = 0.796 us (0.11%), N = 3, StdDev = 1.379 us
Min = 733.602 us, Q1 = 734.268 us, Median = 734.934 us, Q3 = 735.647 us, Max = 736.360 us
IQR = 1.379 us, LowerFence = 732.199 us, UpperFence = 737.716 us
ConfidenceInterval = [709.800 us; 760.131 us] (CI 99.9%), Margin = 25.165 us (3.42% of Mean)
Skewness = 0.02, Kurtosis = 0.67, MValue = 2
-------------------- Histogram --------------------
[732.347 us ; 737.616 us) | @@@
---------------------------------------------------

PlutusUseCasesBenchmarks.DecodeAndEval: NativeAOT 10.0(Runtime=NativeAOT 10.0, Toolchain=Latest ILCompiler, IterationCount=3, LaunchCount=1, MinIterationCount=50, WarmupCount=3) [Script=future-increase-margin-5]
Runtime = .NET 10.0.12, X64 NativeAOT x86-64-v4; GC = Concurrent Workstation
Mean = 1.120 ms, StdErr = 0.001 ms (0.06%), N = 3, StdDev = 0.001 ms
Min = 1.119 ms, Q1 = 1.119 ms, Median = 1.119 ms, Q3 = 1.120 ms, Max = 1.121 ms
IQR = 0.001 ms, LowerFence = 1.118 ms, UpperFence = 1.122 ms
ConfidenceInterval = [1.099 ms; 1.141 ms] (CI 99.9%), Margin = 0.021 ms (1.84% of Mean)
Skewness = 0.38, Kurtosis = 0.67, MValue = 2
-------------------- Histogram --------------------
[1.119 ms ; 1.121 ms) | @@@
---------------------------------------------------

PlutusUseCasesBenchmarks.DecodeAndEval: NativeAOT 10.0(Runtime=NativeAOT 10.0, Toolchain=Latest ILCompiler, IterationCount=3, LaunchCount=1, MinIterationCount=50, WarmupCount=3) [Script=future-pay-out-1]
Runtime = .NET 10.0.12, X64 NativeAOT x86-64-v4; GC = Concurrent Workstation
Mean = 335.488 us, StdErr = 0.642 us (0.19%), N = 3, StdDev = 1.112 us
Min = 334.592 us, Q1 = 334.866 us, Median = 335.139 us, Q3 = 335.936 us, Max = 336.733 us
IQR = 1.070 us, LowerFence = 333.261 us, UpperFence = 337.541 us
ConfidenceInterval = [315.201 us; 355.775 us] (CI 99.9%), Margin = 20.287 us (6.05% of Mean)
Skewness = 0.28, Kurtosis = 0.67, MValue = 2
-------------------- Histogram --------------------
[333.580 us ; 337.745 us) | @@@
---------------------------------------------------

PlutusUseCasesBenchmarks.DecodeAndEval: NativeAOT 10.0(Runtime=NativeAOT 10.0, Toolchain=Latest ILCompiler, IterationCount=3, LaunchCount=1, MinIterationCount=50, WarmupCount=3) [Script=future-pay-out-2]
Runtime = .NET 10.0.12, X64 NativeAOT x86-64-v4; GC = Concurrent Workstation
Mean = 644.780 us, StdErr = 1.332 us (0.21%), N = 3, StdDev = 2.307 us
Min = 643.035 us, Q1 = 643.472 us, Median = 643.909 us, Q3 = 645.652 us, Max = 647.395 us
IQR = 2.180 us, LowerFence = 640.201 us, UpperFence = 648.923 us
ConfidenceInterval = [602.692 us; 686.868 us] (CI 99.9%), Margin = 42.088 us (6.53% of Mean)
Skewness = 0.32, Kurtosis = 0.67, MValue = 2
-------------------- Histogram --------------------
[640.935 us ; 649.495 us) | @@@
---------------------------------------------------

PlutusUseCasesBenchmarks.DecodeAndEval: NativeAOT 10.0(Runtime=NativeAOT 10.0, Toolchain=Latest ILCompiler, IterationCount=3, LaunchCount=1, MinIterationCount=50, WarmupCount=3) [Script=future-pay-out-3]
Runtime = .NET 10.0.12, X64 NativeAOT x86-64-v4; GC = Concurrent Workstation
Mean = 642.752 us, StdErr = 1.751 us (0.27%), N = 3, StdDev = 3.033 us
Min = 639.699 us, Q1 = 641.245 us, Median = 642.792 us, Q3 = 644.279 us, Max = 645.765 us
IQR = 3.033 us, LowerFence = 636.696 us, UpperFence = 648.828 us
ConfidenceInterval = [587.411 us; 698.093 us] (CI 99.9%), Margin = 55.341 us (8.61% of Mean)
Skewness = -0.01, Kurtosis = 0.67, MValue = 2
-------------------- Histogram --------------------
[636.938 us ; 648.525 us) | @@@
---------------------------------------------------

PlutusUseCasesBenchmarks.DecodeAndEval: NativeAOT 10.0(Runtime=NativeAOT 10.0, Toolchain=Latest ILCompiler, IterationCount=3, LaunchCount=1, MinIterationCount=50, WarmupCount=3) [Script=future-pay-out-4]
Runtime = .NET 10.0.12, X64 NativeAOT x86-64-v4; GC = Concurrent Workstation
Mean = 1.114 ms, StdErr = 0.001 ms (0.06%), N = 3, StdDev = 0.001 ms
Min = 1.113 ms, Q1 = 1.113 ms, Median = 1.113 ms, Q3 = 1.114 ms, Max = 1.115 ms
IQR = 0.001 ms, LowerFence = 1.111 ms, UpperFence = 1.116 ms
ConfidenceInterval = [1.093 ms; 1.135 ms] (CI 99.9%), Margin = 0.021 ms (1.89% of Mean)
Skewness = 0.38, Kurtosis = 0.67, MValue = 2
-------------------- Histogram --------------------
[1.113 ms ; 1.115 ms) | @@@
---------------------------------------------------

PlutusUseCasesBenchmarks.DecodeAndEval: NativeAOT 10.0(Runtime=NativeAOT 10.0, Toolchain=Latest ILCompiler, IterationCount=3, LaunchCount=1, MinIterationCount=50, WarmupCount=3) [Script=future-settle-early-1]
Runtime = .NET 10.0.12, X64 NativeAOT x86-64-v4; GC = Concurrent Workstation
Mean = 333.246 us, StdErr = 0.970 us (0.29%), N = 3, StdDev = 1.679 us
Min = 332.207 us, Q1 = 332.277 us, Median = 332.347 us, Q3 = 333.765 us, Max = 335.183 us
IQR = 1.488 us, LowerFence = 330.045 us, UpperFence = 335.997 us
ConfidenceInterval = [302.607 us; 363.884 us] (CI 99.9%), Margin = 30.638 us (9.19% of Mean)
Skewness = 0.38, Kurtosis = 0.67, MValue = 2
-------------------- Histogram --------------------
[332.167 us ; 335.223 us) | @@@
---------------------------------------------------

PlutusUseCasesBenchmarks.DecodeAndEval: NativeAOT 10.0(Runtime=NativeAOT 10.0, Toolchain=Latest ILCompiler, IterationCount=3, LaunchCount=1, MinIterationCount=50, WarmupCount=3) [Script=future-settle-early-2]
Runtime = .NET 10.0.12, X64 NativeAOT x86-64-v4; GC = Concurrent Workstation
Mean = 639.649 us, StdErr = 0.498 us (0.08%), N = 3, StdDev = 0.862 us
Min = 639.109 us, Q1 = 639.152 us, Median = 639.196 us, Q3 = 639.920 us, Max = 640.644 us
IQR = 0.768 us, LowerFence = 638.001 us, UpperFence = 641.071 us
ConfidenceInterval = [623.919 us; 655.380 us] (CI 99.9%), Margin = 15.730 us (2.46% of Mean)
Skewness = 0.38, Kurtosis = 0.67, MValue = 2
-------------------- Histogram --------------------
[639.092 us ; 640.661 us) | @@@
---------------------------------------------------

PlutusUseCasesBenchmarks.DecodeAndEval: NativeAOT 10.0(Runtime=NativeAOT 10.0, Toolchain=Latest ILCompiler, IterationCount=3, LaunchCount=1, MinIterationCount=50, WarmupCount=3) [Script=future-settle-early-3]
Runtime = .NET 10.0.12, X64 NativeAOT x86-64-v4; GC = Concurrent Workstation
Mean = 640.611 us, StdErr = 0.420 us (0.07%), N = 3, StdDev = 0.728 us
Min = 639.990 us, Q1 = 640.210 us, Median = 640.431 us, Q3 = 640.921 us, Max = 641.411 us
IQR = 0.711 us, LowerFence = 639.144 us, UpperFence = 641.987 us
ConfidenceInterval = [627.337 us; 653.884 us] (CI 99.9%), Margin = 13.273 us (2.07% of Mean)
Skewness = 0.23, Kurtosis = 0.67, MValue = 2
-------------------- Histogram --------------------
[639.328 us ; 642.073 us) | @@@
---------------------------------------------------

PlutusUseCasesBenchmarks.DecodeAndEval: NativeAOT 10.0(Runtime=NativeAOT 10.0, Toolchain=Latest ILCompiler, IterationCount=3, LaunchCount=1, MinIterationCount=50, WarmupCount=3) [Script=future-settle-early-4]
Runtime = .NET 10.0.12, X64 NativeAOT x86-64-v4; GC = Concurrent Workstation
Mean = 887.584 us, StdErr = 0.606 us (0.07%), N = 3, StdDev = 1.049 us
Min = 886.925 us, Q1 = 886.979 us, Median = 887.033 us, Q3 = 887.913 us, Max = 888.793 us
IQR = 0.934 us, LowerFence = 885.578 us, UpperFence = 889.314 us
ConfidenceInterval = [868.447 us; 906.721 us] (CI 99.9%), Margin = 19.137 us (2.16% of Mean)
Skewness = 0.38, Kurtosis = 0.67, MValue = 2
-------------------- Histogram --------------------
[886.905 us ; 888.814 us) | @@@
---------------------------------------------------

PlutusUseCasesBenchmarks.DecodeAndEval: NativeAOT 10.0(Runtime=NativeAOT 10.0, Toolchain=Latest ILCompiler, IterationCount=3, LaunchCount=1, MinIterationCount=50, WarmupCount=3) [Script=game-sm-success_1-1]
Runtime = .NET 10.0.12, X64 NativeAOT x86-64-v4; GC = Concurrent Workstation
Mean = 547.962 us, StdErr = 0.619 us (0.11%), N = 3, StdDev = 1.072 us
Min = 546.943 us, Q1 = 547.403 us, Median = 547.862 us, Q3 = 548.471 us, Max = 549.080 us
IQR = 1.069 us, LowerFence = 545.800 us, UpperFence = 550.074 us
ConfidenceInterval = [528.405 us; 567.519 us] (CI 99.9%), Margin = 19.557 us (3.57% of Mean)
Skewness = 0.09, Kurtosis = 0.67, MValue = 2
-------------------- Histogram --------------------
[545.968 us ; 550.056 us) | @@@
---------------------------------------------------

PlutusUseCasesBenchmarks.DecodeAndEval: NativeAOT 10.0(Runtime=NativeAOT 10.0, Toolchain=Latest ILCompiler, IterationCount=3, LaunchCount=1, MinIterationCount=50, WarmupCount=3) [Script=game-sm-success_1-2]
Runtime = .NET 10.0.12, X64 NativeAOT x86-64-v4; GC = Concurrent Workstation
Mean = 230.079 us, StdErr = 0.059 us (0.03%), N = 3, StdDev = 0.102 us
Min = 229.983 us, Q1 = 230.025 us, Median = 230.067 us, Q3 = 230.127 us, Max = 230.187 us
IQR = 0.102 us, LowerFence = 229.872 us, UpperFence = 230.280 us
ConfidenceInterval = [228.211 us; 231.947 us] (CI 99.9%), Margin = 1.868 us (0.81% of Mean)
Skewness = 0.11, Kurtosis = 0.67, MValue = 2
-------------------- Histogram --------------------
[229.890 us ; 230.280 us) | @@@
---------------------------------------------------

PlutusUseCasesBenchmarks.DecodeAndEval: NativeAOT 10.0(Runtime=NativeAOT 10.0, Toolchain=Latest ILCompiler, IterationCount=3, LaunchCount=1, MinIterationCount=50, WarmupCount=3) [Script=game-sm-success_1-3]
Runtime = .NET 10.0.12, X64 NativeAOT x86-64-v4; GC = Concurrent Workstation
Mean = 837.311 us, StdErr = 1.768 us (0.21%), N = 3, StdDev = 3.062 us
Min = 834.119 us, Q1 = 835.854 us, Median = 837.588 us, Q3 = 838.907 us, Max = 840.225 us
IQR = 3.053 us, LowerFence = 831.274 us, UpperFence = 843.486 us
ConfidenceInterval = [781.442 us; 893.180 us] (CI 99.9%), Margin = 55.869 us (6.67% of Mean)
Skewness = -0.09, Kurtosis = 0.67, MValue = 2
-------------------- Histogram --------------------
[831.332 us ; 843.012 us) | @@@
---------------------------------------------------

PlutusUseCasesBenchmarks.DecodeAndEval: NativeAOT 10.0(Runtime=NativeAOT 10.0, Toolchain=Latest ILCompiler, IterationCount=3, LaunchCount=1, MinIterationCount=50, WarmupCount=3) [Script=game-sm-success_1-4]
Runtime = .NET 10.0.12, X64 NativeAOT x86-64-v4; GC = Concurrent Workstation
Mean = 261.083 us, StdErr = 0.260 us (0.10%), N = 3, StdDev = 0.451 us
Min = 260.658 us, Q1 = 260.846 us, Median = 261.035 us, Q3 = 261.295 us, Max = 261.556 us
IQR = 0.449 us, LowerFence = 260.172 us, UpperFence = 261.969 us
ConfidenceInterval = [252.854 us; 269.312 us] (CI 99.9%), Margin = 8.229 us (3.15% of Mean)
Skewness = 0.11, Kurtosis = 0.67, MValue = 2
-------------------- Histogram --------------------
[260.247 us ; 261.966 us) | @@@
---------------------------------------------------

PlutusUseCasesBenchmarks.DecodeAndEval: NativeAOT 10.0(Runtime=NativeAOT 10.0, Toolchain=Latest ILCompiler, IterationCount=3, LaunchCount=1, MinIterationCount=50, WarmupCount=3) [Script=game-sm-success_2-1]
Runtime = .NET 10.0.12, X64 NativeAOT x86-64-v4; GC = Concurrent Workstation
Mean = 547.483 us, StdErr = 0.818 us (0.15%), N = 3, StdDev = 1.416 us
Min = 546.206 us, Q1 = 546.722 us, Median = 547.238 us, Q3 = 548.122 us, Max = 549.006 us
IQR = 1.400 us, LowerFence = 544.621 us, UpperFence = 550.222 us
ConfidenceInterval = [521.646 us; 573.321 us] (CI 99.9%), Margin = 25.837 us (4.72% of Mean)
Skewness = 0.17, Kurtosis = 0.67, MValue = 2
-------------------- Histogram --------------------
[544.917 us ; 550.295 us) | @@@
---------------------------------------------------

PlutusUseCasesBenchmarks.DecodeAndEval: NativeAOT 10.0(Runtime=NativeAOT 10.0, Toolchain=Latest ILCompiler, IterationCount=3, LaunchCount=1, MinIterationCount=50, WarmupCount=3) [Script=game-sm-success_2-2]
Runtime = .NET 10.0.12, X64 NativeAOT x86-64-v4; GC = Concurrent Workstation
Mean = 229.874 us, StdErr = 0.205 us (0.09%), N = 3, StdDev = 0.356 us
Min = 229.466 us, Q1 = 229.751 us, Median = 230.036 us, Q3 = 230.078 us, Max = 230.120 us
IQR = 0.327 us, LowerFence = 229.261 us, UpperFence = 230.568 us
ConfidenceInterval = [223.387 us; 236.361 us] (CI 99.9%), Margin = 6.487 us (2.82% of Mean)
Skewness = -0.36, Kurtosis = 0.67, MValue = 2
-------------------- Histogram --------------------
[229.143 us ; 230.444 us) | @@@
---------------------------------------------------

PlutusUseCasesBenchmarks.DecodeAndEval: NativeAOT 10.0(Runtime=NativeAOT 10.0, Toolchain=Latest ILCompiler, IterationCount=3, LaunchCount=1, MinIterationCount=50, WarmupCount=3) [Script=game-sm-success_2-3]
Runtime = .NET 10.0.12, X64 NativeAOT x86-64-v4; GC = Concurrent Workstation
Mean = 829.942 us, StdErr = 1.344 us (0.16%), N = 3, StdDev = 2.328 us
Min = 828.552 us, Q1 = 828.599 us, Median = 828.645 us, Q3 = 830.637 us, Max = 832.629 us
IQR = 2.038 us, LowerFence = 825.541 us, UpperFence = 833.695 us
ConfidenceInterval = [787.478 us; 872.406 us] (CI 99.9%), Margin = 42.464 us (5.12% of Mean)
Skewness = 0.38, Kurtosis = 0.67, MValue = 2
-------------------- Histogram --------------------
[828.473 us ; 832.709 us) | @@@
---------------------------------------------------

PlutusUseCasesBenchmarks.DecodeAndEval: NativeAOT 10.0(Runtime=NativeAOT 10.0, Toolchain=Latest ILCompiler, IterationCount=3, LaunchCount=1, MinIterationCount=50, WarmupCount=3) [Script=game-sm-success_2-4]
Runtime = .NET 10.0.12, X64 NativeAOT x86-64-v4; GC = Concurrent Workstation
Mean = 258.032 us, StdErr = 0.252 us (0.10%), N = 3, StdDev = 0.437 us
Min = 257.560 us, Q1 = 257.836 us, Median = 258.112 us, Q3 = 258.268 us, Max = 258.423 us
IQR = 0.431 us, LowerFence = 257.189 us, UpperFence = 258.915 us
ConfidenceInterval = [250.059 us; 266.004 us] (CI 99.9%), Margin = 7.972 us (3.09% of Mean)
Skewness = -0.18, Kurtosis = 0.67, MValue = 2
-------------------- Histogram --------------------
[257.163 us ; 258.821 us) | @@@
---------------------------------------------------

PlutusUseCasesBenchmarks.DecodeAndEval: NativeAOT 10.0(Runtime=NativeAOT 10.0, Toolchain=Latest ILCompiler, IterationCount=3, LaunchCount=1, MinIterationCount=50, WarmupCount=3) [Script=game-sm-success_2-5]
Runtime = .NET 10.0.12, X64 NativeAOT x86-64-v4; GC = Concurrent Workstation
Mean = 829.191 us, StdErr = 1.149 us (0.14%), N = 3, StdDev = 1.991 us
Min = 826.973 us, Q1 = 828.375 us, Median = 829.777 us, Q3 = 830.300 us, Max = 830.824 us
IQR = 1.925 us, LowerFence = 825.487 us, UpperFence = 833.188 us
ConfidenceInterval = [792.871 us; 865.511 us] (CI 99.9%), Margin = 36.320 us (4.38% of Mean)
Skewness = -0.27, Kurtosis = 0.67, MValue = 2
-------------------- Histogram --------------------
[825.162 us ; 832.635 us) | @@@
---------------------------------------------------

PlutusUseCasesBenchmarks.DecodeAndEval: NativeAOT 10.0(Runtime=NativeAOT 10.0, Toolchain=Latest ILCompiler, IterationCount=3, LaunchCount=1, MinIterationCount=50, WarmupCount=3) [Script=game-sm-success_2-6]
Runtime = .NET 10.0.12, X64 NativeAOT x86-64-v4; GC = Concurrent Workstation
Mean = 258.861 us, StdErr = 0.264 us (0.10%), N = 3, StdDev = 0.458 us
Min = 258.593 us, Q1 = 258.596 us, Median = 258.599 us, Q3 = 258.994 us, Max = 259.389 us
IQR = 0.398 us, LowerFence = 257.999 us, UpperFence = 259.591 us
ConfidenceInterval = [250.508 us; 267.213 us] (CI 99.9%), Margin = 8.353 us (3.23% of Mean)
Skewness = 0.38, Kurtosis = 0.67, MValue = 2
-------------------- Histogram --------------------
[258.575 us ; 259.408 us) | @@@
---------------------------------------------------

PlutusUseCasesBenchmarks.DecodeAndEval: NativeAOT 10.0(Runtime=NativeAOT 10.0, Toolchain=Latest ILCompiler, IterationCount=3, LaunchCount=1, MinIterationCount=50, WarmupCount=3) [Script=guardrail-sorted-large]
Runtime = .NET 10.0.12, X64 NativeAOT x86-64-v4; GC = Concurrent Workstation
Mean = 517.842 us, StdErr = 2.122 us (0.41%), N = 3, StdDev = 3.675 us
Min = 513.613 us, Q1 = 516.633 us, Median = 519.653 us, Q3 = 519.957 us, Max = 520.260 us
IQR = 3.323 us, LowerFence = 511.648 us, UpperFence = 524.942 us
ConfidenceInterval = [450.796 us; 584.888 us] (CI 99.9%), Margin = 67.046 us (12.95% of Mean)
Skewness = -0.37, Kurtosis = 0.67, MValue = 2
-------------------- Histogram --------------------
[513.592 us ; 520.281 us) | @@@
---------------------------------------------------

PlutusUseCasesBenchmarks.DecodeAndEval: NativeAOT 10.0(Runtime=NativeAOT 10.0, Toolchain=Latest ILCompiler, IterationCount=3, LaunchCount=1, MinIterationCount=50, WarmupCount=3) [Script=guardrail-sorted-small]
Runtime = .NET 10.0.12, X64 NativeAOT x86-64-v4; GC = Concurrent Workstation
Mean = 110.631 us, StdErr = 0.081 us (0.07%), N = 3, StdDev = 0.140 us
Min = 110.496 us, Q1 = 110.558 us, Median = 110.620 us, Q3 = 110.698 us, Max = 110.776 us
IQR = 0.140 us, LowerFence = 110.348 us, UpperFence = 110.908 us
ConfidenceInterval = [108.070 us; 113.192 us] (CI 99.9%), Margin = 2.561 us (2.31% of Mean)
Skewness = 0.07, Kurtosis = 0.67, MValue = 2
-------------------- Histogram --------------------
[110.368 us ; 110.904 us) | @@@
---------------------------------------------------

PlutusUseCasesBenchmarks.DecodeAndEval: NativeAOT 10.0(Runtime=NativeAOT 10.0, Toolchain=Latest ILCompiler, IterationCount=3, LaunchCount=1, MinIterationCount=50, WarmupCount=3) [Script=guardrail-unsorted-large]
Runtime = .NET 10.0.12, X64 NativeAOT x86-64-v4; GC = Concurrent Workstation
Mean = 643.618 us, StdErr = 0.169 us (0.03%), N = 3, StdDev = 0.293 us
Min = 643.288 us, Q1 = 643.503 us, Median = 643.717 us, Q3 = 643.783 us, Max = 643.848 us
IQR = 0.280 us, LowerFence = 643.082 us, UpperFence = 644.203 us
ConfidenceInterval = [638.267 us; 648.968 us] (CI 99.9%), Margin = 5.350 us (0.83% of Mean)
Skewness = -0.3, Kurtosis = 0.67, MValue = 2
-------------------- Histogram --------------------
[643.021 us ; 644.115 us) | @@@
---------------------------------------------------

PlutusUseCasesBenchmarks.DecodeAndEval: NativeAOT 10.0(Runtime=NativeAOT 10.0, Toolchain=Latest ILCompiler, IterationCount=3, LaunchCount=1, MinIterationCount=50, WarmupCount=3) [Script=guardrail-unsorted-small]
Runtime = .NET 10.0.12, X64 NativeAOT x86-64-v4; GC = Concurrent Workstation
Mean = 105.875 us, StdErr = 0.052 us (0.05%), N = 3, StdDev = 0.090 us
Min = 105.793 us, Q1 = 105.827 us, Median = 105.862 us, Q3 = 105.917 us, Max = 105.971 us
IQR = 0.089 us, LowerFence = 105.694 us, UpperFence = 106.050 us
ConfidenceInterval = [104.236 us; 107.515 us] (CI 99.9%), Margin = 1.639 us (1.55% of Mean)
Skewness = 0.14, Kurtosis = 0.67, MValue = 2
-------------------- Histogram --------------------
[105.711 us ; 106.053 us) | @@@
---------------------------------------------------

PlutusUseCasesBenchmarks.DecodeAndEval: NativeAOT 10.0(Runtime=NativeAOT 10.0, Toolchain=Latest ILCompiler, IterationCount=3, LaunchCount=1, MinIterationCount=50, WarmupCount=3) [Script=multisig-sm-01]
Runtime = .NET 10.0.12, X64 NativeAOT x86-64-v4; GC = Concurrent Workstation
Mean = 595.510 us, StdErr = 0.589 us (0.10%), N = 3, StdDev = 1.021 us
Min = 594.440 us, Q1 = 595.028 us, Median = 595.616 us, Q3 = 596.045 us, Max = 596.474 us
IQR = 1.017 us, LowerFence = 593.503 us, UpperFence = 597.570 us
ConfidenceInterval = [576.883 us; 614.137 us] (CI 99.9%), Margin = 18.627 us (3.13% of Mean)
Skewness = -0.1, Kurtosis = 0.67, MValue = 2
-------------------- Histogram --------------------
[593.511 us ; 597.403 us) | @@@
---------------------------------------------------

PlutusUseCasesBenchmarks.DecodeAndEval: NativeAOT 10.0(Runtime=NativeAOT 10.0, Toolchain=Latest ILCompiler, IterationCount=3, LaunchCount=1, MinIterationCount=50, WarmupCount=3) [Script=multisig-sm-02]
Runtime = .NET 10.0.12, X64 NativeAOT x86-64-v4; GC = Concurrent Workstation
Mean = 582.891 us, StdErr = 2.432 us (0.42%), N = 3, StdDev = 4.212 us
Min = 579.870 us, Q1 = 580.485 us, Median = 581.099 us, Q3 = 584.401 us, Max = 587.702 us
IQR = 3.916 us, LowerFence = 574.610 us, UpperFence = 590.275 us
ConfidenceInterval = [506.043 us; 659.738 us] (CI 99.9%), Margin = 76.847 us (13.18% of Mean)
Skewness = 0.35, Kurtosis = 0.67, MValue = 2
-------------------- Histogram --------------------
[576.037 us ; 591.536 us) | @@@
---------------------------------------------------

PlutusUseCasesBenchmarks.DecodeAndEval: NativeAOT 10.0(Runtime=NativeAOT 10.0, Toolchain=Latest ILCompiler, IterationCount=3, LaunchCount=1, MinIterationCount=50, WarmupCount=3) [Script=multisig-sm-03]
Runtime = .NET 10.0.12, X64 NativeAOT x86-64-v4; GC = Concurrent Workstation
Mean = 581.287 us, StdErr = 0.279 us (0.05%), N = 3, StdDev = 0.483 us
Min = 580.871 us, Q1 = 581.022 us, Median = 581.174 us, Q3 = 581.495 us, Max = 581.816 us
IQR = 0.473 us, LowerFence = 580.313 us, UpperFence = 582.205 us
ConfidenceInterval = [572.478 us; 590.096 us] (CI 99.9%), Margin = 8.809 us (1.52% of Mean)
Skewness = 0.22, Kurtosis = 0.67, MValue = 2
-------------------- Histogram --------------------
[580.431 us ; 582.256 us) | @@@
---------------------------------------------------

PlutusUseCasesBenchmarks.DecodeAndEval: NativeAOT 10.0(Runtime=NativeAOT 10.0, Toolchain=Latest ILCompiler, IterationCount=3, LaunchCount=1, MinIterationCount=50, WarmupCount=3) [Script=multisig-sm-04]
Runtime = .NET 10.0.12, X64 NativeAOT x86-64-v4; GC = Concurrent Workstation
Mean = 584.657 us, StdErr = 0.453 us (0.08%), N = 3, StdDev = 0.784 us
Min = 584.180 us, Q1 = 584.204 us, Median = 584.229 us, Q3 = 584.895 us, Max = 585.561 us
IQR = 0.691 us, LowerFence = 583.168 us, UpperFence = 585.931 us
ConfidenceInterval = [570.354 us; 598.960 us] (CI 99.9%), Margin = 14.303 us (2.45% of Mean)
Skewness = 0.38, Kurtosis = 0.67, MValue = 2
-------------------- Histogram --------------------
[584.157 us ; 585.584 us) | @@@
---------------------------------------------------

PlutusUseCasesBenchmarks.DecodeAndEval: NativeAOT 10.0(Runtime=NativeAOT 10.0, Toolchain=Latest ILCompiler, IterationCount=3, LaunchCount=1, MinIterationCount=50, WarmupCount=3) [Script=multisig-sm-05]
Runtime = .NET 10.0.12, X64 NativeAOT x86-64-v4; GC = Concurrent Workstation
Mean = 787.971 us, StdErr = 0.423 us (0.05%), N = 3, StdDev = 0.733 us
Min = 787.465 us, Q1 = 787.551 us, Median = 787.636 us, Q3 = 788.224 us, Max = 788.811 us
IQR = 0.673 us, LowerFence = 786.541 us, UpperFence = 789.234 us
ConfidenceInterval = [774.599 us; 801.343 us] (CI 99.9%), Margin = 13.372 us (1.70% of Mean)
Skewness = 0.36, Kurtosis = 0.67, MValue = 2
-------------------- Histogram --------------------
[786.798 us ; 789.478 us) | @@@
---------------------------------------------------

PlutusUseCasesBenchmarks.DecodeAndEval: NativeAOT 10.0(Runtime=NativeAOT 10.0, Toolchain=Latest ILCompiler, IterationCount=3, LaunchCount=1, MinIterationCount=50, WarmupCount=3) [Script=multisig-sm-06]
Runtime = .NET 10.0.12, X64 NativeAOT x86-64-v4; GC = Concurrent Workstation
Mean = 595.695 us, StdErr = 0.758 us (0.13%), N = 3, StdDev = 1.313 us
Min = 594.561 us, Q1 = 594.976 us, Median = 595.390 us, Q3 = 596.261 us, Max = 597.133 us
IQR = 1.286 us, LowerFence = 593.047 us, UpperFence = 598.190 us
ConfidenceInterval = [571.750 us; 619.640 us] (CI 99.9%), Margin = 23.945 us (4.02% of Mean)
Skewness = 0.22, Kurtosis = 0.67, MValue = 2
-------------------- Histogram --------------------
[593.367 us ; 598.327 us) | @@@
---------------------------------------------------

PlutusUseCasesBenchmarks.DecodeAndEval: NativeAOT 10.0(Runtime=NativeAOT 10.0, Toolchain=Latest ILCompiler, IterationCount=3, LaunchCount=1, MinIterationCount=50, WarmupCount=3) [Script=multisig-sm-07]
Runtime = .NET 10.0.12, X64 NativeAOT x86-64-v4; GC = Concurrent Workstation
Mean = 584.290 us, StdErr = 0.119 us (0.02%), N = 3, StdDev = 0.205 us
Min = 584.058 us, Q1 = 584.211 us, Median = 584.365 us, Q3 = 584.406 us, Max = 584.448 us
IQR = 0.195 us, LowerFence = 583.919 us, UpperFence = 584.699 us
ConfidenceInterval = [580.546 us; 588.035 us] (CI 99.9%), Margin = 3.745 us (0.64% of Mean)
Skewness = -0.31, Kurtosis = 0.67, MValue = 2
-------------------- Histogram --------------------
[583.871 us ; 584.635 us) | @@@
---------------------------------------------------

PlutusUseCasesBenchmarks.DecodeAndEval: NativeAOT 10.0(Runtime=NativeAOT 10.0, Toolchain=Latest ILCompiler, IterationCount=3, LaunchCount=1, MinIterationCount=50, WarmupCount=3) [Script=multisig-sm-08]
Runtime = .NET 10.0.12, X64 NativeAOT x86-64-v4; GC = Concurrent Workstation
Mean = 581.566 us, StdErr = 0.317 us (0.05%), N = 3, StdDev = 0.549 us
Min = 580.974 us, Q1 = 581.321 us, Median = 581.667 us, Q3 = 581.863 us, Max = 582.058 us
IQR = 0.542 us, LowerFence = 580.508 us, UpperFence = 582.675 us
ConfidenceInterval = [571.553 us; 591.580 us] (CI 99.9%), Margin = 10.013 us (1.72% of Mean)
Skewness = -0.18, Kurtosis = 0.67, MValue = 2
-------------------- Histogram --------------------
[580.475 us ; 582.557 us) | @@@
---------------------------------------------------

PlutusUseCasesBenchmarks.DecodeAndEval: NativeAOT 10.0(Runtime=NativeAOT 10.0, Toolchain=Latest ILCompiler, IterationCount=3, LaunchCount=1, MinIterationCount=50, WarmupCount=3) [Script=multisig-sm-09]
Runtime = .NET 10.0.12, X64 NativeAOT x86-64-v4; GC = Concurrent Workstation
Mean = 586.952 us, StdErr = 0.990 us (0.17%), N = 3, StdDev = 1.715 us
Min = 585.046 us, Q1 = 586.242 us, Median = 587.437 us, Q3 = 587.905 us, Max = 588.373 us
IQR = 1.663 us, LowerFence = 583.747 us, UpperFence = 590.400 us
ConfidenceInterval = [555.657 us; 618.247 us] (CI 99.9%), Margin = 31.295 us (5.33% of Mean)
Skewness = -0.26, Kurtosis = 0.67, MValue = 2
-------------------- Histogram --------------------
[583.485 us ; 589.934 us) | @@@
---------------------------------------------------

PlutusUseCasesBenchmarks.DecodeAndEval: NativeAOT 10.0(Runtime=NativeAOT 10.0, Toolchain=Latest ILCompiler, IterationCount=3, LaunchCount=1, MinIterationCount=50, WarmupCount=3) [Script=multisig-sm-10]
Runtime = .NET 10.0.12, X64 NativeAOT x86-64-v4; GC = Concurrent Workstation
Mean = 776.812 us, StdErr = 0.216 us (0.03%), N = 3, StdDev = 0.373 us
Min = 776.382 us, Q1 = 776.692 us, Median = 777.001 us, Q3 = 777.028 us, Max = 777.054 us
IQR = 0.336 us, LowerFence = 776.188 us, UpperFence = 777.531 us
ConfidenceInterval = [769.999 us; 783.626 us] (CI 99.9%), Margin = 6.814 us (0.88% of Mean)
Skewness = -0.38, Kurtosis = 0.67, MValue = 2
-------------------- Histogram --------------------
[776.378 us ; 777.058 us) | @@@
---------------------------------------------------

PlutusUseCasesBenchmarks.DecodeAndEval: NativeAOT 10.0(Runtime=NativeAOT 10.0, Toolchain=Latest ILCompiler, IterationCount=3, LaunchCount=1, MinIterationCount=50, WarmupCount=3) [Script=ping-pong_2-1]
Runtime = .NET 10.0.12, X64 NativeAOT x86-64-v4; GC = Concurrent Workstation
Mean = 334.391 us, StdErr = 0.249 us (0.07%), N = 3, StdDev = 0.431 us
Min = 333.988 us, Q1 = 334.164 us, Median = 334.339 us, Q3 = 334.593 us, Max = 334.846 us
IQR = 0.429 us, LowerFence = 333.520 us, UpperFence = 335.236 us
ConfidenceInterval = [326.522 us; 342.260 us] (CI 99.9%), Margin = 7.869 us (2.35% of Mean)
Skewness = 0.12, Kurtosis = 0.67, MValue = 2
-------------------- Histogram --------------------
[333.595 us ; 335.238 us) | @@@
---------------------------------------------------

PlutusUseCasesBenchmarks.DecodeAndEval: NativeAOT 10.0(Runtime=NativeAOT 10.0, Toolchain=Latest ILCompiler, IterationCount=3, LaunchCount=1, MinIterationCount=50, WarmupCount=3) [Script=ping-pong-1]
Runtime = .NET 10.0.12, X64 NativeAOT x86-64-v4; GC = Concurrent Workstation
Mean = 543.804 us, StdErr = 22.967 us (4.22%), N = 3, StdDev = 39.779 us
Min = 511.284 us, Q1 = 521.627 us, Median = 531.970 us, Q3 = 560.063 us, Max = 588.157 us
IQR = 38.436 us, LowerFence = 463.972 us, UpperFence = 617.718 us
ConfidenceInterval = [-181.918 us; 1,269.525 us] (CI 99.9%), Margin = 725.722 us (133.45% of Mean)
Skewness = 0.27, Kurtosis = 0.67, MValue = 2
-------------------- Histogram --------------------
[485.426 us ; 557.827 us) | @@
[557.827 us ; 624.357 us) | @
---------------------------------------------------

PlutusUseCasesBenchmarks.DecodeAndEval: NativeAOT 10.0(Runtime=NativeAOT 10.0, Toolchain=Latest ILCompiler, IterationCount=3, LaunchCount=1, MinIterationCount=50, WarmupCount=3) [Script=ping-pong-2]
Runtime = .NET 10.0.12, X64 NativeAOT x86-64-v4; GC = Concurrent Workstation
Mean = 480.656 us, StdErr = 0.617 us (0.13%), N = 3, StdDev = 1.069 us
Min = 479.912 us, Q1 = 480.044 us, Median = 480.175 us, Q3 = 481.029 us, Max = 481.882 us
IQR = 0.985 us, LowerFence = 478.566 us, UpperFence = 482.506 us
ConfidenceInterval = [461.146 us; 500.167 us] (CI 99.9%), Margin = 19.510 us (4.06% of Mean)
Skewness = 0.36, Kurtosis = 0.67, MValue = 2
-------------------- Histogram --------------------
[478.939 us ; 482.855 us) | @@@
---------------------------------------------------

PlutusUseCasesBenchmarks.DecodeAndEval: NativeAOT 10.0(Runtime=NativeAOT 10.0, Toolchain=Latest ILCompiler, IterationCount=3, LaunchCount=1, MinIterationCount=50, WarmupCount=3) [Script=prism-1]
Runtime = .NET 10.0.12, X64 NativeAOT x86-64-v4; GC = Concurrent Workstation
Mean = 199.950 us, StdErr = 0.193 us (0.10%), N = 3, StdDev = 0.335 us
Min = 199.642 us, Q1 = 199.772 us, Median = 199.902 us, Q3 = 200.104 us, Max = 200.307 us
IQR = 0.332 us, LowerFence = 199.274 us, UpperFence = 200.603 us
ConfidenceInterval = [193.842 us; 206.059 us] (CI 99.9%), Margin = 6.109 us (3.06% of Mean)
Skewness = 0.14, Kurtosis = 0.67, MValue = 2
-------------------- Histogram --------------------
[199.337 us ; 200.611 us) | @@@
---------------------------------------------------

PlutusUseCasesBenchmarks.DecodeAndEval: NativeAOT 10.0(Runtime=NativeAOT 10.0, Toolchain=Latest ILCompiler, IterationCount=3, LaunchCount=1, MinIterationCount=50, WarmupCount=3) [Script=prism-2]
Runtime = .NET 10.0.12, X64 NativeAOT x86-64-v4; GC = Concurrent Workstation
Mean = 578.199 us, StdErr = 0.469 us (0.08%), N = 3, StdDev = 0.812 us
Min = 577.404 us, Q1 = 577.785 us, Median = 578.166 us, Q3 = 578.596 us, Max = 579.026 us
IQR = 0.811 us, LowerFence = 576.569 us, UpperFence = 579.813 us
ConfidenceInterval = [563.394 us; 593.005 us] (CI 99.9%), Margin = 14.805 us (2.56% of Mean)
Skewness = 0.04, Kurtosis = 0.67, MValue = 2
-------------------- Histogram --------------------
[576.666 us ; 579.765 us) | @@@
---------------------------------------------------

PlutusUseCasesBenchmarks.DecodeAndEval: NativeAOT 10.0(Runtime=NativeAOT 10.0, Toolchain=Latest ILCompiler, IterationCount=3, LaunchCount=1, MinIterationCount=50, WarmupCount=3) [Script=prism-3]
Runtime = .NET 10.0.12, X64 NativeAOT x86-64-v4; GC = Concurrent Workstation
Mean = 448.469 us, StdErr = 1.359 us (0.30%), N = 3, StdDev = 2.354 us
Min = 446.873 us, Q1 = 447.118 us, Median = 447.362 us, Q3 = 449.267 us, Max = 451.172 us
IQR = 2.150 us, LowerFence = 443.893 us, UpperFence = 452.492 us
ConfidenceInterval = [405.527 us; 491.411 us] (CI 99.9%), Margin = 42.942 us (9.58% of Mean)
Skewness = 0.37, Kurtosis = 0.67, MValue = 2
-------------------- Histogram --------------------
[444.731 us ; 453.314 us) | @@@
---------------------------------------------------

PlutusUseCasesBenchmarks.DecodeAndEval: NativeAOT 10.0(Runtime=NativeAOT 10.0, Toolchain=Latest ILCompiler, IterationCount=3, LaunchCount=1, MinIterationCount=50, WarmupCount=3) [Script=pubkey-1]
Runtime = .NET 10.0.12, X64 NativeAOT x86-64-v4; GC = Concurrent Workstation
Mean = 174.996 us, StdErr = 0.158 us (0.09%), N = 3, StdDev = 0.273 us
Min = 174.695 us, Q1 = 174.879 us, Median = 175.064 us, Q3 = 175.146 us, Max = 175.228 us
IQR = 0.267 us, LowerFence = 174.480 us, UpperFence = 175.546 us
ConfidenceInterval = [170.015 us; 179.976 us] (CI 99.9%), Margin = 4.981 us (2.85% of Mean)
Skewness = -0.23, Kurtosis = 0.67, MValue = 2
-------------------- Histogram --------------------
[174.447 us ; 175.477 us) | @@@
---------------------------------------------------

PlutusUseCasesBenchmarks.DecodeAndEval: NativeAOT 10.0(Runtime=NativeAOT 10.0, Toolchain=Latest ILCompiler, IterationCount=3, LaunchCount=1, MinIterationCount=50, WarmupCount=3) [Script=stablecoin_1-1]
Runtime = .NET 10.0.12, X64 NativeAOT x86-64-v4; GC = Concurrent Workstation
Mean = 1.280 ms, StdErr = 0.000 ms (0.03%), N = 3, StdDev = 0.001 ms
Min = 1.279 ms, Q1 = 1.279 ms, Median = 1.280 ms, Q3 = 1.280 ms, Max = 1.280 ms
IQR = 0.001 ms, LowerFence = 1.279 ms, UpperFence = 1.281 ms
ConfidenceInterval = [1.268 ms; 1.291 ms] (CI 99.9%), Margin = 0.011 ms (0.89% of Mean)
Skewness = 0.16, Kurtosis = 0.67, MValue = 2
-------------------- Histogram --------------------
[1.279 ms ; 1.281 ms) | @@@
---------------------------------------------------

PlutusUseCasesBenchmarks.DecodeAndEval: NativeAOT 10.0(Runtime=NativeAOT 10.0, Toolchain=Latest ILCompiler, IterationCount=3, LaunchCount=1, MinIterationCount=50, WarmupCount=3) [Script=stablecoin_1-2]
Runtime = .NET 10.0.12, X64 NativeAOT x86-64-v4; GC = Concurrent Workstation
Mean = 226.150 us, StdErr = 0.454 us (0.20%), N = 3, StdDev = 0.787 us
Min = 225.412 us, Q1 = 225.736 us, Median = 226.060 us, Q3 = 226.519 us, Max = 226.978 us
IQR = 0.783 us, LowerFence = 224.561 us, UpperFence = 227.694 us
ConfidenceInterval = [211.789 us; 240.511 us] (CI 99.9%), Margin = 14.361 us (6.35% of Mean)
Skewness = 0.11, Kurtosis = 0.67, MValue = 2
-------------------- Histogram --------------------
[224.695 us ; 227.695 us) | @@@
---------------------------------------------------

PlutusUseCasesBenchmarks.DecodeAndEval: NativeAOT 10.0(Runtime=NativeAOT 10.0, Toolchain=Latest ILCompiler, IterationCount=3, LaunchCount=1, MinIterationCount=50, WarmupCount=3) [Script=stablecoin_1-3]
Runtime = .NET 10.0.12, X64 NativeAOT x86-64-v4; GC = Concurrent Workstation
Mean = 1.698 ms, StdErr = 0.109 ms (6.40%), N = 3, StdDev = 0.188 ms
Min = 1.481 ms, Q1 = 1.637 ms, Median = 1.794 ms, Q3 = 1.806 ms, Max = 1.819 ms
IQR = 0.169 ms, LowerFence = 1.384 ms, UpperFence = 2.060 ms
ConfidenceInterval = [-1.736 ms; 5.132 ms] (CI 99.9%), Margin = 3.434 ms (202.28% of Mean)
Skewness = -0.38, Kurtosis = 0.67, MValue = 2
-------------------- Histogram --------------------
[1.478 ms ; 1.821 ms) | @@@
---------------------------------------------------

PlutusUseCasesBenchmarks.DecodeAndEval: NativeAOT 10.0(Runtime=NativeAOT 10.0, Toolchain=Latest ILCompiler, IterationCount=3, LaunchCount=1, MinIterationCount=50, WarmupCount=3) [Script=stablecoin_1-4]
Runtime = .NET 10.0.12, X64 NativeAOT x86-64-v4; GC = Concurrent Workstation
Mean = 236.878 us, StdErr = 0.287 us (0.12%), N = 3, StdDev = 0.496 us
Min = 236.350 us, Q1 = 236.650 us, Median = 236.951 us, Q3 = 237.143 us, Max = 237.334 us
IQR = 0.492 us, LowerFence = 235.912 us, UpperFence = 237.882 us
ConfidenceInterval = [227.821 us; 245.936 us] (CI 99.9%), Margin = 9.058 us (3.82% of Mean)
Skewness = -0.14, Kurtosis = 0.67, MValue = 2
-------------------- Histogram --------------------
[235.898 us ; 237.786 us) | @@@
---------------------------------------------------

PlutusUseCasesBenchmarks.DecodeAndEval: NativeAOT 10.0(Runtime=NativeAOT 10.0, Toolchain=Latest ILCompiler, IterationCount=3, LaunchCount=1, MinIterationCount=50, WarmupCount=3) [Script=stablecoin_1-5]
Runtime = .NET 10.0.12, X64 NativeAOT x86-64-v4; GC = Concurrent Workstation
Mean = 1.807 ms, StdErr = 0.000 ms (0.02%), N = 3, StdDev = 0.001 ms
Min = 1.806 ms, Q1 = 1.806 ms, Median = 1.807 ms, Q3 = 1.807 ms, Max = 1.807 ms
IQR = 0.001 ms, LowerFence = 1.805 ms, UpperFence = 1.808 ms
ConfidenceInterval = [1.794 ms; 1.819 ms] (CI 99.9%), Margin = 0.012 ms (0.68% of Mean)
Skewness = 0.04, Kurtosis = 0.67, MValue = 2
-------------------- Histogram --------------------
[1.805 ms ; 1.808 ms) | @@@
---------------------------------------------------

PlutusUseCasesBenchmarks.DecodeAndEval: NativeAOT 10.0(Runtime=NativeAOT 10.0, Toolchain=Latest ILCompiler, IterationCount=3, LaunchCount=1, MinIterationCount=50, WarmupCount=3) [Script=stablecoin_1-6]
Runtime = .NET 10.0.12, X64 NativeAOT x86-64-v4; GC = Concurrent Workstation
Mean = 281.010 us, StdErr = 0.250 us (0.09%), N = 3, StdDev = 0.432 us
Min = 280.583 us, Q1 = 280.791 us, Median = 280.998 us, Q3 = 281.223 us, Max = 281.447 us
IQR = 0.432 us, LowerFence = 280.143 us, UpperFence = 281.871 us
ConfidenceInterval = [273.125 us; 288.895 us] (CI 99.9%), Margin = 7.885 us (2.81% of Mean)
Skewness = 0.03, Kurtosis = 0.67, MValue = 2
-------------------- Histogram --------------------
[280.190 us ; 281.841 us) | @@@
---------------------------------------------------

PlutusUseCasesBenchmarks.DecodeAndEval: NativeAOT 10.0(Runtime=NativeAOT 10.0, Toolchain=Latest ILCompiler, IterationCount=3, LaunchCount=1, MinIterationCount=50, WarmupCount=3) [Script=stablecoin_2-1]
Runtime = .NET 10.0.12, X64 NativeAOT x86-64-v4; GC = Concurrent Workstation
Mean = 1.280 ms, StdErr = 0.002 ms (0.13%), N = 3, StdDev = 0.003 ms
Min = 1.278 ms, Q1 = 1.279 ms, Median = 1.279 ms, Q3 = 1.281 ms, Max = 1.284 ms
IQR = 0.003 ms, LowerFence = 1.275 ms, UpperFence = 1.285 ms
ConfidenceInterval = [1.227 ms; 1.333 ms] (CI 99.9%), Margin = 0.053 ms (4.16% of Mean)
Skewness = 0.35, Kurtosis = 0.67, MValue = 2
-------------------- Histogram --------------------
[1.275 ms ; 1.286 ms) | @@@
---------------------------------------------------

PlutusUseCasesBenchmarks.DecodeAndEval: NativeAOT 10.0(Runtime=NativeAOT 10.0, Toolchain=Latest ILCompiler, IterationCount=3, LaunchCount=1, MinIterationCount=50, WarmupCount=3) [Script=stablecoin_2-2]
Runtime = .NET 10.0.12, X64 NativeAOT x86-64-v4; GC = Concurrent Workstation
Mean = 255.008 us, StdErr = 17.797 us (6.98%), N = 3, StdDev = 30.825 us
Min = 228.729 us, Q1 = 238.043 us, Median = 247.356 us, Q3 = 268.147 us, Max = 288.938 us
IQR = 30.105 us, LowerFence = 192.886 us, UpperFence = 313.304 us
ConfidenceInterval = [-307.361 us; 817.377 us] (CI 99.9%), Margin = 562.369 us (220.53% of Mean)
Skewness = 0.23, Kurtosis = 0.67, MValue = 2
-------------------- Histogram --------------------
[209.990 us ; 266.095 us) | @@
[266.095 us ; 316.991 us) | @
---------------------------------------------------

PlutusUseCasesBenchmarks.DecodeAndEval: NativeAOT 10.0(Runtime=NativeAOT 10.0, Toolchain=Latest ILCompiler, IterationCount=3, LaunchCount=1, MinIterationCount=50, WarmupCount=3) [Script=stablecoin_2-3]
Runtime = .NET 10.0.12, X64 NativeAOT x86-64-v4; GC = Concurrent Workstation
Mean = 1.456 ms, StdErr = 0.002 ms (0.13%), N = 3, StdDev = 0.003 ms
Min = 1.452 ms, Q1 = 1.455 ms, Median = 1.458 ms, Q3 = 1.458 ms, Max = 1.458 ms
IQR = 0.003 ms, LowerFence = 1.451 ms, UpperFence = 1.463 ms
ConfidenceInterval = [1.395 ms; 1.517 ms] (CI 99.9%), Margin = 0.061 ms (4.18% of Mean)
Skewness = -0.38, Kurtosis = 0.67, MValue = 2
-------------------- Histogram --------------------
[1.452 ms ; 1.458 ms) | @@@
---------------------------------------------------

PlutusUseCasesBenchmarks.DecodeAndEval: NativeAOT 10.0(Runtime=NativeAOT 10.0, Toolchain=Latest ILCompiler, IterationCount=3, LaunchCount=1, MinIterationCount=50, WarmupCount=3) [Script=stablecoin_2-4]
Runtime = .NET 10.0.12, X64 NativeAOT x86-64-v4; GC = Concurrent Workstation
Mean = 237.283 us, StdErr = 0.454 us (0.19%), N = 3, StdDev = 0.786 us
Min = 236.394 us, Q1 = 236.985 us, Median = 237.576 us, Q3 = 237.728 us, Max = 237.881 us
IQR = 0.744 us, LowerFence = 235.869 us, UpperFence = 238.844 us
ConfidenceInterval = [222.952 us; 251.615 us] (CI 99.9%), Margin = 14.331 us (6.04% of Mean)
Skewness = -0.32, Kurtosis = 0.67, MValue = 2
-------------------- Histogram --------------------
[235.679 us ; 238.596 us) | @@@
---------------------------------------------------

PlutusUseCasesBenchmarks.DecodeAndEval: NativeAOT 10.0(Runtime=NativeAOT 10.0, Toolchain=Latest ILCompiler, IterationCount=3, LaunchCount=1, MinIterationCount=50, WarmupCount=3) [Script=token-account-1]
Runtime = .NET 10.0.12, X64 NativeAOT x86-64-v4; GC = Concurrent Workstation
Mean = 265.034 us, StdErr = 0.352 us (0.13%), N = 3, StdDev = 0.609 us
Min = 264.482 us, Q1 = 264.707 us, Median = 264.931 us, Q3 = 265.309 us, Max = 265.687 us
IQR = 0.603 us, LowerFence = 263.803 us, UpperFence = 266.213 us
ConfidenceInterval = [253.921 us; 276.146 us] (CI 99.9%), Margin = 11.112 us (4.19% of Mean)
Skewness = 0.16, Kurtosis = 0.67, MValue = 2
-------------------- Histogram --------------------
[263.928 us ; 266.242 us) | @@@
---------------------------------------------------

PlutusUseCasesBenchmarks.DecodeAndEval: NativeAOT 10.0(Runtime=NativeAOT 10.0, Toolchain=Latest ILCompiler, IterationCount=3, LaunchCount=1, MinIterationCount=50, WarmupCount=3) [Script=token-account-2]
Runtime = .NET 10.0.12, X64 NativeAOT x86-64-v4; GC = Concurrent Workstation
Mean = 402.081 us, StdErr = 0.610 us (0.15%), N = 3, StdDev = 1.057 us
Min = 401.078 us, Q1 = 401.530 us, Median = 401.982 us, Q3 = 402.583 us, Max = 403.185 us
IQR = 1.053 us, LowerFence = 399.950 us, UpperFence = 404.163 us
ConfidenceInterval = [382.800 us; 421.363 us] (CI 99.9%), Margin = 19.282 us (4.80% of Mean)
Skewness = 0.09, Kurtosis = 0.67, MValue = 2
-------------------- Histogram --------------------
[400.116 us ; 404.146 us) | @@@
---------------------------------------------------

PlutusUseCasesBenchmarks.DecodeAndEval: NativeAOT 10.0(Runtime=NativeAOT 10.0, Toolchain=Latest ILCompiler, IterationCount=3, LaunchCount=1, MinIterationCount=50, WarmupCount=3) [Script=uniswap-1]
Runtime = .NET 10.0.12, X64 NativeAOT x86-64-v4; GC = Concurrent Workstation
Mean = 522.653 us, StdErr = 3.436 us (0.66%), N = 3, StdDev = 5.951 us
Min = 517.670 us, Q1 = 519.359 us, Median = 521.047 us, Q3 = 525.145 us, Max = 529.243 us
IQR = 5.786 us, LowerFence = 510.679 us, UpperFence = 533.824 us
ConfidenceInterval = [414.083 us; 631.224 us] (CI 99.9%), Margin = 108.570 us (20.77% of Mean)
Skewness = 0.25, Kurtosis = 0.67, MValue = 2
-------------------- Histogram --------------------
[513.943 us ; 534.658 us) | @@@
---------------------------------------------------

PlutusUseCasesBenchmarks.DecodeAndEval: NativeAOT 10.0(Runtime=NativeAOT 10.0, Toolchain=Latest ILCompiler, IterationCount=3, LaunchCount=1, MinIterationCount=50, WarmupCount=3) [Script=uniswap-2]
Runtime = .NET 10.0.12, X64 NativeAOT x86-64-v4; GC = Concurrent Workstation
Mean = 300.584 us, StdErr = 0.224 us (0.07%), N = 3, StdDev = 0.388 us
Min = 300.337 us, Q1 = 300.361 us, Median = 300.385 us, Q3 = 300.708 us, Max = 301.032 us
IQR = 0.348 us, LowerFence = 299.839 us, UpperFence = 301.230 us
ConfidenceInterval = [293.499 us; 307.670 us] (CI 99.9%), Margin = 7.085 us (2.36% of Mean)
Skewness = 0.38, Kurtosis = 0.67, MValue = 2
-------------------- Histogram --------------------
[300.331 us ; 301.038 us) | @@@
---------------------------------------------------

PlutusUseCasesBenchmarks.DecodeAndEval: NativeAOT 10.0(Runtime=NativeAOT 10.0, Toolchain=Latest ILCompiler, IterationCount=3, LaunchCount=1, MinIterationCount=50, WarmupCount=3) [Script=uniswap-3]
Runtime = .NET 10.0.12, X64 NativeAOT x86-64-v4; GC = Concurrent Workstation
Mean = 1.958 ms, StdErr = 0.003 ms (0.17%), N = 3, StdDev = 0.006 ms
Min = 1.951 ms, Q1 = 1.956 ms, Median = 1.961 ms, Q3 = 1.961 ms, Max = 1.961 ms
IQR = 0.005 ms, LowerFence = 1.949 ms, UpperFence = 1.969 ms
ConfidenceInterval = [1.853 ms; 2.062 ms] (CI 99.9%), Margin = 0.104 ms (5.33% of Mean)
Skewness = -0.38, Kurtosis = 0.67, MValue = 2
-------------------- Histogram --------------------
[1.951 ms ; 1.961 ms) | @@@
---------------------------------------------------

PlutusUseCasesBenchmarks.DecodeAndEval: NativeAOT 10.0(Runtime=NativeAOT 10.0, Toolchain=Latest ILCompiler, IterationCount=3, LaunchCount=1, MinIterationCount=50, WarmupCount=3) [Script=uniswap-4]
Runtime = .NET 10.0.12, X64 NativeAOT x86-64-v4; GC = Concurrent Workstation
Mean = 360.347 us, StdErr = 0.189 us (0.05%), N = 3, StdDev = 0.327 us
Min = 359.975 us, Q1 = 360.225 us, Median = 360.474 us, Q3 = 360.533 us, Max = 360.591 us
IQR = 0.308 us, LowerFence = 359.763 us, UpperFence = 360.995 us
ConfidenceInterval = [354.380 us; 366.313 us] (CI 99.9%), Margin = 5.966 us (1.66% of Mean)
Skewness = -0.33, Kurtosis = 0.67, MValue = 2
-------------------- Histogram --------------------
[359.678 us ; 360.889 us) | @@@
---------------------------------------------------

PlutusUseCasesBenchmarks.DecodeAndEval: NativeAOT 10.0(Runtime=NativeAOT 10.0, Toolchain=Latest ILCompiler, IterationCount=3, LaunchCount=1, MinIterationCount=50, WarmupCount=3) [Script=uniswap-5]
Runtime = .NET 10.0.12, X64 NativeAOT x86-64-v4; GC = Concurrent Workstation
Mean = 1.337 ms, StdErr = 0.002 ms (0.12%), N = 3, StdDev = 0.003 ms
Min = 1.334 ms, Q1 = 1.336 ms, Median = 1.338 ms, Q3 = 1.338 ms, Max = 1.339 ms
IQR = 0.003 ms, LowerFence = 1.332 ms, UpperFence = 1.342 ms
ConfidenceInterval = [1.286 ms; 1.387 ms] (CI 99.9%), Margin = 0.051 ms (3.78% of Mean)
Skewness = -0.28, Kurtosis = 0.67, MValue = 2
-------------------- Histogram --------------------
[1.331 ms ; 1.342 ms) | @@@
---------------------------------------------------

PlutusUseCasesBenchmarks.DecodeAndEval: NativeAOT 10.0(Runtime=NativeAOT 10.0, Toolchain=Latest ILCompiler, IterationCount=3, LaunchCount=1, MinIterationCount=50, WarmupCount=3) [Script=uniswap-6]
Runtime = .NET 10.0.12, X64 NativeAOT x86-64-v4; GC = Concurrent Workstation
Mean = 366.670 us, StdErr = 15.422 us (4.21%), N = 3, StdDev = 26.712 us
Min = 350.727 us, Q1 = 351.251 us, Median = 351.775 us, Q3 = 374.642 us, Max = 397.508 us
IQR = 23.391 us, LowerFence = 316.165 us, UpperFence = 409.728 us
ConfidenceInterval = [-120.650 us; 853.990 us] (CI 99.9%), Margin = 487.320 us (132.90% of Mean)
Skewness = 0.38, Kurtosis = 0.67, MValue = 2
-------------------- Histogram --------------------
[349.809 us ; 398.426 us) | @@@
---------------------------------------------------

PlutusUseCasesBenchmarks.DecodeAndEval: NativeAOT 10.0(Runtime=NativeAOT 10.0, Toolchain=Latest ILCompiler, IterationCount=3, LaunchCount=1, MinIterationCount=50, WarmupCount=3) [Script=vesting-1]
Runtime = .NET 10.0.12, X64 NativeAOT x86-64-v4; GC = Concurrent Workstation
Mean = 459.002 us, StdErr = 0.325 us (0.07%), N = 3, StdDev = 0.562 us
Min = 458.525 us, Q1 = 458.692 us, Median = 458.859 us, Q3 = 459.241 us, Max = 459.622 us
IQR = 0.549 us, LowerFence = 457.869 us, UpperFence = 460.064 us
ConfidenceInterval = [448.741 us; 469.264 us] (CI 99.9%), Margin = 10.262 us (2.24% of Mean)
Skewness = 0.24, Kurtosis = 0.67, MValue = 2
-------------------- Histogram --------------------
[458.013 us ; 460.134 us) | @@@
---------------------------------------------------

// * Summary *

BenchmarkDotNet v0.15.8, Linux Ubuntu 24.04.5 LTS (Noble Numbat)
11th Gen Intel Core i9-11900 2.50GHz (Max: 0.80GHz), 1 CPU, 16 logical and 8 physical cores
.NET SDK 10.0.401
  [Host]         : .NET 10.0.12 (10.0.12, 10.0.1226.42308), X64 RyuJIT x86-64-v4
  NativeAOT 10.0 : .NET 10.0.12, X64 NativeAOT x86-64-v4

Job=NativeAOT 10.0  Runtime=NativeAOT 10.0  Toolchain=Latest ILCompiler  
IterationCount=3  LaunchCount=1  MinIterationCount=50  
WarmupCount=3  

| Method        | Script                   | Mean       | Error       | StdDev    | Gen0     | Gen1     | Allocated  |
|-------------- |------------------------- |-----------:|------------:|----------:|---------:|---------:|-----------:|
| DecodeAndEval | auction_1-1              |   248.4 us |    56.88 us |   3.12 us |  48.3398 |  15.6250 |  395.05 KB |
| DecodeAndEval | auction_1-2              |   867.6 us |   240.77 us |  13.20 us | 136.7188 |  58.5938 | 1121.37 KB |
| DecodeAndEval | auction_1-3              |   844.9 us |    44.42 us |   2.44 us | 138.6719 |  55.6641 | 1134.36 KB |
| DecodeAndEval | auction_1-4              |   264.7 us |    11.89 us |   0.65 us |  57.1289 |  19.0430 |  467.27 KB |
| DecodeAndEval | auction_2-1              |   261.3 us |   320.96 us |  17.59 us |  48.3398 |  15.6250 |  395.05 KB |
| DecodeAndEval | auction_2-2              |   895.7 us |    26.78 us |   1.47 us | 136.7188 |  58.5938 | 1121.37 KB |
| DecodeAndEval | auction_2-3              | 1,065.7 us |   204.40 us |  11.20 us | 166.0156 |  78.1250 | 1365.21 KB |
| DecodeAndEval | auction_2-4              |   962.9 us | 1,989.64 us | 109.06 us | 138.6719 |  55.6641 | 1134.36 KB |
| DecodeAndEval | auction_2-5              |   272.9 us |    71.95 us |   3.94 us |  57.1289 |  19.0430 |  467.27 KB |
| DecodeAndEval | coop-1                   |   225.2 us |    19.24 us |   1.05 us |  53.9551 |  13.9160 |  442.08 KB |
| DecodeAndEval | coop-2                   |   707.1 us |   106.47 us |   5.84 us | 149.4141 |  49.8047 |  1224.8 KB |
| DecodeAndEval | coop-3                   | 2,263.1 us |    66.51 us |   3.65 us | 394.5313 | 128.9063 | 3240.36 KB |
| DecodeAndEval | coop-4                   |   968.9 us | 1,473.51 us |  80.77 us | 172.8516 |  67.3828 | 1414.31 KB |
| DecodeAndEval | coop-5                   |   448.7 us |    55.79 us |   3.06 us |  94.2383 |  31.2500 |  771.91 KB |
| DecodeAndEval | coop-6                   |   594.4 us |    52.15 us |   2.86 us | 131.8359 |  43.9453 | 1081.05 KB |
| DecodeAndEval | coop-7                   |   304.5 us |    29.35 us |   1.61 us |  71.2891 |  20.9961 |  585.91 KB |
| DecodeAndEval | crowdfunding-success-1   |   290.7 us |   583.50 us |  31.98 us |  57.1289 |  17.0898 |  469.38 KB |
| DecodeAndEval | crowdfunding-success-2   |   257.1 us |    10.37 us |   0.57 us |  57.1289 |  17.0898 |  469.38 KB |
| DecodeAndEval | crowdfunding-success-3   |   258.0 us |     6.04 us |   0.33 us |  57.1289 |  17.0898 |  469.38 KB |
| DecodeAndEval | currency-1               |   333.6 us |    35.12 us |   1.92 us |  61.5234 |  20.5078 |  505.27 KB |
| DecodeAndEval | escrow-redeem_1-1        |   437.5 us |    26.75 us |   1.47 us |  83.4961 |  26.8555 |  683.77 KB |
| DecodeAndEval | escrow-redeem_1-2        |   438.3 us |    33.93 us |   1.86 us |  83.4961 |  26.8555 |  683.77 KB |
| DecodeAndEval | escrow-redeem_2-1        |   497.7 us |     1.43 us |   0.08 us |  92.7734 |  30.2734 |  758.52 KB |
| DecodeAndEval | escrow-redeem_2-2        |   499.8 us |   107.68 us |   5.90 us |  92.7734 |  30.2734 |  758.52 KB |
| DecodeAndEval | escrow-redeem_2-3        |   495.7 us |    12.84 us |   0.70 us |  92.7734 |  30.2734 |  758.52 KB |
| DecodeAndEval | escrow-refund-1          |   239.1 us |     9.66 us |   0.53 us |  53.9551 |  17.8223 |  441.07 KB |
| DecodeAndEval | future-increase-margin-1 |   331.2 us |    16.59 us |   0.91 us |  61.5234 |  20.0195 |  505.06 KB |
| DecodeAndEval | future-increase-margin-2 |   657.1 us |     3.80 us |   0.21 us | 113.2813 |  37.1094 |  925.42 KB |
| DecodeAndEval | future-increase-margin-3 |   644.4 us |    20.06 us |   1.10 us | 113.2813 |  37.1094 |  925.42 KB |
| DecodeAndEval | future-increase-margin-4 |   735.0 us |    25.17 us |   1.38 us | 124.0234 |  54.6875 | 1016.19 KB |
| DecodeAndEval | future-increase-margin-5 | 1,119.9 us |    20.66 us |   1.13 us | 162.1094 |  72.2656 | 1339.28 KB |
| DecodeAndEval | future-pay-out-1         |   335.5 us |    20.29 us |   1.11 us |  61.5234 |  20.0195 |  505.06 KB |
| DecodeAndEval | future-pay-out-2         |   644.8 us |    42.09 us |   2.31 us | 113.2813 |  37.1094 |  925.42 KB |
| DecodeAndEval | future-pay-out-3         |   642.8 us |    55.34 us |   3.03 us | 113.2813 |  37.1094 |  925.42 KB |
| DecodeAndEval | future-pay-out-4         | 1,113.7 us |    21.10 us |   1.16 us | 162.1094 |  72.2656 | 1337.75 KB |
| DecodeAndEval | future-settle-early-1    |   333.2 us |    30.64 us |   1.68 us |  61.5234 |  20.0195 |  505.06 KB |
| DecodeAndEval | future-settle-early-2    |   639.6 us |    15.73 us |   0.86 us | 113.2813 |  37.1094 |  925.42 KB |
| DecodeAndEval | future-settle-early-3    |   640.6 us |    13.27 us |   0.73 us | 113.2813 |  37.1094 |  925.42 KB |
| DecodeAndEval | future-settle-early-4    |   887.6 us |    19.14 us |   1.05 us | 133.7891 |  57.6172 | 1098.57 KB |
| DecodeAndEval | game-sm-success_1-1      |   548.0 us |    19.56 us |   1.07 us |  99.6094 |  42.9688 |  819.37 KB |
| DecodeAndEval | game-sm-success_1-2      |   230.1 us |     1.87 us |   0.10 us |  50.2930 |  14.6484 |  410.84 KB |
| DecodeAndEval | game-sm-success_1-3      |   837.3 us |    55.87 us |   3.06 us | 137.6953 |  63.4766 | 1129.54 KB |
| DecodeAndEval | game-sm-success_1-4      |   261.1 us |     8.23 us |   0.45 us |  55.6641 |  16.1133 |  456.77 KB |
| DecodeAndEval | game-sm-success_2-1      |   547.5 us |    25.84 us |   1.42 us |  99.6094 |  42.9688 |  819.37 KB |
| DecodeAndEval | game-sm-success_2-2      |   229.9 us |     6.49 us |   0.36 us |  50.2930 |  14.6484 |  410.84 KB |
| DecodeAndEval | game-sm-success_2-3      |   829.9 us |    42.46 us |   2.33 us | 136.7188 |  62.5000 | 1129.54 KB |
| DecodeAndEval | game-sm-success_2-4      |   258.0 us |     7.97 us |   0.44 us |  55.6641 |  16.1133 |  456.77 KB |
| DecodeAndEval | game-sm-success_2-5      |   829.2 us |    36.32 us |   1.99 us | 137.6953 |  63.4766 | 1129.56 KB |
| DecodeAndEval | game-sm-success_2-6      |   258.9 us |     8.35 us |   0.46 us |  55.6641 |  16.1133 |  456.77 KB |
| DecodeAndEval | guardrail-sorted-large   |   517.8 us |    67.05 us |   3.68 us |  99.6094 |  30.2734 |  818.66 KB |
| DecodeAndEval | guardrail-sorted-small   |   110.6 us |     2.56 us |   0.14 us |  27.0996 |   6.1035 |  222.13 KB |
| DecodeAndEval | guardrail-unsorted-large |   643.6 us |     5.35 us |   0.29 us | 125.9766 |  37.1094 | 1036.33 KB |
| DecodeAndEval | guardrail-unsorted-small |   105.9 us |     1.64 us |   0.09 us |  26.7334 |   6.5918 |  219.31 KB |
| DecodeAndEval | multisig-sm-01           |   595.5 us |    18.63 us |   1.02 us | 104.4922 |  48.8281 |  857.14 KB |
| DecodeAndEval | multisig-sm-02           |   582.9 us |    76.85 us |   4.21 us | 102.5391 |  37.1094 |  843.59 KB |
| DecodeAndEval | multisig-sm-03           |   581.3 us |     8.81 us |   0.48 us | 103.5156 |  39.0625 |  848.36 KB |
| DecodeAndEval | multisig-sm-04           |   584.7 us |    14.30 us |   0.78 us | 103.5156 |  43.9453 |  853.12 KB |
| DecodeAndEval | multisig-sm-05           |   788.0 us |    13.37 us |   0.73 us | 126.9531 |  57.6172 | 1044.64 KB |
| DecodeAndEval | multisig-sm-06           |   595.7 us |    23.94 us |   1.31 us | 104.4922 |  48.8281 |  856.92 KB |
| DecodeAndEval | multisig-sm-07           |   584.3 us |     3.74 us |   0.21 us | 102.5391 |  37.1094 |  843.37 KB |
| DecodeAndEval | multisig-sm-08           |   581.6 us |    10.01 us |   0.55 us | 103.5156 |  38.0859 |  848.14 KB |
| DecodeAndEval | multisig-sm-09           |   587.0 us |    31.29 us |   1.72 us | 103.5156 |  43.9453 |   852.9 KB |
| DecodeAndEval | multisig-sm-10           |   776.8 us |     6.81 us |   0.37 us | 126.9531 |  57.6172 | 1044.53 KB |
| DecodeAndEval | ping-pong_2-1            |   334.4 us |     7.87 us |   0.43 us |  71.2891 |  35.6445 |  584.38 KB |
| DecodeAndEval | ping-pong-1              |   543.8 us |   725.72 us |  39.78 us |  89.3555 |  37.1094 |  731.71 KB |
| DecodeAndEval | ping-pong-2              |   480.7 us |    19.51 us |   1.07 us |  89.3555 |  37.1094 |  731.71 KB |
| DecodeAndEval | prism-1                  |   200.0 us |     6.11 us |   0.33 us |  44.1895 |  12.4512 |  362.68 KB |
| DecodeAndEval | prism-2                  |   578.2 us |    14.81 us |   0.81 us | 104.4922 |  48.8281 |  856.59 KB |
| DecodeAndEval | prism-3                  |   448.5 us |    42.94 us |   2.35 us |  81.0547 |  24.9023 |  665.11 KB |
| DecodeAndEval | pubkey-1                 |   175.0 us |     4.98 us |   0.27 us |  40.7715 |  10.7422 |  333.81 KB |
| DecodeAndEval | stablecoin_1-1           | 1,279.8 us |    11.43 us |   0.63 us | 167.9688 |  76.1719 | 1375.67 KB |
| DecodeAndEval | stablecoin_1-2           |   226.2 us |    14.36 us |   0.79 us |  49.5605 |  14.6484 |  406.17 KB |
| DecodeAndEval | stablecoin_1-3           | 1,697.7 us | 3,434.17 us | 188.24 us | 183.5938 |  76.1719 | 1512.42 KB |
| DecodeAndEval | stablecoin_1-4           |   236.9 us |     9.06 us |   0.50 us |  51.5137 |  15.8691 |   422.2 KB |
| DecodeAndEval | stablecoin_1-5           | 1,806.6 us |    12.32 us |   0.68 us | 218.7500 |  97.6563 | 1793.31 KB |
| DecodeAndEval | stablecoin_1-6           |   281.0 us |     7.89 us |   0.43 us |  59.5703 |  19.0430 |  489.63 KB |
| DecodeAndEval | stablecoin_2-1           | 1,280.3 us |    53.23 us |   2.92 us | 167.9688 |  76.1719 | 1375.67 KB |
| DecodeAndEval | stablecoin_2-2           |   255.0 us |   562.37 us |  30.83 us |  49.5605 |  14.6484 |  406.17 KB |
| DecodeAndEval | stablecoin_2-3           | 1,456.1 us |    60.92 us |   3.34 us | 183.5938 |  76.1719 | 1512.42 KB |
| DecodeAndEval | stablecoin_2-4           |   237.3 us |    14.33 us |   0.79 us |  51.5137 |  15.8691 |   422.2 KB |
| DecodeAndEval | token-account-1          |   265.0 us |    11.11 us |   0.61 us |  52.2461 |  15.6250 |  427.24 KB |
| DecodeAndEval | token-account-2          |   402.1 us |    19.28 us |   1.06 us |  75.1953 |  22.4609 |  619.17 KB |
| DecodeAndEval | uniswap-1                |   522.7 us |   108.57 us |   5.95 us |  87.8906 |  28.3203 |  719.97 KB |
| DecodeAndEval | uniswap-2                |   300.6 us |     7.09 us |   0.39 us |  57.6172 |  17.5781 |  474.06 KB |
| DecodeAndEval | uniswap-3                | 1,957.8 us |   104.34 us |   5.72 us | 285.1563 | 140.6250 | 2338.51 KB |
| DecodeAndEval | uniswap-4                |   360.3 us |     5.97 us |   0.33 us |  73.2422 |  22.4609 |  600.84 KB |
| DecodeAndEval | uniswap-5                | 1,336.8 us |    50.56 us |   2.77 us | 208.9844 |  93.7500 | 1709.53 KB |
| DecodeAndEval | uniswap-6                |   366.7 us |   487.32 us |  26.71 us |  70.8008 |  20.9961 |  579.73 KB |
| DecodeAndEval | vesting-1                |   459.0 us |    10.26 us |   0.56 us |  83.0078 |  27.3438 |  680.84 KB |

// * Legends *
  Script    : Value of the 'Script' parameter
  Mean      : Arithmetic mean of all measurements
  Error     : Half of 99.9% confidence interval
  StdDev    : Standard deviation of all measurements
  Gen0      : GC Generation 0 collects per 1000 operations
  Gen1      : GC Generation 1 collects per 1000 operations
  Allocated : Allocated memory per single operation (managed only, inclusive, 1KB = 1024B)
  1 us      : 1 Microsecond (0.000001 sec)

// * Diagnostic Output - MemoryDiagnoser *


// ***** BenchmarkRunner: End *****
Run time: 00:09:43 (583.48 sec), executed benchmarks: 89

Global total time: 00:10:49 (649.75 sec), executed benchmarks: 89
// * Artifacts cleanup *
Artifacts cleanup is finished
