copying runtime jar...
[info] [launcher] getting org.scala-sbt sbt 1.12.2  (this may take some time)...
[info] [launcher] getting Scala 2.12.21 (for sbt)...
[info] welcome to sbt 1.12.2 (Ubuntu Java 21.0.12.1)
[info] loading settings for project scalus-build from plugins.sbt...
[info] loading project definition from /bench/scalus/project
[info] loading settings for project root from build.sbt...
[info] resolving key references (23307 settings) ...
[info] 
[info]   ███████╗ ██████╗ █████╗ ██╗     ██╗   ██╗███████╗
[info]   ██╔════╝██╔════╝██╔══██╗██║     ██║   ██║██╔════╝
[info]   ███████╗██║     ███████║██║     ██║   ██║███████╗
[info]   ╚════██║██║     ██╔══██║██║     ██║   ██║╚════██║
[info]   ███████║╚██████╗██║  ██║███████╗╚██████╔╝███████║
[info]   ╚══════╝ ╚═════╝╚═╝  ╚═╝╚══════╝ ╚═════╝ ╚══════╝
[info] 
[info]   Version: HEAD+20261007-2131 Scala 3.3.7
[info] 
[info] Useful sbt tasks:
[info] a. ~compile - Compile with file-watch enabled
[info] b. quick - Format all, compile and quick test everything on JVM
[info] c. precommit - Format all, clean compile and test everything on JVM
[info] d. ci - Clean compile, check formatting and test everything, build docs, run MiMa
[info] e. benchmark - Run benchmarks
[info] f. mima - Check binary compatibility with the previous version using MiMa
[info] Copied shared files to target /bench/scalus/scalus-plugin/src/main/shared/scala
[info] compiling 41 Scala sources to /bench/scalus/scalus-plugin/target/scala-3.3.7/classes ...
[warn] -- Warning: /bench/scalus/scalus-plugin/src/main/scala/scalus/compiler/plugin/Plugin.scala:497:16 
[warn] 497 |                return tree
[warn]     |                ^^^^^^^^^^^
[warn]     |Non local returns are no longer supported; use `boundary` and `boundary.break` in `scala.util` instead
[warn] one warning found
[warn] one warning found
[info] done compiling
[info] compiling 268 Scala sources to /bench/scalus/scalus-core/jvm/target/scala-3.3.7/classes ...
[warn] -- [E198] Unused Symbol Warning: /bench/scalus/scalus-core/shared/src/main/scala/scalus/compiler/intrinsics/ListIntrinsics.scala:99:26 
[warn] 99 |    import ListReprRules.{atRule, dropRule, headRule, isEmptyRule, tailRule}
[warn]    |                          ^^^^^^
[warn]    |                          unused import
[warn] -- [E198] Unused Symbol Warning: /bench/scalus/scalus-core/shared/src/main/scala/scalus/compiler/intrinsics/ListIntrinsics.scala:99:34 
[warn] 99 |    import ListReprRules.{atRule, dropRule, headRule, isEmptyRule, tailRule}
[warn]    |                                  ^^^^^^^^
[warn]    |                                  unused import
[warn] -- [E198] Unused Symbol Warning: /bench/scalus/scalus-core/shared/src/main/scala/scalus/compiler/intrinsics/MapIntrinsics.scala:9:28 
[warn] 9 |import scalus.uplc.builtin.{BuiltinList, BuiltinPair, Data}
[warn]   |                            ^^^^^^^^^^^
[warn]   |                            unused import
[warn] -- [E198] Unused Symbol Warning: /bench/scalus/scalus-core/shared/src/main/scala/scalus/compiler/intrinsics/MapIntrinsics.scala:9:41 
[warn] 9 |import scalus.uplc.builtin.{BuiltinList, BuiltinPair, Data}
[warn]   |                                         ^^^^^^^^^^^
[warn]   |                                         unused import
[warn] -- [E198] Unused Symbol Warning: /bench/scalus/scalus-core/shared/src/main/scala/scalus/compiler/intrinsics/MapIntrinsics.scala:9:54 
[warn] 9 |import scalus.uplc.builtin.{BuiltinList, BuiltinPair, Data}
[warn]   |                                                      ^^^^
[warn]   |                                                      unused import
[warn] -- [E198] Unused Symbol Warning: /bench/scalus/scalus-core/shared/src/main/scala/scalus/compiler/sir/lowering/typegens/ProductCaseUplcOnlySirTypeGenerator.scala:57:65 
[warn] 57 |        import scalus.compiler.sir.lowering.LoweredValue.Builder.*
[warn]    |                                                                 ^
[warn]    |                                                           unused import
[warn] -- [E198] Unused Symbol Warning: /bench/scalus/scalus-core/shared/src/main/scala/scalus/compiler/sir/lowering/typegens/SumCaseSirTypeGenerator.scala:8:20 
[warn] 8 |import scalus.uplc.{Term, UplcAnnotation}
[warn]   |                    ^^^^
[warn]   |                    unused import
[warn] -- [E198] Unused Symbol Warning: /bench/scalus/scalus-core/shared/src/main/scala/scalus/compiler/sir/lowering/typegens/SumCaseSirTypeGenerator.scala:8:26 
[warn] 8 |import scalus.uplc.{Term, UplcAnnotation}
[warn]   |                          ^^^^^^^^^^^^^^
[warn]   |                          unused import
[warn] -- [E198] Unused Symbol Warning: /bench/scalus/scalus-core/shared/src/main/scala/scalus/compiler/sir/lowering/typegens/SumCaseSirTypeGenerator.scala:9:28 
[warn] 9 |import org.typelevel.paiges.Doc
[warn]   |                            ^^^
[warn]   |                            unused import
[warn] -- [E198] Unused Symbol Warning: /bench/scalus/scalus-core/shared/src/main/scala/scalus/crypto/tree/IncrementalMerkleTree.scala:33:33 
[warn] 33 |    import IncrementalMerkleTree.*
[warn]    |                                 ^
[warn]    |                                 unused import
[warn] -- [E030] Match case Unreachable Warning: /bench/scalus/scalus-core/shared/src/main/scala/scalus/compiler/sir/PrettyPrinter.scala:294:45 
[warn] 294 |                    case SIRType.TypeVarKind.Fixed       => ""
[warn]     |                         ^^^^^^^^^^^^^^^^^^^^^^^^^
[warn]     |                         Unreachable case
[warn] -- [E030] Match case Unreachable Warning: /bench/scalus/scalus-core/shared/src/main/scala/scalus/compiler/sir/lowering/LoweredValueRepresentation.scala:1208:29 
[warn] 1208 |            case TypeVarKind.Fixed       => ""
[warn]      |                 ^^^^^^^^^^^^^^^^^
[warn]      |                 Unreachable case
[warn] 12 warnings found
[warn] 12 warnings found
[info] done compiling
[info] compiling 17 Scala sources to /bench/scalus/scalus-uplc-jit-compiler/target/scala-3.3.7/classes ...
[info] compiling 84 Scala sources to /bench/scalus/scalus-cardano-ledger/jvm/target/scala-3.3.7/classes ...
[info] done compiling
[warn] -- Deprecation Warning: /bench/scalus/scalus-cardano-ledger/shared/src/main/scala/scalus/cardano/txbuilder/TransactionBuilder.scala:624:29 
[warn] 624 |        expectedSigners: Set[ExpectedSigner],
[warn]     |                             ^^^^^^^^^^^^^^
[warn]     |class ExpectedSigner in package scalus.cardano.txbuilder is deprecated since 0.15.1: Use TxBuilder.requireSignature() instead
[warn] -- Deprecation Warning: /bench/scalus/scalus-cardano-ledger/shared/src/main/scala/scalus/cardano/txbuilder/TransactionBuilder.scala:646:16 
[warn] 646 |            Set[ExpectedSigner],
[warn]     |                ^^^^^^^^^^^^^^
[warn]     |class ExpectedSigner in package scalus.cardano.txbuilder is deprecated since 0.15.1: Use TxBuilder.requireSignature() instead
[warn] -- Deprecation Warning: /bench/scalus/scalus-cardano-ledger/shared/src/main/scala/scalus/cardano/txbuilder/TransactionBuilder.scala:876:32 
[warn] 876 |          expectedSigners = Set.empty,
[warn]     |                            ^^^^^^^^^
[warn]     |class ExpectedSigner in package scalus.cardano.txbuilder is deprecated since 0.15.1: Use TxBuilder.requireSignature() instead
[warn] -- Deprecation Warning: /bench/scalus/scalus-cardano-ledger/shared/src/main/scala/scalus/cardano/txbuilder/TransactionStepsProcessor.scala:218:45 
[warn] 218 |                    } yield usePubKeyWitness(ExpectedSigner(keyHash))
[warn]     |                                             ^^^^^^^^^^^^^^
[warn]     |class ExpectedSigner in package scalus.cardano.txbuilder is deprecated since 0.15.1: Use TxBuilder.requireSignature() instead
[warn] -- Deprecation Warning: /bench/scalus/scalus-cardano-ledger/shared/src/main/scala/scalus/cardano/txbuilder/TransactionStepsProcessor.scala:951:55 
[warn] 951 |                                Right(usePubKeyWitness(ExpectedSigner(keyHash)))
[warn]     |                                                       ^^^^^^^^^^^^^^
[warn]     |class ExpectedSigner in package scalus.cardano.txbuilder is deprecated since 0.15.1: Use TxBuilder.requireSignature() instead
[warn] -- Deprecation Warning: /bench/scalus/scalus-cardano-ledger/shared/src/main/scala/scalus/cardano/txbuilder/TransactionStepsProcessor.scala:1104:49 
[warn] 1104 |    private def usePubKeyWitness(expectedSigner: ExpectedSigner): Unit =
[warn]      |                                                 ^^^^^^^^^^^^^^
[warn]      |class ExpectedSigner in package scalus.cardano.txbuilder is deprecated since 0.15.1: Use TxBuilder.requireSignature() instead
[warn] -- Deprecation Warning: /bench/scalus/scalus-cardano-ledger/shared/src/main/scala/scalus/cardano/txbuilder/TransactionStepsProcessor.scala:1142:61 
[warn] 1142 |        modify0(Focus[Context](_.expectedSigners).modify(_ + ExpectedSigner(hash)))
[warn]      |                                                             ^^^^^^^^^^^^^^
[warn]      |class ExpectedSigner in package scalus.cardano.txbuilder is deprecated since 0.15.1: Use TxBuilder.requireSignature() instead
[warn] -- Deprecation Warning: /bench/scalus/scalus-cardano-ledger/shared/src/main/scala/scalus/cardano/txbuilder/TxBuilder.scala:1786:88 
[warn] 1786 |                  expectedSigners = ctxWithAttachments.expectedSigners ++ sponsorSigner.toSet
[warn]      |                                                                          ^^^^^^^^^^^^^^^^^^^
[warn]      |class ExpectedSigner in package scalus.cardano.txbuilder is deprecated since 0.15.1: Use TxBuilder.requireSignature() instead
[warn] -- Deprecation Warning: /bench/scalus/scalus-cardano-ledger/shared/src/main/scala/scalus/cardano/txbuilder/TxBuilder.scala:1903:63 
[warn] 1903 |    private def extractSponsorSigner(sponsor: Address): Option[ExpectedSigner] = {
[warn]      |                                                               ^^^^^^^^^^^^^^
[warn]      |class ExpectedSigner in package scalus.cardano.txbuilder is deprecated since 0.15.1: Use TxBuilder.requireSignature() instead
[warn] -- Deprecation Warning: /bench/scalus/scalus-cardano-ledger/shared/src/main/scala/scalus/cardano/txbuilder/TxBuilder.scala:1907:62 
[warn] 1907 |                    case ShelleyPaymentPart.Key(hash) => Some(ExpectedSigner(hash))
[warn]      |                                                              ^^^^^^^^^^^^^^
[warn]      |class ExpectedSigner in package scalus.cardano.txbuilder is deprecated since 0.15.1: Use TxBuilder.requireSignature() instead
[warn] -- Deprecation Warning: /bench/scalus/scalus-cardano-ledger/shared/src/main/scala/scalus/cardano/txbuilder/TransactionStepsProcessor.scala:1105:30 
[warn] 1105 |        modify0(Focus[Context](_.expectedSigners).modify(_ + expectedSigner))
[warn]      |                ^^^^^^^^^^^^^^^^^^^^^^^^^^^^^^^^^
[warn]      |class ExpectedSigner in package scalus.cardano.txbuilder is deprecated since 0.15.1: Use TxBuilder.requireSignature() instead
[warn]      |--------------------------------------------------------------------------
[warn]      |Inline stack trace
[warn]      |- - - - - - - - - - - - - - - - - - - - - - - - - - - - - - - - - - - - -
[warn]      |This location contains code that was inlined from SelectFieldGenerator.scala:24
[warn]      |- - - - - - - - - - - - - - - - - - - - - - - - - - - - - - - - - - - - -
[warn]      |This location contains code that was inlined from SelectFieldGenerator.scala:24
[warn]       --------------------------------------------------------------------------
[warn] 11 warnings found
[info] done compiling
[info] compiling 9 Scala sources and 2 Java sources to /bench/scalus/bloxbean-cardano-client-lib/target/scala-3.3.7/classes ...
[info] done compiling
[info] compiling 15 Scala sources to /bench/scalus/bloxbean-cardano-client-lib/target/scala-3.3.7/test-classes ...
[info] done compiling
[info] compiling 5 Scala sources to /bench/scalus/bench/target/scala-3.3.7/classes ...
[info] done compiling
[info] running (fork) org.openjdk.jmh.generators.bytecode.JmhBytecodeGenerator /bench/scalus/bench/target/scala-3.3.7/classes /bench/scalus/bench/target/scala-3.3.7/src_managed/jmh /bench/scalus/bench/target/scala-3.3.7/resource_managed/jmh default
[info] Processing 11 classes from /bench/scalus/bench/target/scala-3.3.7/classes with "reflection" generator
[info] Writing out Java source to /bench/scalus/bench/target/scala-3.3.7/src_managed/jmh and resources to /bench/scalus/bench/target/scala-3.3.7/resource_managed/jmh
[info] compiling 31 Java sources to /bench/scalus/bench/target/scala-3.3.7/classes ...
[info] done compiling
[info] running (fork) org.openjdk.jmh.Main -i 1 -wi 1 -w 5s -r 5s -f 1 -t 1 -rff /results/2026-10-07/scalus-cek-jmh.csv -p file=auction_1-1.flat,auction_1-2.flat,auction_1-3.flat,auction_1-4.flat,auction_2-1.flat,auction_2-2.flat,auction_2-3.flat,auction_2-4.flat,auction_2-5.flat,coop-1.flat,coop-2.flat,coop-3.flat,coop-4.flat,coop-5.flat,coop-6.flat,coop-7.flat,crowdfunding-success-1.flat,crowdfunding-success-2.flat,crowdfunding-success-3.flat,currency-1.flat,escrow-redeem_1-1.flat,escrow-redeem_1-2.flat,escrow-redeem_2-1.flat,escrow-redeem_2-2.flat,escrow-redeem_2-3.flat,escrow-refund-1.flat,future-increase-margin-1.flat,future-increase-margin-2.flat,future-increase-margin-3.flat,future-increase-margin-4.flat,future-increase-margin-5.flat,future-pay-out-1.flat,future-pay-out-2.flat,future-pay-out-3.flat,future-pay-out-4.flat,future-settle-early-1.flat,future-settle-early-2.flat,future-settle-early-3.flat,future-settle-early-4.flat,game-sm-success_1-1.flat,game-sm-success_1-2.flat,game-sm-success_1-3.flat,game-sm-success_1-4.flat,game-sm-success_2-1.flat,game-sm-success_2-2.flat,game-sm-success_2-3.flat,game-sm-success_2-4.flat,game-sm-success_2-5.flat,game-sm-success_2-6.flat,guardrail-sorted-large.flat,guardrail-sorted-small.flat,guardrail-unsorted-large.flat,guardrail-unsorted-small.flat,multisig-sm-01.flat,multisig-sm-02.flat,multisig-sm-03.flat,multisig-sm-04.flat,multisig-sm-05.flat,multisig-sm-06.flat,multisig-sm-07.flat,multisig-sm-08.flat,multisig-sm-09.flat,multisig-sm-10.flat,ping-pong-1.flat,ping-pong-2.flat,ping-pong_2-1.flat,prism-1.flat,prism-2.flat,prism-3.flat,pubkey-1.flat,stablecoin_1-1.flat,stablecoin_1-2.flat,stablecoin_1-3.flat,stablecoin_1-4.flat,stablecoin_1-5.flat,stablecoin_1-6.flat,stablecoin_2-1.flat,stablecoin_2-2.flat,stablecoin_2-3.flat,stablecoin_2-4.flat,token-account-1.flat,token-account-2.flat,uniswap-1.flat,uniswap-2.flat,uniswap-3.flat,uniswap-4.flat,uniswap-5.flat,uniswap-6.flat,vesting-1.flat .*CekJVMBenchmark
[info] # JMH version: 1.37
[info] # VM version: JDK 21.0.12.1, OpenJDK 64-Bit Server VM, 21.0.12.1+1-1-24.04.4-Ubuntu
[info] # VM invoker: /usr/lib/jvm/java-21-openjdk-amd64/bin/java
[info] # VM options: -Xss64m -Xmx4g
[info] # Blackhole mode: compiler (auto-detected, use -Djmh.blackhole.autoDetect=false to disable)
[info] # Warmup: 1 iterations, 5 s each
[info] # Measurement: 1 iterations, 5 s each
[info] # Timeout: 10 min per iteration
[info] # Threads: 1 thread, will synchronize iterations
[info] # Benchmark mode: Average time, time/op
[info] # Benchmark: scalus.uplc.eval.CekJVMBenchmark.bench
[info] # Parameters: (file = auction_1-1.flat)
[info] # Run progress: 0.00% complete, ETA 00:14:50
[info] # Fork: 1 of 1
[info] # Warmup Iteration   1: 149.111 us/op
[info] Iteration   1: 142.335 us/op
[info] Result "scalus.uplc.eval.CekJVMBenchmark.bench":
[info]   142.335 us/op
[info] # JMH version: 1.37
[info] # VM version: JDK 21.0.12.1, OpenJDK 64-Bit Server VM, 21.0.12.1+1-1-24.04.4-Ubuntu
[info] # VM invoker: /usr/lib/jvm/java-21-openjdk-amd64/bin/java
[info] # VM options: -Xss64m -Xmx4g
[info] # Blackhole mode: compiler (auto-detected, use -Djmh.blackhole.autoDetect=false to disable)
[info] # Warmup: 1 iterations, 5 s each
[info] # Measurement: 1 iterations, 5 s each
[info] # Timeout: 10 min per iteration
[info] # Threads: 1 thread, will synchronize iterations
[info] # Benchmark mode: Average time, time/op
[info] # Benchmark: scalus.uplc.eval.CekJVMBenchmark.bench
[info] # Parameters: (file = auction_1-2.flat)
[info] # Run progress: 1.12% complete, ETA 00:15:25
[info] # Fork: 1 of 1
[info] # Warmup Iteration   1: 611.746 us/op
[info] Iteration   1: 629.691 us/op
[info] Result "scalus.uplc.eval.CekJVMBenchmark.bench":
[info]   629.691 us/op
[info] # JMH version: 1.37
[info] # VM version: JDK 21.0.12.1, OpenJDK 64-Bit Server VM, 21.0.12.1+1-1-24.04.4-Ubuntu
[info] # VM invoker: /usr/lib/jvm/java-21-openjdk-amd64/bin/java
[info] # VM options: -Xss64m -Xmx4g
[info] # Blackhole mode: compiler (auto-detected, use -Djmh.blackhole.autoDetect=false to disable)
[info] # Warmup: 1 iterations, 5 s each
[info] # Measurement: 1 iterations, 5 s each
[info] # Timeout: 10 min per iteration
[info] # Threads: 1 thread, will synchronize iterations
[info] # Benchmark mode: Average time, time/op
[info] # Benchmark: scalus.uplc.eval.CekJVMBenchmark.bench
[info] # Parameters: (file = auction_1-3.flat)
[info] # Run progress: 2.25% complete, ETA 00:15:14
[info] # Fork: 1 of 1
[info] # Warmup Iteration   1: 602.461 us/op
[info] Iteration   1: 572.591 us/op
[info] Result "scalus.uplc.eval.CekJVMBenchmark.bench":
[info]   572.591 us/op
[info] # JMH version: 1.37
[info] # VM version: JDK 21.0.12.1, OpenJDK 64-Bit Server VM, 21.0.12.1+1-1-24.04.4-Ubuntu
[info] # VM invoker: /usr/lib/jvm/java-21-openjdk-amd64/bin/java
[info] # VM options: -Xss64m -Xmx4g
[info] # Blackhole mode: compiler (auto-detected, use -Djmh.blackhole.autoDetect=false to disable)
[info] # Warmup: 1 iterations, 5 s each
[info] # Measurement: 1 iterations, 5 s each
[info] # Timeout: 10 min per iteration
[info] # Threads: 1 thread, will synchronize iterations
[info] # Benchmark mode: Average time, time/op
[info] # Benchmark: scalus.uplc.eval.CekJVMBenchmark.bench
[info] # Parameters: (file = auction_1-4.flat)
[info] # Run progress: 3.37% complete, ETA 00:15:05
[info] # Fork: 1 of 1
[info] # Warmup Iteration   1: 189.510 us/op
[info] Iteration   1: 181.388 us/op
[info] Result "scalus.uplc.eval.CekJVMBenchmark.bench":
[info]   181.388 us/op
[info] # JMH version: 1.37
[info] # VM version: JDK 21.0.12.1, OpenJDK 64-Bit Server VM, 21.0.12.1+1-1-24.04.4-Ubuntu
[info] # VM invoker: /usr/lib/jvm/java-21-openjdk-amd64/bin/java
[info] # VM options: -Xss64m -Xmx4g
[info] # Blackhole mode: compiler (auto-detected, use -Djmh.blackhole.autoDetect=false to disable)
[info] # Warmup: 1 iterations, 5 s each
[info] # Measurement: 1 iterations, 5 s each
[info] # Timeout: 10 min per iteration
[info] # Threads: 1 thread, will synchronize iterations
[info] # Benchmark mode: Average time, time/op
[info] # Benchmark: scalus.uplc.eval.CekJVMBenchmark.bench
[info] # Parameters: (file = auction_2-1.flat)
[info] # Run progress: 4.49% complete, ETA 00:14:54
[info] # Fork: 1 of 1
[info] # Warmup Iteration   1: 147.393 us/op
[info] Iteration   1: 140.541 us/op
[info] Result "scalus.uplc.eval.CekJVMBenchmark.bench":
[info]   140.541 us/op
[info] # JMH version: 1.37
[info] # VM version: JDK 21.0.12.1, OpenJDK 64-Bit Server VM, 21.0.12.1+1-1-24.04.4-Ubuntu
[info] # VM invoker: /usr/lib/jvm/java-21-openjdk-amd64/bin/java
[info] # VM options: -Xss64m -Xmx4g
[info] # Blackhole mode: compiler (auto-detected, use -Djmh.blackhole.autoDetect=false to disable)
[info] # Warmup: 1 iterations, 5 s each
[info] # Measurement: 1 iterations, 5 s each
[info] # Timeout: 10 min per iteration
[info] # Threads: 1 thread, will synchronize iterations
[info] # Benchmark mode: Average time, time/op
[info] # Benchmark: scalus.uplc.eval.CekJVMBenchmark.bench
[info] # Parameters: (file = auction_2-2.flat)
[info] # Run progress: 5.62% complete, ETA 00:14:42
[info] # Fork: 1 of 1
[info] # Warmup Iteration   1: 682.499 us/op
[info] Iteration   1: 572.260 us/op
[info] Result "scalus.uplc.eval.CekJVMBenchmark.bench":
[info]   572.260 us/op
[info] # JMH version: 1.37
[info] # VM version: JDK 21.0.12.1, OpenJDK 64-Bit Server VM, 21.0.12.1+1-1-24.04.4-Ubuntu
[info] # VM invoker: /usr/lib/jvm/java-21-openjdk-amd64/bin/java
[info] # VM options: -Xss64m -Xmx4g
[info] # Blackhole mode: compiler (auto-detected, use -Djmh.blackhole.autoDetect=false to disable)
[info] # Warmup: 1 iterations, 5 s each
[info] # Measurement: 1 iterations, 5 s each
[info] # Timeout: 10 min per iteration
[info] # Threads: 1 thread, will synchronize iterations
[info] # Benchmark mode: Average time, time/op
[info] # Benchmark: scalus.uplc.eval.CekJVMBenchmark.bench
[info] # Parameters: (file = auction_2-3.flat)
[info] # Run progress: 6.74% complete, ETA 00:14:32
[info] # Fork: 1 of 1
[info] # Warmup Iteration   1: 775.401 us/op
[info] Iteration   1: 743.374 us/op
[info] Result "scalus.uplc.eval.CekJVMBenchmark.bench":
[info]   743.374 us/op
[info] # JMH version: 1.37
[info] # VM version: JDK 21.0.12.1, OpenJDK 64-Bit Server VM, 21.0.12.1+1-1-24.04.4-Ubuntu
[info] # VM invoker: /usr/lib/jvm/java-21-openjdk-amd64/bin/java
[info] # VM options: -Xss64m -Xmx4g
[info] # Blackhole mode: compiler (auto-detected, use -Djmh.blackhole.autoDetect=false to disable)
[info] # Warmup: 1 iterations, 5 s each
[info] # Measurement: 1 iterations, 5 s each
[info] # Timeout: 10 min per iteration
[info] # Threads: 1 thread, will synchronize iterations
[info] # Benchmark mode: Average time, time/op
[info] # Benchmark: scalus.uplc.eval.CekJVMBenchmark.bench
[info] # Parameters: (file = auction_2-4.flat)
[info] # Run progress: 7.87% complete, ETA 00:14:21
[info] # Fork: 1 of 1
[info] # Warmup Iteration   1: 591.463 us/op
[info] Iteration   1: 652.135 us/op
[info] Result "scalus.uplc.eval.CekJVMBenchmark.bench":
[info]   652.135 us/op
[info] # JMH version: 1.37
[info] # VM version: JDK 21.0.12.1, OpenJDK 64-Bit Server VM, 21.0.12.1+1-1-24.04.4-Ubuntu
[info] # VM invoker: /usr/lib/jvm/java-21-openjdk-amd64/bin/java
[info] # VM options: -Xss64m -Xmx4g
[info] # Blackhole mode: compiler (auto-detected, use -Djmh.blackhole.autoDetect=false to disable)
[info] # Warmup: 1 iterations, 5 s each
[info] # Measurement: 1 iterations, 5 s each
[info] # Timeout: 10 min per iteration
[info] # Threads: 1 thread, will synchronize iterations
[info] # Benchmark mode: Average time, time/op
[info] # Benchmark: scalus.uplc.eval.CekJVMBenchmark.bench
[info] # Parameters: (file = auction_2-5.flat)
[info] # Run progress: 8.99% complete, ETA 00:14:10
[info] # Fork: 1 of 1
[info] # Warmup Iteration   1: 184.073 us/op
[info] Iteration   1: 176.313 us/op
[info] Result "scalus.uplc.eval.CekJVMBenchmark.bench":
[info]   176.313 us/op
[info] # JMH version: 1.37
[info] # VM version: JDK 21.0.12.1, OpenJDK 64-Bit Server VM, 21.0.12.1+1-1-24.04.4-Ubuntu
[info] # VM invoker: /usr/lib/jvm/java-21-openjdk-amd64/bin/java
[info] # VM options: -Xss64m -Xmx4g
[info] # Blackhole mode: compiler (auto-detected, use -Djmh.blackhole.autoDetect=false to disable)
[info] # Warmup: 1 iterations, 5 s each
[info] # Measurement: 1 iterations, 5 s each
[info] # Timeout: 10 min per iteration
[info] # Threads: 1 thread, will synchronize iterations
[info] # Benchmark mode: Average time, time/op
[info] # Benchmark: scalus.uplc.eval.CekJVMBenchmark.bench
[info] # Parameters: (file = coop-1.flat)
[info] # Run progress: 10.11% complete, ETA 00:14:00
[info] # Fork: 1 of 1
[info] # Warmup Iteration   1: 191.881 us/op
[info] Iteration   1: 181.477 us/op
[info] Result "scalus.uplc.eval.CekJVMBenchmark.bench":
[info]   181.477 us/op
[info] # JMH version: 1.37
[info] # VM version: JDK 21.0.12.1, OpenJDK 64-Bit Server VM, 21.0.12.1+1-1-24.04.4-Ubuntu
[info] # VM invoker: /usr/lib/jvm/java-21-openjdk-amd64/bin/java
[info] # VM options: -Xss64m -Xmx4g
[info] # Blackhole mode: compiler (auto-detected, use -Djmh.blackhole.autoDetect=false to disable)
[info] # Warmup: 1 iterations, 5 s each
[info] # Measurement: 1 iterations, 5 s each
[info] # Timeout: 10 min per iteration
[info] # Threads: 1 thread, will synchronize iterations
[info] # Benchmark mode: Average time, time/op
[info] # Benchmark: scalus.uplc.eval.CekJVMBenchmark.bench
[info] # Parameters: (file = coop-2.flat)
[info] # Run progress: 11.24% complete, ETA 00:13:49
[info] # Fork: 1 of 1
[info] # Warmup Iteration   1: 648.056 us/op
[info] Iteration   1: 617.464 us/op
[info] Result "scalus.uplc.eval.CekJVMBenchmark.bench":
[info]   617.464 us/op
[info] # JMH version: 1.37
[info] # VM version: JDK 21.0.12.1, OpenJDK 64-Bit Server VM, 21.0.12.1+1-1-24.04.4-Ubuntu
[info] # VM invoker: /usr/lib/jvm/java-21-openjdk-amd64/bin/java
[info] # VM options: -Xss64m -Xmx4g
[info] # Blackhole mode: compiler (auto-detected, use -Djmh.blackhole.autoDetect=false to disable)
[info] # Warmup: 1 iterations, 5 s each
[info] # Measurement: 1 iterations, 5 s each
[info] # Timeout: 10 min per iteration
[info] # Threads: 1 thread, will synchronize iterations
[info] # Benchmark mode: Average time, time/op
[info] # Benchmark: scalus.uplc.eval.CekJVMBenchmark.bench
[info] # Parameters: (file = coop-3.flat)
[info] # Run progress: 12.36% complete, ETA 00:13:38
[info] # Fork: 1 of 1
[info] # Warmup Iteration   1: 2442.427 us/op
[info] Iteration   1: 2101.231 us/op
[info] Result "scalus.uplc.eval.CekJVMBenchmark.bench":
[info]   2101.231 us/op
[info] # JMH version: 1.37
[info] # VM version: JDK 21.0.12.1, OpenJDK 64-Bit Server VM, 21.0.12.1+1-1-24.04.4-Ubuntu
[info] # VM invoker: /usr/lib/jvm/java-21-openjdk-amd64/bin/java
[info] # VM options: -Xss64m -Xmx4g
[info] # Blackhole mode: compiler (auto-detected, use -Djmh.blackhole.autoDetect=false to disable)
[info] # Warmup: 1 iterations, 5 s each
[info] # Measurement: 1 iterations, 5 s each
[info] # Timeout: 10 min per iteration
[info] # Threads: 1 thread, will synchronize iterations
[info] # Benchmark mode: Average time, time/op
[info] # Benchmark: scalus.uplc.eval.CekJVMBenchmark.bench
[info] # Parameters: (file = coop-4.flat)
[info] # Run progress: 13.48% complete, ETA 00:13:28
[info] # Fork: 1 of 1
[info] # Warmup Iteration   1: 819.265 us/op
[info] Iteration   1: 798.718 us/op
[info] Result "scalus.uplc.eval.CekJVMBenchmark.bench":
[info]   798.718 us/op
[info] # JMH version: 1.37
[info] # VM version: JDK 21.0.12.1, OpenJDK 64-Bit Server VM, 21.0.12.1+1-1-24.04.4-Ubuntu
[info] # VM invoker: /usr/lib/jvm/java-21-openjdk-amd64/bin/java
[info] # VM options: -Xss64m -Xmx4g
[info] # Blackhole mode: compiler (auto-detected, use -Djmh.blackhole.autoDetect=false to disable)
[info] # Warmup: 1 iterations, 5 s each
[info] # Measurement: 1 iterations, 5 s each
[info] # Timeout: 10 min per iteration
[info] # Threads: 1 thread, will synchronize iterations
[info] # Benchmark mode: Average time, time/op
[info] # Benchmark: scalus.uplc.eval.CekJVMBenchmark.bench
[info] # Parameters: (file = coop-5.flat)
[info] # Run progress: 14.61% complete, ETA 00:13:18
[info] # Fork: 1 of 1
[info] # Warmup Iteration   1: 368.904 us/op
[info] Iteration   1: 332.492 us/op
[info] Result "scalus.uplc.eval.CekJVMBenchmark.bench":
[info]   332.492 us/op
[info] # JMH version: 1.37
[info] # VM version: JDK 21.0.12.1, OpenJDK 64-Bit Server VM, 21.0.12.1+1-1-24.04.4-Ubuntu
[info] # VM invoker: /usr/lib/jvm/java-21-openjdk-amd64/bin/java
[info] # VM options: -Xss64m -Xmx4g
[info] # Blackhole mode: compiler (auto-detected, use -Djmh.blackhole.autoDetect=false to disable)
[info] # Warmup: 1 iterations, 5 s each
[info] # Measurement: 1 iterations, 5 s each
[info] # Timeout: 10 min per iteration
[info] # Threads: 1 thread, will synchronize iterations
[info] # Benchmark mode: Average time, time/op
[info] # Benchmark: scalus.uplc.eval.CekJVMBenchmark.bench
[info] # Parameters: (file = coop-6.flat)
[info] # Run progress: 15.73% complete, ETA 00:13:07
[info] # Fork: 1 of 1
[info] # Warmup Iteration   1: 595.372 us/op
[info] Iteration   1: 565.744 us/op
[info] Result "scalus.uplc.eval.CekJVMBenchmark.bench":
[info]   565.744 us/op
[info] # JMH version: 1.37
[info] # VM version: JDK 21.0.12.1, OpenJDK 64-Bit Server VM, 21.0.12.1+1-1-24.04.4-Ubuntu
[info] # VM invoker: /usr/lib/jvm/java-21-openjdk-amd64/bin/java
[info] # VM options: -Xss64m -Xmx4g
[info] # Blackhole mode: compiler (auto-detected, use -Djmh.blackhole.autoDetect=false to disable)
[info] # Warmup: 1 iterations, 5 s each
[info] # Measurement: 1 iterations, 5 s each
[info] # Timeout: 10 min per iteration
[info] # Threads: 1 thread, will synchronize iterations
[info] # Benchmark mode: Average time, time/op
[info] # Benchmark: scalus.uplc.eval.CekJVMBenchmark.bench
[info] # Parameters: (file = coop-7.flat)
[info] # Run progress: 16.85% complete, ETA 00:12:57
[info] # Fork: 1 of 1
[info] # Warmup Iteration   1: 266.225 us/op
[info] Iteration   1: 254.088 us/op
[info] Result "scalus.uplc.eval.CekJVMBenchmark.bench":
[info]   254.088 us/op
[info] # JMH version: 1.37
[info] # VM version: JDK 21.0.12.1, OpenJDK 64-Bit Server VM, 21.0.12.1+1-1-24.04.4-Ubuntu
[info] # VM invoker: /usr/lib/jvm/java-21-openjdk-amd64/bin/java
[info] # VM options: -Xss64m -Xmx4g
[info] # Blackhole mode: compiler (auto-detected, use -Djmh.blackhole.autoDetect=false to disable)
[info] # Warmup: 1 iterations, 5 s each
[info] # Measurement: 1 iterations, 5 s each
[info] # Timeout: 10 min per iteration
[info] # Threads: 1 thread, will synchronize iterations
[info] # Benchmark mode: Average time, time/op
[info] # Benchmark: scalus.uplc.eval.CekJVMBenchmark.bench
[info] # Parameters: (file = crowdfunding-success-1.flat)
[info] # Run progress: 17.98% complete, ETA 00:12:46
[info] # Fork: 1 of 1
[info] # Warmup Iteration   1: 170.932 us/op
[info] Iteration   1: 185.374 us/op
[info] Result "scalus.uplc.eval.CekJVMBenchmark.bench":
[info]   185.374 us/op
[info] # JMH version: 1.37
[info] # VM version: JDK 21.0.12.1, OpenJDK 64-Bit Server VM, 21.0.12.1+1-1-24.04.4-Ubuntu
[info] # VM invoker: /usr/lib/jvm/java-21-openjdk-amd64/bin/java
[info] # VM options: -Xss64m -Xmx4g
[info] # Blackhole mode: compiler (auto-detected, use -Djmh.blackhole.autoDetect=false to disable)
[info] # Warmup: 1 iterations, 5 s each
[info] # Measurement: 1 iterations, 5 s each
[info] # Timeout: 10 min per iteration
[info] # Threads: 1 thread, will synchronize iterations
[info] # Benchmark mode: Average time, time/op
[info] # Benchmark: scalus.uplc.eval.CekJVMBenchmark.bench
[info] # Parameters: (file = crowdfunding-success-2.flat)
[info] # Run progress: 19.10% complete, ETA 00:12:35
[info] # Fork: 1 of 1
[info] # Warmup Iteration   1: 173.279 us/op
[info] Iteration   1: 166.084 us/op
[info] Result "scalus.uplc.eval.CekJVMBenchmark.bench":
[info]   166.084 us/op
[info] # JMH version: 1.37
[info] # VM version: JDK 21.0.12.1, OpenJDK 64-Bit Server VM, 21.0.12.1+1-1-24.04.4-Ubuntu
[info] # VM invoker: /usr/lib/jvm/java-21-openjdk-amd64/bin/java
[info] # VM options: -Xss64m -Xmx4g
[info] # Blackhole mode: compiler (auto-detected, use -Djmh.blackhole.autoDetect=false to disable)
[info] # Warmup: 1 iterations, 5 s each
[info] # Measurement: 1 iterations, 5 s each
[info] # Timeout: 10 min per iteration
[info] # Threads: 1 thread, will synchronize iterations
[info] # Benchmark mode: Average time, time/op
[info] # Benchmark: scalus.uplc.eval.CekJVMBenchmark.bench
[info] # Parameters: (file = crowdfunding-success-3.flat)
[info] # Run progress: 20.22% complete, ETA 00:12:25
[info] # Fork: 1 of 1
[info] # Warmup Iteration   1: 169.839 us/op
[info] Iteration   1: 162.489 us/op
[info] Result "scalus.uplc.eval.CekJVMBenchmark.bench":
[info]   162.489 us/op
[info] # JMH version: 1.37
[info] # VM version: JDK 21.0.12.1, OpenJDK 64-Bit Server VM, 21.0.12.1+1-1-24.04.4-Ubuntu
[info] # VM invoker: /usr/lib/jvm/java-21-openjdk-amd64/bin/java
[info] # VM options: -Xss64m -Xmx4g
[info] # Blackhole mode: compiler (auto-detected, use -Djmh.blackhole.autoDetect=false to disable)
[info] # Warmup: 1 iterations, 5 s each
[info] # Measurement: 1 iterations, 5 s each
[info] # Timeout: 10 min per iteration
[info] # Threads: 1 thread, will synchronize iterations
[info] # Benchmark mode: Average time, time/op
[info] # Benchmark: scalus.uplc.eval.CekJVMBenchmark.bench
[info] # Parameters: (file = currency-1.flat)
[info] # Run progress: 21.35% complete, ETA 00:12:14
[info] # Fork: 1 of 1
[info] # Warmup Iteration   1: 249.936 us/op
[info] Iteration   1: 212.304 us/op
[info] Result "scalus.uplc.eval.CekJVMBenchmark.bench":
[info]   212.304 us/op
[info] # JMH version: 1.37
[info] # VM version: JDK 21.0.12.1, OpenJDK 64-Bit Server VM, 21.0.12.1+1-1-24.04.4-Ubuntu
[info] # VM invoker: /usr/lib/jvm/java-21-openjdk-amd64/bin/java
[info] # VM options: -Xss64m -Xmx4g
[info] # Blackhole mode: compiler (auto-detected, use -Djmh.blackhole.autoDetect=false to disable)
[info] # Warmup: 1 iterations, 5 s each
[info] # Measurement: 1 iterations, 5 s each
[info] # Timeout: 10 min per iteration
[info] # Threads: 1 thread, will synchronize iterations
[info] # Benchmark mode: Average time, time/op
[info] # Benchmark: scalus.uplc.eval.CekJVMBenchmark.bench
[info] # Parameters: (file = escrow-redeem_1-1.flat)
[info] # Run progress: 22.47% complete, ETA 00:12:04
[info] # Fork: 1 of 1
[info] # Warmup Iteration   1: 306.718 us/op
[info] Iteration   1: 294.797 us/op
[info] Result "scalus.uplc.eval.CekJVMBenchmark.bench":
[info]   294.797 us/op
[info] # JMH version: 1.37
[info] # VM version: JDK 21.0.12.1, OpenJDK 64-Bit Server VM, 21.0.12.1+1-1-24.04.4-Ubuntu
[info] # VM invoker: /usr/lib/jvm/java-21-openjdk-amd64/bin/java
[info] # VM options: -Xss64m -Xmx4g
[info] # Blackhole mode: compiler (auto-detected, use -Djmh.blackhole.autoDetect=false to disable)
[info] # Warmup: 1 iterations, 5 s each
[info] # Measurement: 1 iterations, 5 s each
[info] # Timeout: 10 min per iteration
[info] # Threads: 1 thread, will synchronize iterations
[info] # Benchmark mode: Average time, time/op
[info] # Benchmark: scalus.uplc.eval.CekJVMBenchmark.bench
[info] # Parameters: (file = escrow-redeem_1-2.flat)
[info] # Run progress: 23.60% complete, ETA 00:11:53
[info] # Fork: 1 of 1
[info] # Warmup Iteration   1: 306.971 us/op
[info] Iteration   1: 294.192 us/op
[info] Result "scalus.uplc.eval.CekJVMBenchmark.bench":
[info]   294.192 us/op
[info] # JMH version: 1.37
[info] # VM version: JDK 21.0.12.1, OpenJDK 64-Bit Server VM, 21.0.12.1+1-1-24.04.4-Ubuntu
[info] # VM invoker: /usr/lib/jvm/java-21-openjdk-amd64/bin/java
[info] # VM options: -Xss64m -Xmx4g
[info] # Blackhole mode: compiler (auto-detected, use -Djmh.blackhole.autoDetect=false to disable)
[info] # Warmup: 1 iterations, 5 s each
[info] # Measurement: 1 iterations, 5 s each
[info] # Timeout: 10 min per iteration
[info] # Threads: 1 thread, will synchronize iterations
[info] # Benchmark mode: Average time, time/op
[info] # Benchmark: scalus.uplc.eval.CekJVMBenchmark.bench
[info] # Parameters: (file = escrow-redeem_2-1.flat)
[info] # Run progress: 24.72% complete, ETA 00:11:43
[info] # Fork: 1 of 1
[info] # Warmup Iteration   1: 379.935 us/op
[info] Iteration   1: 360.469 us/op
[info] Result "scalus.uplc.eval.CekJVMBenchmark.bench":
[info]   360.469 us/op
[info] # JMH version: 1.37
[info] # VM version: JDK 21.0.12.1, OpenJDK 64-Bit Server VM, 21.0.12.1+1-1-24.04.4-Ubuntu
[info] # VM invoker: /usr/lib/jvm/java-21-openjdk-amd64/bin/java
[info] # VM options: -Xss64m -Xmx4g
[info] # Blackhole mode: compiler (auto-detected, use -Djmh.blackhole.autoDetect=false to disable)
[info] # Warmup: 1 iterations, 5 s each
[info] # Measurement: 1 iterations, 5 s each
[info] # Timeout: 10 min per iteration
[info] # Threads: 1 thread, will synchronize iterations
[info] # Benchmark mode: Average time, time/op
[info] # Benchmark: scalus.uplc.eval.CekJVMBenchmark.bench
[info] # Parameters: (file = escrow-redeem_2-2.flat)
[info] # Run progress: 25.84% complete, ETA 00:11:32
[info] # Fork: 1 of 1
[info] # Warmup Iteration   1: 357.731 us/op
[info] Iteration   1: 346.519 us/op
[info] Result "scalus.uplc.eval.CekJVMBenchmark.bench":
[info]   346.519 us/op
[info] # JMH version: 1.37
[info] # VM version: JDK 21.0.12.1, OpenJDK 64-Bit Server VM, 21.0.12.1+1-1-24.04.4-Ubuntu
[info] # VM invoker: /usr/lib/jvm/java-21-openjdk-amd64/bin/java
[info] # VM options: -Xss64m -Xmx4g
[info] # Blackhole mode: compiler (auto-detected, use -Djmh.blackhole.autoDetect=false to disable)
[info] # Warmup: 1 iterations, 5 s each
[info] # Measurement: 1 iterations, 5 s each
[info] # Timeout: 10 min per iteration
[info] # Threads: 1 thread, will synchronize iterations
[info] # Benchmark mode: Average time, time/op
[info] # Benchmark: scalus.uplc.eval.CekJVMBenchmark.bench
[info] # Parameters: (file = escrow-redeem_2-3.flat)
[info] # Run progress: 26.97% complete, ETA 00:11:22
[info] # Fork: 1 of 1
[info] # Warmup Iteration   1: 356.454 us/op
[info] Iteration   1: 384.155 us/op
[info] Result "scalus.uplc.eval.CekJVMBenchmark.bench":
[info]   384.155 us/op
[info] # JMH version: 1.37
[info] # VM version: JDK 21.0.12.1, OpenJDK 64-Bit Server VM, 21.0.12.1+1-1-24.04.4-Ubuntu
[info] # VM invoker: /usr/lib/jvm/java-21-openjdk-amd64/bin/java
[info] # VM options: -Xss64m -Xmx4g
[info] # Blackhole mode: compiler (auto-detected, use -Djmh.blackhole.autoDetect=false to disable)
[info] # Warmup: 1 iterations, 5 s each
[info] # Measurement: 1 iterations, 5 s each
[info] # Timeout: 10 min per iteration
[info] # Threads: 1 thread, will synchronize iterations
[info] # Benchmark mode: Average time, time/op
[info] # Benchmark: scalus.uplc.eval.CekJVMBenchmark.bench
[info] # Parameters: (file = escrow-refund-1.flat)
[info] # Run progress: 28.09% complete, ETA 00:11:11
[info] # Fork: 1 of 1
[info] # Warmup Iteration   1: 124.861 us/op
[info] Iteration   1: 119.752 us/op
[info] Result "scalus.uplc.eval.CekJVMBenchmark.bench":
[info]   119.752 us/op
[info] # JMH version: 1.37
[info] # VM version: JDK 21.0.12.1, OpenJDK 64-Bit Server VM, 21.0.12.1+1-1-24.04.4-Ubuntu
[info] # VM invoker: /usr/lib/jvm/java-21-openjdk-amd64/bin/java
[info] # VM options: -Xss64m -Xmx4g
[info] # Blackhole mode: compiler (auto-detected, use -Djmh.blackhole.autoDetect=false to disable)
[info] # Warmup: 1 iterations, 5 s each
[info] # Measurement: 1 iterations, 5 s each
[info] # Timeout: 10 min per iteration
[info] # Threads: 1 thread, will synchronize iterations
[info] # Benchmark mode: Average time, time/op
[info] # Benchmark: scalus.uplc.eval.CekJVMBenchmark.bench
[info] # Parameters: (file = future-increase-margin-1.flat)
[info] # Run progress: 29.21% complete, ETA 00:11:01
[info] # Fork: 1 of 1
[info] # Warmup Iteration   1: 219.214 us/op
[info] Iteration   1: 211.259 us/op
[info] Result "scalus.uplc.eval.CekJVMBenchmark.bench":
[info]   211.259 us/op
[info] # JMH version: 1.37
[info] # VM version: JDK 21.0.12.1, OpenJDK 64-Bit Server VM, 21.0.12.1+1-1-24.04.4-Ubuntu
[info] # VM invoker: /usr/lib/jvm/java-21-openjdk-amd64/bin/java
[info] # VM options: -Xss64m -Xmx4g
[info] # Blackhole mode: compiler (auto-detected, use -Djmh.blackhole.autoDetect=false to disable)
[info] # Warmup: 1 iterations, 5 s each
[info] # Measurement: 1 iterations, 5 s each
[info] # Timeout: 10 min per iteration
[info] # Threads: 1 thread, will synchronize iterations
[info] # Benchmark mode: Average time, time/op
[info] # Benchmark: scalus.uplc.eval.CekJVMBenchmark.bench
[info] # Parameters: (file = future-increase-margin-2.flat)
[info] # Run progress: 30.34% complete, ETA 00:10:50
[info] # Fork: 1 of 1
[info] # Warmup Iteration   1: 484.369 us/op
[info] Iteration   1: 462.929 us/op
[info] Result "scalus.uplc.eval.CekJVMBenchmark.bench":
[info]   462.929 us/op
[info] # JMH version: 1.37
[info] # VM version: JDK 21.0.12.1, OpenJDK 64-Bit Server VM, 21.0.12.1+1-1-24.04.4-Ubuntu
[info] # VM invoker: /usr/lib/jvm/java-21-openjdk-amd64/bin/java
[info] # VM options: -Xss64m -Xmx4g
[info] # Blackhole mode: compiler (auto-detected, use -Djmh.blackhole.autoDetect=false to disable)
[info] # Warmup: 1 iterations, 5 s each
[info] # Measurement: 1 iterations, 5 s each
[info] # Timeout: 10 min per iteration
[info] # Threads: 1 thread, will synchronize iterations
[info] # Benchmark mode: Average time, time/op
[info] # Benchmark: scalus.uplc.eval.CekJVMBenchmark.bench
[info] # Parameters: (file = future-increase-margin-3.flat)
[info] # Run progress: 31.46% complete, ETA 00:10:40
[info] # Fork: 1 of 1
[info] # Warmup Iteration   1: 544.899 us/op
[info] Iteration   1: 459.020 us/op
[info] Result "scalus.uplc.eval.CekJVMBenchmark.bench":
[info]   459.020 us/op
[info] # JMH version: 1.37
[info] # VM version: JDK 21.0.12.1, OpenJDK 64-Bit Server VM, 21.0.12.1+1-1-24.04.4-Ubuntu
[info] # VM invoker: /usr/lib/jvm/java-21-openjdk-amd64/bin/java
[info] # VM options: -Xss64m -Xmx4g
[info] # Blackhole mode: compiler (auto-detected, use -Djmh.blackhole.autoDetect=false to disable)
[info] # Warmup: 1 iterations, 5 s each
[info] # Measurement: 1 iterations, 5 s each
[info] # Timeout: 10 min per iteration
[info] # Threads: 1 thread, will synchronize iterations
[info] # Benchmark mode: Average time, time/op
[info] # Benchmark: scalus.uplc.eval.CekJVMBenchmark.bench
[info] # Parameters: (file = future-increase-margin-4.flat)
[info] # Run progress: 32.58% complete, ETA 00:10:29
[info] # Fork: 1 of 1
[info] # Warmup Iteration   1: 457.068 us/op
[info] Iteration   1: 435.911 us/op
[info] Result "scalus.uplc.eval.CekJVMBenchmark.bench":
[info]   435.911 us/op
[info] # JMH version: 1.37
[info] # VM version: JDK 21.0.12.1, OpenJDK 64-Bit Server VM, 21.0.12.1+1-1-24.04.4-Ubuntu
[info] # VM invoker: /usr/lib/jvm/java-21-openjdk-amd64/bin/java
[info] # VM options: -Xss64m -Xmx4g
[info] # Blackhole mode: compiler (auto-detected, use -Djmh.blackhole.autoDetect=false to disable)
[info] # Warmup: 1 iterations, 5 s each
[info] # Measurement: 1 iterations, 5 s each
[info] # Timeout: 10 min per iteration
[info] # Threads: 1 thread, will synchronize iterations
[info] # Benchmark mode: Average time, time/op
[info] # Benchmark: scalus.uplc.eval.CekJVMBenchmark.bench
[info] # Parameters: (file = future-increase-margin-5.flat)
[info] # Run progress: 33.71% complete, ETA 00:10:19
[info] # Fork: 1 of 1
[info] # Warmup Iteration   1: 823.393 us/op
[info] Iteration   1: 837.487 us/op
[info] Result "scalus.uplc.eval.CekJVMBenchmark.bench":
[info]   837.487 us/op
[info] # JMH version: 1.37
[info] # VM version: JDK 21.0.12.1, OpenJDK 64-Bit Server VM, 21.0.12.1+1-1-24.04.4-Ubuntu
[info] # VM invoker: /usr/lib/jvm/java-21-openjdk-amd64/bin/java
[info] # VM options: -Xss64m -Xmx4g
[info] # Blackhole mode: compiler (auto-detected, use -Djmh.blackhole.autoDetect=false to disable)
[info] # Warmup: 1 iterations, 5 s each
[info] # Measurement: 1 iterations, 5 s each
[info] # Timeout: 10 min per iteration
[info] # Threads: 1 thread, will synchronize iterations
[info] # Benchmark mode: Average time, time/op
[info] # Benchmark: scalus.uplc.eval.CekJVMBenchmark.bench
[info] # Parameters: (file = future-pay-out-1.flat)
[info] # Run progress: 34.83% complete, ETA 00:10:08
[info] # Fork: 1 of 1
[info] # Warmup Iteration   1: 220.846 us/op
[info] Iteration   1: 211.714 us/op
[info] Result "scalus.uplc.eval.CekJVMBenchmark.bench":
[info]   211.714 us/op
[info] # JMH version: 1.37
[info] # VM version: JDK 21.0.12.1, OpenJDK 64-Bit Server VM, 21.0.12.1+1-1-24.04.4-Ubuntu
[info] # VM invoker: /usr/lib/jvm/java-21-openjdk-amd64/bin/java
[info] # VM options: -Xss64m -Xmx4g
[info] # Blackhole mode: compiler (auto-detected, use -Djmh.blackhole.autoDetect=false to disable)
[info] # Warmup: 1 iterations, 5 s each
[info] # Measurement: 1 iterations, 5 s each
[info] # Timeout: 10 min per iteration
[info] # Threads: 1 thread, will synchronize iterations
[info] # Benchmark mode: Average time, time/op
[info] # Benchmark: scalus.uplc.eval.CekJVMBenchmark.bench
[info] # Parameters: (file = future-pay-out-2.flat)
[info] # Run progress: 35.96% complete, ETA 00:09:58
[info] # Fork: 1 of 1
[info] # Warmup Iteration   1: 479.208 us/op
[info] Iteration   1: 464.404 us/op
[info] Result "scalus.uplc.eval.CekJVMBenchmark.bench":
[info]   464.404 us/op
[info] # JMH version: 1.37
[info] # VM version: JDK 21.0.12.1, OpenJDK 64-Bit Server VM, 21.0.12.1+1-1-24.04.4-Ubuntu
[info] # VM invoker: /usr/lib/jvm/java-21-openjdk-amd64/bin/java
[info] # VM options: -Xss64m -Xmx4g
[info] # Blackhole mode: compiler (auto-detected, use -Djmh.blackhole.autoDetect=false to disable)
[info] # Warmup: 1 iterations, 5 s each
[info] # Measurement: 1 iterations, 5 s each
[info] # Timeout: 10 min per iteration
[info] # Threads: 1 thread, will synchronize iterations
[info] # Benchmark mode: Average time, time/op
[info] # Benchmark: scalus.uplc.eval.CekJVMBenchmark.bench
[info] # Parameters: (file = future-pay-out-3.flat)
[info] # Run progress: 37.08% complete, ETA 00:09:47
[info] # Fork: 1 of 1
[info] # Warmup Iteration   1: 481.466 us/op
[info] Iteration   1: 507.616 us/op
[info] Result "scalus.uplc.eval.CekJVMBenchmark.bench":
[info]   507.616 us/op
[info] # JMH version: 1.37
[info] # VM version: JDK 21.0.12.1, OpenJDK 64-Bit Server VM, 21.0.12.1+1-1-24.04.4-Ubuntu
[info] # VM invoker: /usr/lib/jvm/java-21-openjdk-amd64/bin/java
[info] # VM options: -Xss64m -Xmx4g
[info] # Blackhole mode: compiler (auto-detected, use -Djmh.blackhole.autoDetect=false to disable)
[info] # Warmup: 1 iterations, 5 s each
[info] # Measurement: 1 iterations, 5 s each
[info] # Timeout: 10 min per iteration
[info] # Threads: 1 thread, will synchronize iterations
[info] # Benchmark mode: Average time, time/op
[info] # Benchmark: scalus.uplc.eval.CekJVMBenchmark.bench
[info] # Parameters: (file = future-pay-out-4.flat)
[info] # Run progress: 38.20% complete, ETA 00:09:37
[info] # Fork: 1 of 1
[info] # Warmup Iteration   1: 795.610 us/op
[info] Iteration   1: 754.461 us/op
[info] Result "scalus.uplc.eval.CekJVMBenchmark.bench":
[info]   754.461 us/op
[info] # JMH version: 1.37
[info] # VM version: JDK 21.0.12.1, OpenJDK 64-Bit Server VM, 21.0.12.1+1-1-24.04.4-Ubuntu
[info] # VM invoker: /usr/lib/jvm/java-21-openjdk-amd64/bin/java
[info] # VM options: -Xss64m -Xmx4g
[info] # Blackhole mode: compiler (auto-detected, use -Djmh.blackhole.autoDetect=false to disable)
[info] # Warmup: 1 iterations, 5 s each
[info] # Measurement: 1 iterations, 5 s each
[info] # Timeout: 10 min per iteration
[info] # Threads: 1 thread, will synchronize iterations
[info] # Benchmark mode: Average time, time/op
[info] # Benchmark: scalus.uplc.eval.CekJVMBenchmark.bench
[info] # Parameters: (file = future-settle-early-1.flat)
[info] # Run progress: 39.33% complete, ETA 00:09:26
[info] # Fork: 1 of 1
[info] # Warmup Iteration   1: 219.062 us/op
[info] Iteration   1: 209.234 us/op
[info] Result "scalus.uplc.eval.CekJVMBenchmark.bench":
[info]   209.234 us/op
[info] # JMH version: 1.37
[info] # VM version: JDK 21.0.12.1, OpenJDK 64-Bit Server VM, 21.0.12.1+1-1-24.04.4-Ubuntu
[info] # VM invoker: /usr/lib/jvm/java-21-openjdk-amd64/bin/java
[info] # VM options: -Xss64m -Xmx4g
[info] # Blackhole mode: compiler (auto-detected, use -Djmh.blackhole.autoDetect=false to disable)
[info] # Warmup: 1 iterations, 5 s each
[info] # Measurement: 1 iterations, 5 s each
[info] # Timeout: 10 min per iteration
[info] # Threads: 1 thread, will synchronize iterations
[info] # Benchmark mode: Average time, time/op
[info] # Benchmark: scalus.uplc.eval.CekJVMBenchmark.bench
[info] # Parameters: (file = future-settle-early-2.flat)
[info] # Run progress: 40.45% complete, ETA 00:09:16
[info] # Fork: 1 of 1
[info] # Warmup Iteration   1: 549.195 us/op
[info] Iteration   1: 465.617 us/op
[info] Result "scalus.uplc.eval.CekJVMBenchmark.bench":
[info]   465.617 us/op
[info] # JMH version: 1.37
[info] # VM version: JDK 21.0.12.1, OpenJDK 64-Bit Server VM, 21.0.12.1+1-1-24.04.4-Ubuntu
[info] # VM invoker: /usr/lib/jvm/java-21-openjdk-amd64/bin/java
[info] # VM options: -Xss64m -Xmx4g
[info] # Blackhole mode: compiler (auto-detected, use -Djmh.blackhole.autoDetect=false to disable)
[info] # Warmup: 1 iterations, 5 s each
[info] # Measurement: 1 iterations, 5 s each
[info] # Timeout: 10 min per iteration
[info] # Threads: 1 thread, will synchronize iterations
[info] # Benchmark mode: Average time, time/op
[info] # Benchmark: scalus.uplc.eval.CekJVMBenchmark.bench
[info] # Parameters: (file = future-settle-early-3.flat)
[info] # Run progress: 41.57% complete, ETA 00:09:05
[info] # Fork: 1 of 1
[info] # Warmup Iteration   1: 485.154 us/op
[info] Iteration   1: 466.007 us/op
[info] Result "scalus.uplc.eval.CekJVMBenchmark.bench":
[info]   466.007 us/op
[info] # JMH version: 1.37
[info] # VM version: JDK 21.0.12.1, OpenJDK 64-Bit Server VM, 21.0.12.1+1-1-24.04.4-Ubuntu
[info] # VM invoker: /usr/lib/jvm/java-21-openjdk-amd64/bin/java
[info] # VM options: -Xss64m -Xmx4g
[info] # Blackhole mode: compiler (auto-detected, use -Djmh.blackhole.autoDetect=false to disable)
[info] # Warmup: 1 iterations, 5 s each
[info] # Measurement: 1 iterations, 5 s each
[info] # Timeout: 10 min per iteration
[info] # Threads: 1 thread, will synchronize iterations
[info] # Benchmark mode: Average time, time/op
[info] # Benchmark: scalus.uplc.eval.CekJVMBenchmark.bench
[info] # Parameters: (file = future-settle-early-4.flat)
[info] # Run progress: 42.70% complete, ETA 00:08:55
[info] # Fork: 1 of 1
[info] # Warmup Iteration   1: 607.844 us/op
[info] Iteration   1: 564.194 us/op
[info] Result "scalus.uplc.eval.CekJVMBenchmark.bench":
[info]   564.194 us/op
[info] # JMH version: 1.37
[info] # VM version: JDK 21.0.12.1, OpenJDK 64-Bit Server VM, 21.0.12.1+1-1-24.04.4-Ubuntu
[info] # VM invoker: /usr/lib/jvm/java-21-openjdk-amd64/bin/java
[info] # VM options: -Xss64m -Xmx4g
[info] # Blackhole mode: compiler (auto-detected, use -Djmh.blackhole.autoDetect=false to disable)
[info] # Warmup: 1 iterations, 5 s each
[info] # Measurement: 1 iterations, 5 s each
[info] # Timeout: 10 min per iteration
[info] # Threads: 1 thread, will synchronize iterations
[info] # Benchmark mode: Average time, time/op
[info] # Benchmark: scalus.uplc.eval.CekJVMBenchmark.bench
[info] # Parameters: (file = game-sm-success_1-1.flat)
[info] # Run progress: 43.82% complete, ETA 00:08:44
[info] # Fork: 1 of 1
[info] # Warmup Iteration   1: 339.079 us/op
[info] Iteration   1: 364.860 us/op
[info] Result "scalus.uplc.eval.CekJVMBenchmark.bench":
[info]   364.860 us/op
[info] # JMH version: 1.37
[info] # VM version: JDK 21.0.12.1, OpenJDK 64-Bit Server VM, 21.0.12.1+1-1-24.04.4-Ubuntu
[info] # VM invoker: /usr/lib/jvm/java-21-openjdk-amd64/bin/java
[info] # VM options: -Xss64m -Xmx4g
[info] # Blackhole mode: compiler (auto-detected, use -Djmh.blackhole.autoDetect=false to disable)
[info] # Warmup: 1 iterations, 5 s each
[info] # Measurement: 1 iterations, 5 s each
[info] # Timeout: 10 min per iteration
[info] # Threads: 1 thread, will synchronize iterations
[info] # Benchmark mode: Average time, time/op
[info] # Benchmark: scalus.uplc.eval.CekJVMBenchmark.bench
[info] # Parameters: (file = game-sm-success_1-2.flat)
[info] # Run progress: 44.94% complete, ETA 00:08:34
[info] # Fork: 1 of 1
[info] # Warmup Iteration   1: 167.837 us/op
[info] Iteration   1: 160.411 us/op
[info] Result "scalus.uplc.eval.CekJVMBenchmark.bench":
[info]   160.411 us/op
[info] # JMH version: 1.37
[info] # VM version: JDK 21.0.12.1, OpenJDK 64-Bit Server VM, 21.0.12.1+1-1-24.04.4-Ubuntu
[info] # VM invoker: /usr/lib/jvm/java-21-openjdk-amd64/bin/java
[info] # VM options: -Xss64m -Xmx4g
[info] # Blackhole mode: compiler (auto-detected, use -Djmh.blackhole.autoDetect=false to disable)
[info] # Warmup: 1 iterations, 5 s each
[info] # Measurement: 1 iterations, 5 s each
[info] # Timeout: 10 min per iteration
[info] # Threads: 1 thread, will synchronize iterations
[info] # Benchmark mode: Average time, time/op
[info] # Benchmark: scalus.uplc.eval.CekJVMBenchmark.bench
[info] # Parameters: (file = game-sm-success_1-3.flat)
[info] # Run progress: 46.07% complete, ETA 00:08:23
[info] # Fork: 1 of 1
[info] # Warmup Iteration   1: 598.547 us/op
[info] Iteration   1: 614.266 us/op
[info] Result "scalus.uplc.eval.CekJVMBenchmark.bench":
[info]   614.266 us/op
[info] # JMH version: 1.37
[info] # VM version: JDK 21.0.12.1, OpenJDK 64-Bit Server VM, 21.0.12.1+1-1-24.04.4-Ubuntu
[info] # VM invoker: /usr/lib/jvm/java-21-openjdk-amd64/bin/java
[info] # VM options: -Xss64m -Xmx4g
[info] # Blackhole mode: compiler (auto-detected, use -Djmh.blackhole.autoDetect=false to disable)
[info] # Warmup: 1 iterations, 5 s each
[info] # Measurement: 1 iterations, 5 s each
[info] # Timeout: 10 min per iteration
[info] # Threads: 1 thread, will synchronize iterations
[info] # Benchmark mode: Average time, time/op
[info] # Benchmark: scalus.uplc.eval.CekJVMBenchmark.bench
[info] # Parameters: (file = game-sm-success_1-4.flat)
[info] # Run progress: 47.19% complete, ETA 00:08:13
[info] # Fork: 1 of 1
[info] # Warmup Iteration   1: 196.087 us/op
[info] Iteration   1: 182.545 us/op
[info] Result "scalus.uplc.eval.CekJVMBenchmark.bench":
[info]   182.545 us/op
[info] # JMH version: 1.37
[info] # VM version: JDK 21.0.12.1, OpenJDK 64-Bit Server VM, 21.0.12.1+1-1-24.04.4-Ubuntu
[info] # VM invoker: /usr/lib/jvm/java-21-openjdk-amd64/bin/java
[info] # VM options: -Xss64m -Xmx4g
[info] # Blackhole mode: compiler (auto-detected, use -Djmh.blackhole.autoDetect=false to disable)
[info] # Warmup: 1 iterations, 5 s each
[info] # Measurement: 1 iterations, 5 s each
[info] # Timeout: 10 min per iteration
[info] # Threads: 1 thread, will synchronize iterations
[info] # Benchmark mode: Average time, time/op
[info] # Benchmark: scalus.uplc.eval.CekJVMBenchmark.bench
[info] # Parameters: (file = game-sm-success_2-1.flat)
[info] # Run progress: 48.31% complete, ETA 00:08:02
[info] # Fork: 1 of 1
[info] # Warmup Iteration   1: 340.266 us/op
[info] Iteration   1: 325.939 us/op
[info] Result "scalus.uplc.eval.CekJVMBenchmark.bench":
[info]   325.939 us/op
[info] # JMH version: 1.37
[info] # VM version: JDK 21.0.12.1, OpenJDK 64-Bit Server VM, 21.0.12.1+1-1-24.04.4-Ubuntu
[info] # VM invoker: /usr/lib/jvm/java-21-openjdk-amd64/bin/java
[info] # VM options: -Xss64m -Xmx4g
[info] # Blackhole mode: compiler (auto-detected, use -Djmh.blackhole.autoDetect=false to disable)
[info] # Warmup: 1 iterations, 5 s each
[info] # Measurement: 1 iterations, 5 s each
[info] # Timeout: 10 min per iteration
[info] # Threads: 1 thread, will synchronize iterations
[info] # Benchmark mode: Average time, time/op
[info] # Benchmark: scalus.uplc.eval.CekJVMBenchmark.bench
[info] # Parameters: (file = game-sm-success_2-2.flat)
[info] # Run progress: 49.44% complete, ETA 00:07:52
[info] # Fork: 1 of 1
[info] # Warmup Iteration   1: 164.246 us/op
[info] Iteration   1: 157.538 us/op
[info] Result "scalus.uplc.eval.CekJVMBenchmark.bench":
[info]   157.538 us/op
[info] # JMH version: 1.37
[info] # VM version: JDK 21.0.12.1, OpenJDK 64-Bit Server VM, 21.0.12.1+1-1-24.04.4-Ubuntu
[info] # VM invoker: /usr/lib/jvm/java-21-openjdk-amd64/bin/java
[info] # VM options: -Xss64m -Xmx4g
[info] # Blackhole mode: compiler (auto-detected, use -Djmh.blackhole.autoDetect=false to disable)
[info] # Warmup: 1 iterations, 5 s each
[info] # Measurement: 1 iterations, 5 s each
[info] # Timeout: 10 min per iteration
[info] # Threads: 1 thread, will synchronize iterations
[info] # Benchmark mode: Average time, time/op
[info] # Benchmark: scalus.uplc.eval.CekJVMBenchmark.bench
[info] # Parameters: (file = game-sm-success_2-3.flat)
[info] # Run progress: 50.56% complete, ETA 00:07:41
[info] # Fork: 1 of 1
[info] # Warmup Iteration   1: 675.553 us/op
[info] Iteration   1: 559.717 us/op
[info] Result "scalus.uplc.eval.CekJVMBenchmark.bench":
[info]   559.717 us/op
[info] # JMH version: 1.37
[info] # VM version: JDK 21.0.12.1, OpenJDK 64-Bit Server VM, 21.0.12.1+1-1-24.04.4-Ubuntu
[info] # VM invoker: /usr/lib/jvm/java-21-openjdk-amd64/bin/java
[info] # VM options: -Xss64m -Xmx4g
[info] # Blackhole mode: compiler (auto-detected, use -Djmh.blackhole.autoDetect=false to disable)
[info] # Warmup: 1 iterations, 5 s each
[info] # Measurement: 1 iterations, 5 s each
[info] # Timeout: 10 min per iteration
[info] # Threads: 1 thread, will synchronize iterations
[info] # Benchmark mode: Average time, time/op
[info] # Benchmark: scalus.uplc.eval.CekJVMBenchmark.bench
[info] # Parameters: (file = game-sm-success_2-4.flat)
[info] # Run progress: 51.69% complete, ETA 00:07:31
[info] # Fork: 1 of 1
[info] # Warmup Iteration   1: 194.128 us/op
[info] Iteration   1: 184.121 us/op
[info] Result "scalus.uplc.eval.CekJVMBenchmark.bench":
[info]   184.121 us/op
[info] # JMH version: 1.37
[info] # VM version: JDK 21.0.12.1, OpenJDK 64-Bit Server VM, 21.0.12.1+1-1-24.04.4-Ubuntu
[info] # VM invoker: /usr/lib/jvm/java-21-openjdk-amd64/bin/java
[info] # VM options: -Xss64m -Xmx4g
[info] # Blackhole mode: compiler (auto-detected, use -Djmh.blackhole.autoDetect=false to disable)
[info] # Warmup: 1 iterations, 5 s each
[info] # Measurement: 1 iterations, 5 s each
[info] # Timeout: 10 min per iteration
[info] # Threads: 1 thread, will synchronize iterations
[info] # Benchmark mode: Average time, time/op
[info] # Benchmark: scalus.uplc.eval.CekJVMBenchmark.bench
[info] # Parameters: (file = game-sm-success_2-5.flat)
[info] # Run progress: 52.81% complete, ETA 00:07:20
[info] # Fork: 1 of 1
[info] # Warmup Iteration   1: 585.576 us/op
[info] Iteration   1: 636.215 us/op
[info] Result "scalus.uplc.eval.CekJVMBenchmark.bench":
[info]   636.215 us/op
[info] # JMH version: 1.37
[info] # VM version: JDK 21.0.12.1, OpenJDK 64-Bit Server VM, 21.0.12.1+1-1-24.04.4-Ubuntu
[info] # VM invoker: /usr/lib/jvm/java-21-openjdk-amd64/bin/java
[info] # VM options: -Xss64m -Xmx4g
[info] # Blackhole mode: compiler (auto-detected, use -Djmh.blackhole.autoDetect=false to disable)
[info] # Warmup: 1 iterations, 5 s each
[info] # Measurement: 1 iterations, 5 s each
[info] # Timeout: 10 min per iteration
[info] # Threads: 1 thread, will synchronize iterations
[info] # Benchmark mode: Average time, time/op
[info] # Benchmark: scalus.uplc.eval.CekJVMBenchmark.bench
[info] # Parameters: (file = game-sm-success_2-6.flat)
[info] # Run progress: 53.93% complete, ETA 00:07:10
[info] # Fork: 1 of 1
[info] # Warmup Iteration   1: 195.290 us/op
[info] Iteration   1: 186.448 us/op
[info] Result "scalus.uplc.eval.CekJVMBenchmark.bench":
[info]   186.448 us/op
[info] # JMH version: 1.37
[info] # VM version: JDK 21.0.12.1, OpenJDK 64-Bit Server VM, 21.0.12.1+1-1-24.04.4-Ubuntu
[info] # VM invoker: /usr/lib/jvm/java-21-openjdk-amd64/bin/java
[info] # VM options: -Xss64m -Xmx4g
[info] # Blackhole mode: compiler (auto-detected, use -Djmh.blackhole.autoDetect=false to disable)
[info] # Warmup: 1 iterations, 5 s each
[info] # Measurement: 1 iterations, 5 s each
[info] # Timeout: 10 min per iteration
[info] # Threads: 1 thread, will synchronize iterations
[info] # Benchmark mode: Average time, time/op
[info] # Benchmark: scalus.uplc.eval.CekJVMBenchmark.bench
[info] # Parameters: (file = guardrail-sorted-large.flat)
[info] # Run progress: 55.06% complete, ETA 00:06:59
[info] # Fork: 1 of 1
[info] # Warmup Iteration   1: 383.679 us/op
[info] Iteration   1: 359.486 us/op
[info] Result "scalus.uplc.eval.CekJVMBenchmark.bench":
[info]   359.486 us/op
[info] # JMH version: 1.37
[info] # VM version: JDK 21.0.12.1, OpenJDK 64-Bit Server VM, 21.0.12.1+1-1-24.04.4-Ubuntu
[info] # VM invoker: /usr/lib/jvm/java-21-openjdk-amd64/bin/java
[info] # VM options: -Xss64m -Xmx4g
[info] # Blackhole mode: compiler (auto-detected, use -Djmh.blackhole.autoDetect=false to disable)
[info] # Warmup: 1 iterations, 5 s each
[info] # Measurement: 1 iterations, 5 s each
[info] # Timeout: 10 min per iteration
[info] # Threads: 1 thread, will synchronize iterations
[info] # Benchmark mode: Average time, time/op
[info] # Benchmark: scalus.uplc.eval.CekJVMBenchmark.bench
[info] # Parameters: (file = guardrail-sorted-small.flat)
[info] # Run progress: 56.18% complete, ETA 00:06:49
[info] # Fork: 1 of 1
[info] # Warmup Iteration   1: 61.802 us/op
[info] Iteration   1: 58.507 us/op
[info] Result "scalus.uplc.eval.CekJVMBenchmark.bench":
[info]   58.507 us/op
[info] # JMH version: 1.37
[info] # VM version: JDK 21.0.12.1, OpenJDK 64-Bit Server VM, 21.0.12.1+1-1-24.04.4-Ubuntu
[info] # VM invoker: /usr/lib/jvm/java-21-openjdk-amd64/bin/java
[info] # VM options: -Xss64m -Xmx4g
[info] # Blackhole mode: compiler (auto-detected, use -Djmh.blackhole.autoDetect=false to disable)
[info] # Warmup: 1 iterations, 5 s each
[info] # Measurement: 1 iterations, 5 s each
[info] # Timeout: 10 min per iteration
[info] # Threads: 1 thread, will synchronize iterations
[info] # Benchmark mode: Average time, time/op
[info] # Benchmark: scalus.uplc.eval.CekJVMBenchmark.bench
[info] # Parameters: (file = guardrail-unsorted-large.flat)
[info] # Run progress: 57.30% complete, ETA 00:06:38
[info] # Fork: 1 of 1
[info] # Warmup Iteration   1: 660.383 us/op
[info] Iteration   1: 540.272 us/op
[info] Result "scalus.uplc.eval.CekJVMBenchmark.bench":
[info]   540.272 us/op
[info] # JMH version: 1.37
[info] # VM version: JDK 21.0.12.1, OpenJDK 64-Bit Server VM, 21.0.12.1+1-1-24.04.4-Ubuntu
[info] # VM invoker: /usr/lib/jvm/java-21-openjdk-amd64/bin/java
[info] # VM options: -Xss64m -Xmx4g
[info] # Blackhole mode: compiler (auto-detected, use -Djmh.blackhole.autoDetect=false to disable)
[info] # Warmup: 1 iterations, 5 s each
[info] # Measurement: 1 iterations, 5 s each
[info] # Timeout: 10 min per iteration
[info] # Threads: 1 thread, will synchronize iterations
[info] # Benchmark mode: Average time, time/op
[info] # Benchmark: scalus.uplc.eval.CekJVMBenchmark.bench
[info] # Parameters: (file = guardrail-unsorted-small.flat)
[info] # Run progress: 58.43% complete, ETA 00:06:28
[info] # Fork: 1 of 1
[info] # Warmup Iteration   1: 58.917 us/op
[info] Iteration   1: 55.825 us/op
[info] Result "scalus.uplc.eval.CekJVMBenchmark.bench":
[info]   55.825 us/op
[info] # JMH version: 1.37
[info] # VM version: JDK 21.0.12.1, OpenJDK 64-Bit Server VM, 21.0.12.1+1-1-24.04.4-Ubuntu
[info] # VM invoker: /usr/lib/jvm/java-21-openjdk-amd64/bin/java
[info] # VM options: -Xss64m -Xmx4g
[info] # Blackhole mode: compiler (auto-detected, use -Djmh.blackhole.autoDetect=false to disable)
[info] # Warmup: 1 iterations, 5 s each
[info] # Measurement: 1 iterations, 5 s each
[info] # Timeout: 10 min per iteration
[info] # Threads: 1 thread, will synchronize iterations
[info] # Benchmark mode: Average time, time/op
[info] # Benchmark: scalus.uplc.eval.CekJVMBenchmark.bench
[info] # Parameters: (file = multisig-sm-01.flat)
[info] # Run progress: 59.55% complete, ETA 00:06:17
[info] # Fork: 1 of 1
[info] # Warmup Iteration   1: 371.361 us/op
[info] Iteration   1: 379.810 us/op
[info] Result "scalus.uplc.eval.CekJVMBenchmark.bench":
[info]   379.810 us/op
[info] # JMH version: 1.37
[info] # VM version: JDK 21.0.12.1, OpenJDK 64-Bit Server VM, 21.0.12.1+1-1-24.04.4-Ubuntu
[info] # VM invoker: /usr/lib/jvm/java-21-openjdk-amd64/bin/java
[info] # VM options: -Xss64m -Xmx4g
[info] # Blackhole mode: compiler (auto-detected, use -Djmh.blackhole.autoDetect=false to disable)
[info] # Warmup: 1 iterations, 5 s each
[info] # Measurement: 1 iterations, 5 s each
[info] # Timeout: 10 min per iteration
[info] # Threads: 1 thread, will synchronize iterations
[info] # Benchmark mode: Average time, time/op
[info] # Benchmark: scalus.uplc.eval.CekJVMBenchmark.bench
[info] # Parameters: (file = multisig-sm-02.flat)
[info] # Run progress: 60.67% complete, ETA 00:06:07
[info] # Fork: 1 of 1
[info] # Warmup Iteration   1: 356.161 us/op
[info] Iteration   1: 341.289 us/op
[info] Result "scalus.uplc.eval.CekJVMBenchmark.bench":
[info]   341.289 us/op
[info] # JMH version: 1.37
[info] # VM version: JDK 21.0.12.1, OpenJDK 64-Bit Server VM, 21.0.12.1+1-1-24.04.4-Ubuntu
[info] # VM invoker: /usr/lib/jvm/java-21-openjdk-amd64/bin/java
[info] # VM options: -Xss64m -Xmx4g
[info] # Blackhole mode: compiler (auto-detected, use -Djmh.blackhole.autoDetect=false to disable)
[info] # Warmup: 1 iterations, 5 s each
[info] # Measurement: 1 iterations, 5 s each
[info] # Timeout: 10 min per iteration
[info] # Threads: 1 thread, will synchronize iterations
[info] # Benchmark mode: Average time, time/op
[info] # Benchmark: scalus.uplc.eval.CekJVMBenchmark.bench
[info] # Parameters: (file = multisig-sm-03.flat)
[info] # Run progress: 61.80% complete, ETA 00:05:56
[info] # Fork: 1 of 1
[info] # Warmup Iteration   1: 361.394 us/op
[info] Iteration   1: 348.448 us/op
[info] Result "scalus.uplc.eval.CekJVMBenchmark.bench":
[info]   348.448 us/op
[info] # JMH version: 1.37
[info] # VM version: JDK 21.0.12.1, OpenJDK 64-Bit Server VM, 21.0.12.1+1-1-24.04.4-Ubuntu
[info] # VM invoker: /usr/lib/jvm/java-21-openjdk-amd64/bin/java
[info] # VM options: -Xss64m -Xmx4g
[info] # Blackhole mode: compiler (auto-detected, use -Djmh.blackhole.autoDetect=false to disable)
[info] # Warmup: 1 iterations, 5 s each
[info] # Measurement: 1 iterations, 5 s each
[info] # Timeout: 10 min per iteration
[info] # Threads: 1 thread, will synchronize iterations
[info] # Benchmark mode: Average time, time/op
[info] # Benchmark: scalus.uplc.eval.CekJVMBenchmark.bench
[info] # Parameters: (file = multisig-sm-04.flat)
[info] # Run progress: 62.92% complete, ETA 00:05:46
[info] # Fork: 1 of 1
[info] # Warmup Iteration   1: 364.812 us/op
[info] Iteration   1: 397.421 us/op
[info] Result "scalus.uplc.eval.CekJVMBenchmark.bench":
[info]   397.421 us/op
[info] # JMH version: 1.37
[info] # VM version: JDK 21.0.12.1, OpenJDK 64-Bit Server VM, 21.0.12.1+1-1-24.04.4-Ubuntu
[info] # VM invoker: /usr/lib/jvm/java-21-openjdk-amd64/bin/java
[info] # VM options: -Xss64m -Xmx4g
[info] # Blackhole mode: compiler (auto-detected, use -Djmh.blackhole.autoDetect=false to disable)
[info] # Warmup: 1 iterations, 5 s each
[info] # Measurement: 1 iterations, 5 s each
[info] # Timeout: 10 min per iteration
[info] # Threads: 1 thread, will synchronize iterations
[info] # Benchmark mode: Average time, time/op
[info] # Benchmark: scalus.uplc.eval.CekJVMBenchmark.bench
[info] # Parameters: (file = multisig-sm-05.flat)
[info] # Run progress: 64.04% complete, ETA 00:05:35
[info] # Fork: 1 of 1
[info] # Warmup Iteration   1: 533.388 us/op
[info] Iteration   1: 509.294 us/op
[info] Result "scalus.uplc.eval.CekJVMBenchmark.bench":
[info]   509.294 us/op
[info] # JMH version: 1.37
[info] # VM version: JDK 21.0.12.1, OpenJDK 64-Bit Server VM, 21.0.12.1+1-1-24.04.4-Ubuntu
[info] # VM invoker: /usr/lib/jvm/java-21-openjdk-amd64/bin/java
[info] # VM options: -Xss64m -Xmx4g
[info] # Blackhole mode: compiler (auto-detected, use -Djmh.blackhole.autoDetect=false to disable)
[info] # Warmup: 1 iterations, 5 s each
[info] # Measurement: 1 iterations, 5 s each
[info] # Timeout: 10 min per iteration
[info] # Threads: 1 thread, will synchronize iterations
[info] # Benchmark mode: Average time, time/op
[info] # Benchmark: scalus.uplc.eval.CekJVMBenchmark.bench
[info] # Parameters: (file = multisig-sm-06.flat)
[info] # Run progress: 65.17% complete, ETA 00:05:25
[info] # Fork: 1 of 1
[info] # Warmup Iteration   1: 359.299 us/op
[info] Iteration   1: 343.660 us/op
[info] Result "scalus.uplc.eval.CekJVMBenchmark.bench":
[info]   343.660 us/op
[info] # JMH version: 1.37
[info] # VM version: JDK 21.0.12.1, OpenJDK 64-Bit Server VM, 21.0.12.1+1-1-24.04.4-Ubuntu
[info] # VM invoker: /usr/lib/jvm/java-21-openjdk-amd64/bin/java
[info] # VM options: -Xss64m -Xmx4g
[info] # Blackhole mode: compiler (auto-detected, use -Djmh.blackhole.autoDetect=false to disable)
[info] # Warmup: 1 iterations, 5 s each
[info] # Measurement: 1 iterations, 5 s each
[info] # Timeout: 10 min per iteration
[info] # Threads: 1 thread, will synchronize iterations
[info] # Benchmark mode: Average time, time/op
[info] # Benchmark: scalus.uplc.eval.CekJVMBenchmark.bench
[info] # Parameters: (file = multisig-sm-07.flat)
[info] # Run progress: 66.29% complete, ETA 00:05:14
[info] # Fork: 1 of 1
[info] # Warmup Iteration   1: 409.010 us/op
[info] Iteration   1: 345.907 us/op
[info] Result "scalus.uplc.eval.CekJVMBenchmark.bench":
[info]   345.907 us/op
[info] # JMH version: 1.37
[info] # VM version: JDK 21.0.12.1, OpenJDK 64-Bit Server VM, 21.0.12.1+1-1-24.04.4-Ubuntu
[info] # VM invoker: /usr/lib/jvm/java-21-openjdk-amd64/bin/java
[info] # VM options: -Xss64m -Xmx4g
[info] # Blackhole mode: compiler (auto-detected, use -Djmh.blackhole.autoDetect=false to disable)
[info] # Warmup: 1 iterations, 5 s each
[info] # Measurement: 1 iterations, 5 s each
[info] # Timeout: 10 min per iteration
[info] # Threads: 1 thread, will synchronize iterations
[info] # Benchmark mode: Average time, time/op
[info] # Benchmark: scalus.uplc.eval.CekJVMBenchmark.bench
[info] # Parameters: (file = multisig-sm-08.flat)
[info] # Run progress: 67.42% complete, ETA 00:05:04
[info] # Fork: 1 of 1
[info] # Warmup Iteration   1: 353.403 us/op
[info] Iteration   1: 338.647 us/op
[info] Result "scalus.uplc.eval.CekJVMBenchmark.bench":
[info]   338.647 us/op
[info] # JMH version: 1.37
[info] # VM version: JDK 21.0.12.1, OpenJDK 64-Bit Server VM, 21.0.12.1+1-1-24.04.4-Ubuntu
[info] # VM invoker: /usr/lib/jvm/java-21-openjdk-amd64/bin/java
[info] # VM options: -Xss64m -Xmx4g
[info] # Blackhole mode: compiler (auto-detected, use -Djmh.blackhole.autoDetect=false to disable)
[info] # Warmup: 1 iterations, 5 s each
[info] # Measurement: 1 iterations, 5 s each
[info] # Timeout: 10 min per iteration
[info] # Threads: 1 thread, will synchronize iterations
[info] # Benchmark mode: Average time, time/op
[info] # Benchmark: scalus.uplc.eval.CekJVMBenchmark.bench
[info] # Parameters: (file = multisig-sm-09.flat)
[info] # Run progress: 68.54% complete, ETA 00:04:53
[info] # Fork: 1 of 1
[info] # Warmup Iteration   1: 360.547 us/op
[info] Iteration   1: 346.145 us/op
[info] Result "scalus.uplc.eval.CekJVMBenchmark.bench":
[info]   346.145 us/op
[info] # JMH version: 1.37
[info] # VM version: JDK 21.0.12.1, OpenJDK 64-Bit Server VM, 21.0.12.1+1-1-24.04.4-Ubuntu
[info] # VM invoker: /usr/lib/jvm/java-21-openjdk-amd64/bin/java
[info] # VM options: -Xss64m -Xmx4g
[info] # Blackhole mode: compiler (auto-detected, use -Djmh.blackhole.autoDetect=false to disable)
[info] # Warmup: 1 iterations, 5 s each
[info] # Measurement: 1 iterations, 5 s each
[info] # Timeout: 10 min per iteration
[info] # Threads: 1 thread, will synchronize iterations
[info] # Benchmark mode: Average time, time/op
[info] # Benchmark: scalus.uplc.eval.CekJVMBenchmark.bench
[info] # Parameters: (file = multisig-sm-10.flat)
[info] # Run progress: 69.66% complete, ETA 00:04:43
[info] # Fork: 1 of 1
[info] # Warmup Iteration   1: 531.448 us/op
[info] Iteration   1: 568.727 us/op
[info] Result "scalus.uplc.eval.CekJVMBenchmark.bench":
[info]   568.727 us/op
[info] # JMH version: 1.37
[info] # VM version: JDK 21.0.12.1, OpenJDK 64-Bit Server VM, 21.0.12.1+1-1-24.04.4-Ubuntu
[info] # VM invoker: /usr/lib/jvm/java-21-openjdk-amd64/bin/java
[info] # VM options: -Xss64m -Xmx4g
[info] # Blackhole mode: compiler (auto-detected, use -Djmh.blackhole.autoDetect=false to disable)
[info] # Warmup: 1 iterations, 5 s each
[info] # Measurement: 1 iterations, 5 s each
[info] # Timeout: 10 min per iteration
[info] # Threads: 1 thread, will synchronize iterations
[info] # Benchmark mode: Average time, time/op
[info] # Benchmark: scalus.uplc.eval.CekJVMBenchmark.bench
[info] # Parameters: (file = ping-pong-1.flat)
[info] # Run progress: 70.79% complete, ETA 00:04:32
[info] # Fork: 1 of 1
[info] # Warmup Iteration   1: 301.209 us/op
[info] Iteration   1: 288.333 us/op
[info] Result "scalus.uplc.eval.CekJVMBenchmark.bench":
[info]   288.333 us/op
[info] # JMH version: 1.37
[info] # VM version: JDK 21.0.12.1, OpenJDK 64-Bit Server VM, 21.0.12.1+1-1-24.04.4-Ubuntu
[info] # VM invoker: /usr/lib/jvm/java-21-openjdk-amd64/bin/java
[info] # VM options: -Xss64m -Xmx4g
[info] # Blackhole mode: compiler (auto-detected, use -Djmh.blackhole.autoDetect=false to disable)
[info] # Warmup: 1 iterations, 5 s each
[info] # Measurement: 1 iterations, 5 s each
[info] # Timeout: 10 min per iteration
[info] # Threads: 1 thread, will synchronize iterations
[info] # Benchmark mode: Average time, time/op
[info] # Benchmark: scalus.uplc.eval.CekJVMBenchmark.bench
[info] # Parameters: (file = ping-pong-2.flat)
[info] # Run progress: 71.91% complete, ETA 00:04:22
[info] # Fork: 1 of 1
[info] # Warmup Iteration   1: 301.312 us/op
[info] Iteration   1: 306.736 us/op
[info] Result "scalus.uplc.eval.CekJVMBenchmark.bench":
[info]   306.736 us/op
[info] # JMH version: 1.37
[info] # VM version: JDK 21.0.12.1, OpenJDK 64-Bit Server VM, 21.0.12.1+1-1-24.04.4-Ubuntu
[info] # VM invoker: /usr/lib/jvm/java-21-openjdk-amd64/bin/java
[info] # VM options: -Xss64m -Xmx4g
[info] # Blackhole mode: compiler (auto-detected, use -Djmh.blackhole.autoDetect=false to disable)
[info] # Warmup: 1 iterations, 5 s each
[info] # Measurement: 1 iterations, 5 s each
[info] # Timeout: 10 min per iteration
[info] # Threads: 1 thread, will synchronize iterations
[info] # Benchmark mode: Average time, time/op
[info] # Benchmark: scalus.uplc.eval.CekJVMBenchmark.bench
[info] # Parameters: (file = ping-pong_2-1.flat)
[info] # Run progress: 73.03% complete, ETA 00:04:11
[info] # Fork: 1 of 1
[info] # Warmup Iteration   1: 183.288 us/op
[info] Iteration   1: 170.936 us/op
[info] Result "scalus.uplc.eval.CekJVMBenchmark.bench":
[info]   170.936 us/op
[info] # JMH version: 1.37
[info] # VM version: JDK 21.0.12.1, OpenJDK 64-Bit Server VM, 21.0.12.1+1-1-24.04.4-Ubuntu
[info] # VM invoker: /usr/lib/jvm/java-21-openjdk-amd64/bin/java
[info] # VM options: -Xss64m -Xmx4g
[info] # Blackhole mode: compiler (auto-detected, use -Djmh.blackhole.autoDetect=false to disable)
[info] # Warmup: 1 iterations, 5 s each
[info] # Measurement: 1 iterations, 5 s each
[info] # Timeout: 10 min per iteration
[info] # Threads: 1 thread, will synchronize iterations
[info] # Benchmark mode: Average time, time/op
[info] # Benchmark: scalus.uplc.eval.CekJVMBenchmark.bench
[info] # Parameters: (file = prism-1.flat)
[info] # Run progress: 74.16% complete, ETA 00:04:01
[info] # Fork: 1 of 1
[info] # Warmup Iteration   1: 134.795 us/op
[info] Iteration   1: 129.439 us/op
[info] Result "scalus.uplc.eval.CekJVMBenchmark.bench":
[info]   129.439 us/op
[info] # JMH version: 1.37
[info] # VM version: JDK 21.0.12.1, OpenJDK 64-Bit Server VM, 21.0.12.1+1-1-24.04.4-Ubuntu
[info] # VM invoker: /usr/lib/jvm/java-21-openjdk-amd64/bin/java
[info] # VM options: -Xss64m -Xmx4g
[info] # Blackhole mode: compiler (auto-detected, use -Djmh.blackhole.autoDetect=false to disable)
[info] # Warmup: 1 iterations, 5 s each
[info] # Measurement: 1 iterations, 5 s each
[info] # Timeout: 10 min per iteration
[info] # Threads: 1 thread, will synchronize iterations
[info] # Benchmark mode: Average time, time/op
[info] # Benchmark: scalus.uplc.eval.CekJVMBenchmark.bench
[info] # Parameters: (file = prism-2.flat)
[info] # Run progress: 75.28% complete, ETA 00:03:50
[info] # Fork: 1 of 1
[info] # Warmup Iteration   1: 370.564 us/op
[info] Iteration   1: 353.607 us/op
[info] Result "scalus.uplc.eval.CekJVMBenchmark.bench":
[info]   353.607 us/op
[info] # JMH version: 1.37
[info] # VM version: JDK 21.0.12.1, OpenJDK 64-Bit Server VM, 21.0.12.1+1-1-24.04.4-Ubuntu
[info] # VM invoker: /usr/lib/jvm/java-21-openjdk-amd64/bin/java
[info] # VM options: -Xss64m -Xmx4g
[info] # Blackhole mode: compiler (auto-detected, use -Djmh.blackhole.autoDetect=false to disable)
[info] # Warmup: 1 iterations, 5 s each
[info] # Measurement: 1 iterations, 5 s each
[info] # Timeout: 10 min per iteration
[info] # Threads: 1 thread, will synchronize iterations
[info] # Benchmark mode: Average time, time/op
[info] # Benchmark: scalus.uplc.eval.CekJVMBenchmark.bench
[info] # Parameters: (file = prism-3.flat)
[info] # Run progress: 76.40% complete, ETA 00:03:40
[info] # Fork: 1 of 1
[info] # Warmup Iteration   1: 376.028 us/op
[info] Iteration   1: 318.662 us/op
[info] Result "scalus.uplc.eval.CekJVMBenchmark.bench":
[info]   318.662 us/op
[info] # JMH version: 1.37
[info] # VM version: JDK 21.0.12.1, OpenJDK 64-Bit Server VM, 21.0.12.1+1-1-24.04.4-Ubuntu
[info] # VM invoker: /usr/lib/jvm/java-21-openjdk-amd64/bin/java
[info] # VM options: -Xss64m -Xmx4g
[info] # Blackhole mode: compiler (auto-detected, use -Djmh.blackhole.autoDetect=false to disable)
[info] # Warmup: 1 iterations, 5 s each
[info] # Measurement: 1 iterations, 5 s each
[info] # Timeout: 10 min per iteration
[info] # Threads: 1 thread, will synchronize iterations
[info] # Benchmark mode: Average time, time/op
[info] # Benchmark: scalus.uplc.eval.CekJVMBenchmark.bench
[info] # Parameters: (file = pubkey-1.flat)
[info] # Run progress: 77.53% complete, ETA 00:03:29
[info] # Fork: 1 of 1
[info] # Warmup Iteration   1: 114.301 us/op
[info] Iteration   1: 109.833 us/op
[info] Result "scalus.uplc.eval.CekJVMBenchmark.bench":
[info]   109.833 us/op
[info] # JMH version: 1.37
[info] # VM version: JDK 21.0.12.1, OpenJDK 64-Bit Server VM, 21.0.12.1+1-1-24.04.4-Ubuntu
[info] # VM invoker: /usr/lib/jvm/java-21-openjdk-amd64/bin/java
[info] # VM options: -Xss64m -Xmx4g
[info] # Blackhole mode: compiler (auto-detected, use -Djmh.blackhole.autoDetect=false to disable)
[info] # Warmup: 1 iterations, 5 s each
[info] # Measurement: 1 iterations, 5 s each
[info] # Timeout: 10 min per iteration
[info] # Threads: 1 thread, will synchronize iterations
[info] # Benchmark mode: Average time, time/op
[info] # Benchmark: scalus.uplc.eval.CekJVMBenchmark.bench
[info] # Parameters: (file = stablecoin_1-1.flat)
[info] # Run progress: 78.65% complete, ETA 00:03:19
[info] # Fork: 1 of 1
[info] # Warmup Iteration   1: 914.738 us/op
[info] Iteration   1: 958.341 us/op
[info] Result "scalus.uplc.eval.CekJVMBenchmark.bench":
[info]   958.341 us/op
[info] # JMH version: 1.37
[info] # VM version: JDK 21.0.12.1, OpenJDK 64-Bit Server VM, 21.0.12.1+1-1-24.04.4-Ubuntu
[info] # VM invoker: /usr/lib/jvm/java-21-openjdk-amd64/bin/java
[info] # VM options: -Xss64m -Xmx4g
[info] # Blackhole mode: compiler (auto-detected, use -Djmh.blackhole.autoDetect=false to disable)
[info] # Warmup: 1 iterations, 5 s each
[info] # Measurement: 1 iterations, 5 s each
[info] # Timeout: 10 min per iteration
[info] # Threads: 1 thread, will synchronize iterations
[info] # Benchmark mode: Average time, time/op
[info] # Benchmark: scalus.uplc.eval.CekJVMBenchmark.bench
[info] # Parameters: (file = stablecoin_1-2.flat)
[info] # Run progress: 79.78% complete, ETA 00:03:08
[info] # Fork: 1 of 1
[info] # Warmup Iteration   1: 163.446 us/op
[info] Iteration   1: 156.970 us/op
[info] Result "scalus.uplc.eval.CekJVMBenchmark.bench":
[info]   156.970 us/op
[info] # JMH version: 1.37
[info] # VM version: JDK 21.0.12.1, OpenJDK 64-Bit Server VM, 21.0.12.1+1-1-24.04.4-Ubuntu
[info] # VM invoker: /usr/lib/jvm/java-21-openjdk-amd64/bin/java
[info] # VM options: -Xss64m -Xmx4g
[info] # Blackhole mode: compiler (auto-detected, use -Djmh.blackhole.autoDetect=false to disable)
[info] # Warmup: 1 iterations, 5 s each
[info] # Measurement: 1 iterations, 5 s each
[info] # Timeout: 10 min per iteration
[info] # Threads: 1 thread, will synchronize iterations
[info] # Benchmark mode: Average time, time/op
[info] # Benchmark: scalus.uplc.eval.CekJVMBenchmark.bench
[info] # Parameters: (file = stablecoin_1-3.flat)
[info] # Run progress: 80.90% complete, ETA 00:02:58
[info] # Fork: 1 of 1
[info] # Warmup Iteration   1: 1053.412 us/op
[info] Iteration   1: 983.675 us/op
[info] Result "scalus.uplc.eval.CekJVMBenchmark.bench":
[info]   983.675 us/op
[info] # JMH version: 1.37
[info] # VM version: JDK 21.0.12.1, OpenJDK 64-Bit Server VM, 21.0.12.1+1-1-24.04.4-Ubuntu
[info] # VM invoker: /usr/lib/jvm/java-21-openjdk-amd64/bin/java
[info] # VM options: -Xss64m -Xmx4g
[info] # Blackhole mode: compiler (auto-detected, use -Djmh.blackhole.autoDetect=false to disable)
[info] # Warmup: 1 iterations, 5 s each
[info] # Measurement: 1 iterations, 5 s each
[info] # Timeout: 10 min per iteration
[info] # Threads: 1 thread, will synchronize iterations
[info] # Benchmark mode: Average time, time/op
[info] # Benchmark: scalus.uplc.eval.CekJVMBenchmark.bench
[info] # Parameters: (file = stablecoin_1-4.flat)
[info] # Run progress: 82.02% complete, ETA 00:02:47
[info] # Fork: 1 of 1
[info] # Warmup Iteration   1: 171.380 us/op
[info] Iteration   1: 170.131 us/op
[info] Result "scalus.uplc.eval.CekJVMBenchmark.bench":
[info]   170.131 us/op
[info] # JMH version: 1.37
[info] # VM version: JDK 21.0.12.1, OpenJDK 64-Bit Server VM, 21.0.12.1+1-1-24.04.4-Ubuntu
[info] # VM invoker: /usr/lib/jvm/java-21-openjdk-amd64/bin/java
[info] # VM options: -Xss64m -Xmx4g
[info] # Blackhole mode: compiler (auto-detected, use -Djmh.blackhole.autoDetect=false to disable)
[info] # Warmup: 1 iterations, 5 s each
[info] # Measurement: 1 iterations, 5 s each
[info] # Timeout: 10 min per iteration
[info] # Threads: 1 thread, will synchronize iterations
[info] # Benchmark mode: Average time, time/op
[info] # Benchmark: scalus.uplc.eval.CekJVMBenchmark.bench
[info] # Parameters: (file = stablecoin_1-5.flat)
[info] # Run progress: 83.15% complete, ETA 00:02:37
[info] # Fork: 1 of 1
[info] # Warmup Iteration   1: 1367.608 us/op
[info] Iteration   1: 1231.753 us/op
[info] Result "scalus.uplc.eval.CekJVMBenchmark.bench":
[info]   1231.753 us/op
[info] # JMH version: 1.37
[info] # VM version: JDK 21.0.12.1, OpenJDK 64-Bit Server VM, 21.0.12.1+1-1-24.04.4-Ubuntu
[info] # VM invoker: /usr/lib/jvm/java-21-openjdk-amd64/bin/java
[info] # VM options: -Xss64m -Xmx4g
[info] # Blackhole mode: compiler (auto-detected, use -Djmh.blackhole.autoDetect=false to disable)
[info] # Warmup: 1 iterations, 5 s each
[info] # Measurement: 1 iterations, 5 s each
[info] # Timeout: 10 min per iteration
[info] # Threads: 1 thread, will synchronize iterations
[info] # Benchmark mode: Average time, time/op
[info] # Benchmark: scalus.uplc.eval.CekJVMBenchmark.bench
[info] # Parameters: (file = stablecoin_1-6.flat)
[info] # Run progress: 84.27% complete, ETA 00:02:26
[info] # Fork: 1 of 1
[info] # Warmup Iteration   1: 210.732 us/op
[info] Iteration   1: 201.574 us/op
[info] Result "scalus.uplc.eval.CekJVMBenchmark.bench":
[info]   201.574 us/op
[info] # JMH version: 1.37
[info] # VM version: JDK 21.0.12.1, OpenJDK 64-Bit Server VM, 21.0.12.1+1-1-24.04.4-Ubuntu
[info] # VM invoker: /usr/lib/jvm/java-21-openjdk-amd64/bin/java
[info] # VM options: -Xss64m -Xmx4g
[info] # Blackhole mode: compiler (auto-detected, use -Djmh.blackhole.autoDetect=false to disable)
[info] # Warmup: 1 iterations, 5 s each
[info] # Measurement: 1 iterations, 5 s each
[info] # Timeout: 10 min per iteration
[info] # Threads: 1 thread, will synchronize iterations
[info] # Benchmark mode: Average time, time/op
[info] # Benchmark: scalus.uplc.eval.CekJVMBenchmark.bench
[info] # Parameters: (file = stablecoin_2-1.flat)
[info] # Run progress: 85.39% complete, ETA 00:02:16
[info] # Fork: 1 of 1
[info] # Warmup Iteration   1: 1026.382 us/op
[info] Iteration   1: 851.335 us/op
[info] Result "scalus.uplc.eval.CekJVMBenchmark.bench":
[info]   851.335 us/op
[info] # JMH version: 1.37
[info] # VM version: JDK 21.0.12.1, OpenJDK 64-Bit Server VM, 21.0.12.1+1-1-24.04.4-Ubuntu
[info] # VM invoker: /usr/lib/jvm/java-21-openjdk-amd64/bin/java
[info] # VM options: -Xss64m -Xmx4g
[info] # Blackhole mode: compiler (auto-detected, use -Djmh.blackhole.autoDetect=false to disable)
[info] # Warmup: 1 iterations, 5 s each
[info] # Measurement: 1 iterations, 5 s each
[info] # Timeout: 10 min per iteration
[info] # Threads: 1 thread, will synchronize iterations
[info] # Benchmark mode: Average time, time/op
[info] # Benchmark: scalus.uplc.eval.CekJVMBenchmark.bench
[info] # Parameters: (file = stablecoin_2-2.flat)
[info] # Run progress: 86.52% complete, ETA 00:02:05
[info] # Fork: 1 of 1
[info] # Warmup Iteration   1: 161.453 us/op
[info] Iteration   1: 154.757 us/op
[info] Result "scalus.uplc.eval.CekJVMBenchmark.bench":
[info]   154.757 us/op
[info] # JMH version: 1.37
[info] # VM version: JDK 21.0.12.1, OpenJDK 64-Bit Server VM, 21.0.12.1+1-1-24.04.4-Ubuntu
[info] # VM invoker: /usr/lib/jvm/java-21-openjdk-amd64/bin/java
[info] # VM options: -Xss64m -Xmx4g
[info] # Blackhole mode: compiler (auto-detected, use -Djmh.blackhole.autoDetect=false to disable)
[info] # Warmup: 1 iterations, 5 s each
[info] # Measurement: 1 iterations, 5 s each
[info] # Timeout: 10 min per iteration
[info] # Threads: 1 thread, will synchronize iterations
[info] # Benchmark mode: Average time, time/op
[info] # Benchmark: scalus.uplc.eval.CekJVMBenchmark.bench
[info] # Parameters: (file = stablecoin_2-3.flat)
[info] # Run progress: 87.64% complete, ETA 00:01:55
[info] # Fork: 1 of 1
[info] # Warmup Iteration   1: 1055.120 us/op
[info] Iteration   1: 992.071 us/op
[info] Result "scalus.uplc.eval.CekJVMBenchmark.bench":
[info]   992.071 us/op
[info] # JMH version: 1.37
[info] # VM version: JDK 21.0.12.1, OpenJDK 64-Bit Server VM, 21.0.12.1+1-1-24.04.4-Ubuntu
[info] # VM invoker: /usr/lib/jvm/java-21-openjdk-amd64/bin/java
[info] # VM options: -Xss64m -Xmx4g
[info] # Blackhole mode: compiler (auto-detected, use -Djmh.blackhole.autoDetect=false to disable)
[info] # Warmup: 1 iterations, 5 s each
[info] # Measurement: 1 iterations, 5 s each
[info] # Timeout: 10 min per iteration
[info] # Threads: 1 thread, will synchronize iterations
[info] # Benchmark mode: Average time, time/op
[info] # Benchmark: scalus.uplc.eval.CekJVMBenchmark.bench
[info] # Parameters: (file = stablecoin_2-4.flat)
[info] # Run progress: 88.76% complete, ETA 00:01:44
[info] # Fork: 1 of 1
[info] # Warmup Iteration   1: 169.564 us/op
[info] Iteration   1: 185.274 us/op
[info] Result "scalus.uplc.eval.CekJVMBenchmark.bench":
[info]   185.274 us/op
[info] # JMH version: 1.37
[info] # VM version: JDK 21.0.12.1, OpenJDK 64-Bit Server VM, 21.0.12.1+1-1-24.04.4-Ubuntu
[info] # VM invoker: /usr/lib/jvm/java-21-openjdk-amd64/bin/java
[info] # VM options: -Xss64m -Xmx4g
[info] # Blackhole mode: compiler (auto-detected, use -Djmh.blackhole.autoDetect=false to disable)
[info] # Warmup: 1 iterations, 5 s each
[info] # Measurement: 1 iterations, 5 s each
[info] # Timeout: 10 min per iteration
[info] # Threads: 1 thread, will synchronize iterations
[info] # Benchmark mode: Average time, time/op
[info] # Benchmark: scalus.uplc.eval.CekJVMBenchmark.bench
[info] # Parameters: (file = token-account-1.flat)
[info] # Run progress: 89.89% complete, ETA 00:01:34
[info] # Fork: 1 of 1
[info] # Warmup Iteration   1: 167.846 us/op
[info] Iteration   1: 161.090 us/op
[info] Result "scalus.uplc.eval.CekJVMBenchmark.bench":
[info]   161.090 us/op
[info] # JMH version: 1.37
[info] # VM version: JDK 21.0.12.1, OpenJDK 64-Bit Server VM, 21.0.12.1+1-1-24.04.4-Ubuntu
[info] # VM invoker: /usr/lib/jvm/java-21-openjdk-amd64/bin/java
[info] # VM options: -Xss64m -Xmx4g
[info] # Blackhole mode: compiler (auto-detected, use -Djmh.blackhole.autoDetect=false to disable)
[info] # Warmup: 1 iterations, 5 s each
[info] # Measurement: 1 iterations, 5 s each
[info] # Timeout: 10 min per iteration
[info] # Threads: 1 thread, will synchronize iterations
[info] # Benchmark mode: Average time, time/op
[info] # Benchmark: scalus.uplc.eval.CekJVMBenchmark.bench
[info] # Parameters: (file = token-account-2.flat)
[info] # Run progress: 91.01% complete, ETA 00:01:23
[info] # Fork: 1 of 1
[info] # Warmup Iteration   1: 284.551 us/op
[info] Iteration   1: 274.494 us/op
[info] Result "scalus.uplc.eval.CekJVMBenchmark.bench":
[info]   274.494 us/op
[info] # JMH version: 1.37
[info] # VM version: JDK 21.0.12.1, OpenJDK 64-Bit Server VM, 21.0.12.1+1-1-24.04.4-Ubuntu
[info] # VM invoker: /usr/lib/jvm/java-21-openjdk-amd64/bin/java
[info] # VM options: -Xss64m -Xmx4g
[info] # Blackhole mode: compiler (auto-detected, use -Djmh.blackhole.autoDetect=false to disable)
[info] # Warmup: 1 iterations, 5 s each
[info] # Measurement: 1 iterations, 5 s each
[info] # Timeout: 10 min per iteration
[info] # Threads: 1 thread, will synchronize iterations
[info] # Benchmark mode: Average time, time/op
[info] # Benchmark: scalus.uplc.eval.CekJVMBenchmark.bench
[info] # Parameters: (file = uniswap-1.flat)
[info] # Run progress: 92.13% complete, ETA 00:01:13
[info] # Fork: 1 of 1
[info] # Warmup Iteration   1: 418.519 us/op
[info] Iteration   1: 355.513 us/op
[info] Result "scalus.uplc.eval.CekJVMBenchmark.bench":
[info]   355.513 us/op
[info] # JMH version: 1.37
[info] # VM version: JDK 21.0.12.1, OpenJDK 64-Bit Server VM, 21.0.12.1+1-1-24.04.4-Ubuntu
[info] # VM invoker: /usr/lib/jvm/java-21-openjdk-amd64/bin/java
[info] # VM options: -Xss64m -Xmx4g
[info] # Blackhole mode: compiler (auto-detected, use -Djmh.blackhole.autoDetect=false to disable)
[info] # Warmup: 1 iterations, 5 s each
[info] # Measurement: 1 iterations, 5 s each
[info] # Timeout: 10 min per iteration
[info] # Threads: 1 thread, will synchronize iterations
[info] # Benchmark mode: Average time, time/op
[info] # Benchmark: scalus.uplc.eval.CekJVMBenchmark.bench
[info] # Parameters: (file = uniswap-2.flat)
[info] # Run progress: 93.26% complete, ETA 00:01:02
[info] # Fork: 1 of 1
[info] # Warmup Iteration   1: 194.940 us/op
[info] Iteration   1: 186.829 us/op
[info] Result "scalus.uplc.eval.CekJVMBenchmark.bench":
[info]   186.829 us/op
[info] # JMH version: 1.37
[info] # VM version: JDK 21.0.12.1, OpenJDK 64-Bit Server VM, 21.0.12.1+1-1-24.04.4-Ubuntu
[info] # VM invoker: /usr/lib/jvm/java-21-openjdk-amd64/bin/java
[info] # VM options: -Xss64m -Xmx4g
[info] # Blackhole mode: compiler (auto-detected, use -Djmh.blackhole.autoDetect=false to disable)
[info] # Warmup: 1 iterations, 5 s each
[info] # Measurement: 1 iterations, 5 s each
[info] # Timeout: 10 min per iteration
[info] # Threads: 1 thread, will synchronize iterations
[info] # Benchmark mode: Average time, time/op
[info] # Benchmark: scalus.uplc.eval.CekJVMBenchmark.bench
[info] # Parameters: (file = uniswap-3.flat)
[info] # Run progress: 94.38% complete, ETA 00:00:52
[info] # Fork: 1 of 1
[info] # Warmup Iteration   1: 1516.329 us/op
[info] Iteration   1: 1434.365 us/op
[info] Result "scalus.uplc.eval.CekJVMBenchmark.bench":
[info]   1434.365 us/op
[info] # JMH version: 1.37
[info] # VM version: JDK 21.0.12.1, OpenJDK 64-Bit Server VM, 21.0.12.1+1-1-24.04.4-Ubuntu
[info] # VM invoker: /usr/lib/jvm/java-21-openjdk-amd64/bin/java
[info] # VM options: -Xss64m -Xmx4g
[info] # Blackhole mode: compiler (auto-detected, use -Djmh.blackhole.autoDetect=false to disable)
[info] # Warmup: 1 iterations, 5 s each
[info] # Measurement: 1 iterations, 5 s each
[info] # Timeout: 10 min per iteration
[info] # Threads: 1 thread, will synchronize iterations
[info] # Benchmark mode: Average time, time/op
[info] # Benchmark: scalus.uplc.eval.CekJVMBenchmark.bench
[info] # Parameters: (file = uniswap-4.flat)
[info] # Run progress: 95.51% complete, ETA 00:00:41
[info] # Fork: 1 of 1
[info] # Warmup Iteration   1: 294.035 us/op
[info] Iteration   1: 273.458 us/op
[info] Result "scalus.uplc.eval.CekJVMBenchmark.bench":
[info]   273.458 us/op
[info] # JMH version: 1.37
[info] # VM version: JDK 21.0.12.1, OpenJDK 64-Bit Server VM, 21.0.12.1+1-1-24.04.4-Ubuntu
[info] # VM invoker: /usr/lib/jvm/java-21-openjdk-amd64/bin/java
[info] # VM options: -Xss64m -Xmx4g
[info] # Blackhole mode: compiler (auto-detected, use -Djmh.blackhole.autoDetect=false to disable)
[info] # Warmup: 1 iterations, 5 s each
[info] # Measurement: 1 iterations, 5 s each
[info] # Timeout: 10 min per iteration
[info] # Threads: 1 thread, will synchronize iterations
[info] # Benchmark mode: Average time, time/op
[info] # Benchmark: scalus.uplc.eval.CekJVMBenchmark.bench
[info] # Parameters: (file = uniswap-5.flat)
[info] # Run progress: 96.63% complete, ETA 00:00:31
[info] # Fork: 1 of 1
[info] # Warmup Iteration   1: 990.230 us/op
[info] Iteration   1: 932.340 us/op
[info] Result "scalus.uplc.eval.CekJVMBenchmark.bench":
[info]   932.340 us/op
[info] # JMH version: 1.37
[info] # VM version: JDK 21.0.12.1, OpenJDK 64-Bit Server VM, 21.0.12.1+1-1-24.04.4-Ubuntu
[info] # VM invoker: /usr/lib/jvm/java-21-openjdk-amd64/bin/java
[info] # VM options: -Xss64m -Xmx4g
[info] # Blackhole mode: compiler (auto-detected, use -Djmh.blackhole.autoDetect=false to disable)
[info] # Warmup: 1 iterations, 5 s each
[info] # Measurement: 1 iterations, 5 s each
[info] # Timeout: 10 min per iteration
[info] # Threads: 1 thread, will synchronize iterations
[info] # Benchmark mode: Average time, time/op
[info] # Benchmark: scalus.uplc.eval.CekJVMBenchmark.bench
[info] # Parameters: (file = uniswap-6.flat)
[info] # Run progress: 97.75% complete, ETA 00:00:20
[info] # Fork: 1 of 1
[info] # Warmup Iteration   1: 265.311 us/op
[info] Iteration   1: 289.235 us/op
[info] Result "scalus.uplc.eval.CekJVMBenchmark.bench":
[info]   289.235 us/op
[info] # JMH version: 1.37
[info] # VM version: JDK 21.0.12.1, OpenJDK 64-Bit Server VM, 21.0.12.1+1-1-24.04.4-Ubuntu
[info] # VM invoker: /usr/lib/jvm/java-21-openjdk-amd64/bin/java
[info] # VM options: -Xss64m -Xmx4g
[info] # Blackhole mode: compiler (auto-detected, use -Djmh.blackhole.autoDetect=false to disable)
[info] # Warmup: 1 iterations, 5 s each
[info] # Measurement: 1 iterations, 5 s each
[info] # Timeout: 10 min per iteration
[info] # Threads: 1 thread, will synchronize iterations
[info] # Benchmark mode: Average time, time/op
[info] # Benchmark: scalus.uplc.eval.CekJVMBenchmark.bench
[info] # Parameters: (file = vesting-1.flat)
[info] # Run progress: 98.88% complete, ETA 00:00:10
[info] # Fork: 1 of 1
[info] # Warmup Iteration   1: 319.168 us/op
[info] Iteration   1: 308.252 us/op
[info] Result "scalus.uplc.eval.CekJVMBenchmark.bench":
[info]   308.252 us/op
[info] # Run complete. Total time: 00:15:33
[info] REMEMBER: The numbers below are just data. To gain reusable insights, you need to follow up on
[info] why the numbers are the way they are. Use profilers (see -prof, -lprof), design factorial
[info] experiments, perform baseline and negative tests that provide experimental control, make sure
[info] the benchmarking environment is safe on JVM/OS/HW level, ask for reviews from the domain experts.
[info] Do not assume the numbers tell you what you want them to tell.
[info] NOTE: Current JVM experimentally supports Compiler Blackholes, and they are in use. Please exercise
[info] extra caution when trusting the results, look into the generated code to check the benchmark still
[info] works, and factor in a small probability of new VM bugs. Additionally, while comparisons between
[info] different JVMs are already problematic, the performance difference caused by different Blackhole
[info] modes can be very significant. Please make sure you use the consistent Blackhole mode for comparisons.
[info] Benchmark                                     (file)  Mode  Cnt     Score   Error  Units
[info] CekJVMBenchmark.bench               auction_1-1.flat  avgt        142.335          us/op
[info] CekJVMBenchmark.bench               auction_1-2.flat  avgt        629.691          us/op
[info] CekJVMBenchmark.bench               auction_1-3.flat  avgt        572.591          us/op
[info] CekJVMBenchmark.bench               auction_1-4.flat  avgt        181.388          us/op
[info] CekJVMBenchmark.bench               auction_2-1.flat  avgt        140.541          us/op
[info] CekJVMBenchmark.bench               auction_2-2.flat  avgt        572.260          us/op
[info] CekJVMBenchmark.bench               auction_2-3.flat  avgt        743.374          us/op
[info] CekJVMBenchmark.bench               auction_2-4.flat  avgt        652.135          us/op
[info] CekJVMBenchmark.bench               auction_2-5.flat  avgt        176.313          us/op
[info] CekJVMBenchmark.bench                    coop-1.flat  avgt        181.477          us/op
[info] CekJVMBenchmark.bench                    coop-2.flat  avgt        617.464          us/op
[info] CekJVMBenchmark.bench                    coop-3.flat  avgt       2101.231          us/op
[info] CekJVMBenchmark.bench                    coop-4.flat  avgt        798.718          us/op
[info] CekJVMBenchmark.bench                    coop-5.flat  avgt        332.492          us/op
[info] CekJVMBenchmark.bench                    coop-6.flat  avgt        565.744          us/op
[info] CekJVMBenchmark.bench                    coop-7.flat  avgt        254.088          us/op
[info] CekJVMBenchmark.bench    crowdfunding-success-1.flat  avgt        185.374          us/op
[info] CekJVMBenchmark.bench    crowdfunding-success-2.flat  avgt        166.084          us/op
[info] CekJVMBenchmark.bench    crowdfunding-success-3.flat  avgt        162.489          us/op
[info] CekJVMBenchmark.bench                currency-1.flat  avgt        212.304          us/op
[info] CekJVMBenchmark.bench         escrow-redeem_1-1.flat  avgt        294.797          us/op
[info] CekJVMBenchmark.bench         escrow-redeem_1-2.flat  avgt        294.192          us/op
[info] CekJVMBenchmark.bench         escrow-redeem_2-1.flat  avgt        360.469          us/op
[info] CekJVMBenchmark.bench         escrow-redeem_2-2.flat  avgt        346.519          us/op
[info] CekJVMBenchmark.bench         escrow-redeem_2-3.flat  avgt        384.155          us/op
[info] CekJVMBenchmark.bench           escrow-refund-1.flat  avgt        119.752          us/op
[info] CekJVMBenchmark.bench  future-increase-margin-1.flat  avgt        211.259          us/op
[info] CekJVMBenchmark.bench  future-increase-margin-2.flat  avgt        462.929          us/op
[info] CekJVMBenchmark.bench  future-increase-margin-3.flat  avgt        459.020          us/op
[info] CekJVMBenchmark.bench  future-increase-margin-4.flat  avgt        435.911          us/op
[info] CekJVMBenchmark.bench  future-increase-margin-5.flat  avgt        837.487          us/op
[info] CekJVMBenchmark.bench          future-pay-out-1.flat  avgt        211.714          us/op
[info] CekJVMBenchmark.bench          future-pay-out-2.flat  avgt        464.404          us/op
[info] CekJVMBenchmark.bench          future-pay-out-3.flat  avgt        507.616          us/op
[info] CekJVMBenchmark.bench          future-pay-out-4.flat  avgt        754.461          us/op
[info] CekJVMBenchmark.bench     future-settle-early-1.flat  avgt        209.234          us/op
[info] CekJVMBenchmark.bench     future-settle-early-2.flat  avgt        465.617          us/op
[info] CekJVMBenchmark.bench     future-settle-early-3.flat  avgt        466.007          us/op
[info] CekJVMBenchmark.bench     future-settle-early-4.flat  avgt        564.194          us/op
[info] CekJVMBenchmark.bench       game-sm-success_1-1.flat  avgt        364.860          us/op
[info] CekJVMBenchmark.bench       game-sm-success_1-2.flat  avgt        160.411          us/op
[info] CekJVMBenchmark.bench       game-sm-success_1-3.flat  avgt        614.266          us/op
[info] CekJVMBenchmark.bench       game-sm-success_1-4.flat  avgt        182.545          us/op
[info] CekJVMBenchmark.bench       game-sm-success_2-1.flat  avgt        325.939          us/op
[info] CekJVMBenchmark.bench       game-sm-success_2-2.flat  avgt        157.538          us/op
[info] CekJVMBenchmark.bench       game-sm-success_2-3.flat  avgt        559.717          us/op
[info] CekJVMBenchmark.bench       game-sm-success_2-4.flat  avgt        184.121          us/op
[info] CekJVMBenchmark.bench       game-sm-success_2-5.flat  avgt        636.215          us/op
[info] CekJVMBenchmark.bench       game-sm-success_2-6.flat  avgt        186.448          us/op
[info] CekJVMBenchmark.bench    guardrail-sorted-large.flat  avgt        359.486          us/op
[info] CekJVMBenchmark.bench    guardrail-sorted-small.flat  avgt         58.507          us/op
[info] CekJVMBenchmark.bench  guardrail-unsorted-large.flat  avgt        540.272          us/op
[info] CekJVMBenchmark.bench  guardrail-unsorted-small.flat  avgt         55.825          us/op
[info] CekJVMBenchmark.bench            multisig-sm-01.flat  avgt        379.810          us/op
[info] CekJVMBenchmark.bench            multisig-sm-02.flat  avgt        341.289          us/op
[info] CekJVMBenchmark.bench            multisig-sm-03.flat  avgt        348.448          us/op
[info] CekJVMBenchmark.bench            multisig-sm-04.flat  avgt        397.421          us/op
[info] CekJVMBenchmark.bench            multisig-sm-05.flat  avgt        509.294          us/op
[info] CekJVMBenchmark.bench            multisig-sm-06.flat  avgt        343.660          us/op
[info] CekJVMBenchmark.bench            multisig-sm-07.flat  avgt        345.907          us/op
[info] CekJVMBenchmark.bench            multisig-sm-08.flat  avgt        338.647          us/op
[info] CekJVMBenchmark.bench            multisig-sm-09.flat  avgt        346.145          us/op
[info] CekJVMBenchmark.bench            multisig-sm-10.flat  avgt        568.727          us/op
[info] CekJVMBenchmark.bench               ping-pong-1.flat  avgt        288.333          us/op
[info] CekJVMBenchmark.bench               ping-pong-2.flat  avgt        306.736          us/op
[info] CekJVMBenchmark.bench             ping-pong_2-1.flat  avgt        170.936          us/op
[info] CekJVMBenchmark.bench                   prism-1.flat  avgt        129.439          us/op
[info] CekJVMBenchmark.bench                   prism-2.flat  avgt        353.607          us/op
[info] CekJVMBenchmark.bench                   prism-3.flat  avgt        318.662          us/op
[info] CekJVMBenchmark.bench                  pubkey-1.flat  avgt        109.833          us/op
[info] CekJVMBenchmark.bench            stablecoin_1-1.flat  avgt        958.341          us/op
[info] CekJVMBenchmark.bench            stablecoin_1-2.flat  avgt        156.970          us/op
[info] CekJVMBenchmark.bench            stablecoin_1-3.flat  avgt        983.675          us/op
[info] CekJVMBenchmark.bench            stablecoin_1-4.flat  avgt        170.131          us/op
[info] CekJVMBenchmark.bench            stablecoin_1-5.flat  avgt       1231.753          us/op
[info] CekJVMBenchmark.bench            stablecoin_1-6.flat  avgt        201.574          us/op
[info] CekJVMBenchmark.bench            stablecoin_2-1.flat  avgt        851.335          us/op
[info] CekJVMBenchmark.bench            stablecoin_2-2.flat  avgt        154.757          us/op
[info] CekJVMBenchmark.bench            stablecoin_2-3.flat  avgt        992.071          us/op
[info] CekJVMBenchmark.bench            stablecoin_2-4.flat  avgt        185.274          us/op
[info] CekJVMBenchmark.bench           token-account-1.flat  avgt        161.090          us/op
[info] CekJVMBenchmark.bench           token-account-2.flat  avgt        274.494          us/op
[info] CekJVMBenchmark.bench                 uniswap-1.flat  avgt        355.513          us/op
[info] CekJVMBenchmark.bench                 uniswap-2.flat  avgt        186.829          us/op
[info] CekJVMBenchmark.bench                 uniswap-3.flat  avgt       1434.365          us/op
[info] CekJVMBenchmark.bench                 uniswap-4.flat  avgt        273.458          us/op
[info] CekJVMBenchmark.bench                 uniswap-5.flat  avgt        932.340          us/op
[info] CekJVMBenchmark.bench                 uniswap-6.flat  avgt        289.235          us/op
[info] CekJVMBenchmark.bench                 vesting-1.flat  avgt        308.252          us/op
[info] Benchmark result is saved to /results/2026-10-07/scalus-cek-jmh.csv
[success] Total time: 989 s (0:16:29.0), completed Oct 7, 2026, 9:48:00 PM
